[ENV] Reusing portable venv: /home/rsadve1/scratch/.vevn_upair_potable
[ENV] Checking installed package metadata only; TensorFlow/Sionna are not imported here.
[ENV] Python 3.11.5
[ENV] numpy 1.26.4+computecanada
[ENV] pandas 2.2.3+computecanada
[ENV] matplotlib 3.10.0+computecanada
[ENV] PyYAML 6.0.2+computecanada
[ENV] scipy 1.15.1+computecanada
[ENV] tensorflow 2.15.1+computecanada
[ENV] sionna-no-rt 1.2.1
[ENV] optuna 4.8.0+computecanada
[ENV] Skipping TensorFlow/Sionna import check on this node. Set UPAIR_DEEP_IMPORT_CHECK=1 to test imports explicitly.
[ENV] Ready: REPO=/home/rsadve1/scratch/Extended_UPAIR_Narval_b32m16_portable
[ENV] Ready: VENV=/home/rsadve1/scratch/.vevn_upair_potable
[ENV] Reusing portable venv: /home/rsadve1/scratch/.vevn_upair_potable
[ENV] Checking installed package metadata only; TensorFlow/Sionna are not imported here.
[ENV] Python 3.11.5
[ENV] numpy 1.26.4+computecanada
[ENV] pandas 2.2.3+computecanada
[ENV] matplotlib 3.10.0+computecanada
[ENV] PyYAML 6.0.2+computecanada
[ENV] scipy 1.15.1+computecanada
[ENV] tensorflow 2.15.1+computecanada
[ENV] sionna-no-rt 1.2.1
[ENV] optuna 4.8.0+computecanada
[ENV] Skipping TensorFlow/Sionna import check on this node. Set UPAIR_DEEP_IMPORT_CHECK=1 to test imports explicitly.
[ENV] Ready: REPO=/home/rsadve1/scratch/Extended_UPAIR_Narval_b32m16_portable
[ENV] Ready: VENV=/home/rsadve1/scratch/.vevn_upair_potable
================================================================================
[PIPELINE] variant=shallow_d256_b2_r2
[PIPELINE] root=/home/rsadve1/scratch/Extended_UPAIR_Narval_b32m16_portable
[PIPELINE] stageB_prefix=clean_b32_prb8_d256_40k_smart_trueDMRS_u34610_1dmrs_stageB
[PIPELINE] receivers=upair5g_lmmse,baseline_ls_lmmse,baseline_ls_2dlmmse_lmmse,perfect_csi_lmmse
[PIPELINE] users=3
[PIPELINE] ebnos=-4,-3,-2,-1,0,1,2,3,4
[PIPELINE] chunk_batches=20 micro=8
================================================================================
[PIPELINE] training already complete for shallow_d256_b2_r2; skipping training.
[PIPELINE] starting/resuming isolated evaluation for shallow_d256_b2_r2.

--------------------------------------------------------------------------------
[PIPELINE] eval point variant=shallow_d256_b2_r2 receiver=upair5g_lmmse U=3 Eb/N0=-4
--------------------------------------------------------------------------------
[PIPELINE] status done=0 reason=continue chunks=0 batches=0 block_errors=0/100 next_chunk=0
2026-06-10 04:07:34.662641: E external/local_xla/xla/stream_executor/cuda/cuda_dnn.cc:9261] Unable to register cuDNN factory: Attempting to register factory for plugin cuDNN when one has already been registered
2026-06-10 04:07:34.662730: E external/local_xla/xla/stream_executor/cuda/cuda_fft.cc:607] Unable to register cuFFT factory: Attempting to register factory for plugin cuFFT when one has already been registered
2026-06-10 04:07:34.829919: E external/local_xla/xla/stream_executor/cuda/cuda_blas.cc:1515] Unable to register cuBLAS factory: Attempting to register factory for plugin cuBLAS when one has already been registered
[COMPREHENSIVE] loaded Optuna best JSON for shallow_d256_b2_r2 from /home/rsadve1/scratch/Extended_UPAIR_Narval_b32m16_portable/optuna/clean_b32_prb8_d256_40k_smart_trueDMRS_u34610_1dmrs_stageB_shallow_d256_b2_r2_best_params.json
[ISO-CHUNK] variant: shallow_d256_b2_r2
[ISO-CHUNK] receiver: upair5g_lmmse
[ISO-CHUNK] num_users: 3
[ISO-CHUNK] ebno_db: -4.0
[ISO-CHUNK] chunk_idx: 0
[ISO-CHUNK] chunk_batches: 20
[ISO-CHUNK] receiver_microbatch_size: 8
[ISO-CHUNK] chunk_seed: 1636034
[ISO-CHUNK] checkpoint: /scratch/rsadve1/Extended_UPAIR_Narval_b32m16_portable/TWC_plots_comprehensive/runs_rx16/seed7/1dmrs/shallow_d256_b2_r2/checkpoints/best.weights.h5
[ISO-CHUNK] TF_GPU_ALLOCATOR: cuda_malloc_async
[ISO-CHUNK] output tag: shallow_d256_b2_r2_u3_upair5g_lmmse_ebnom4p0_chunk0000_m8_b20
[EVAL] receiver microbatching enabled: batch_size_eval=64 receiver_microbatch_size=8
WARNING:tensorflow:Model's `__init__()` arguments contain non-serializable objects. Please implement a `get_config()` method in the subclassed Model for proper saving and loading. Defaulting to empty config.
WARNING:tensorflow:Model's `__init__()` arguments contain non-serializable objects. Please implement a `get_config()` method in the subclassed Model for proper saving and loading. Defaulting to empty config.
[EVAL] loaded UPAIR checkpoint: /scratch/rsadve1/Extended_UPAIR_Narval_b32m16_portable/TWC_plots_comprehensive/runs_rx16/seed7/1dmrs/shallow_d256_b2_r2/checkpoints/best.weights.h5
[EVAL] skipping explicit NMSE channel-estimator calls for: upair5g_lmmse
[EVAL] instrumentation log_latency=True log_gpu_memory=True memory_cleanup_every_batches=1 memory_cleanup_every_microbatch=True stream_eval_microbatches=True compiled_receiver_error_counts=False receiver_call_jit_compile=False per_receiver_stopping=False target_bler_floor=1e-05 floor_num_frames=0 gpu_mem=0.04GiB peak=0.23GiB
[EVAL] receiver_call name=upair5g_lmmse mode=positional_y_no compiled_error_counts=False
[EVAL] progress num_users=3 Eb/N0=-4 dB batches=10/20 frame_err=upair5g_lmmse:269/1920 elapsed=109.7s avg_batch=10.971s gpu_mem=2.87GiB peak=3.06GiB
[EVAL] progress num_users=3 Eb/N0=-4 dB batches=20/20 frame_err=upair5g_lmmse:514/3840 elapsed=218.6s avg_batch=10.928s gpu_mem=5.69GiB peak=5.88GiB
[EVAL] receiver=           upair5g_lmmse Eb/N0=-4.0 dB BER=7.90482e-03 BLER=1.33854e-01 NMSE=nan bit_err= 90335/11427840 blk_err=  514/3840   batches=  20 stop=global_stop rx_time=133.30s rx_ms_batch=6664.8 rx_ms_frame=34.712 point_time=218.57s gpu_mem=5.69GiB peak=5.88GiB
[ISO-CHUNK] wrote: /home/rsadve1/scratch/Extended_UPAIR_Narval_b32m16_portable/_isolated_eval_chunks/shallow_d256_b2_r2_u3_upair5g_lmmse_ebnom4p0_chunk0000_m8_b20/chunk_result.csv
[ISO-CHUNK] DONE
[PIPELINE] status done=1 reason=target_block_errors chunks=1 batches=20 block_errors=514/100 next_chunk=-1
[ISO-MERGE] chunks: 1
[ISO-MERGE] rows: 1
[ISO-MERGE] wrote: /home/rsadve1/scratch/Extended_UPAIR_Narval_b32m16_portable/_isolated_eval_chunks/merged_shallow_d256_b2_r2_u3_upair5g_lmmse_em4.csv
[ISO-MERGE] wrote: /home/rsadve1/scratch/Extended_UPAIR_Narval_b32m16_portable/_isolated_eval_chunks/merged_shallow_d256_b2_r2_u3_upair5g_lmmse_em4.summary.json
     receiver            variant dmrs_case  seed  training_seed  num_users  ebno_db  num_chunks chunk_indices  bit_errors  num_bits  block_errors  num_blocks  num_batches_run  point_elapsed_s  data_elapsed_s  receiver_elapsed_s      ber     bler  nmse       mc_stop_reason  target_bler_floor  bler_zero_error_upper_bound  ber_zero_error_upper_bound  receiver_ms_per_batch  receiver_ms_per_frame  reliable_ber  reliable_bler
upair5g_lmmse shallow_d256_b2_r2     1dmrs     7              7          3     -4.0           1             0       90335  11427840           514        3840               20        218.57024       60.133627          133.295945 0.007905 0.133854   NaN isolated_chunk_merge                NaN                          NaN                         NaN             6664.79724              34.712486          True           True

--------------------------------------------------------------------------------
[PIPELINE] eval point variant=shallow_d256_b2_r2 receiver=upair5g_lmmse U=3 Eb/N0=-3
--------------------------------------------------------------------------------
[PIPELINE] status done=0 reason=continue chunks=0 batches=0 block_errors=0/100 next_chunk=0
2026-06-10 04:11:57.376265: E external/local_xla/xla/stream_executor/cuda/cuda_dnn.cc:9261] Unable to register cuDNN factory: Attempting to register factory for plugin cuDNN when one has already been registered
2026-06-10 04:11:57.376311: E external/local_xla/xla/stream_executor/cuda/cuda_fft.cc:607] Unable to register cuFFT factory: Attempting to register factory for plugin cuFFT when one has already been registered
2026-06-10 04:11:57.377449: E external/local_xla/xla/stream_executor/cuda/cuda_blas.cc:1515] Unable to register cuBLAS factory: Attempting to register factory for plugin cuBLAS when one has already been registered
[COMPREHENSIVE] loaded Optuna best JSON for shallow_d256_b2_r2 from /home/rsadve1/scratch/Extended_UPAIR_Narval_b32m16_portable/optuna/clean_b32_prb8_d256_40k_smart_trueDMRS_u34610_1dmrs_stageB_shallow_d256_b2_r2_best_params.json
[ISO-CHUNK] variant: shallow_d256_b2_r2
[ISO-CHUNK] receiver: upair5g_lmmse
[ISO-CHUNK] num_users: 3
[ISO-CHUNK] ebno_db: -3.0
[ISO-CHUNK] chunk_idx: 0
[ISO-CHUNK] chunk_batches: 20
[ISO-CHUNK] receiver_microbatch_size: 8
[ISO-CHUNK] chunk_seed: 1653034
[ISO-CHUNK] checkpoint: /scratch/rsadve1/Extended_UPAIR_Narval_b32m16_portable/TWC_plots_comprehensive/runs_rx16/seed7/1dmrs/shallow_d256_b2_r2/checkpoints/best.weights.h5
[ISO-CHUNK] TF_GPU_ALLOCATOR: cuda_malloc_async
[ISO-CHUNK] output tag: shallow_d256_b2_r2_u3_upair5g_lmmse_ebnom3p0_chunk0000_m8_b20
[EVAL] receiver microbatching enabled: batch_size_eval=64 receiver_microbatch_size=8
WARNING:tensorflow:Model's `__init__()` arguments contain non-serializable objects. Please implement a `get_config()` method in the subclassed Model for proper saving and loading. Defaulting to empty config.
WARNING:tensorflow:Model's `__init__()` arguments contain non-serializable objects. Please implement a `get_config()` method in the subclassed Model for proper saving and loading. Defaulting to empty config.
[EVAL] loaded UPAIR checkpoint: /scratch/rsadve1/Extended_UPAIR_Narval_b32m16_portable/TWC_plots_comprehensive/runs_rx16/seed7/1dmrs/shallow_d256_b2_r2/checkpoints/best.weights.h5
[EVAL] skipping explicit NMSE channel-estimator calls for: upair5g_lmmse
[EVAL] instrumentation log_latency=True log_gpu_memory=True memory_cleanup_every_batches=1 memory_cleanup_every_microbatch=True stream_eval_microbatches=True compiled_receiver_error_counts=False receiver_call_jit_compile=False per_receiver_stopping=False target_bler_floor=1e-05 floor_num_frames=0 gpu_mem=0.04GiB peak=0.23GiB
[EVAL] receiver_call name=upair5g_lmmse mode=positional_y_no compiled_error_counts=False
[EVAL] progress num_users=3 Eb/N0=-3 dB batches=10/20 frame_err=upair5g_lmmse:70/1920 elapsed=109.2s avg_batch=10.916s gpu_mem=2.87GiB peak=3.06GiB
[EVAL] progress num_users=3 Eb/N0=-3 dB batches=20/20 frame_err=upair5g_lmmse:162/3840 elapsed=218.4s avg_batch=10.921s gpu_mem=5.69GiB peak=5.88GiB
[EVAL] receiver=           upair5g_lmmse Eb/N0=-3.0 dB BER=2.30682e-03 BLER=4.21875e-02 NMSE=nan bit_err= 26362/11427840 blk_err=  162/3840   batches=  20 stop=global_stop rx_time=132.92s rx_ms_batch=6646.0 rx_ms_frame=34.615 point_time=218.41s gpu_mem=5.69GiB peak=5.88GiB
[ISO-CHUNK] wrote: /home/rsadve1/scratch/Extended_UPAIR_Narval_b32m16_portable/_isolated_eval_chunks/shallow_d256_b2_r2_u3_upair5g_lmmse_ebnom3p0_chunk0000_m8_b20/chunk_result.csv
[ISO-CHUNK] DONE
[PIPELINE] status done=1 reason=target_block_errors chunks=1 batches=20 block_errors=162/100 next_chunk=-1
[ISO-MERGE] chunks: 1
[ISO-MERGE] rows: 1
[ISO-MERGE] wrote: /home/rsadve1/scratch/Extended_UPAIR_Narval_b32m16_portable/_isolated_eval_chunks/merged_shallow_d256_b2_r2_u3_upair5g_lmmse_em3.csv
[ISO-MERGE] wrote: /home/rsadve1/scratch/Extended_UPAIR_Narval_b32m16_portable/_isolated_eval_chunks/merged_shallow_d256_b2_r2_u3_upair5g_lmmse_em3.summary.json
     receiver            variant dmrs_case  seed  training_seed  num_users  ebno_db  num_chunks chunk_indices  bit_errors  num_bits  block_errors  num_blocks  num_batches_run  point_elapsed_s  data_elapsed_s  receiver_elapsed_s      ber     bler  nmse       mc_stop_reason  target_bler_floor  bler_zero_error_upper_bound  ber_zero_error_upper_bound  receiver_ms_per_batch  receiver_ms_per_frame  reliable_ber  reliable_bler
upair5g_lmmse shallow_d256_b2_r2     1dmrs     7              7          3     -3.0           1             0       26362  11427840           162        3840               20       218.411949       60.125667          132.920397 0.002307 0.042188   NaN isolated_chunk_merge                NaN                          NaN                         NaN            6646.019872              34.614687          True           True

--------------------------------------------------------------------------------
[PIPELINE] eval point variant=shallow_d256_b2_r2 receiver=upair5g_lmmse U=3 Eb/N0=-2
--------------------------------------------------------------------------------
[PIPELINE] status done=0 reason=continue chunks=0 batches=0 block_errors=0/100 next_chunk=0
2026-06-10 04:16:02.685262: E external/local_xla/xla/stream_executor/cuda/cuda_dnn.cc:9261] Unable to register cuDNN factory: Attempting to register factory for plugin cuDNN when one has already been registered
2026-06-10 04:16:02.685309: E external/local_xla/xla/stream_executor/cuda/cuda_fft.cc:607] Unable to register cuFFT factory: Attempting to register factory for plugin cuFFT when one has already been registered
2026-06-10 04:16:02.686402: E external/local_xla/xla/stream_executor/cuda/cuda_blas.cc:1515] Unable to register cuBLAS factory: Attempting to register factory for plugin cuBLAS when one has already been registered
[COMPREHENSIVE] loaded Optuna best JSON for shallow_d256_b2_r2 from /home/rsadve1/scratch/Extended_UPAIR_Narval_b32m16_portable/optuna/clean_b32_prb8_d256_40k_smart_trueDMRS_u34610_1dmrs_stageB_shallow_d256_b2_r2_best_params.json
[ISO-CHUNK] variant: shallow_d256_b2_r2
[ISO-CHUNK] receiver: upair5g_lmmse
[ISO-CHUNK] num_users: 3
[ISO-CHUNK] ebno_db: -2.0
[ISO-CHUNK] chunk_idx: 0
[ISO-CHUNK] chunk_batches: 20
[ISO-CHUNK] receiver_microbatch_size: 8
[ISO-CHUNK] chunk_seed: 1670034
[ISO-CHUNK] checkpoint: /scratch/rsadve1/Extended_UPAIR_Narval_b32m16_portable/TWC_plots_comprehensive/runs_rx16/seed7/1dmrs/shallow_d256_b2_r2/checkpoints/best.weights.h5
[ISO-CHUNK] TF_GPU_ALLOCATOR: cuda_malloc_async
[ISO-CHUNK] output tag: shallow_d256_b2_r2_u3_upair5g_lmmse_ebnom2p0_chunk0000_m8_b20
[EVAL] receiver microbatching enabled: batch_size_eval=64 receiver_microbatch_size=8
WARNING:tensorflow:Model's `__init__()` arguments contain non-serializable objects. Please implement a `get_config()` method in the subclassed Model for proper saving and loading. Defaulting to empty config.
WARNING:tensorflow:Model's `__init__()` arguments contain non-serializable objects. Please implement a `get_config()` method in the subclassed Model for proper saving and loading. Defaulting to empty config.
[EVAL] loaded UPAIR checkpoint: /scratch/rsadve1/Extended_UPAIR_Narval_b32m16_portable/TWC_plots_comprehensive/runs_rx16/seed7/1dmrs/shallow_d256_b2_r2/checkpoints/best.weights.h5
[EVAL] skipping explicit NMSE channel-estimator calls for: upair5g_lmmse
[EVAL] instrumentation log_latency=True log_gpu_memory=True memory_cleanup_every_batches=1 memory_cleanup_every_microbatch=True stream_eval_microbatches=True compiled_receiver_error_counts=False receiver_call_jit_compile=False per_receiver_stopping=False target_bler_floor=1e-05 floor_num_frames=0 gpu_mem=0.04GiB peak=0.23GiB
[EVAL] receiver_call name=upair5g_lmmse mode=positional_y_no compiled_error_counts=False
[EVAL] progress num_users=3 Eb/N0=-2 dB batches=10/20 frame_err=upair5g_lmmse:19/1920 elapsed=108.6s avg_batch=10.856s gpu_mem=2.87GiB peak=3.06GiB
[EVAL] progress num_users=3 Eb/N0=-2 dB batches=20/20 frame_err=upair5g_lmmse:37/3840 elapsed=217.1s avg_batch=10.857s gpu_mem=5.69GiB peak=5.88GiB
[EVAL] receiver=           upair5g_lmmse Eb/N0=-2.0 dB BER=5.12695e-04 BLER=9.63542e-03 NMSE=nan bit_err=  5859/11427840 blk_err=   37/3840   batches=  20 stop=global_stop rx_time=132.49s rx_ms_batch=6624.3 rx_ms_frame=34.501 point_time=217.14s gpu_mem=5.69GiB peak=5.88GiB
[ISO-CHUNK] wrote: /home/rsadve1/scratch/Extended_UPAIR_Narval_b32m16_portable/_isolated_eval_chunks/shallow_d256_b2_r2_u3_upair5g_lmmse_ebnom2p0_chunk0000_m8_b20/chunk_result.csv
[ISO-CHUNK] DONE
[PIPELINE] status done=0 reason=continue chunks=1 batches=20 block_errors=37/100 next_chunk=1
2026-06-10 04:20:03.616694: E external/local_xla/xla/stream_executor/cuda/cuda_dnn.cc:9261] Unable to register cuDNN factory: Attempting to register factory for plugin cuDNN when one has already been registered
2026-06-10 04:20:03.616741: E external/local_xla/xla/stream_executor/cuda/cuda_fft.cc:607] Unable to register cuFFT factory: Attempting to register factory for plugin cuFFT when one has already been registered
2026-06-10 04:20:03.617961: E external/local_xla/xla/stream_executor/cuda/cuda_blas.cc:1515] Unable to register cuBLAS factory: Attempting to register factory for plugin cuBLAS when one has already been registered
[COMPREHENSIVE] loaded Optuna best JSON for shallow_d256_b2_r2 from /home/rsadve1/scratch/Extended_UPAIR_Narval_b32m16_portable/optuna/clean_b32_prb8_d256_40k_smart_trueDMRS_u34610_1dmrs_stageB_shallow_d256_b2_r2_best_params.json
[ISO-CHUNK] variant: shallow_d256_b2_r2
[ISO-CHUNK] receiver: upair5g_lmmse
[ISO-CHUNK] num_users: 3
[ISO-CHUNK] ebno_db: -2.0
[ISO-CHUNK] chunk_idx: 1
[ISO-CHUNK] chunk_batches: 20
[ISO-CHUNK] receiver_microbatch_size: 8
[ISO-CHUNK] chunk_seed: 1770037
[ISO-CHUNK] checkpoint: /scratch/rsadve1/Extended_UPAIR_Narval_b32m16_portable/TWC_plots_comprehensive/runs_rx16/seed7/1dmrs/shallow_d256_b2_r2/checkpoints/best.weights.h5
[ISO-CHUNK] TF_GPU_ALLOCATOR: cuda_malloc_async
[ISO-CHUNK] output tag: shallow_d256_b2_r2_u3_upair5g_lmmse_ebnom2p0_chunk0001_m8_b20
[EVAL] receiver microbatching enabled: batch_size_eval=64 receiver_microbatch_size=8
WARNING:tensorflow:Model's `__init__()` arguments contain non-serializable objects. Please implement a `get_config()` method in the subclassed Model for proper saving and loading. Defaulting to empty config.
WARNING:tensorflow:Model's `__init__()` arguments contain non-serializable objects. Please implement a `get_config()` method in the subclassed Model for proper saving and loading. Defaulting to empty config.
[EVAL] loaded UPAIR checkpoint: /scratch/rsadve1/Extended_UPAIR_Narval_b32m16_portable/TWC_plots_comprehensive/runs_rx16/seed7/1dmrs/shallow_d256_b2_r2/checkpoints/best.weights.h5
[EVAL] skipping explicit NMSE channel-estimator calls for: upair5g_lmmse
[EVAL] instrumentation log_latency=True log_gpu_memory=True memory_cleanup_every_batches=1 memory_cleanup_every_microbatch=True stream_eval_microbatches=True compiled_receiver_error_counts=False receiver_call_jit_compile=False per_receiver_stopping=False target_bler_floor=1e-05 floor_num_frames=0 gpu_mem=0.04GiB peak=0.23GiB
[EVAL] receiver_call name=upair5g_lmmse mode=positional_y_no compiled_error_counts=False
[EVAL] progress num_users=3 Eb/N0=-2 dB batches=10/20 frame_err=upair5g_lmmse:11/1920 elapsed=108.5s avg_batch=10.848s gpu_mem=2.87GiB peak=3.06GiB
[EVAL] progress num_users=3 Eb/N0=-2 dB batches=20/20 frame_err=upair5g_lmmse:30/3840 elapsed=216.3s avg_batch=10.815s gpu_mem=5.69GiB peak=5.88GiB
[EVAL] receiver=           upair5g_lmmse Eb/N0=-2.0 dB BER=4.17927e-04 BLER=7.81250e-03 NMSE=nan bit_err=  4776/11427840 blk_err=   30/3840   batches=  20 stop=global_stop rx_time=132.87s rx_ms_batch=6643.6 rx_ms_frame=34.602 point_time=216.31s gpu_mem=5.69GiB peak=5.88GiB
[ISO-CHUNK] wrote: /home/rsadve1/scratch/Extended_UPAIR_Narval_b32m16_portable/_isolated_eval_chunks/shallow_d256_b2_r2_u3_upair5g_lmmse_ebnom2p0_chunk0001_m8_b20/chunk_result.csv
[ISO-CHUNK] DONE
[PIPELINE] status done=0 reason=continue chunks=2 batches=40 block_errors=67/100 next_chunk=2
2026-06-10 04:24:08.824073: E external/local_xla/xla/stream_executor/cuda/cuda_dnn.cc:9261] Unable to register cuDNN factory: Attempting to register factory for plugin cuDNN when one has already been registered
2026-06-10 04:24:08.824120: E external/local_xla/xla/stream_executor/cuda/cuda_fft.cc:607] Unable to register cuFFT factory: Attempting to register factory for plugin cuFFT when one has already been registered
2026-06-10 04:24:08.825177: E external/local_xla/xla/stream_executor/cuda/cuda_blas.cc:1515] Unable to register cuBLAS factory: Attempting to register factory for plugin cuBLAS when one has already been registered
[COMPREHENSIVE] loaded Optuna best JSON for shallow_d256_b2_r2 from /home/rsadve1/scratch/Extended_UPAIR_Narval_b32m16_portable/optuna/clean_b32_prb8_d256_40k_smart_trueDMRS_u34610_1dmrs_stageB_shallow_d256_b2_r2_best_params.json
[ISO-CHUNK] variant: shallow_d256_b2_r2
[ISO-CHUNK] receiver: upair5g_lmmse
[ISO-CHUNK] num_users: 3
[ISO-CHUNK] ebno_db: -2.0
[ISO-CHUNK] chunk_idx: 2
[ISO-CHUNK] chunk_batches: 20
[ISO-CHUNK] receiver_microbatch_size: 8
[ISO-CHUNK] chunk_seed: 1870040
[ISO-CHUNK] checkpoint: /scratch/rsadve1/Extended_UPAIR_Narval_b32m16_portable/TWC_plots_comprehensive/runs_rx16/seed7/1dmrs/shallow_d256_b2_r2/checkpoints/best.weights.h5
[ISO-CHUNK] TF_GPU_ALLOCATOR: cuda_malloc_async
[ISO-CHUNK] output tag: shallow_d256_b2_r2_u3_upair5g_lmmse_ebnom2p0_chunk0002_m8_b20
[EVAL] receiver microbatching enabled: batch_size_eval=64 receiver_microbatch_size=8
WARNING:tensorflow:Model's `__init__()` arguments contain non-serializable objects. Please implement a `get_config()` method in the subclassed Model for proper saving and loading. Defaulting to empty config.
WARNING:tensorflow:Model's `__init__()` arguments contain non-serializable objects. Please implement a `get_config()` method in the subclassed Model for proper saving and loading. Defaulting to empty config.
[EVAL] loaded UPAIR checkpoint: /scratch/rsadve1/Extended_UPAIR_Narval_b32m16_portable/TWC_plots_comprehensive/runs_rx16/seed7/1dmrs/shallow_d256_b2_r2/checkpoints/best.weights.h5
[EVAL] skipping explicit NMSE channel-estimator calls for: upair5g_lmmse
[EVAL] instrumentation log_latency=True log_gpu_memory=True memory_cleanup_every_batches=1 memory_cleanup_every_microbatch=True stream_eval_microbatches=True compiled_receiver_error_counts=False receiver_call_jit_compile=False per_receiver_stopping=False target_bler_floor=1e-05 floor_num_frames=0 gpu_mem=0.04GiB peak=0.23GiB
[EVAL] receiver_call name=upair5g_lmmse mode=positional_y_no compiled_error_counts=False
[EVAL] progress num_users=3 Eb/N0=-2 dB batches=10/20 frame_err=upair5g_lmmse:25/1920 elapsed=106.4s avg_batch=10.637s gpu_mem=2.87GiB peak=3.06GiB
[EVAL] progress num_users=3 Eb/N0=-2 dB batches=20/20 frame_err=upair5g_lmmse:43/3840 elapsed=212.0s avg_batch=10.598s gpu_mem=5.69GiB peak=5.88GiB
[EVAL] receiver=           upair5g_lmmse Eb/N0=-2.0 dB BER=4.84869e-04 BLER=1.11979e-02 NMSE=nan bit_err=  5541/11427840 blk_err=   43/3840   batches=  20 stop=global_stop rx_time=130.56s rx_ms_batch=6527.9 rx_ms_frame=33.999 point_time=211.96s gpu_mem=5.69GiB peak=5.88GiB
[ISO-CHUNK] wrote: /home/rsadve1/scratch/Extended_UPAIR_Narval_b32m16_portable/_isolated_eval_chunks/shallow_d256_b2_r2_u3_upair5g_lmmse_ebnom2p0_chunk0002_m8_b20/chunk_result.csv
[ISO-CHUNK] DONE
[PIPELINE] status done=1 reason=target_block_errors chunks=3 batches=60 block_errors=110/100 next_chunk=-1
[ISO-MERGE] chunks: 3
[ISO-MERGE] rows: 1
[ISO-MERGE] wrote: /home/rsadve1/scratch/Extended_UPAIR_Narval_b32m16_portable/_isolated_eval_chunks/merged_shallow_d256_b2_r2_u3_upair5g_lmmse_em2.csv
[ISO-MERGE] wrote: /home/rsadve1/scratch/Extended_UPAIR_Narval_b32m16_portable/_isolated_eval_chunks/merged_shallow_d256_b2_r2_u3_upair5g_lmmse_em2.summary.json
     receiver            variant dmrs_case  seed  training_seed  num_users  ebno_db  num_chunks chunk_indices  bit_errors  num_bits  block_errors  num_blocks  num_batches_run  point_elapsed_s  data_elapsed_s  receiver_elapsed_s      ber     bler  nmse       mc_stop_reason  target_bler_floor  bler_zero_error_upper_bound  ber_zero_error_upper_bound  receiver_ms_per_batch  receiver_ms_per_frame  reliable_ber  reliable_bler
upair5g_lmmse shallow_d256_b2_r2     1dmrs     7              7          3     -2.0           3         0,1,2       16176  34283520           110       11520               60       645.417725      178.234163          395.913978 0.000472 0.009549   NaN isolated_chunk_merge                NaN                          NaN                         NaN            6598.566308              34.367533          True           True

--------------------------------------------------------------------------------
[PIPELINE] eval point variant=shallow_d256_b2_r2 receiver=upair5g_lmmse U=3 Eb/N0=-1
--------------------------------------------------------------------------------
[PIPELINE] status done=0 reason=continue chunks=0 batches=0 block_errors=0/100 next_chunk=0
2026-06-10 04:28:13.035785: E external/local_xla/xla/stream_executor/cuda/cuda_dnn.cc:9261] Unable to register cuDNN factory: Attempting to register factory for plugin cuDNN when one has already been registered
2026-06-10 04:28:13.035838: E external/local_xla/xla/stream_executor/cuda/cuda_fft.cc:607] Unable to register cuFFT factory: Attempting to register factory for plugin cuFFT when one has already been registered
2026-06-10 04:28:13.036935: E external/local_xla/xla/stream_executor/cuda/cuda_blas.cc:1515] Unable to register cuBLAS factory: Attempting to register factory for plugin cuBLAS when one has already been registered
[COMPREHENSIVE] loaded Optuna best JSON for shallow_d256_b2_r2 from /home/rsadve1/scratch/Extended_UPAIR_Narval_b32m16_portable/optuna/clean_b32_prb8_d256_40k_smart_trueDMRS_u34610_1dmrs_stageB_shallow_d256_b2_r2_best_params.json
[ISO-CHUNK] variant: shallow_d256_b2_r2
[ISO-CHUNK] receiver: upair5g_lmmse
[ISO-CHUNK] num_users: 3
[ISO-CHUNK] ebno_db: -1.0
[ISO-CHUNK] chunk_idx: 0
[ISO-CHUNK] chunk_batches: 20
[ISO-CHUNK] receiver_microbatch_size: 8
[ISO-CHUNK] chunk_seed: 1687034
[ISO-CHUNK] checkpoint: /scratch/rsadve1/Extended_UPAIR_Narval_b32m16_portable/TWC_plots_comprehensive/runs_rx16/seed7/1dmrs/shallow_d256_b2_r2/checkpoints/best.weights.h5
[ISO-CHUNK] TF_GPU_ALLOCATOR: cuda_malloc_async
[ISO-CHUNK] output tag: shallow_d256_b2_r2_u3_upair5g_lmmse_ebnom1p0_chunk0000_m8_b20
[EVAL] receiver microbatching enabled: batch_size_eval=64 receiver_microbatch_size=8
WARNING:tensorflow:Model's `__init__()` arguments contain non-serializable objects. Please implement a `get_config()` method in the subclassed Model for proper saving and loading. Defaulting to empty config.
WARNING:tensorflow:Model's `__init__()` arguments contain non-serializable objects. Please implement a `get_config()` method in the subclassed Model for proper saving and loading. Defaulting to empty config.
[EVAL] loaded UPAIR checkpoint: /scratch/rsadve1/Extended_UPAIR_Narval_b32m16_portable/TWC_plots_comprehensive/runs_rx16/seed7/1dmrs/shallow_d256_b2_r2/checkpoints/best.weights.h5
[EVAL] skipping explicit NMSE channel-estimator calls for: upair5g_lmmse
[EVAL] instrumentation log_latency=True log_gpu_memory=True memory_cleanup_every_batches=1 memory_cleanup_every_microbatch=True stream_eval_microbatches=True compiled_receiver_error_counts=False receiver_call_jit_compile=False per_receiver_stopping=False target_bler_floor=1e-05 floor_num_frames=0 gpu_mem=0.04GiB peak=0.23GiB
[EVAL] receiver_call name=upair5g_lmmse mode=positional_y_no compiled_error_counts=False
[EVAL] progress num_users=3 Eb/N0=-1 dB batches=10/20 frame_err=upair5g_lmmse:3/1920 elapsed=105.6s avg_batch=10.561s gpu_mem=2.87GiB peak=3.06GiB
[EVAL] progress num_users=3 Eb/N0=-1 dB batches=20/20 frame_err=upair5g_lmmse:6/3840 elapsed=210.3s avg_batch=10.517s gpu_mem=5.69GiB peak=5.88GiB
[EVAL] receiver=           upair5g_lmmse Eb/N0=-1.0 dB BER=8.59305e-05 BLER=1.56250e-03 NMSE=nan bit_err=   982/11427840 blk_err=    6/3840   batches=  20 stop=global_stop rx_time=128.80s rx_ms_batch=6440.0 rx_ms_frame=33.541 point_time=210.35s gpu_mem=5.69GiB peak=5.88GiB
[ISO-CHUNK] wrote: /home/rsadve1/scratch/Extended_UPAIR_Narval_b32m16_portable/_isolated_eval_chunks/shallow_d256_b2_r2_u3_upair5g_lmmse_ebnom1p0_chunk0000_m8_b20/chunk_result.csv
[ISO-CHUNK] DONE
[PIPELINE] status done=0 reason=continue chunks=1 batches=20 block_errors=6/100 next_chunk=1
2026-06-10 04:32:16.128195: E external/local_xla/xla/stream_executor/cuda/cuda_dnn.cc:9261] Unable to register cuDNN factory: Attempting to register factory for plugin cuDNN when one has already been registered
2026-06-10 04:32:16.128766: E external/local_xla/xla/stream_executor/cuda/cuda_fft.cc:607] Unable to register cuFFT factory: Attempting to register factory for plugin cuFFT when one has already been registered
2026-06-10 04:32:16.129863: E external/local_xla/xla/stream_executor/cuda/cuda_blas.cc:1515] Unable to register cuBLAS factory: Attempting to register factory for plugin cuBLAS when one has already been registered
[COMPREHENSIVE] loaded Optuna best JSON for shallow_d256_b2_r2 from /home/rsadve1/scratch/Extended_UPAIR_Narval_b32m16_portable/optuna/clean_b32_prb8_d256_40k_smart_trueDMRS_u34610_1dmrs_stageB_shallow_d256_b2_r2_best_params.json
[ISO-CHUNK] variant: shallow_d256_b2_r2
[ISO-CHUNK] receiver: upair5g_lmmse
[ISO-CHUNK] num_users: 3
[ISO-CHUNK] ebno_db: -1.0
[ISO-CHUNK] chunk_idx: 1
[ISO-CHUNK] chunk_batches: 20
[ISO-CHUNK] receiver_microbatch_size: 8
[ISO-CHUNK] chunk_seed: 1787037
[ISO-CHUNK] checkpoint: /scratch/rsadve1/Extended_UPAIR_Narval_b32m16_portable/TWC_plots_comprehensive/runs_rx16/seed7/1dmrs/shallow_d256_b2_r2/checkpoints/best.weights.h5
[ISO-CHUNK] TF_GPU_ALLOCATOR: cuda_malloc_async
[ISO-CHUNK] output tag: shallow_d256_b2_r2_u3_upair5g_lmmse_ebnom1p0_chunk0001_m8_b20
[EVAL] receiver microbatching enabled: batch_size_eval=64 receiver_microbatch_size=8
WARNING:tensorflow:Model's `__init__()` arguments contain non-serializable objects. Please implement a `get_config()` method in the subclassed Model for proper saving and loading. Defaulting to empty config.
WARNING:tensorflow:Model's `__init__()` arguments contain non-serializable objects. Please implement a `get_config()` method in the subclassed Model for proper saving and loading. Defaulting to empty config.
[EVAL] loaded UPAIR checkpoint: /scratch/rsadve1/Extended_UPAIR_Narval_b32m16_portable/TWC_plots_comprehensive/runs_rx16/seed7/1dmrs/shallow_d256_b2_r2/checkpoints/best.weights.h5
[EVAL] skipping explicit NMSE channel-estimator calls for: upair5g_lmmse
[EVAL] instrumentation log_latency=True log_gpu_memory=True memory_cleanup_every_batches=1 memory_cleanup_every_microbatch=True stream_eval_microbatches=True compiled_receiver_error_counts=False receiver_call_jit_compile=False per_receiver_stopping=False target_bler_floor=1e-05 floor_num_frames=0 gpu_mem=0.04GiB peak=0.23GiB
[EVAL] receiver_call name=upair5g_lmmse mode=positional_y_no compiled_error_counts=False
[EVAL] progress num_users=3 Eb/N0=-1 dB batches=10/20 frame_err=upair5g_lmmse:0/1920 elapsed=105.7s avg_batch=10.567s gpu_mem=2.87GiB peak=3.06GiB
[EVAL] progress num_users=3 Eb/N0=-1 dB batches=20/20 frame_err=upair5g_lmmse:5/3840 elapsed=210.7s avg_batch=10.533s gpu_mem=5.69GiB peak=5.88GiB
[EVAL] receiver=           upair5g_lmmse Eb/N0=-1.0 dB BER=2.22264e-05 BLER=1.30208e-03 NMSE=nan bit_err=   254/11427840 blk_err=    5/3840   batches=  20 stop=global_stop rx_time=129.23s rx_ms_batch=6461.6 rx_ms_frame=33.654 point_time=210.66s gpu_mem=5.69GiB peak=5.88GiB
[ISO-CHUNK] wrote: /home/rsadve1/scratch/Extended_UPAIR_Narval_b32m16_portable/_isolated_eval_chunks/shallow_d256_b2_r2_u3_upair5g_lmmse_ebnom1p0_chunk0001_m8_b20/chunk_result.csv
[ISO-CHUNK] DONE
[PIPELINE] status done=0 reason=continue chunks=2 batches=40 block_errors=11/100 next_chunk=2
2026-06-10 04:36:20.991096: E external/local_xla/xla/stream_executor/cuda/cuda_dnn.cc:9261] Unable to register cuDNN factory: Attempting to register factory for plugin cuDNN when one has already been registered
2026-06-10 04:36:20.991136: E external/local_xla/xla/stream_executor/cuda/cuda_fft.cc:607] Unable to register cuFFT factory: Attempting to register factory for plugin cuFFT when one has already been registered
2026-06-10 04:36:20.992223: E external/local_xla/xla/stream_executor/cuda/cuda_blas.cc:1515] Unable to register cuBLAS factory: Attempting to register factory for plugin cuBLAS when one has already been registered
[COMPREHENSIVE] loaded Optuna best JSON for shallow_d256_b2_r2 from /home/rsadve1/scratch/Extended_UPAIR_Narval_b32m16_portable/optuna/clean_b32_prb8_d256_40k_smart_trueDMRS_u34610_1dmrs_stageB_shallow_d256_b2_r2_best_params.json
[ISO-CHUNK] variant: shallow_d256_b2_r2
[ISO-CHUNK] receiver: upair5g_lmmse
[ISO-CHUNK] num_users: 3
[ISO-CHUNK] ebno_db: -1.0
[ISO-CHUNK] chunk_idx: 2
[ISO-CHUNK] chunk_batches: 20
[ISO-CHUNK] receiver_microbatch_size: 8
[ISO-CHUNK] chunk_seed: 1887040
[ISO-CHUNK] checkpoint: /scratch/rsadve1/Extended_UPAIR_Narval_b32m16_portable/TWC_plots_comprehensive/runs_rx16/seed7/1dmrs/shallow_d256_b2_r2/checkpoints/best.weights.h5
[ISO-CHUNK] TF_GPU_ALLOCATOR: cuda_malloc_async
[ISO-CHUNK] output tag: shallow_d256_b2_r2_u3_upair5g_lmmse_ebnom1p0_chunk0002_m8_b20
[EVAL] receiver microbatching enabled: batch_size_eval=64 receiver_microbatch_size=8
WARNING:tensorflow:Model's `__init__()` arguments contain non-serializable objects. Please implement a `get_config()` method in the subclassed Model for proper saving and loading. Defaulting to empty config.
WARNING:tensorflow:Model's `__init__()` arguments contain non-serializable objects. Please implement a `get_config()` method in the subclassed Model for proper saving and loading. Defaulting to empty config.
[EVAL] loaded UPAIR checkpoint: /scratch/rsadve1/Extended_UPAIR_Narval_b32m16_portable/TWC_plots_comprehensive/runs_rx16/seed7/1dmrs/shallow_d256_b2_r2/checkpoints/best.weights.h5
[EVAL] skipping explicit NMSE channel-estimator calls for: upair5g_lmmse
[EVAL] instrumentation log_latency=True log_gpu_memory=True memory_cleanup_every_batches=1 memory_cleanup_every_microbatch=True stream_eval_microbatches=True compiled_receiver_error_counts=False receiver_call_jit_compile=False per_receiver_stopping=False target_bler_floor=1e-05 floor_num_frames=0 gpu_mem=0.04GiB peak=0.23GiB
[EVAL] receiver_call name=upair5g_lmmse mode=positional_y_no compiled_error_counts=False
[EVAL] progress num_users=3 Eb/N0=-1 dB batches=10/20 frame_err=upair5g_lmmse:2/1920 elapsed=104.1s avg_batch=10.410s gpu_mem=2.87GiB peak=3.06GiB
[EVAL] progress num_users=3 Eb/N0=-1 dB batches=20/20 frame_err=upair5g_lmmse:6/3840 elapsed=207.8s avg_batch=10.390s gpu_mem=5.69GiB peak=5.88GiB
[EVAL] receiver=           upair5g_lmmse Eb/N0=-1.0 dB BER=1.96888e-05 BLER=1.56250e-03 NMSE=nan bit_err=   225/11427840 blk_err=    6/3840   batches=  20 stop=global_stop rx_time=128.17s rx_ms_batch=6408.5 rx_ms_frame=33.377 point_time=207.80s gpu_mem=5.69GiB peak=5.88GiB
[ISO-CHUNK] wrote: /home/rsadve1/scratch/Extended_UPAIR_Narval_b32m16_portable/_isolated_eval_chunks/shallow_d256_b2_r2_u3_upair5g_lmmse_ebnom1p0_chunk0002_m8_b20/chunk_result.csv
[ISO-CHUNK] DONE
[PIPELINE] status done=0 reason=continue chunks=3 batches=60 block_errors=17/100 next_chunk=3
2026-06-10 04:40:17.701865: E external/local_xla/xla/stream_executor/cuda/cuda_dnn.cc:9261] Unable to register cuDNN factory: Attempting to register factory for plugin cuDNN when one has already been registered
2026-06-10 04:40:17.701908: E external/local_xla/xla/stream_executor/cuda/cuda_fft.cc:607] Unable to register cuFFT factory: Attempting to register factory for plugin cuFFT when one has already been registered
2026-06-10 04:40:17.702983: E external/local_xla/xla/stream_executor/cuda/cuda_blas.cc:1515] Unable to register cuBLAS factory: Attempting to register factory for plugin cuBLAS when one has already been registered
[COMPREHENSIVE] loaded Optuna best JSON for shallow_d256_b2_r2 from /home/rsadve1/scratch/Extended_UPAIR_Narval_b32m16_portable/optuna/clean_b32_prb8_d256_40k_smart_trueDMRS_u34610_1dmrs_stageB_shallow_d256_b2_r2_best_params.json
[ISO-CHUNK] variant: shallow_d256_b2_r2
[ISO-CHUNK] receiver: upair5g_lmmse
[ISO-CHUNK] num_users: 3
[ISO-CHUNK] ebno_db: -1.0
[ISO-CHUNK] chunk_idx: 3
[ISO-CHUNK] chunk_batches: 20
[ISO-CHUNK] receiver_microbatch_size: 8
[ISO-CHUNK] chunk_seed: 1987043
[ISO-CHUNK] checkpoint: /scratch/rsadve1/Extended_UPAIR_Narval_b32m16_portable/TWC_plots_comprehensive/runs_rx16/seed7/1dmrs/shallow_d256_b2_r2/checkpoints/best.weights.h5
[ISO-CHUNK] TF_GPU_ALLOCATOR: cuda_malloc_async
[ISO-CHUNK] output tag: shallow_d256_b2_r2_u3_upair5g_lmmse_ebnom1p0_chunk0003_m8_b20
[EVAL] receiver microbatching enabled: batch_size_eval=64 receiver_microbatch_size=8
WARNING:tensorflow:Model's `__init__()` arguments contain non-serializable objects. Please implement a `get_config()` method in the subclassed Model for proper saving and loading. Defaulting to empty config.
WARNING:tensorflow:Model's `__init__()` arguments contain non-serializable objects. Please implement a `get_config()` method in the subclassed Model for proper saving and loading. Defaulting to empty config.
[EVAL] loaded UPAIR checkpoint: /scratch/rsadve1/Extended_UPAIR_Narval_b32m16_portable/TWC_plots_comprehensive/runs_rx16/seed7/1dmrs/shallow_d256_b2_r2/checkpoints/best.weights.h5
[EVAL] skipping explicit NMSE channel-estimator calls for: upair5g_lmmse
[EVAL] instrumentation log_latency=True log_gpu_memory=True memory_cleanup_every_batches=1 memory_cleanup_every_microbatch=True stream_eval_microbatches=True compiled_receiver_error_counts=False receiver_call_jit_compile=False per_receiver_stopping=False target_bler_floor=1e-05 floor_num_frames=0 gpu_mem=0.04GiB peak=0.23GiB
[EVAL] receiver_call name=upair5g_lmmse mode=positional_y_no compiled_error_counts=False
[EVAL] progress num_users=3 Eb/N0=-1 dB batches=10/20 frame_err=upair5g_lmmse:4/1920 elapsed=104.8s avg_batch=10.484s gpu_mem=2.87GiB peak=3.06GiB
[EVAL] progress num_users=3 Eb/N0=-1 dB batches=20/20 frame_err=upair5g_lmmse:12/3840 elapsed=212.0s avg_batch=10.599s gpu_mem=5.69GiB peak=5.88GiB
[EVAL] receiver=           upair5g_lmmse Eb/N0=-1.0 dB BER=1.37559e-04 BLER=3.12500e-03 NMSE=nan bit_err=  1572/11427840 blk_err=   12/3840   batches=  20 stop=global_stop rx_time=130.87s rx_ms_batch=6543.7 rx_ms_frame=34.082 point_time=211.99s gpu_mem=5.69GiB peak=5.88GiB
[ISO-CHUNK] wrote: /home/rsadve1/scratch/Extended_UPAIR_Narval_b32m16_portable/_isolated_eval_chunks/shallow_d256_b2_r2_u3_upair5g_lmmse_ebnom1p0_chunk0003_m8_b20/chunk_result.csv
[ISO-CHUNK] DONE
[PIPELINE] status done=0 reason=continue chunks=4 batches=80 block_errors=29/100 next_chunk=4
2026-06-10 04:44:17.667266: E external/local_xla/xla/stream_executor/cuda/cuda_dnn.cc:9261] Unable to register cuDNN factory: Attempting to register factory for plugin cuDNN when one has already been registered
2026-06-10 04:44:17.667309: E external/local_xla/xla/stream_executor/cuda/cuda_fft.cc:607] Unable to register cuFFT factory: Attempting to register factory for plugin cuFFT when one has already been registered
2026-06-10 04:44:17.668366: E external/local_xla/xla/stream_executor/cuda/cuda_blas.cc:1515] Unable to register cuBLAS factory: Attempting to register factory for plugin cuBLAS when one has already been registered
[COMPREHENSIVE] loaded Optuna best JSON for shallow_d256_b2_r2 from /home/rsadve1/scratch/Extended_UPAIR_Narval_b32m16_portable/optuna/clean_b32_prb8_d256_40k_smart_trueDMRS_u34610_1dmrs_stageB_shallow_d256_b2_r2_best_params.json
[ISO-CHUNK] variant: shallow_d256_b2_r2
[ISO-CHUNK] receiver: upair5g_lmmse
[ISO-CHUNK] num_users: 3
[ISO-CHUNK] ebno_db: -1.0
[ISO-CHUNK] chunk_idx: 4
[ISO-CHUNK] chunk_batches: 20
[ISO-CHUNK] receiver_microbatch_size: 8
[ISO-CHUNK] chunk_seed: 2087046
[ISO-CHUNK] checkpoint: /scratch/rsadve1/Extended_UPAIR_Narval_b32m16_portable/TWC_plots_comprehensive/runs_rx16/seed7/1dmrs/shallow_d256_b2_r2/checkpoints/best.weights.h5
[ISO-CHUNK] TF_GPU_ALLOCATOR: cuda_malloc_async
[ISO-CHUNK] output tag: shallow_d256_b2_r2_u3_upair5g_lmmse_ebnom1p0_chunk0004_m8_b20
[EVAL] receiver microbatching enabled: batch_size_eval=64 receiver_microbatch_size=8
WARNING:tensorflow:Model's `__init__()` arguments contain non-serializable objects. Please implement a `get_config()` method in the subclassed Model for proper saving and loading. Defaulting to empty config.
WARNING:tensorflow:Model's `__init__()` arguments contain non-serializable objects. Please implement a `get_config()` method in the subclassed Model for proper saving and loading. Defaulting to empty config.
[EVAL] loaded UPAIR checkpoint: /scratch/rsadve1/Extended_UPAIR_Narval_b32m16_portable/TWC_plots_comprehensive/runs_rx16/seed7/1dmrs/shallow_d256_b2_r2/checkpoints/best.weights.h5
[EVAL] skipping explicit NMSE channel-estimator calls for: upair5g_lmmse
[EVAL] instrumentation log_latency=True log_gpu_memory=True memory_cleanup_every_batches=1 memory_cleanup_every_microbatch=True stream_eval_microbatches=True compiled_receiver_error_counts=False receiver_call_jit_compile=False per_receiver_stopping=False target_bler_floor=1e-05 floor_num_frames=0 gpu_mem=0.04GiB peak=0.23GiB
[EVAL] receiver_call name=upair5g_lmmse mode=positional_y_no compiled_error_counts=False
[EVAL] progress num_users=3 Eb/N0=-1 dB batches=10/20 frame_err=upair5g_lmmse:1/1920 elapsed=107.2s avg_batch=10.724s gpu_mem=2.87GiB peak=3.06GiB
[EVAL] progress num_users=3 Eb/N0=-1 dB batches=20/20 frame_err=upair5g_lmmse:3/3840 elapsed=214.0s avg_batch=10.702s gpu_mem=5.69GiB peak=5.88GiB
[EVAL] receiver=           upair5g_lmmse Eb/N0=-1.0 dB BER=2.49391e-05 BLER=7.81250e-04 NMSE=nan bit_err=   285/11427840 blk_err=    3/3840   batches=  20 stop=global_stop rx_time=131.63s rx_ms_batch=6581.6 rx_ms_frame=34.279 point_time=214.05s gpu_mem=5.69GiB peak=5.88GiB
[ISO-CHUNK] wrote: /home/rsadve1/scratch/Extended_UPAIR_Narval_b32m16_portable/_isolated_eval_chunks/shallow_d256_b2_r2_u3_upair5g_lmmse_ebnom1p0_chunk0004_m8_b20/chunk_result.csv
[ISO-CHUNK] DONE
[PIPELINE] status done=0 reason=continue chunks=5 batches=100 block_errors=32/100 next_chunk=5
2026-06-10 04:48:20.204117: E external/local_xla/xla/stream_executor/cuda/cuda_dnn.cc:9261] Unable to register cuDNN factory: Attempting to register factory for plugin cuDNN when one has already been registered
2026-06-10 04:48:20.204168: E external/local_xla/xla/stream_executor/cuda/cuda_fft.cc:607] Unable to register cuFFT factory: Attempting to register factory for plugin cuFFT when one has already been registered
2026-06-10 04:48:20.205233: E external/local_xla/xla/stream_executor/cuda/cuda_blas.cc:1515] Unable to register cuBLAS factory: Attempting to register factory for plugin cuBLAS when one has already been registered
[COMPREHENSIVE] loaded Optuna best JSON for shallow_d256_b2_r2 from /home/rsadve1/scratch/Extended_UPAIR_Narval_b32m16_portable/optuna/clean_b32_prb8_d256_40k_smart_trueDMRS_u34610_1dmrs_stageB_shallow_d256_b2_r2_best_params.json
[ISO-CHUNK] variant: shallow_d256_b2_r2
[ISO-CHUNK] receiver: upair5g_lmmse
[ISO-CHUNK] num_users: 3
[ISO-CHUNK] ebno_db: -1.0
[ISO-CHUNK] chunk_idx: 5
[ISO-CHUNK] chunk_batches: 20
[ISO-CHUNK] receiver_microbatch_size: 8
[ISO-CHUNK] chunk_seed: 2187049
[ISO-CHUNK] checkpoint: /scratch/rsadve1/Extended_UPAIR_Narval_b32m16_portable/TWC_plots_comprehensive/runs_rx16/seed7/1dmrs/shallow_d256_b2_r2/checkpoints/best.weights.h5
[ISO-CHUNK] TF_GPU_ALLOCATOR: cuda_malloc_async
[ISO-CHUNK] output tag: shallow_d256_b2_r2_u3_upair5g_lmmse_ebnom1p0_chunk0005_m8_b20
[EVAL] receiver microbatching enabled: batch_size_eval=64 receiver_microbatch_size=8
WARNING:tensorflow:Model's `__init__()` arguments contain non-serializable objects. Please implement a `get_config()` method in the subclassed Model for proper saving and loading. Defaulting to empty config.
WARNING:tensorflow:Model's `__init__()` arguments contain non-serializable objects. Please implement a `get_config()` method in the subclassed Model for proper saving and loading. Defaulting to empty config.
[EVAL] loaded UPAIR checkpoint: /scratch/rsadve1/Extended_UPAIR_Narval_b32m16_portable/TWC_plots_comprehensive/runs_rx16/seed7/1dmrs/shallow_d256_b2_r2/checkpoints/best.weights.h5
[EVAL] skipping explicit NMSE channel-estimator calls for: upair5g_lmmse
[EVAL] instrumentation log_latency=True log_gpu_memory=True memory_cleanup_every_batches=1 memory_cleanup_every_microbatch=True stream_eval_microbatches=True compiled_receiver_error_counts=False receiver_call_jit_compile=False per_receiver_stopping=False target_bler_floor=1e-05 floor_num_frames=0 gpu_mem=0.04GiB peak=0.23GiB
[EVAL] receiver_call name=upair5g_lmmse mode=positional_y_no compiled_error_counts=False
[EVAL] progress num_users=3 Eb/N0=-1 dB batches=10/20 frame_err=upair5g_lmmse:0/1920 elapsed=106.3s avg_batch=10.626s gpu_mem=2.87GiB peak=3.06GiB
[EVAL] progress num_users=3 Eb/N0=-1 dB batches=20/20 frame_err=upair5g_lmmse:7/3840 elapsed=212.4s avg_batch=10.622s gpu_mem=5.69GiB peak=5.88GiB
[EVAL] receiver=           upair5g_lmmse Eb/N0=-1.0 dB BER=1.02732e-04 BLER=1.82292e-03 NMSE=nan bit_err=  1174/11427840 blk_err=    7/3840   batches=  20 stop=global_stop rx_time=130.71s rx_ms_batch=6535.5 rx_ms_frame=34.039 point_time=212.44s gpu_mem=5.69GiB peak=5.88GiB
[ISO-CHUNK] wrote: /home/rsadve1/scratch/Extended_UPAIR_Narval_b32m16_portable/_isolated_eval_chunks/shallow_d256_b2_r2_u3_upair5g_lmmse_ebnom1p0_chunk0005_m8_b20/chunk_result.csv
[ISO-CHUNK] DONE
[PIPELINE] status done=0 reason=continue chunks=6 batches=120 block_errors=39/100 next_chunk=6
2026-06-10 04:52:31.435418: E external/local_xla/xla/stream_executor/cuda/cuda_dnn.cc:9261] Unable to register cuDNN factory: Attempting to register factory for plugin cuDNN when one has already been registered
2026-06-10 04:52:31.435457: E external/local_xla/xla/stream_executor/cuda/cuda_fft.cc:607] Unable to register cuFFT factory: Attempting to register factory for plugin cuFFT when one has already been registered
2026-06-10 04:52:31.436613: E external/local_xla/xla/stream_executor/cuda/cuda_blas.cc:1515] Unable to register cuBLAS factory: Attempting to register factory for plugin cuBLAS when one has already been registered
[COMPREHENSIVE] loaded Optuna best JSON for shallow_d256_b2_r2 from /home/rsadve1/scratch/Extended_UPAIR_Narval_b32m16_portable/optuna/clean_b32_prb8_d256_40k_smart_trueDMRS_u34610_1dmrs_stageB_shallow_d256_b2_r2_best_params.json
[ISO-CHUNK] variant: shallow_d256_b2_r2
[ISO-CHUNK] receiver: upair5g_lmmse
[ISO-CHUNK] num_users: 3
[ISO-CHUNK] ebno_db: -1.0
[ISO-CHUNK] chunk_idx: 6
[ISO-CHUNK] chunk_batches: 20
[ISO-CHUNK] receiver_microbatch_size: 8
[ISO-CHUNK] chunk_seed: 2287052
[ISO-CHUNK] checkpoint: /scratch/rsadve1/Extended_UPAIR_Narval_b32m16_portable/TWC_plots_comprehensive/runs_rx16/seed7/1dmrs/shallow_d256_b2_r2/checkpoints/best.weights.h5
[ISO-CHUNK] TF_GPU_ALLOCATOR: cuda_malloc_async
[ISO-CHUNK] output tag: shallow_d256_b2_r2_u3_upair5g_lmmse_ebnom1p0_chunk0006_m8_b20
[EVAL] receiver microbatching enabled: batch_size_eval=64 receiver_microbatch_size=8
WARNING:tensorflow:Model's `__init__()` arguments contain non-serializable objects. Please implement a `get_config()` method in the subclassed Model for proper saving and loading. Defaulting to empty config.
WARNING:tensorflow:Model's `__init__()` arguments contain non-serializable objects. Please implement a `get_config()` method in the subclassed Model for proper saving and loading. Defaulting to empty config.
[EVAL] loaded UPAIR checkpoint: /scratch/rsadve1/Extended_UPAIR_Narval_b32m16_portable/TWC_plots_comprehensive/runs_rx16/seed7/1dmrs/shallow_d256_b2_r2/checkpoints/best.weights.h5
[EVAL] skipping explicit NMSE channel-estimator calls for: upair5g_lmmse
[EVAL] instrumentation log_latency=True log_gpu_memory=True memory_cleanup_every_batches=1 memory_cleanup_every_microbatch=True stream_eval_microbatches=True compiled_receiver_error_counts=False receiver_call_jit_compile=False per_receiver_stopping=False target_bler_floor=1e-05 floor_num_frames=0 gpu_mem=0.04GiB peak=0.23GiB
[EVAL] receiver_call name=upair5g_lmmse mode=positional_y_no compiled_error_counts=False
[EVAL] progress num_users=3 Eb/N0=-1 dB batches=10/20 frame_err=upair5g_lmmse:7/1920 elapsed=107.6s avg_batch=10.764s gpu_mem=2.87GiB peak=3.06GiB
[EVAL] progress num_users=3 Eb/N0=-1 dB batches=20/20 frame_err=upair5g_lmmse:10/3840 elapsed=215.3s avg_batch=10.764s gpu_mem=5.69GiB peak=5.88GiB
[EVAL] receiver=           upair5g_lmmse Eb/N0=-1.0 dB BER=1.70461e-04 BLER=2.60417e-03 NMSE=nan bit_err=  1948/11427840 blk_err=   10/3840   batches=  20 stop=global_stop rx_time=132.51s rx_ms_batch=6625.7 rx_ms_frame=34.509 point_time=215.29s gpu_mem=5.69GiB peak=5.88GiB
[ISO-CHUNK] wrote: /home/rsadve1/scratch/Extended_UPAIR_Narval_b32m16_portable/_isolated_eval_chunks/shallow_d256_b2_r2_u3_upair5g_lmmse_ebnom1p0_chunk0006_m8_b20/chunk_result.csv
[ISO-CHUNK] DONE
[PIPELINE] status done=0 reason=continue chunks=7 batches=140 block_errors=49/100 next_chunk=7
2026-06-10 04:56:40.709707: E external/local_xla/xla/stream_executor/cuda/cuda_dnn.cc:9261] Unable to register cuDNN factory: Attempting to register factory for plugin cuDNN when one has already been registered
2026-06-10 04:56:40.709768: E external/local_xla/xla/stream_executor/cuda/cuda_fft.cc:607] Unable to register cuFFT factory: Attempting to register factory for plugin cuFFT when one has already been registered
2026-06-10 04:56:40.711080: E external/local_xla/xla/stream_executor/cuda/cuda_blas.cc:1515] Unable to register cuBLAS factory: Attempting to register factory for plugin cuBLAS when one has already been registered
[COMPREHENSIVE] loaded Optuna best JSON for shallow_d256_b2_r2 from /home/rsadve1/scratch/Extended_UPAIR_Narval_b32m16_portable/optuna/clean_b32_prb8_d256_40k_smart_trueDMRS_u34610_1dmrs_stageB_shallow_d256_b2_r2_best_params.json
[ISO-CHUNK] variant: shallow_d256_b2_r2
[ISO-CHUNK] receiver: upair5g_lmmse
[ISO-CHUNK] num_users: 3
[ISO-CHUNK] ebno_db: -1.0
[ISO-CHUNK] chunk_idx: 7
[ISO-CHUNK] chunk_batches: 20
[ISO-CHUNK] receiver_microbatch_size: 8
[ISO-CHUNK] chunk_seed: 2387055
[ISO-CHUNK] checkpoint: /scratch/rsadve1/Extended_UPAIR_Narval_b32m16_portable/TWC_plots_comprehensive/runs_rx16/seed7/1dmrs/shallow_d256_b2_r2/checkpoints/best.weights.h5
[ISO-CHUNK] TF_GPU_ALLOCATOR: cuda_malloc_async
[ISO-CHUNK] output tag: shallow_d256_b2_r2_u3_upair5g_lmmse_ebnom1p0_chunk0007_m8_b20
[EVAL] receiver microbatching enabled: batch_size_eval=64 receiver_microbatch_size=8
WARNING:tensorflow:Model's `__init__()` arguments contain non-serializable objects. Please implement a `get_config()` method in the subclassed Model for proper saving and loading. Defaulting to empty config.
WARNING:tensorflow:Model's `__init__()` arguments contain non-serializable objects. Please implement a `get_config()` method in the subclassed Model for proper saving and loading. Defaulting to empty config.
[EVAL] loaded UPAIR checkpoint: /scratch/rsadve1/Extended_UPAIR_Narval_b32m16_portable/TWC_plots_comprehensive/runs_rx16/seed7/1dmrs/shallow_d256_b2_r2/checkpoints/best.weights.h5
[EVAL] skipping explicit NMSE channel-estimator calls for: upair5g_lmmse
[EVAL] instrumentation log_latency=True log_gpu_memory=True memory_cleanup_every_batches=1 memory_cleanup_every_microbatch=True stream_eval_microbatches=True compiled_receiver_error_counts=False receiver_call_jit_compile=False per_receiver_stopping=False target_bler_floor=1e-05 floor_num_frames=0 gpu_mem=0.04GiB peak=0.23GiB
[EVAL] receiver_call name=upair5g_lmmse mode=positional_y_no compiled_error_counts=False
[EVAL] progress num_users=3 Eb/N0=-1 dB batches=10/20 frame_err=upair5g_lmmse:4/1920 elapsed=106.3s avg_batch=10.627s gpu_mem=2.87GiB peak=3.06GiB
[EVAL] progress num_users=3 Eb/N0=-1 dB batches=20/20 frame_err=upair5g_lmmse:14/3840 elapsed=211.2s avg_batch=10.561s gpu_mem=5.69GiB peak=5.88GiB
[EVAL] receiver=           upair5g_lmmse Eb/N0=-1.0 dB BER=2.12026e-04 BLER=3.64583e-03 NMSE=nan bit_err=  2423/11427840 blk_err=   14/3840   batches=  20 stop=global_stop rx_time=130.79s rx_ms_batch=6539.7 rx_ms_frame=34.061 point_time=211.22s gpu_mem=5.69GiB peak=5.88GiB
[ISO-CHUNK] wrote: /home/rsadve1/scratch/Extended_UPAIR_Narval_b32m16_portable/_isolated_eval_chunks/shallow_d256_b2_r2_u3_upair5g_lmmse_ebnom1p0_chunk0007_m8_b20/chunk_result.csv
[ISO-CHUNK] DONE
[PIPELINE] status done=0 reason=continue chunks=8 batches=160 block_errors=63/100 next_chunk=8
2026-06-10 05:00:41.705137: E external/local_xla/xla/stream_executor/cuda/cuda_dnn.cc:9261] Unable to register cuDNN factory: Attempting to register factory for plugin cuDNN when one has already been registered
2026-06-10 05:00:41.705176: E external/local_xla/xla/stream_executor/cuda/cuda_fft.cc:607] Unable to register cuFFT factory: Attempting to register factory for plugin cuFFT when one has already been registered
2026-06-10 05:00:41.706245: E external/local_xla/xla/stream_executor/cuda/cuda_blas.cc:1515] Unable to register cuBLAS factory: Attempting to register factory for plugin cuBLAS when one has already been registered
[COMPREHENSIVE] loaded Optuna best JSON for shallow_d256_b2_r2 from /home/rsadve1/scratch/Extended_UPAIR_Narval_b32m16_portable/optuna/clean_b32_prb8_d256_40k_smart_trueDMRS_u34610_1dmrs_stageB_shallow_d256_b2_r2_best_params.json
[ISO-CHUNK] variant: shallow_d256_b2_r2
[ISO-CHUNK] receiver: upair5g_lmmse
[ISO-CHUNK] num_users: 3
[ISO-CHUNK] ebno_db: -1.0
[ISO-CHUNK] chunk_idx: 8
[ISO-CHUNK] chunk_batches: 20
[ISO-CHUNK] receiver_microbatch_size: 8
[ISO-CHUNK] chunk_seed: 2487058
[ISO-CHUNK] checkpoint: /scratch/rsadve1/Extended_UPAIR_Narval_b32m16_portable/TWC_plots_comprehensive/runs_rx16/seed7/1dmrs/shallow_d256_b2_r2/checkpoints/best.weights.h5
[ISO-CHUNK] TF_GPU_ALLOCATOR: cuda_malloc_async
[ISO-CHUNK] output tag: shallow_d256_b2_r2_u3_upair5g_lmmse_ebnom1p0_chunk0008_m8_b20
[EVAL] receiver microbatching enabled: batch_size_eval=64 receiver_microbatch_size=8
WARNING:tensorflow:Model's `__init__()` arguments contain non-serializable objects. Please implement a `get_config()` method in the subclassed Model for proper saving and loading. Defaulting to empty config.
WARNING:tensorflow:Model's `__init__()` arguments contain non-serializable objects. Please implement a `get_config()` method in the subclassed Model for proper saving and loading. Defaulting to empty config.
[EVAL] loaded UPAIR checkpoint: /scratch/rsadve1/Extended_UPAIR_Narval_b32m16_portable/TWC_plots_comprehensive/runs_rx16/seed7/1dmrs/shallow_d256_b2_r2/checkpoints/best.weights.h5
[EVAL] skipping explicit NMSE channel-estimator calls for: upair5g_lmmse
[EVAL] instrumentation log_latency=True log_gpu_memory=True memory_cleanup_every_batches=1 memory_cleanup_every_microbatch=True stream_eval_microbatches=True compiled_receiver_error_counts=False receiver_call_jit_compile=False per_receiver_stopping=False target_bler_floor=1e-05 floor_num_frames=0 gpu_mem=0.04GiB peak=0.23GiB
[EVAL] receiver_call name=upair5g_lmmse mode=positional_y_no compiled_error_counts=False
[EVAL] progress num_users=3 Eb/N0=-1 dB batches=10/20 frame_err=upair5g_lmmse:3/1920 elapsed=103.8s avg_batch=10.377s gpu_mem=2.87GiB peak=3.06GiB
[EVAL] progress num_users=3 Eb/N0=-1 dB batches=20/20 frame_err=upair5g_lmmse:7/3840 elapsed=208.6s avg_batch=10.429s gpu_mem=5.69GiB peak=5.88GiB
[EVAL] receiver=           upair5g_lmmse Eb/N0=-1.0 dB BER=4.48904e-05 BLER=1.82292e-03 NMSE=nan bit_err=   513/11427840 blk_err=    7/3840   batches=  20 stop=global_stop rx_time=129.92s rx_ms_batch=6495.8 rx_ms_frame=33.832 point_time=208.59s gpu_mem=5.69GiB peak=5.88GiB
[ISO-CHUNK] wrote: /home/rsadve1/scratch/Extended_UPAIR_Narval_b32m16_portable/_isolated_eval_chunks/shallow_d256_b2_r2_u3_upair5g_lmmse_ebnom1p0_chunk0008_m8_b20/chunk_result.csv
[ISO-CHUNK] DONE
[PIPELINE] status done=0 reason=continue chunks=9 batches=180 block_errors=70/100 next_chunk=9
2026-06-10 05:04:42.290940: E external/local_xla/xla/stream_executor/cuda/cuda_dnn.cc:9261] Unable to register cuDNN factory: Attempting to register factory for plugin cuDNN when one has already been registered
2026-06-10 05:04:42.290979: E external/local_xla/xla/stream_executor/cuda/cuda_fft.cc:607] Unable to register cuFFT factory: Attempting to register factory for plugin cuFFT when one has already been registered
2026-06-10 05:04:42.292041: E external/local_xla/xla/stream_executor/cuda/cuda_blas.cc:1515] Unable to register cuBLAS factory: Attempting to register factory for plugin cuBLAS when one has already been registered
[COMPREHENSIVE] loaded Optuna best JSON for shallow_d256_b2_r2 from /home/rsadve1/scratch/Extended_UPAIR_Narval_b32m16_portable/optuna/clean_b32_prb8_d256_40k_smart_trueDMRS_u34610_1dmrs_stageB_shallow_d256_b2_r2_best_params.json
[ISO-CHUNK] variant: shallow_d256_b2_r2
[ISO-CHUNK] receiver: upair5g_lmmse
[ISO-CHUNK] num_users: 3
[ISO-CHUNK] ebno_db: -1.0
[ISO-CHUNK] chunk_idx: 9
[ISO-CHUNK] chunk_batches: 20
[ISO-CHUNK] receiver_microbatch_size: 8
[ISO-CHUNK] chunk_seed: 2587061
[ISO-CHUNK] checkpoint: /scratch/rsadve1/Extended_UPAIR_Narval_b32m16_portable/TWC_plots_comprehensive/runs_rx16/seed7/1dmrs/shallow_d256_b2_r2/checkpoints/best.weights.h5
[ISO-CHUNK] TF_GPU_ALLOCATOR: cuda_malloc_async
[ISO-CHUNK] output tag: shallow_d256_b2_r2_u3_upair5g_lmmse_ebnom1p0_chunk0009_m8_b20
[EVAL] receiver microbatching enabled: batch_size_eval=64 receiver_microbatch_size=8
WARNING:tensorflow:Model's `__init__()` arguments contain non-serializable objects. Please implement a `get_config()` method in the subclassed Model for proper saving and loading. Defaulting to empty config.
WARNING:tensorflow:Model's `__init__()` arguments contain non-serializable objects. Please implement a `get_config()` method in the subclassed Model for proper saving and loading. Defaulting to empty config.
[EVAL] loaded UPAIR checkpoint: /scratch/rsadve1/Extended_UPAIR_Narval_b32m16_portable/TWC_plots_comprehensive/runs_rx16/seed7/1dmrs/shallow_d256_b2_r2/checkpoints/best.weights.h5
[EVAL] skipping explicit NMSE channel-estimator calls for: upair5g_lmmse
[EVAL] instrumentation log_latency=True log_gpu_memory=True memory_cleanup_every_batches=1 memory_cleanup_every_microbatch=True stream_eval_microbatches=True compiled_receiver_error_counts=False receiver_call_jit_compile=False per_receiver_stopping=False target_bler_floor=1e-05 floor_num_frames=0 gpu_mem=0.04GiB peak=0.23GiB
[EVAL] receiver_call name=upair5g_lmmse mode=positional_y_no compiled_error_counts=False
[EVAL] progress num_users=3 Eb/N0=-1 dB batches=10/20 frame_err=upair5g_lmmse:2/1920 elapsed=105.6s avg_batch=10.561s gpu_mem=2.87GiB peak=3.06GiB
[EVAL] progress num_users=3 Eb/N0=-1 dB batches=20/20 frame_err=upair5g_lmmse:5/3840 elapsed=210.5s avg_batch=10.526s gpu_mem=5.69GiB peak=5.88GiB
[EVAL] receiver=           upair5g_lmmse Eb/N0=-1.0 dB BER=3.64023e-05 BLER=1.30208e-03 NMSE=nan bit_err=   416/11427840 blk_err=    5/3840   batches=  20 stop=global_stop rx_time=130.75s rx_ms_batch=6537.3 rx_ms_frame=34.048 point_time=210.51s gpu_mem=5.69GiB peak=5.88GiB
[ISO-CHUNK] wrote: /home/rsadve1/scratch/Extended_UPAIR_Narval_b32m16_portable/_isolated_eval_chunks/shallow_d256_b2_r2_u3_upair5g_lmmse_ebnom1p0_chunk0009_m8_b20/chunk_result.csv
[ISO-CHUNK] DONE
[PIPELINE] status done=0 reason=continue chunks=10 batches=200 block_errors=75/100 next_chunk=10
2026-06-10 05:08:37.846180: E external/local_xla/xla/stream_executor/cuda/cuda_dnn.cc:9261] Unable to register cuDNN factory: Attempting to register factory for plugin cuDNN when one has already been registered
2026-06-10 05:08:37.846228: E external/local_xla/xla/stream_executor/cuda/cuda_fft.cc:607] Unable to register cuFFT factory: Attempting to register factory for plugin cuFFT when one has already been registered
2026-06-10 05:08:37.847307: E external/local_xla/xla/stream_executor/cuda/cuda_blas.cc:1515] Unable to register cuBLAS factory: Attempting to register factory for plugin cuBLAS when one has already been registered
[COMPREHENSIVE] loaded Optuna best JSON for shallow_d256_b2_r2 from /home/rsadve1/scratch/Extended_UPAIR_Narval_b32m16_portable/optuna/clean_b32_prb8_d256_40k_smart_trueDMRS_u34610_1dmrs_stageB_shallow_d256_b2_r2_best_params.json
[ISO-CHUNK] variant: shallow_d256_b2_r2
[ISO-CHUNK] receiver: upair5g_lmmse
[ISO-CHUNK] num_users: 3
[ISO-CHUNK] ebno_db: -1.0
[ISO-CHUNK] chunk_idx: 10
[ISO-CHUNK] chunk_batches: 20
[ISO-CHUNK] receiver_microbatch_size: 8
[ISO-CHUNK] chunk_seed: 2687064
[ISO-CHUNK] checkpoint: /scratch/rsadve1/Extended_UPAIR_Narval_b32m16_portable/TWC_plots_comprehensive/runs_rx16/seed7/1dmrs/shallow_d256_b2_r2/checkpoints/best.weights.h5
[ISO-CHUNK] TF_GPU_ALLOCATOR: cuda_malloc_async
[ISO-CHUNK] output tag: shallow_d256_b2_r2_u3_upair5g_lmmse_ebnom1p0_chunk0010_m8_b20
[EVAL] receiver microbatching enabled: batch_size_eval=64 receiver_microbatch_size=8
WARNING:tensorflow:Model's `__init__()` arguments contain non-serializable objects. Please implement a `get_config()` method in the subclassed Model for proper saving and loading. Defaulting to empty config.
WARNING:tensorflow:Model's `__init__()` arguments contain non-serializable objects. Please implement a `get_config()` method in the subclassed Model for proper saving and loading. Defaulting to empty config.
[EVAL] loaded UPAIR checkpoint: /scratch/rsadve1/Extended_UPAIR_Narval_b32m16_portable/TWC_plots_comprehensive/runs_rx16/seed7/1dmrs/shallow_d256_b2_r2/checkpoints/best.weights.h5
[EVAL] skipping explicit NMSE channel-estimator calls for: upair5g_lmmse
[EVAL] instrumentation log_latency=True log_gpu_memory=True memory_cleanup_every_batches=1 memory_cleanup_every_microbatch=True stream_eval_microbatches=True compiled_receiver_error_counts=False receiver_call_jit_compile=False per_receiver_stopping=False target_bler_floor=1e-05 floor_num_frames=0 gpu_mem=0.04GiB peak=0.23GiB
[EVAL] receiver_call name=upair5g_lmmse mode=positional_y_no compiled_error_counts=False
[EVAL] progress num_users=3 Eb/N0=-1 dB batches=10/20 frame_err=upair5g_lmmse:0/1920 elapsed=104.7s avg_batch=10.470s gpu_mem=2.87GiB peak=3.06GiB
[EVAL] progress num_users=3 Eb/N0=-1 dB batches=20/20 frame_err=upair5g_lmmse:5/3840 elapsed=208.9s avg_batch=10.445s gpu_mem=5.69GiB peak=5.88GiB
[EVAL] receiver=           upair5g_lmmse Eb/N0=-1.0 dB BER=9.26684e-05 BLER=1.30208e-03 NMSE=nan bit_err=  1059/11427840 blk_err=    5/3840   batches=  20 stop=global_stop rx_time=129.82s rx_ms_batch=6490.8 rx_ms_frame=33.806 point_time=208.91s gpu_mem=5.69GiB peak=5.88GiB
[ISO-CHUNK] wrote: /home/rsadve1/scratch/Extended_UPAIR_Narval_b32m16_portable/_isolated_eval_chunks/shallow_d256_b2_r2_u3_upair5g_lmmse_ebnom1p0_chunk0010_m8_b20/chunk_result.csv
[ISO-CHUNK] DONE
[PIPELINE] status done=0 reason=continue chunks=11 batches=220 block_errors=80/100 next_chunk=11
2026-06-10 05:12:36.226498: E external/local_xla/xla/stream_executor/cuda/cuda_dnn.cc:9261] Unable to register cuDNN factory: Attempting to register factory for plugin cuDNN when one has already been registered
2026-06-10 05:12:36.226543: E external/local_xla/xla/stream_executor/cuda/cuda_fft.cc:607] Unable to register cuFFT factory: Attempting to register factory for plugin cuFFT when one has already been registered
2026-06-10 05:12:36.227616: E external/local_xla/xla/stream_executor/cuda/cuda_blas.cc:1515] Unable to register cuBLAS factory: Attempting to register factory for plugin cuBLAS when one has already been registered
[COMPREHENSIVE] loaded Optuna best JSON for shallow_d256_b2_r2 from /home/rsadve1/scratch/Extended_UPAIR_Narval_b32m16_portable/optuna/clean_b32_prb8_d256_40k_smart_trueDMRS_u34610_1dmrs_stageB_shallow_d256_b2_r2_best_params.json
[ISO-CHUNK] variant: shallow_d256_b2_r2
[ISO-CHUNK] receiver: upair5g_lmmse
[ISO-CHUNK] num_users: 3
[ISO-CHUNK] ebno_db: -1.0
[ISO-CHUNK] chunk_idx: 11
[ISO-CHUNK] chunk_batches: 20
[ISO-CHUNK] receiver_microbatch_size: 8
[ISO-CHUNK] chunk_seed: 2787067
[ISO-CHUNK] checkpoint: /scratch/rsadve1/Extended_UPAIR_Narval_b32m16_portable/TWC_plots_comprehensive/runs_rx16/seed7/1dmrs/shallow_d256_b2_r2/checkpoints/best.weights.h5
[ISO-CHUNK] TF_GPU_ALLOCATOR: cuda_malloc_async
[ISO-CHUNK] output tag: shallow_d256_b2_r2_u3_upair5g_lmmse_ebnom1p0_chunk0011_m8_b20
[EVAL] receiver microbatching enabled: batch_size_eval=64 receiver_microbatch_size=8
WARNING:tensorflow:Model's `__init__()` arguments contain non-serializable objects. Please implement a `get_config()` method in the subclassed Model for proper saving and loading. Defaulting to empty config.
WARNING:tensorflow:Model's `__init__()` arguments contain non-serializable objects. Please implement a `get_config()` method in the subclassed Model for proper saving and loading. Defaulting to empty config.
[EVAL] loaded UPAIR checkpoint: /scratch/rsadve1/Extended_UPAIR_Narval_b32m16_portable/TWC_plots_comprehensive/runs_rx16/seed7/1dmrs/shallow_d256_b2_r2/checkpoints/best.weights.h5
[EVAL] skipping explicit NMSE channel-estimator calls for: upair5g_lmmse
[EVAL] instrumentation log_latency=True log_gpu_memory=True memory_cleanup_every_batches=1 memory_cleanup_every_microbatch=True stream_eval_microbatches=True compiled_receiver_error_counts=False receiver_call_jit_compile=False per_receiver_stopping=False target_bler_floor=1e-05 floor_num_frames=0 gpu_mem=0.04GiB peak=0.23GiB
[EVAL] receiver_call name=upair5g_lmmse mode=positional_y_no compiled_error_counts=False
[EVAL] progress num_users=3 Eb/N0=-1 dB batches=10/20 frame_err=upair5g_lmmse:5/1920 elapsed=105.4s avg_batch=10.542s gpu_mem=2.87GiB peak=3.06GiB
[EVAL] progress num_users=3 Eb/N0=-1 dB batches=20/20 frame_err=upair5g_lmmse:9/3840 elapsed=210.4s avg_batch=10.521s gpu_mem=5.69GiB peak=5.88GiB
[EVAL] receiver=           upair5g_lmmse Eb/N0=-1.0 dB BER=6.13414e-05 BLER=2.34375e-03 NMSE=nan bit_err=   701/11427840 blk_err=    9/3840   batches=  20 stop=global_stop rx_time=130.91s rx_ms_batch=6545.6 rx_ms_frame=34.092 point_time=210.43s gpu_mem=5.69GiB peak=5.88GiB
[ISO-CHUNK] wrote: /home/rsadve1/scratch/Extended_UPAIR_Narval_b32m16_portable/_isolated_eval_chunks/shallow_d256_b2_r2_u3_upair5g_lmmse_ebnom1p0_chunk0011_m8_b20/chunk_result.csv
[ISO-CHUNK] DONE
[PIPELINE] status done=0 reason=continue chunks=12 batches=240 block_errors=89/100 next_chunk=12
2026-06-10 05:16:35.603699: E external/local_xla/xla/stream_executor/cuda/cuda_dnn.cc:9261] Unable to register cuDNN factory: Attempting to register factory for plugin cuDNN when one has already been registered
2026-06-10 05:16:35.603752: E external/local_xla/xla/stream_executor/cuda/cuda_fft.cc:607] Unable to register cuFFT factory: Attempting to register factory for plugin cuFFT when one has already been registered
2026-06-10 05:16:35.604824: E external/local_xla/xla/stream_executor/cuda/cuda_blas.cc:1515] Unable to register cuBLAS factory: Attempting to register factory for plugin cuBLAS when one has already been registered
[COMPREHENSIVE] loaded Optuna best JSON for shallow_d256_b2_r2 from /home/rsadve1/scratch/Extended_UPAIR_Narval_b32m16_portable/optuna/clean_b32_prb8_d256_40k_smart_trueDMRS_u34610_1dmrs_stageB_shallow_d256_b2_r2_best_params.json
[ISO-CHUNK] variant: shallow_d256_b2_r2
[ISO-CHUNK] receiver: upair5g_lmmse
[ISO-CHUNK] num_users: 3
[ISO-CHUNK] ebno_db: -1.0
[ISO-CHUNK] chunk_idx: 12
[ISO-CHUNK] chunk_batches: 20
[ISO-CHUNK] receiver_microbatch_size: 8
[ISO-CHUNK] chunk_seed: 2887070
[ISO-CHUNK] checkpoint: /scratch/rsadve1/Extended_UPAIR_Narval_b32m16_portable/TWC_plots_comprehensive/runs_rx16/seed7/1dmrs/shallow_d256_b2_r2/checkpoints/best.weights.h5
[ISO-CHUNK] TF_GPU_ALLOCATOR: cuda_malloc_async
[ISO-CHUNK] output tag: shallow_d256_b2_r2_u3_upair5g_lmmse_ebnom1p0_chunk0012_m8_b20
[EVAL] receiver microbatching enabled: batch_size_eval=64 receiver_microbatch_size=8
WARNING:tensorflow:Model's `__init__()` arguments contain non-serializable objects. Please implement a `get_config()` method in the subclassed Model for proper saving and loading. Defaulting to empty config.
WARNING:tensorflow:Model's `__init__()` arguments contain non-serializable objects. Please implement a `get_config()` method in the subclassed Model for proper saving and loading. Defaulting to empty config.
[EVAL] loaded UPAIR checkpoint: /scratch/rsadve1/Extended_UPAIR_Narval_b32m16_portable/TWC_plots_comprehensive/runs_rx16/seed7/1dmrs/shallow_d256_b2_r2/checkpoints/best.weights.h5
[EVAL] skipping explicit NMSE channel-estimator calls for: upair5g_lmmse
[EVAL] instrumentation log_latency=True log_gpu_memory=True memory_cleanup_every_batches=1 memory_cleanup_every_microbatch=True stream_eval_microbatches=True compiled_receiver_error_counts=False receiver_call_jit_compile=False per_receiver_stopping=False target_bler_floor=1e-05 floor_num_frames=0 gpu_mem=0.04GiB peak=0.23GiB
[EVAL] receiver_call name=upair5g_lmmse mode=positional_y_no compiled_error_counts=False
[EVAL] progress num_users=3 Eb/N0=-1 dB batches=10/20 frame_err=upair5g_lmmse:1/1920 elapsed=105.5s avg_batch=10.549s gpu_mem=2.87GiB peak=3.06GiB
[EVAL] progress num_users=3 Eb/N0=-1 dB batches=20/20 frame_err=upair5g_lmmse:2/3840 elapsed=209.7s avg_batch=10.487s gpu_mem=5.69GiB peak=5.88GiB
[EVAL] receiver=           upair5g_lmmse Eb/N0=-1.0 dB BER=2.23139e-05 BLER=5.20833e-04 NMSE=nan bit_err=   255/11427840 blk_err=    2/3840   batches=  20 stop=global_stop rx_time=130.31s rx_ms_batch=6515.4 rx_ms_frame=33.934 point_time=209.74s gpu_mem=5.69GiB peak=5.88GiB
[ISO-CHUNK] wrote: /home/rsadve1/scratch/Extended_UPAIR_Narval_b32m16_portable/_isolated_eval_chunks/shallow_d256_b2_r2_u3_upair5g_lmmse_ebnom1p0_chunk0012_m8_b20/chunk_result.csv
[ISO-CHUNK] DONE
[PIPELINE] status done=0 reason=continue chunks=13 batches=260 block_errors=91/100 next_chunk=13
2026-06-10 05:20:35.863887: E external/local_xla/xla/stream_executor/cuda/cuda_dnn.cc:9261] Unable to register cuDNN factory: Attempting to register factory for plugin cuDNN when one has already been registered
2026-06-10 05:20:35.863924: E external/local_xla/xla/stream_executor/cuda/cuda_fft.cc:607] Unable to register cuFFT factory: Attempting to register factory for plugin cuFFT when one has already been registered
2026-06-10 05:20:35.865003: E external/local_xla/xla/stream_executor/cuda/cuda_blas.cc:1515] Unable to register cuBLAS factory: Attempting to register factory for plugin cuBLAS when one has already been registered
[COMPREHENSIVE] loaded Optuna best JSON for shallow_d256_b2_r2 from /home/rsadve1/scratch/Extended_UPAIR_Narval_b32m16_portable/optuna/clean_b32_prb8_d256_40k_smart_trueDMRS_u34610_1dmrs_stageB_shallow_d256_b2_r2_best_params.json
[ISO-CHUNK] variant: shallow_d256_b2_r2
[ISO-CHUNK] receiver: upair5g_lmmse
[ISO-CHUNK] num_users: 3
[ISO-CHUNK] ebno_db: -1.0
[ISO-CHUNK] chunk_idx: 13
[ISO-CHUNK] chunk_batches: 20
[ISO-CHUNK] receiver_microbatch_size: 8
[ISO-CHUNK] chunk_seed: 2987073
[ISO-CHUNK] checkpoint: /scratch/rsadve1/Extended_UPAIR_Narval_b32m16_portable/TWC_plots_comprehensive/runs_rx16/seed7/1dmrs/shallow_d256_b2_r2/checkpoints/best.weights.h5
[ISO-CHUNK] TF_GPU_ALLOCATOR: cuda_malloc_async
[ISO-CHUNK] output tag: shallow_d256_b2_r2_u3_upair5g_lmmse_ebnom1p0_chunk0013_m8_b20
[EVAL] receiver microbatching enabled: batch_size_eval=64 receiver_microbatch_size=8
WARNING:tensorflow:Model's `__init__()` arguments contain non-serializable objects. Please implement a `get_config()` method in the subclassed Model for proper saving and loading. Defaulting to empty config.
WARNING:tensorflow:Model's `__init__()` arguments contain non-serializable objects. Please implement a `get_config()` method in the subclassed Model for proper saving and loading. Defaulting to empty config.
[EVAL] loaded UPAIR checkpoint: /scratch/rsadve1/Extended_UPAIR_Narval_b32m16_portable/TWC_plots_comprehensive/runs_rx16/seed7/1dmrs/shallow_d256_b2_r2/checkpoints/best.weights.h5
[EVAL] skipping explicit NMSE channel-estimator calls for: upair5g_lmmse
[EVAL] instrumentation log_latency=True log_gpu_memory=True memory_cleanup_every_batches=1 memory_cleanup_every_microbatch=True stream_eval_microbatches=True compiled_receiver_error_counts=False receiver_call_jit_compile=False per_receiver_stopping=False target_bler_floor=1e-05 floor_num_frames=0 gpu_mem=0.04GiB peak=0.23GiB
[EVAL] receiver_call name=upair5g_lmmse mode=positional_y_no compiled_error_counts=False
[EVAL] progress num_users=3 Eb/N0=-1 dB batches=10/20 frame_err=upair5g_lmmse:0/1920 elapsed=107.4s avg_batch=10.743s gpu_mem=2.87GiB peak=3.06GiB
[EVAL] progress num_users=3 Eb/N0=-1 dB batches=20/20 frame_err=upair5g_lmmse:2/3840 elapsed=220.8s avg_batch=11.042s gpu_mem=5.69GiB peak=5.88GiB
[EVAL] receiver=           upair5g_lmmse Eb/N0=-1.0 dB BER=5.60036e-06 BLER=5.20833e-04 NMSE=nan bit_err=    64/11427840 blk_err=    2/3840   batches=  20 stop=global_stop rx_time=135.12s rx_ms_batch=6756.1 rx_ms_frame=35.188 point_time=220.85s gpu_mem=5.69GiB peak=5.88GiB
[ISO-CHUNK] wrote: /home/rsadve1/scratch/Extended_UPAIR_Narval_b32m16_portable/_isolated_eval_chunks/shallow_d256_b2_r2_u3_upair5g_lmmse_ebnom1p0_chunk0013_m8_b20/chunk_result.csv
[ISO-CHUNK] DONE
[PIPELINE] status done=0 reason=continue chunks=14 batches=280 block_errors=93/100 next_chunk=14
2026-06-10 05:24:52.117316: E external/local_xla/xla/stream_executor/cuda/cuda_dnn.cc:9261] Unable to register cuDNN factory: Attempting to register factory for plugin cuDNN when one has already been registered
2026-06-10 05:24:52.117366: E external/local_xla/xla/stream_executor/cuda/cuda_fft.cc:607] Unable to register cuFFT factory: Attempting to register factory for plugin cuFFT when one has already been registered
2026-06-10 05:24:52.118550: E external/local_xla/xla/stream_executor/cuda/cuda_blas.cc:1515] Unable to register cuBLAS factory: Attempting to register factory for plugin cuBLAS when one has already been registered
[COMPREHENSIVE] loaded Optuna best JSON for shallow_d256_b2_r2 from /home/rsadve1/scratch/Extended_UPAIR_Narval_b32m16_portable/optuna/clean_b32_prb8_d256_40k_smart_trueDMRS_u34610_1dmrs_stageB_shallow_d256_b2_r2_best_params.json
[ISO-CHUNK] variant: shallow_d256_b2_r2
[ISO-CHUNK] receiver: upair5g_lmmse
[ISO-CHUNK] num_users: 3
[ISO-CHUNK] ebno_db: -1.0
[ISO-CHUNK] chunk_idx: 14
[ISO-CHUNK] chunk_batches: 20
[ISO-CHUNK] receiver_microbatch_size: 8
[ISO-CHUNK] chunk_seed: 3087076
[ISO-CHUNK] checkpoint: /scratch/rsadve1/Extended_UPAIR_Narval_b32m16_portable/TWC_plots_comprehensive/runs_rx16/seed7/1dmrs/shallow_d256_b2_r2/checkpoints/best.weights.h5
[ISO-CHUNK] TF_GPU_ALLOCATOR: cuda_malloc_async
[ISO-CHUNK] output tag: shallow_d256_b2_r2_u3_upair5g_lmmse_ebnom1p0_chunk0014_m8_b20
[EVAL] receiver microbatching enabled: batch_size_eval=64 receiver_microbatch_size=8
WARNING:tensorflow:Model's `__init__()` arguments contain non-serializable objects. Please implement a `get_config()` method in the subclassed Model for proper saving and loading. Defaulting to empty config.
WARNING:tensorflow:Model's `__init__()` arguments contain non-serializable objects. Please implement a `get_config()` method in the subclassed Model for proper saving and loading. Defaulting to empty config.
[EVAL] loaded UPAIR checkpoint: /scratch/rsadve1/Extended_UPAIR_Narval_b32m16_portable/TWC_plots_comprehensive/runs_rx16/seed7/1dmrs/shallow_d256_b2_r2/checkpoints/best.weights.h5
[EVAL] skipping explicit NMSE channel-estimator calls for: upair5g_lmmse
[EVAL] instrumentation log_latency=True log_gpu_memory=True memory_cleanup_every_batches=1 memory_cleanup_every_microbatch=True stream_eval_microbatches=True compiled_receiver_error_counts=False receiver_call_jit_compile=False per_receiver_stopping=False target_bler_floor=1e-05 floor_num_frames=0 gpu_mem=0.04GiB peak=0.23GiB
[EVAL] receiver_call name=upair5g_lmmse mode=positional_y_no compiled_error_counts=False
[EVAL] progress num_users=3 Eb/N0=-1 dB batches=10/20 frame_err=upair5g_lmmse:4/1920 elapsed=111.1s avg_batch=11.106s gpu_mem=2.87GiB peak=3.06GiB
[EVAL] progress num_users=3 Eb/N0=-1 dB batches=20/20 frame_err=upair5g_lmmse:9/3840 elapsed=221.7s avg_batch=11.084s gpu_mem=5.69GiB peak=5.88GiB
[EVAL] receiver=           upair5g_lmmse Eb/N0=-1.0 dB BER=1.29421e-04 BLER=2.34375e-03 NMSE=nan bit_err=  1479/11427840 blk_err=    9/3840   batches=  20 stop=global_stop rx_time=134.30s rx_ms_batch=6714.8 rx_ms_frame=34.973 point_time=221.69s gpu_mem=5.69GiB peak=5.88GiB
[ISO-CHUNK] wrote: /home/rsadve1/scratch/Extended_UPAIR_Narval_b32m16_portable/_isolated_eval_chunks/shallow_d256_b2_r2_u3_upair5g_lmmse_ebnom1p0_chunk0014_m8_b20/chunk_result.csv
[ISO-CHUNK] DONE
[PIPELINE] status done=1 reason=target_block_errors chunks=15 batches=300 block_errors=102/100 next_chunk=-1
[ISO-MERGE] chunks: 15
[ISO-MERGE] rows: 1
[ISO-MERGE] wrote: /home/rsadve1/scratch/Extended_UPAIR_Narval_b32m16_portable/_isolated_eval_chunks/merged_shallow_d256_b2_r2_u3_upair5g_lmmse_em1.csv
[ISO-MERGE] wrote: /home/rsadve1/scratch/Extended_UPAIR_Narval_b32m16_portable/_isolated_eval_chunks/merged_shallow_d256_b2_r2_u3_upair5g_lmmse_em1.summary.json
     receiver            variant dmrs_case  seed  training_seed  num_users  ebno_db  num_chunks                      chunk_indices  bit_errors  num_bits  block_errors  num_blocks  num_batches_run  point_elapsed_s  data_elapsed_s  receiver_elapsed_s      ber     bler  nmse       mc_stop_reason  target_bler_floor  bler_zero_error_upper_bound  ber_zero_error_upper_bound  receiver_ms_per_batch  receiver_ms_per_frame  reliable_ber  reliable_bler
upair5g_lmmse shallow_d256_b2_r2     1dmrs     7              7          3     -1.0          15 0,1,2,3,4,5,6,7,8,9,10,11,12,13,14       13350 171417600           102       57600              300      3184.506967      886.109325         1963.838834 0.000078 0.001771   NaN isolated_chunk_merge                NaN                          NaN                         NaN            6546.129446              34.094424          True           True

--------------------------------------------------------------------------------
[PIPELINE] eval point variant=shallow_d256_b2_r2 receiver=upair5g_lmmse U=3 Eb/N0=0
--------------------------------------------------------------------------------
[PIPELINE] status done=0 reason=continue chunks=0 batches=0 block_errors=0/100 next_chunk=0
2026-06-10 05:29:06.180508: E external/local_xla/xla/stream_executor/cuda/cuda_dnn.cc:9261] Unable to register cuDNN factory: Attempting to register factory for plugin cuDNN when one has already been registered
2026-06-10 05:29:06.180556: E external/local_xla/xla/stream_executor/cuda/cuda_fft.cc:607] Unable to register cuFFT factory: Attempting to register factory for plugin cuFFT when one has already been registered
2026-06-10 05:29:06.181762: E external/local_xla/xla/stream_executor/cuda/cuda_blas.cc:1515] Unable to register cuBLAS factory: Attempting to register factory for plugin cuBLAS when one has already been registered
[COMPREHENSIVE] loaded Optuna best JSON for shallow_d256_b2_r2 from /home/rsadve1/scratch/Extended_UPAIR_Narval_b32m16_portable/optuna/clean_b32_prb8_d256_40k_smart_trueDMRS_u34610_1dmrs_stageB_shallow_d256_b2_r2_best_params.json
[ISO-CHUNK] variant: shallow_d256_b2_r2
[ISO-CHUNK] receiver: upair5g_lmmse
[ISO-CHUNK] num_users: 3
[ISO-CHUNK] ebno_db: 0.0
[ISO-CHUNK] chunk_idx: 0
[ISO-CHUNK] chunk_batches: 20
[ISO-CHUNK] receiver_microbatch_size: 8
[ISO-CHUNK] chunk_seed: 1704034
[ISO-CHUNK] checkpoint: /scratch/rsadve1/Extended_UPAIR_Narval_b32m16_portable/TWC_plots_comprehensive/runs_rx16/seed7/1dmrs/shallow_d256_b2_r2/checkpoints/best.weights.h5
[ISO-CHUNK] TF_GPU_ALLOCATOR: cuda_malloc_async
[ISO-CHUNK] output tag: shallow_d256_b2_r2_u3_upair5g_lmmse_ebno0p0_chunk0000_m8_b20
[EVAL] receiver microbatching enabled: batch_size_eval=64 receiver_microbatch_size=8
WARNING:tensorflow:Model's `__init__()` arguments contain non-serializable objects. Please implement a `get_config()` method in the subclassed Model for proper saving and loading. Defaulting to empty config.
WARNING:tensorflow:Model's `__init__()` arguments contain non-serializable objects. Please implement a `get_config()` method in the subclassed Model for proper saving and loading. Defaulting to empty config.
[EVAL] loaded UPAIR checkpoint: /scratch/rsadve1/Extended_UPAIR_Narval_b32m16_portable/TWC_plots_comprehensive/runs_rx16/seed7/1dmrs/shallow_d256_b2_r2/checkpoints/best.weights.h5
[EVAL] skipping explicit NMSE channel-estimator calls for: upair5g_lmmse
[EVAL] instrumentation log_latency=True log_gpu_memory=True memory_cleanup_every_batches=1 memory_cleanup_every_microbatch=True stream_eval_microbatches=True compiled_receiver_error_counts=False receiver_call_jit_compile=False per_receiver_stopping=False target_bler_floor=1e-05 floor_num_frames=0 gpu_mem=0.04GiB peak=0.23GiB
[EVAL] receiver_call name=upair5g_lmmse mode=positional_y_no compiled_error_counts=False
[EVAL] progress num_users=3 Eb/N0=0 dB batches=10/20 frame_err=upair5g_lmmse:0/1920 elapsed=111.9s avg_batch=11.185s gpu_mem=2.87GiB peak=3.06GiB
[EVAL] progress num_users=3 Eb/N0=0 dB batches=20/20 frame_err=upair5g_lmmse:0/3840 elapsed=222.8s avg_batch=11.140s gpu_mem=5.69GiB peak=5.88GiB
[EVAL] receiver=           upair5g_lmmse Eb/N0= 0.0 dB BER=0.00000e+00 BLER=0.00000e+00 NMSE=nan bit_err=     0/11427840 blk_err=    0/3840   batches=  20 stop=global_stop bler_ub=7.813e-04 rx_time=134.50s rx_ms_batch=6725.1 rx_ms_frame=35.027 point_time=222.81s gpu_mem=5.69GiB peak=5.88GiB
[ISO-CHUNK] wrote: /home/rsadve1/scratch/Extended_UPAIR_Narval_b32m16_portable/_isolated_eval_chunks/shallow_d256_b2_r2_u3_upair5g_lmmse_ebno0p0_chunk0000_m8_b20/chunk_result.csv
[ISO-CHUNK] DONE
[PIPELINE] status done=0 reason=continue chunks=1 batches=20 block_errors=0/100 next_chunk=1
2026-06-10 05:33:16.640629: E external/local_xla/xla/stream_executor/cuda/cuda_dnn.cc:9261] Unable to register cuDNN factory: Attempting to register factory for plugin cuDNN when one has already been registered
2026-06-10 05:33:16.640688: E external/local_xla/xla/stream_executor/cuda/cuda_fft.cc:607] Unable to register cuFFT factory: Attempting to register factory for plugin cuFFT when one has already been registered
2026-06-10 05:33:16.642208: E external/local_xla/xla/stream_executor/cuda/cuda_blas.cc:1515] Unable to register cuBLAS factory: Attempting to register factory for plugin cuBLAS when one has already been registered
[COMPREHENSIVE] loaded Optuna best JSON for shallow_d256_b2_r2 from /home/rsadve1/scratch/Extended_UPAIR_Narval_b32m16_portable/optuna/clean_b32_prb8_d256_40k_smart_trueDMRS_u34610_1dmrs_stageB_shallow_d256_b2_r2_best_params.json
[ISO-CHUNK] variant: shallow_d256_b2_r2
[ISO-CHUNK] receiver: upair5g_lmmse
[ISO-CHUNK] num_users: 3
[ISO-CHUNK] ebno_db: 0.0
[ISO-CHUNK] chunk_idx: 1
[ISO-CHUNK] chunk_batches: 20
[ISO-CHUNK] receiver_microbatch_size: 8
[ISO-CHUNK] chunk_seed: 1804037
[ISO-CHUNK] checkpoint: /scratch/rsadve1/Extended_UPAIR_Narval_b32m16_portable/TWC_plots_comprehensive/runs_rx16/seed7/1dmrs/shallow_d256_b2_r2/checkpoints/best.weights.h5
[ISO-CHUNK] TF_GPU_ALLOCATOR: cuda_malloc_async
[ISO-CHUNK] output tag: shallow_d256_b2_r2_u3_upair5g_lmmse_ebno0p0_chunk0001_m8_b20
[EVAL] receiver microbatching enabled: batch_size_eval=64 receiver_microbatch_size=8
WARNING:tensorflow:Model's `__init__()` arguments contain non-serializable objects. Please implement a `get_config()` method in the subclassed Model for proper saving and loading. Defaulting to empty config.
WARNING:tensorflow:Model's `__init__()` arguments contain non-serializable objects. Please implement a `get_config()` method in the subclassed Model for proper saving and loading. Defaulting to empty config.
[EVAL] loaded UPAIR checkpoint: /scratch/rsadve1/Extended_UPAIR_Narval_b32m16_portable/TWC_plots_comprehensive/runs_rx16/seed7/1dmrs/shallow_d256_b2_r2/checkpoints/best.weights.h5
[EVAL] skipping explicit NMSE channel-estimator calls for: upair5g_lmmse
[EVAL] instrumentation log_latency=True log_gpu_memory=True memory_cleanup_every_batches=1 memory_cleanup_every_microbatch=True stream_eval_microbatches=True compiled_receiver_error_counts=False receiver_call_jit_compile=False per_receiver_stopping=False target_bler_floor=1e-05 floor_num_frames=0 gpu_mem=0.04GiB peak=0.23GiB
[EVAL] receiver_call name=upair5g_lmmse mode=positional_y_no compiled_error_counts=False
[EVAL] progress num_users=3 Eb/N0=0 dB batches=10/20 frame_err=upair5g_lmmse:1/1920 elapsed=111.2s avg_batch=11.116s gpu_mem=2.87GiB peak=3.06GiB
[EVAL] progress num_users=3 Eb/N0=0 dB batches=20/20 frame_err=upair5g_lmmse:3/3840 elapsed=222.3s avg_batch=11.114s gpu_mem=5.69GiB peak=5.88GiB
[EVAL] receiver=           upair5g_lmmse Eb/N0= 0.0 dB BER=3.75399e-05 BLER=7.81250e-04 NMSE=nan bit_err=   429/11427840 blk_err=    3/3840   batches=  20 stop=global_stop rx_time=134.56s rx_ms_batch=6727.9 rx_ms_frame=35.041 point_time=222.29s gpu_mem=5.69GiB peak=5.88GiB
[ISO-CHUNK] wrote: /home/rsadve1/scratch/Extended_UPAIR_Narval_b32m16_portable/_isolated_eval_chunks/shallow_d256_b2_r2_u3_upair5g_lmmse_ebno0p0_chunk0001_m8_b20/chunk_result.csv
[ISO-CHUNK] DONE
[PIPELINE] status done=0 reason=continue chunks=2 batches=40 block_errors=3/100 next_chunk=2
2026-06-10 05:37:28.913459: E external/local_xla/xla/stream_executor/cuda/cuda_dnn.cc:9261] Unable to register cuDNN factory: Attempting to register factory for plugin cuDNN when one has already been registered
2026-06-10 05:37:28.913509: E external/local_xla/xla/stream_executor/cuda/cuda_fft.cc:607] Unable to register cuFFT factory: Attempting to register factory for plugin cuFFT when one has already been registered
2026-06-10 05:37:28.914589: E external/local_xla/xla/stream_executor/cuda/cuda_blas.cc:1515] Unable to register cuBLAS factory: Attempting to register factory for plugin cuBLAS when one has already been registered
[COMPREHENSIVE] loaded Optuna best JSON for shallow_d256_b2_r2 from /home/rsadve1/scratch/Extended_UPAIR_Narval_b32m16_portable/optuna/clean_b32_prb8_d256_40k_smart_trueDMRS_u34610_1dmrs_stageB_shallow_d256_b2_r2_best_params.json
[ISO-CHUNK] variant: shallow_d256_b2_r2
[ISO-CHUNK] receiver: upair5g_lmmse
[ISO-CHUNK] num_users: 3
[ISO-CHUNK] ebno_db: 0.0
[ISO-CHUNK] chunk_idx: 2
[ISO-CHUNK] chunk_batches: 20
[ISO-CHUNK] receiver_microbatch_size: 8
[ISO-CHUNK] chunk_seed: 1904040
[ISO-CHUNK] checkpoint: /scratch/rsadve1/Extended_UPAIR_Narval_b32m16_portable/TWC_plots_comprehensive/runs_rx16/seed7/1dmrs/shallow_d256_b2_r2/checkpoints/best.weights.h5
[ISO-CHUNK] TF_GPU_ALLOCATOR: cuda_malloc_async
[ISO-CHUNK] output tag: shallow_d256_b2_r2_u3_upair5g_lmmse_ebno0p0_chunk0002_m8_b20
[EVAL] receiver microbatching enabled: batch_size_eval=64 receiver_microbatch_size=8
WARNING:tensorflow:Model's `__init__()` arguments contain non-serializable objects. Please implement a `get_config()` method in the subclassed Model for proper saving and loading. Defaulting to empty config.
WARNING:tensorflow:Model's `__init__()` arguments contain non-serializable objects. Please implement a `get_config()` method in the subclassed Model for proper saving and loading. Defaulting to empty config.
[EVAL] loaded UPAIR checkpoint: /scratch/rsadve1/Extended_UPAIR_Narval_b32m16_portable/TWC_plots_comprehensive/runs_rx16/seed7/1dmrs/shallow_d256_b2_r2/checkpoints/best.weights.h5
[EVAL] skipping explicit NMSE channel-estimator calls for: upair5g_lmmse
[EVAL] instrumentation log_latency=True log_gpu_memory=True memory_cleanup_every_batches=1 memory_cleanup_every_microbatch=True stream_eval_microbatches=True compiled_receiver_error_counts=False receiver_call_jit_compile=False per_receiver_stopping=False target_bler_floor=1e-05 floor_num_frames=0 gpu_mem=0.04GiB peak=0.23GiB
[EVAL] receiver_call name=upair5g_lmmse mode=positional_y_no compiled_error_counts=False
[EVAL] progress num_users=3 Eb/N0=0 dB batches=10/20 frame_err=upair5g_lmmse:1/1920 elapsed=110.9s avg_batch=11.093s gpu_mem=2.87GiB peak=3.06GiB
[EVAL] progress num_users=3 Eb/N0=0 dB batches=20/20 frame_err=upair5g_lmmse:2/3840 elapsed=222.3s avg_batch=11.116s gpu_mem=5.69GiB peak=5.88GiB
[EVAL] receiver=           upair5g_lmmse Eb/N0= 0.0 dB BER=3.50022e-07 BLER=5.20833e-04 NMSE=nan bit_err=     4/11427840 blk_err=    2/3840   batches=  20 stop=global_stop rx_time=134.50s rx_ms_batch=6724.8 rx_ms_frame=35.025 point_time=222.33s gpu_mem=5.69GiB peak=5.88GiB
[ISO-CHUNK] wrote: /home/rsadve1/scratch/Extended_UPAIR_Narval_b32m16_portable/_isolated_eval_chunks/shallow_d256_b2_r2_u3_upair5g_lmmse_ebno0p0_chunk0002_m8_b20/chunk_result.csv
[ISO-CHUNK] DONE
[PIPELINE] status done=0 reason=continue chunks=3 batches=60 block_errors=5/100 next_chunk=3
2026-06-10 05:41:39.395740: E external/local_xla/xla/stream_executor/cuda/cuda_dnn.cc:9261] Unable to register cuDNN factory: Attempting to register factory for plugin cuDNN when one has already been registered
2026-06-10 05:41:39.395803: E external/local_xla/xla/stream_executor/cuda/cuda_fft.cc:607] Unable to register cuFFT factory: Attempting to register factory for plugin cuFFT when one has already been registered
2026-06-10 05:41:39.397287: E external/local_xla/xla/stream_executor/cuda/cuda_blas.cc:1515] Unable to register cuBLAS factory: Attempting to register factory for plugin cuBLAS when one has already been registered
[COMPREHENSIVE] loaded Optuna best JSON for shallow_d256_b2_r2 from /home/rsadve1/scratch/Extended_UPAIR_Narval_b32m16_portable/optuna/clean_b32_prb8_d256_40k_smart_trueDMRS_u34610_1dmrs_stageB_shallow_d256_b2_r2_best_params.json
[ISO-CHUNK] variant: shallow_d256_b2_r2
[ISO-CHUNK] receiver: upair5g_lmmse
[ISO-CHUNK] num_users: 3
[ISO-CHUNK] ebno_db: 0.0
[ISO-CHUNK] chunk_idx: 3
[ISO-CHUNK] chunk_batches: 20
[ISO-CHUNK] receiver_microbatch_size: 8
[ISO-CHUNK] chunk_seed: 2004043
[ISO-CHUNK] checkpoint: /scratch/rsadve1/Extended_UPAIR_Narval_b32m16_portable/TWC_plots_comprehensive/runs_rx16/seed7/1dmrs/shallow_d256_b2_r2/checkpoints/best.weights.h5
[ISO-CHUNK] TF_GPU_ALLOCATOR: cuda_malloc_async
[ISO-CHUNK] output tag: shallow_d256_b2_r2_u3_upair5g_lmmse_ebno0p0_chunk0003_m8_b20
[EVAL] receiver microbatching enabled: batch_size_eval=64 receiver_microbatch_size=8
WARNING:tensorflow:Model's `__init__()` arguments contain non-serializable objects. Please implement a `get_config()` method in the subclassed Model for proper saving and loading. Defaulting to empty config.
WARNING:tensorflow:Model's `__init__()` arguments contain non-serializable objects. Please implement a `get_config()` method in the subclassed Model for proper saving and loading. Defaulting to empty config.
[EVAL] loaded UPAIR checkpoint: /scratch/rsadve1/Extended_UPAIR_Narval_b32m16_portable/TWC_plots_comprehensive/runs_rx16/seed7/1dmrs/shallow_d256_b2_r2/checkpoints/best.weights.h5
[EVAL] skipping explicit NMSE channel-estimator calls for: upair5g_lmmse
[EVAL] instrumentation log_latency=True log_gpu_memory=True memory_cleanup_every_batches=1 memory_cleanup_every_microbatch=True stream_eval_microbatches=True compiled_receiver_error_counts=False receiver_call_jit_compile=False per_receiver_stopping=False target_bler_floor=1e-05 floor_num_frames=0 gpu_mem=0.04GiB peak=0.23GiB
[EVAL] receiver_call name=upair5g_lmmse mode=positional_y_no compiled_error_counts=False
[EVAL] progress num_users=3 Eb/N0=0 dB batches=10/20 frame_err=upair5g_lmmse:0/1920 elapsed=112.8s avg_batch=11.282s gpu_mem=2.87GiB peak=3.06GiB
[EVAL] progress num_users=3 Eb/N0=0 dB batches=20/20 frame_err=upair5g_lmmse:0/3840 elapsed=224.6s avg_batch=11.231s gpu_mem=5.69GiB peak=5.88GiB
[EVAL] receiver=           upair5g_lmmse Eb/N0= 0.0 dB BER=0.00000e+00 BLER=0.00000e+00 NMSE=nan bit_err=     0/11427840 blk_err=    0/3840   batches=  20 stop=global_stop bler_ub=7.813e-04 rx_time=134.74s rx_ms_batch=6737.1 rx_ms_frame=35.089 point_time=224.62s gpu_mem=5.69GiB peak=5.88GiB
[ISO-CHUNK] wrote: /home/rsadve1/scratch/Extended_UPAIR_Narval_b32m16_portable/_isolated_eval_chunks/shallow_d256_b2_r2_u3_upair5g_lmmse_ebno0p0_chunk0003_m8_b20/chunk_result.csv
[ISO-CHUNK] DONE
[PIPELINE] status done=0 reason=continue chunks=4 batches=80 block_errors=5/100 next_chunk=4
2026-06-10 05:45:49.960940: E external/local_xla/xla/stream_executor/cuda/cuda_dnn.cc:9261] Unable to register cuDNN factory: Attempting to register factory for plugin cuDNN when one has already been registered
2026-06-10 05:45:49.961010: E external/local_xla/xla/stream_executor/cuda/cuda_fft.cc:607] Unable to register cuFFT factory: Attempting to register factory for plugin cuFFT when one has already been registered
2026-06-10 05:45:49.962558: E external/local_xla/xla/stream_executor/cuda/cuda_blas.cc:1515] Unable to register cuBLAS factory: Attempting to register factory for plugin cuBLAS when one has already been registered
[COMPREHENSIVE] loaded Optuna best JSON for shallow_d256_b2_r2 from /home/rsadve1/scratch/Extended_UPAIR_Narval_b32m16_portable/optuna/clean_b32_prb8_d256_40k_smart_trueDMRS_u34610_1dmrs_stageB_shallow_d256_b2_r2_best_params.json
[ISO-CHUNK] variant: shallow_d256_b2_r2
[ISO-CHUNK] receiver: upair5g_lmmse
[ISO-CHUNK] num_users: 3
[ISO-CHUNK] ebno_db: 0.0
[ISO-CHUNK] chunk_idx: 4
[ISO-CHUNK] chunk_batches: 20
[ISO-CHUNK] receiver_microbatch_size: 8
[ISO-CHUNK] chunk_seed: 2104046
[ISO-CHUNK] checkpoint: /scratch/rsadve1/Extended_UPAIR_Narval_b32m16_portable/TWC_plots_comprehensive/runs_rx16/seed7/1dmrs/shallow_d256_b2_r2/checkpoints/best.weights.h5
[ISO-CHUNK] TF_GPU_ALLOCATOR: cuda_malloc_async
[ISO-CHUNK] output tag: shallow_d256_b2_r2_u3_upair5g_lmmse_ebno0p0_chunk0004_m8_b20
[EVAL] receiver microbatching enabled: batch_size_eval=64 receiver_microbatch_size=8
WARNING:tensorflow:Model's `__init__()` arguments contain non-serializable objects. Please implement a `get_config()` method in the subclassed Model for proper saving and loading. Defaulting to empty config.
WARNING:tensorflow:Model's `__init__()` arguments contain non-serializable objects. Please implement a `get_config()` method in the subclassed Model for proper saving and loading. Defaulting to empty config.
[EVAL] loaded UPAIR checkpoint: /scratch/rsadve1/Extended_UPAIR_Narval_b32m16_portable/TWC_plots_comprehensive/runs_rx16/seed7/1dmrs/shallow_d256_b2_r2/checkpoints/best.weights.h5
[EVAL] skipping explicit NMSE channel-estimator calls for: upair5g_lmmse
[EVAL] instrumentation log_latency=True log_gpu_memory=True memory_cleanup_every_batches=1 memory_cleanup_every_microbatch=True stream_eval_microbatches=True compiled_receiver_error_counts=False receiver_call_jit_compile=False per_receiver_stopping=False target_bler_floor=1e-05 floor_num_frames=0 gpu_mem=0.04GiB peak=0.23GiB
[EVAL] receiver_call name=upair5g_lmmse mode=positional_y_no compiled_error_counts=False
[EVAL] progress num_users=3 Eb/N0=0 dB batches=10/20 frame_err=upair5g_lmmse:2/1920 elapsed=112.9s avg_batch=11.293s gpu_mem=2.87GiB peak=3.06GiB
[EVAL] progress num_users=3 Eb/N0=0 dB batches=20/20 frame_err=upair5g_lmmse:4/3840 elapsed=224.0s avg_batch=11.199s gpu_mem=5.69GiB peak=5.88GiB
[EVAL] receiver=           upair5g_lmmse Eb/N0= 0.0 dB BER=3.50022e-05 BLER=1.04167e-03 NMSE=nan bit_err=   400/11427840 blk_err=    4/3840   batches=  20 stop=global_stop rx_time=134.77s rx_ms_batch=6738.7 rx_ms_frame=35.097 point_time=223.98s gpu_mem=5.69GiB peak=5.88GiB
[ISO-CHUNK] wrote: /home/rsadve1/scratch/Extended_UPAIR_Narval_b32m16_portable/_isolated_eval_chunks/shallow_d256_b2_r2_u3_upair5g_lmmse_ebno0p0_chunk0004_m8_b20/chunk_result.csv
[ISO-CHUNK] DONE
[PIPELINE] status done=0 reason=continue chunks=5 batches=100 block_errors=9/100 next_chunk=5
2026-06-10 05:50:02.196850: E external/local_xla/xla/stream_executor/cuda/cuda_dnn.cc:9261] Unable to register cuDNN factory: Attempting to register factory for plugin cuDNN when one has already been registered
2026-06-10 05:50:02.196898: E external/local_xla/xla/stream_executor/cuda/cuda_fft.cc:607] Unable to register cuFFT factory: Attempting to register factory for plugin cuFFT when one has already been registered
2026-06-10 05:50:02.198067: E external/local_xla/xla/stream_executor/cuda/cuda_blas.cc:1515] Unable to register cuBLAS factory: Attempting to register factory for plugin cuBLAS when one has already been registered
[COMPREHENSIVE] loaded Optuna best JSON for shallow_d256_b2_r2 from /home/rsadve1/scratch/Extended_UPAIR_Narval_b32m16_portable/optuna/clean_b32_prb8_d256_40k_smart_trueDMRS_u34610_1dmrs_stageB_shallow_d256_b2_r2_best_params.json
[ISO-CHUNK] variant: shallow_d256_b2_r2
[ISO-CHUNK] receiver: upair5g_lmmse
[ISO-CHUNK] num_users: 3
[ISO-CHUNK] ebno_db: 0.0
[ISO-CHUNK] chunk_idx: 5
[ISO-CHUNK] chunk_batches: 20
[ISO-CHUNK] receiver_microbatch_size: 8
[ISO-CHUNK] chunk_seed: 2204049
[ISO-CHUNK] checkpoint: /scratch/rsadve1/Extended_UPAIR_Narval_b32m16_portable/TWC_plots_comprehensive/runs_rx16/seed7/1dmrs/shallow_d256_b2_r2/checkpoints/best.weights.h5
[ISO-CHUNK] TF_GPU_ALLOCATOR: cuda_malloc_async
[ISO-CHUNK] output tag: shallow_d256_b2_r2_u3_upair5g_lmmse_ebno0p0_chunk0005_m8_b20
[EVAL] receiver microbatching enabled: batch_size_eval=64 receiver_microbatch_size=8
WARNING:tensorflow:Model's `__init__()` arguments contain non-serializable objects. Please implement a `get_config()` method in the subclassed Model for proper saving and loading. Defaulting to empty config.
WARNING:tensorflow:Model's `__init__()` arguments contain non-serializable objects. Please implement a `get_config()` method in the subclassed Model for proper saving and loading. Defaulting to empty config.
[EVAL] loaded UPAIR checkpoint: /scratch/rsadve1/Extended_UPAIR_Narval_b32m16_portable/TWC_plots_comprehensive/runs_rx16/seed7/1dmrs/shallow_d256_b2_r2/checkpoints/best.weights.h5
[EVAL] skipping explicit NMSE channel-estimator calls for: upair5g_lmmse
[EVAL] instrumentation log_latency=True log_gpu_memory=True memory_cleanup_every_batches=1 memory_cleanup_every_microbatch=True stream_eval_microbatches=True compiled_receiver_error_counts=False receiver_call_jit_compile=False per_receiver_stopping=False target_bler_floor=1e-05 floor_num_frames=0 gpu_mem=0.04GiB peak=0.23GiB
[EVAL] receiver_call name=upair5g_lmmse mode=positional_y_no compiled_error_counts=False
[EVAL] progress num_users=3 Eb/N0=0 dB batches=10/20 frame_err=upair5g_lmmse:3/1920 elapsed=111.0s avg_batch=11.100s gpu_mem=2.87GiB peak=3.06GiB
[EVAL] progress num_users=3 Eb/N0=0 dB batches=20/20 frame_err=upair5g_lmmse:3/3840 elapsed=221.1s avg_batch=11.057s gpu_mem=5.69GiB peak=5.88GiB
[EVAL] receiver=           upair5g_lmmse Eb/N0= 0.0 dB BER=1.95137e-05 BLER=7.81250e-04 NMSE=nan bit_err=   223/11427840 blk_err=    3/3840   batches=  20 stop=global_stop rx_time=134.03s rx_ms_batch=6701.4 rx_ms_frame=34.903 point_time=221.13s gpu_mem=5.69GiB peak=5.88GiB
[ISO-CHUNK] wrote: /home/rsadve1/scratch/Extended_UPAIR_Narval_b32m16_portable/_isolated_eval_chunks/shallow_d256_b2_r2_u3_upair5g_lmmse_ebno0p0_chunk0005_m8_b20/chunk_result.csv
[ISO-CHUNK] DONE
[PIPELINE] status done=0 reason=continue chunks=6 batches=120 block_errors=12/100 next_chunk=6
2026-06-10 05:54:17.031351: E external/local_xla/xla/stream_executor/cuda/cuda_dnn.cc:9261] Unable to register cuDNN factory: Attempting to register factory for plugin cuDNN when one has already been registered
2026-06-10 05:54:17.031407: E external/local_xla/xla/stream_executor/cuda/cuda_fft.cc:607] Unable to register cuFFT factory: Attempting to register factory for plugin cuFFT when one has already been registered
2026-06-10 05:54:17.032782: E external/local_xla/xla/stream_executor/cuda/cuda_blas.cc:1515] Unable to register cuBLAS factory: Attempting to register factory for plugin cuBLAS when one has already been registered
[COMPREHENSIVE] loaded Optuna best JSON for shallow_d256_b2_r2 from /home/rsadve1/scratch/Extended_UPAIR_Narval_b32m16_portable/optuna/clean_b32_prb8_d256_40k_smart_trueDMRS_u34610_1dmrs_stageB_shallow_d256_b2_r2_best_params.json
[ISO-CHUNK] variant: shallow_d256_b2_r2
[ISO-CHUNK] receiver: upair5g_lmmse
[ISO-CHUNK] num_users: 3
[ISO-CHUNK] ebno_db: 0.0
[ISO-CHUNK] chunk_idx: 6
[ISO-CHUNK] chunk_batches: 20
[ISO-CHUNK] receiver_microbatch_size: 8
[ISO-CHUNK] chunk_seed: 2304052
[ISO-CHUNK] checkpoint: /scratch/rsadve1/Extended_UPAIR_Narval_b32m16_portable/TWC_plots_comprehensive/runs_rx16/seed7/1dmrs/shallow_d256_b2_r2/checkpoints/best.weights.h5
[ISO-CHUNK] TF_GPU_ALLOCATOR: cuda_malloc_async
[ISO-CHUNK] output tag: shallow_d256_b2_r2_u3_upair5g_lmmse_ebno0p0_chunk0006_m8_b20
[EVAL] receiver microbatching enabled: batch_size_eval=64 receiver_microbatch_size=8
WARNING:tensorflow:Model's `__init__()` arguments contain non-serializable objects. Please implement a `get_config()` method in the subclassed Model for proper saving and loading. Defaulting to empty config.
WARNING:tensorflow:Model's `__init__()` arguments contain non-serializable objects. Please implement a `get_config()` method in the subclassed Model for proper saving and loading. Defaulting to empty config.
[EVAL] loaded UPAIR checkpoint: /scratch/rsadve1/Extended_UPAIR_Narval_b32m16_portable/TWC_plots_comprehensive/runs_rx16/seed7/1dmrs/shallow_d256_b2_r2/checkpoints/best.weights.h5
[EVAL] skipping explicit NMSE channel-estimator calls for: upair5g_lmmse
[EVAL] instrumentation log_latency=True log_gpu_memory=True memory_cleanup_every_batches=1 memory_cleanup_every_microbatch=True stream_eval_microbatches=True compiled_receiver_error_counts=False receiver_call_jit_compile=False per_receiver_stopping=False target_bler_floor=1e-05 floor_num_frames=0 gpu_mem=0.04GiB peak=0.23GiB
[EVAL] receiver_call name=upair5g_lmmse mode=positional_y_no compiled_error_counts=False
[EVAL] progress num_users=3 Eb/N0=0 dB batches=10/20 frame_err=upair5g_lmmse:0/1920 elapsed=110.7s avg_batch=11.066s gpu_mem=2.87GiB peak=3.06GiB
[EVAL] progress num_users=3 Eb/N0=0 dB batches=20/20 frame_err=upair5g_lmmse:0/3840 elapsed=221.2s avg_batch=11.061s gpu_mem=5.69GiB peak=5.88GiB
[EVAL] receiver=           upair5g_lmmse Eb/N0= 0.0 dB BER=0.00000e+00 BLER=0.00000e+00 NMSE=nan bit_err=     0/11427840 blk_err=    0/3840   batches=  20 stop=global_stop bler_ub=7.813e-04 rx_time=133.95s rx_ms_batch=6697.4 rx_ms_frame=34.882 point_time=221.22s gpu_mem=5.69GiB peak=5.88GiB
[ISO-CHUNK] wrote: /home/rsadve1/scratch/Extended_UPAIR_Narval_b32m16_portable/_isolated_eval_chunks/shallow_d256_b2_r2_u3_upair5g_lmmse_ebno0p0_chunk0006_m8_b20/chunk_result.csv
[ISO-CHUNK] DONE
[PIPELINE] status done=0 reason=continue chunks=7 batches=140 block_errors=12/100 next_chunk=7
2026-06-10 05:58:25.300274: E external/local_xla/xla/stream_executor/cuda/cuda_dnn.cc:9261] Unable to register cuDNN factory: Attempting to register factory for plugin cuDNN when one has already been registered
2026-06-10 05:58:25.300331: E external/local_xla/xla/stream_executor/cuda/cuda_fft.cc:607] Unable to register cuFFT factory: Attempting to register factory for plugin cuFFT when one has already been registered
2026-06-10 05:58:25.301691: E external/local_xla/xla/stream_executor/cuda/cuda_blas.cc:1515] Unable to register cuBLAS factory: Attempting to register factory for plugin cuBLAS when one has already been registered
[COMPREHENSIVE] loaded Optuna best JSON for shallow_d256_b2_r2 from /home/rsadve1/scratch/Extended_UPAIR_Narval_b32m16_portable/optuna/clean_b32_prb8_d256_40k_smart_trueDMRS_u34610_1dmrs_stageB_shallow_d256_b2_r2_best_params.json
[ISO-CHUNK] variant: shallow_d256_b2_r2
[ISO-CHUNK] receiver: upair5g_lmmse
[ISO-CHUNK] num_users: 3
[ISO-CHUNK] ebno_db: 0.0
[ISO-CHUNK] chunk_idx: 7
[ISO-CHUNK] chunk_batches: 20
[ISO-CHUNK] receiver_microbatch_size: 8
[ISO-CHUNK] chunk_seed: 2404055
[ISO-CHUNK] checkpoint: /scratch/rsadve1/Extended_UPAIR_Narval_b32m16_portable/TWC_plots_comprehensive/runs_rx16/seed7/1dmrs/shallow_d256_b2_r2/checkpoints/best.weights.h5
[ISO-CHUNK] TF_GPU_ALLOCATOR: cuda_malloc_async
[ISO-CHUNK] output tag: shallow_d256_b2_r2_u3_upair5g_lmmse_ebno0p0_chunk0007_m8_b20
[EVAL] receiver microbatching enabled: batch_size_eval=64 receiver_microbatch_size=8
WARNING:tensorflow:Model's `__init__()` arguments contain non-serializable objects. Please implement a `get_config()` method in the subclassed Model for proper saving and loading. Defaulting to empty config.
WARNING:tensorflow:Model's `__init__()` arguments contain non-serializable objects. Please implement a `get_config()` method in the subclassed Model for proper saving and loading. Defaulting to empty config.
[EVAL] loaded UPAIR checkpoint: /scratch/rsadve1/Extended_UPAIR_Narval_b32m16_portable/TWC_plots_comprehensive/runs_rx16/seed7/1dmrs/shallow_d256_b2_r2/checkpoints/best.weights.h5
[EVAL] skipping explicit NMSE channel-estimator calls for: upair5g_lmmse
[EVAL] instrumentation log_latency=True log_gpu_memory=True memory_cleanup_every_batches=1 memory_cleanup_every_microbatch=True stream_eval_microbatches=True compiled_receiver_error_counts=False receiver_call_jit_compile=False per_receiver_stopping=False target_bler_floor=1e-05 floor_num_frames=0 gpu_mem=0.04GiB peak=0.23GiB
[EVAL] receiver_call name=upair5g_lmmse mode=positional_y_no compiled_error_counts=False
[EVAL] progress num_users=3 Eb/N0=0 dB batches=10/20 frame_err=upair5g_lmmse:0/1920 elapsed=109.0s avg_batch=10.897s gpu_mem=2.87GiB peak=3.06GiB
[EVAL] progress num_users=3 Eb/N0=0 dB batches=20/20 frame_err=upair5g_lmmse:0/3840 elapsed=218.0s avg_batch=10.901s gpu_mem=5.69GiB peak=5.88GiB
[EVAL] receiver=           upair5g_lmmse Eb/N0= 0.0 dB BER=0.00000e+00 BLER=0.00000e+00 NMSE=nan bit_err=     0/11427840 blk_err=    0/3840   batches=  20 stop=global_stop bler_ub=7.813e-04 rx_time=132.45s rx_ms_batch=6622.3 rx_ms_frame=34.491 point_time=218.02s gpu_mem=5.69GiB peak=5.88GiB
[ISO-CHUNK] wrote: /home/rsadve1/scratch/Extended_UPAIR_Narval_b32m16_portable/_isolated_eval_chunks/shallow_d256_b2_r2_u3_upair5g_lmmse_ebno0p0_chunk0007_m8_b20/chunk_result.csv
[ISO-CHUNK] DONE
[PIPELINE] status done=0 reason=continue chunks=8 batches=160 block_errors=12/100 next_chunk=8
2026-06-10 06:02:28.040866: E external/local_xla/xla/stream_executor/cuda/cuda_dnn.cc:9261] Unable to register cuDNN factory: Attempting to register factory for plugin cuDNN when one has already been registered
2026-06-10 06:02:28.040912: E external/local_xla/xla/stream_executor/cuda/cuda_fft.cc:607] Unable to register cuFFT factory: Attempting to register factory for plugin cuFFT when one has already been registered
2026-06-10 06:02:28.042023: E external/local_xla/xla/stream_executor/cuda/cuda_blas.cc:1515] Unable to register cuBLAS factory: Attempting to register factory for plugin cuBLAS when one has already been registered
[COMPREHENSIVE] loaded Optuna best JSON for shallow_d256_b2_r2 from /home/rsadve1/scratch/Extended_UPAIR_Narval_b32m16_portable/optuna/clean_b32_prb8_d256_40k_smart_trueDMRS_u34610_1dmrs_stageB_shallow_d256_b2_r2_best_params.json
[ISO-CHUNK] variant: shallow_d256_b2_r2
[ISO-CHUNK] receiver: upair5g_lmmse
[ISO-CHUNK] num_users: 3
[ISO-CHUNK] ebno_db: 0.0
[ISO-CHUNK] chunk_idx: 8
[ISO-CHUNK] chunk_batches: 20
[ISO-CHUNK] receiver_microbatch_size: 8
[ISO-CHUNK] chunk_seed: 2504058
[ISO-CHUNK] checkpoint: /scratch/rsadve1/Extended_UPAIR_Narval_b32m16_portable/TWC_plots_comprehensive/runs_rx16/seed7/1dmrs/shallow_d256_b2_r2/checkpoints/best.weights.h5
[ISO-CHUNK] TF_GPU_ALLOCATOR: cuda_malloc_async
[ISO-CHUNK] output tag: shallow_d256_b2_r2_u3_upair5g_lmmse_ebno0p0_chunk0008_m8_b20
[EVAL] receiver microbatching enabled: batch_size_eval=64 receiver_microbatch_size=8
WARNING:tensorflow:Model's `__init__()` arguments contain non-serializable objects. Please implement a `get_config()` method in the subclassed Model for proper saving and loading. Defaulting to empty config.
WARNING:tensorflow:Model's `__init__()` arguments contain non-serializable objects. Please implement a `get_config()` method in the subclassed Model for proper saving and loading. Defaulting to empty config.
[EVAL] loaded UPAIR checkpoint: /scratch/rsadve1/Extended_UPAIR_Narval_b32m16_portable/TWC_plots_comprehensive/runs_rx16/seed7/1dmrs/shallow_d256_b2_r2/checkpoints/best.weights.h5
[EVAL] skipping explicit NMSE channel-estimator calls for: upair5g_lmmse
[EVAL] instrumentation log_latency=True log_gpu_memory=True memory_cleanup_every_batches=1 memory_cleanup_every_microbatch=True stream_eval_microbatches=True compiled_receiver_error_counts=False receiver_call_jit_compile=False per_receiver_stopping=False target_bler_floor=1e-05 floor_num_frames=0 gpu_mem=0.04GiB peak=0.23GiB
[EVAL] receiver_call name=upair5g_lmmse mode=positional_y_no compiled_error_counts=False
[EVAL] progress num_users=3 Eb/N0=0 dB batches=10/20 frame_err=upair5g_lmmse:0/1920 elapsed=107.3s avg_batch=10.729s gpu_mem=2.87GiB peak=3.06GiB
[EVAL] progress num_users=3 Eb/N0=0 dB batches=20/20 frame_err=upair5g_lmmse:1/3840 elapsed=212.0s avg_batch=10.601s gpu_mem=5.69GiB peak=5.88GiB
[EVAL] receiver=           upair5g_lmmse Eb/N0= 0.0 dB BER=1.51385e-05 BLER=2.60417e-04 NMSE=nan bit_err=   173/11427840 blk_err=    1/3840   batches=  20 stop=global_stop rx_time=131.62s rx_ms_batch=6580.9 rx_ms_frame=34.276 point_time=212.03s gpu_mem=5.69GiB peak=5.88GiB
[ISO-CHUNK] wrote: /home/rsadve1/scratch/Extended_UPAIR_Narval_b32m16_portable/_isolated_eval_chunks/shallow_d256_b2_r2_u3_upair5g_lmmse_ebno0p0_chunk0008_m8_b20/chunk_result.csv
[ISO-CHUNK] DONE
[PIPELINE] status done=0 reason=continue chunks=9 batches=180 block_errors=13/100 next_chunk=9
2026-06-10 06:06:29.185488: E external/local_xla/xla/stream_executor/cuda/cuda_dnn.cc:9261] Unable to register cuDNN factory: Attempting to register factory for plugin cuDNN when one has already been registered
2026-06-10 06:06:29.185537: E external/local_xla/xla/stream_executor/cuda/cuda_fft.cc:607] Unable to register cuFFT factory: Attempting to register factory for plugin cuFFT when one has already been registered
2026-06-10 06:06:29.186606: E external/local_xla/xla/stream_executor/cuda/cuda_blas.cc:1515] Unable to register cuBLAS factory: Attempting to register factory for plugin cuBLAS when one has already been registered
[COMPREHENSIVE] loaded Optuna best JSON for shallow_d256_b2_r2 from /home/rsadve1/scratch/Extended_UPAIR_Narval_b32m16_portable/optuna/clean_b32_prb8_d256_40k_smart_trueDMRS_u34610_1dmrs_stageB_shallow_d256_b2_r2_best_params.json
[ISO-CHUNK] variant: shallow_d256_b2_r2
[ISO-CHUNK] receiver: upair5g_lmmse
[ISO-CHUNK] num_users: 3
[ISO-CHUNK] ebno_db: 0.0
[ISO-CHUNK] chunk_idx: 9
[ISO-CHUNK] chunk_batches: 20
[ISO-CHUNK] receiver_microbatch_size: 8
[ISO-CHUNK] chunk_seed: 2604061
[ISO-CHUNK] checkpoint: /scratch/rsadve1/Extended_UPAIR_Narval_b32m16_portable/TWC_plots_comprehensive/runs_rx16/seed7/1dmrs/shallow_d256_b2_r2/checkpoints/best.weights.h5
[ISO-CHUNK] TF_GPU_ALLOCATOR: cuda_malloc_async
[ISO-CHUNK] output tag: shallow_d256_b2_r2_u3_upair5g_lmmse_ebno0p0_chunk0009_m8_b20
[EVAL] receiver microbatching enabled: batch_size_eval=64 receiver_microbatch_size=8
WARNING:tensorflow:Model's `__init__()` arguments contain non-serializable objects. Please implement a `get_config()` method in the subclassed Model for proper saving and loading. Defaulting to empty config.
WARNING:tensorflow:Model's `__init__()` arguments contain non-serializable objects. Please implement a `get_config()` method in the subclassed Model for proper saving and loading. Defaulting to empty config.
[EVAL] loaded UPAIR checkpoint: /scratch/rsadve1/Extended_UPAIR_Narval_b32m16_portable/TWC_plots_comprehensive/runs_rx16/seed7/1dmrs/shallow_d256_b2_r2/checkpoints/best.weights.h5
[EVAL] skipping explicit NMSE channel-estimator calls for: upair5g_lmmse
[EVAL] instrumentation log_latency=True log_gpu_memory=True memory_cleanup_every_batches=1 memory_cleanup_every_microbatch=True stream_eval_microbatches=True compiled_receiver_error_counts=False receiver_call_jit_compile=False per_receiver_stopping=False target_bler_floor=1e-05 floor_num_frames=0 gpu_mem=0.04GiB peak=0.23GiB
[EVAL] receiver_call name=upair5g_lmmse mode=positional_y_no compiled_error_counts=False
[EVAL] progress num_users=3 Eb/N0=0 dB batches=10/20 frame_err=upair5g_lmmse:1/1920 elapsed=105.2s avg_batch=10.518s gpu_mem=2.87GiB peak=3.06GiB
[EVAL] progress num_users=3 Eb/N0=0 dB batches=20/20 frame_err=upair5g_lmmse:1/3840 elapsed=210.3s avg_batch=10.516s gpu_mem=5.69GiB peak=5.88GiB
[EVAL] receiver=           upair5g_lmmse Eb/N0= 0.0 dB BER=8.05052e-06 BLER=2.60417e-04 NMSE=nan bit_err=    92/11427840 blk_err=    1/3840   batches=  20 stop=global_stop rx_time=130.18s rx_ms_batch=6509.1 rx_ms_frame=33.902 point_time=210.32s gpu_mem=5.69GiB peak=5.88GiB
[ISO-CHUNK] wrote: /home/rsadve1/scratch/Extended_UPAIR_Narval_b32m16_portable/_isolated_eval_chunks/shallow_d256_b2_r2_u3_upair5g_lmmse_ebno0p0_chunk0009_m8_b20/chunk_result.csv
[ISO-CHUNK] DONE
[PIPELINE] status done=0 reason=continue chunks=10 batches=200 block_errors=14/100 next_chunk=10
2026-06-10 06:10:26.797719: E external/local_xla/xla/stream_executor/cuda/cuda_dnn.cc:9261] Unable to register cuDNN factory: Attempting to register factory for plugin cuDNN when one has already been registered
2026-06-10 06:10:26.797760: E external/local_xla/xla/stream_executor/cuda/cuda_fft.cc:607] Unable to register cuFFT factory: Attempting to register factory for plugin cuFFT when one has already been registered
2026-06-10 06:10:26.798851: E external/local_xla/xla/stream_executor/cuda/cuda_blas.cc:1515] Unable to register cuBLAS factory: Attempting to register factory for plugin cuBLAS when one has already been registered
[COMPREHENSIVE] loaded Optuna best JSON for shallow_d256_b2_r2 from /home/rsadve1/scratch/Extended_UPAIR_Narval_b32m16_portable/optuna/clean_b32_prb8_d256_40k_smart_trueDMRS_u34610_1dmrs_stageB_shallow_d256_b2_r2_best_params.json
[ISO-CHUNK] variant: shallow_d256_b2_r2
[ISO-CHUNK] receiver: upair5g_lmmse
[ISO-CHUNK] num_users: 3
[ISO-CHUNK] ebno_db: 0.0
[ISO-CHUNK] chunk_idx: 10
[ISO-CHUNK] chunk_batches: 20
[ISO-CHUNK] receiver_microbatch_size: 8
[ISO-CHUNK] chunk_seed: 2704064
[ISO-CHUNK] checkpoint: /scratch/rsadve1/Extended_UPAIR_Narval_b32m16_portable/TWC_plots_comprehensive/runs_rx16/seed7/1dmrs/shallow_d256_b2_r2/checkpoints/best.weights.h5
[ISO-CHUNK] TF_GPU_ALLOCATOR: cuda_malloc_async
[ISO-CHUNK] output tag: shallow_d256_b2_r2_u3_upair5g_lmmse_ebno0p0_chunk0010_m8_b20
[EVAL] receiver microbatching enabled: batch_size_eval=64 receiver_microbatch_size=8
WARNING:tensorflow:Model's `__init__()` arguments contain non-serializable objects. Please implement a `get_config()` method in the subclassed Model for proper saving and loading. Defaulting to empty config.
WARNING:tensorflow:Model's `__init__()` arguments contain non-serializable objects. Please implement a `get_config()` method in the subclassed Model for proper saving and loading. Defaulting to empty config.
[EVAL] loaded UPAIR checkpoint: /scratch/rsadve1/Extended_UPAIR_Narval_b32m16_portable/TWC_plots_comprehensive/runs_rx16/seed7/1dmrs/shallow_d256_b2_r2/checkpoints/best.weights.h5
[EVAL] skipping explicit NMSE channel-estimator calls for: upair5g_lmmse
[EVAL] instrumentation log_latency=True log_gpu_memory=True memory_cleanup_every_batches=1 memory_cleanup_every_microbatch=True stream_eval_microbatches=True compiled_receiver_error_counts=False receiver_call_jit_compile=False per_receiver_stopping=False target_bler_floor=1e-05 floor_num_frames=0 gpu_mem=0.04GiB peak=0.23GiB
[EVAL] receiver_call name=upair5g_lmmse mode=positional_y_no compiled_error_counts=False
[EVAL] progress num_users=3 Eb/N0=0 dB batches=10/20 frame_err=upair5g_lmmse:2/1920 elapsed=105.1s avg_batch=10.512s gpu_mem=2.87GiB peak=3.06GiB
[EVAL] progress num_users=3 Eb/N0=0 dB batches=20/20 frame_err=upair5g_lmmse:2/3840 elapsed=210.1s avg_batch=10.507s gpu_mem=5.69GiB peak=5.88GiB
[EVAL] receiver=           upair5g_lmmse Eb/N0= 0.0 dB BER=3.32521e-06 BLER=5.20833e-04 NMSE=nan bit_err=    38/11427840 blk_err=    2/3840   batches=  20 stop=global_stop rx_time=130.03s rx_ms_batch=6501.7 rx_ms_frame=33.863 point_time=210.13s gpu_mem=5.69GiB peak=5.88GiB
[ISO-CHUNK] wrote: /home/rsadve1/scratch/Extended_UPAIR_Narval_b32m16_portable/_isolated_eval_chunks/shallow_d256_b2_r2_u3_upair5g_lmmse_ebno0p0_chunk0010_m8_b20/chunk_result.csv
[ISO-CHUNK] DONE
[PIPELINE] status done=0 reason=continue chunks=11 batches=220 block_errors=16/100 next_chunk=11
2026-06-10 06:14:21.734998: E external/local_xla/xla/stream_executor/cuda/cuda_dnn.cc:9261] Unable to register cuDNN factory: Attempting to register factory for plugin cuDNN when one has already been registered
2026-06-10 06:14:21.735039: E external/local_xla/xla/stream_executor/cuda/cuda_fft.cc:607] Unable to register cuFFT factory: Attempting to register factory for plugin cuFFT when one has already been registered
2026-06-10 06:14:21.736114: E external/local_xla/xla/stream_executor/cuda/cuda_blas.cc:1515] Unable to register cuBLAS factory: Attempting to register factory for plugin cuBLAS when one has already been registered
[COMPREHENSIVE] loaded Optuna best JSON for shallow_d256_b2_r2 from /home/rsadve1/scratch/Extended_UPAIR_Narval_b32m16_portable/optuna/clean_b32_prb8_d256_40k_smart_trueDMRS_u34610_1dmrs_stageB_shallow_d256_b2_r2_best_params.json
[ISO-CHUNK] variant: shallow_d256_b2_r2
[ISO-CHUNK] receiver: upair5g_lmmse
[ISO-CHUNK] num_users: 3
[ISO-CHUNK] ebno_db: 0.0
[ISO-CHUNK] chunk_idx: 11
[ISO-CHUNK] chunk_batches: 20
[ISO-CHUNK] receiver_microbatch_size: 8
[ISO-CHUNK] chunk_seed: 2804067
[ISO-CHUNK] checkpoint: /scratch/rsadve1/Extended_UPAIR_Narval_b32m16_portable/TWC_plots_comprehensive/runs_rx16/seed7/1dmrs/shallow_d256_b2_r2/checkpoints/best.weights.h5
[ISO-CHUNK] TF_GPU_ALLOCATOR: cuda_malloc_async
[ISO-CHUNK] output tag: shallow_d256_b2_r2_u3_upair5g_lmmse_ebno0p0_chunk0011_m8_b20
[EVAL] receiver microbatching enabled: batch_size_eval=64 receiver_microbatch_size=8
WARNING:tensorflow:Model's `__init__()` arguments contain non-serializable objects. Please implement a `get_config()` method in the subclassed Model for proper saving and loading. Defaulting to empty config.
WARNING:tensorflow:Model's `__init__()` arguments contain non-serializable objects. Please implement a `get_config()` method in the subclassed Model for proper saving and loading. Defaulting to empty config.
[EVAL] loaded UPAIR checkpoint: /scratch/rsadve1/Extended_UPAIR_Narval_b32m16_portable/TWC_plots_comprehensive/runs_rx16/seed7/1dmrs/shallow_d256_b2_r2/checkpoints/best.weights.h5
[EVAL] skipping explicit NMSE channel-estimator calls for: upair5g_lmmse
[EVAL] instrumentation log_latency=True log_gpu_memory=True memory_cleanup_every_batches=1 memory_cleanup_every_microbatch=True stream_eval_microbatches=True compiled_receiver_error_counts=False receiver_call_jit_compile=False per_receiver_stopping=False target_bler_floor=1e-05 floor_num_frames=0 gpu_mem=0.04GiB peak=0.23GiB
[EVAL] receiver_call name=upair5g_lmmse mode=positional_y_no compiled_error_counts=False
[EVAL] progress num_users=3 Eb/N0=0 dB batches=10/20 frame_err=upair5g_lmmse:0/1920 elapsed=105.4s avg_batch=10.535s gpu_mem=2.87GiB peak=3.06GiB
[EVAL] progress num_users=3 Eb/N0=0 dB batches=20/20 frame_err=upair5g_lmmse:0/3840 elapsed=210.3s avg_batch=10.517s gpu_mem=5.69GiB peak=5.88GiB
[EVAL] receiver=           upair5g_lmmse Eb/N0= 0.0 dB BER=0.00000e+00 BLER=0.00000e+00 NMSE=nan bit_err=     0/11427840 blk_err=    0/3840   batches=  20 stop=global_stop bler_ub=7.813e-04 rx_time=130.09s rx_ms_batch=6504.4 rx_ms_frame=33.877 point_time=210.34s gpu_mem=5.69GiB peak=5.88GiB
[ISO-CHUNK] wrote: /home/rsadve1/scratch/Extended_UPAIR_Narval_b32m16_portable/_isolated_eval_chunks/shallow_d256_b2_r2_u3_upair5g_lmmse_ebno0p0_chunk0011_m8_b20/chunk_result.csv
[ISO-CHUNK] DONE
[PIPELINE] status done=0 reason=continue chunks=12 batches=240 block_errors=16/100 next_chunk=12
2026-06-10 06:18:17.840034: E external/local_xla/xla/stream_executor/cuda/cuda_dnn.cc:9261] Unable to register cuDNN factory: Attempting to register factory for plugin cuDNN when one has already been registered
2026-06-10 06:18:17.840083: E external/local_xla/xla/stream_executor/cuda/cuda_fft.cc:607] Unable to register cuFFT factory: Attempting to register factory for plugin cuFFT when one has already been registered
2026-06-10 06:18:17.841172: E external/local_xla/xla/stream_executor/cuda/cuda_blas.cc:1515] Unable to register cuBLAS factory: Attempting to register factory for plugin cuBLAS when one has already been registered
[COMPREHENSIVE] loaded Optuna best JSON for shallow_d256_b2_r2 from /home/rsadve1/scratch/Extended_UPAIR_Narval_b32m16_portable/optuna/clean_b32_prb8_d256_40k_smart_trueDMRS_u34610_1dmrs_stageB_shallow_d256_b2_r2_best_params.json
[ISO-CHUNK] variant: shallow_d256_b2_r2
[ISO-CHUNK] receiver: upair5g_lmmse
[ISO-CHUNK] num_users: 3
[ISO-CHUNK] ebno_db: 0.0
[ISO-CHUNK] chunk_idx: 12
[ISO-CHUNK] chunk_batches: 20
[ISO-CHUNK] receiver_microbatch_size: 8
[ISO-CHUNK] chunk_seed: 2904070
[ISO-CHUNK] checkpoint: /scratch/rsadve1/Extended_UPAIR_Narval_b32m16_portable/TWC_plots_comprehensive/runs_rx16/seed7/1dmrs/shallow_d256_b2_r2/checkpoints/best.weights.h5
[ISO-CHUNK] TF_GPU_ALLOCATOR: cuda_malloc_async
[ISO-CHUNK] output tag: shallow_d256_b2_r2_u3_upair5g_lmmse_ebno0p0_chunk0012_m8_b20
[EVAL] receiver microbatching enabled: batch_size_eval=64 receiver_microbatch_size=8
WARNING:tensorflow:Model's `__init__()` arguments contain non-serializable objects. Please implement a `get_config()` method in the subclassed Model for proper saving and loading. Defaulting to empty config.
WARNING:tensorflow:Model's `__init__()` arguments contain non-serializable objects. Please implement a `get_config()` method in the subclassed Model for proper saving and loading. Defaulting to empty config.
[EVAL] loaded UPAIR checkpoint: /scratch/rsadve1/Extended_UPAIR_Narval_b32m16_portable/TWC_plots_comprehensive/runs_rx16/seed7/1dmrs/shallow_d256_b2_r2/checkpoints/best.weights.h5
[EVAL] skipping explicit NMSE channel-estimator calls for: upair5g_lmmse
[EVAL] instrumentation log_latency=True log_gpu_memory=True memory_cleanup_every_batches=1 memory_cleanup_every_microbatch=True stream_eval_microbatches=True compiled_receiver_error_counts=False receiver_call_jit_compile=False per_receiver_stopping=False target_bler_floor=1e-05 floor_num_frames=0 gpu_mem=0.04GiB peak=0.23GiB
[EVAL] receiver_call name=upair5g_lmmse mode=positional_y_no compiled_error_counts=False
[EVAL] progress num_users=3 Eb/N0=0 dB batches=10/20 frame_err=upair5g_lmmse:0/1920 elapsed=104.9s avg_batch=10.488s gpu_mem=2.87GiB peak=3.06GiB
[EVAL] progress num_users=3 Eb/N0=0 dB batches=20/20 frame_err=upair5g_lmmse:1/3840 elapsed=208.9s avg_batch=10.447s gpu_mem=5.69GiB peak=5.88GiB
[EVAL] receiver=           upair5g_lmmse Eb/N0= 0.0 dB BER=3.50022e-06 BLER=2.60417e-04 NMSE=nan bit_err=    40/11427840 blk_err=    1/3840   batches=  20 stop=global_stop rx_time=129.35s rx_ms_batch=6467.4 rx_ms_frame=33.685 point_time=208.93s gpu_mem=5.69GiB peak=5.88GiB
[ISO-CHUNK] wrote: /home/rsadve1/scratch/Extended_UPAIR_Narval_b32m16_portable/_isolated_eval_chunks/shallow_d256_b2_r2_u3_upair5g_lmmse_ebno0p0_chunk0012_m8_b20/chunk_result.csv
[ISO-CHUNK] DONE
[PIPELINE] status done=0 reason=continue chunks=13 batches=260 block_errors=17/100 next_chunk=13
2026-06-10 06:22:22.921497: E external/local_xla/xla/stream_executor/cuda/cuda_dnn.cc:9261] Unable to register cuDNN factory: Attempting to register factory for plugin cuDNN when one has already been registered
2026-06-10 06:22:22.921546: E external/local_xla/xla/stream_executor/cuda/cuda_fft.cc:607] Unable to register cuFFT factory: Attempting to register factory for plugin cuFFT when one has already been registered
2026-06-10 06:22:22.922611: E external/local_xla/xla/stream_executor/cuda/cuda_blas.cc:1515] Unable to register cuBLAS factory: Attempting to register factory for plugin cuBLAS when one has already been registered
[COMPREHENSIVE] loaded Optuna best JSON for shallow_d256_b2_r2 from /home/rsadve1/scratch/Extended_UPAIR_Narval_b32m16_portable/optuna/clean_b32_prb8_d256_40k_smart_trueDMRS_u34610_1dmrs_stageB_shallow_d256_b2_r2_best_params.json
[ISO-CHUNK] variant: shallow_d256_b2_r2
[ISO-CHUNK] receiver: upair5g_lmmse
[ISO-CHUNK] num_users: 3
[ISO-CHUNK] ebno_db: 0.0
[ISO-CHUNK] chunk_idx: 13
[ISO-CHUNK] chunk_batches: 20
[ISO-CHUNK] receiver_microbatch_size: 8
[ISO-CHUNK] chunk_seed: 3004073
[ISO-CHUNK] checkpoint: /scratch/rsadve1/Extended_UPAIR_Narval_b32m16_portable/TWC_plots_comprehensive/runs_rx16/seed7/1dmrs/shallow_d256_b2_r2/checkpoints/best.weights.h5
[ISO-CHUNK] TF_GPU_ALLOCATOR: cuda_malloc_async
[ISO-CHUNK] output tag: shallow_d256_b2_r2_u3_upair5g_lmmse_ebno0p0_chunk0013_m8_b20
[EVAL] receiver microbatching enabled: batch_size_eval=64 receiver_microbatch_size=8
WARNING:tensorflow:Model's `__init__()` arguments contain non-serializable objects. Please implement a `get_config()` method in the subclassed Model for proper saving and loading. Defaulting to empty config.
WARNING:tensorflow:Model's `__init__()` arguments contain non-serializable objects. Please implement a `get_config()` method in the subclassed Model for proper saving and loading. Defaulting to empty config.
[EVAL] loaded UPAIR checkpoint: /scratch/rsadve1/Extended_UPAIR_Narval_b32m16_portable/TWC_plots_comprehensive/runs_rx16/seed7/1dmrs/shallow_d256_b2_r2/checkpoints/best.weights.h5
[EVAL] skipping explicit NMSE channel-estimator calls for: upair5g_lmmse
[EVAL] instrumentation log_latency=True log_gpu_memory=True memory_cleanup_every_batches=1 memory_cleanup_every_microbatch=True stream_eval_microbatches=True compiled_receiver_error_counts=False receiver_call_jit_compile=False per_receiver_stopping=False target_bler_floor=1e-05 floor_num_frames=0 gpu_mem=0.04GiB peak=0.23GiB
[EVAL] receiver_call name=upair5g_lmmse mode=positional_y_no compiled_error_counts=False
[EVAL] progress num_users=3 Eb/N0=0 dB batches=10/20 frame_err=upair5g_lmmse:1/1920 elapsed=104.6s avg_batch=10.465s gpu_mem=2.87GiB peak=3.06GiB
[EVAL] progress num_users=3 Eb/N0=0 dB batches=20/20 frame_err=upair5g_lmmse:1/3840 elapsed=209.2s avg_batch=10.462s gpu_mem=5.69GiB peak=5.88GiB
[EVAL] receiver=           upair5g_lmmse Eb/N0= 0.0 dB BER=3.11520e-05 BLER=2.60417e-04 NMSE=nan bit_err=   356/11427840 blk_err=    1/3840   batches=  20 stop=global_stop rx_time=129.30s rx_ms_batch=6465.1 rx_ms_frame=33.672 point_time=209.25s gpu_mem=5.69GiB peak=5.88GiB
[ISO-CHUNK] wrote: /home/rsadve1/scratch/Extended_UPAIR_Narval_b32m16_portable/_isolated_eval_chunks/shallow_d256_b2_r2_u3_upair5g_lmmse_ebno0p0_chunk0013_m8_b20/chunk_result.csv
[ISO-CHUNK] DONE
[PIPELINE] status done=0 reason=continue chunks=14 batches=280 block_errors=18/100 next_chunk=14
2026-06-10 06:26:23.065244: E external/local_xla/xla/stream_executor/cuda/cuda_dnn.cc:9261] Unable to register cuDNN factory: Attempting to register factory for plugin cuDNN when one has already been registered
2026-06-10 06:26:23.065293: E external/local_xla/xla/stream_executor/cuda/cuda_fft.cc:607] Unable to register cuFFT factory: Attempting to register factory for plugin cuFFT when one has already been registered
2026-06-10 06:26:23.066530: E external/local_xla/xla/stream_executor/cuda/cuda_blas.cc:1515] Unable to register cuBLAS factory: Attempting to register factory for plugin cuBLAS when one has already been registered
[COMPREHENSIVE] loaded Optuna best JSON for shallow_d256_b2_r2 from /home/rsadve1/scratch/Extended_UPAIR_Narval_b32m16_portable/optuna/clean_b32_prb8_d256_40k_smart_trueDMRS_u34610_1dmrs_stageB_shallow_d256_b2_r2_best_params.json
[ISO-CHUNK] variant: shallow_d256_b2_r2
[ISO-CHUNK] receiver: upair5g_lmmse
[ISO-CHUNK] num_users: 3
[ISO-CHUNK] ebno_db: 0.0
[ISO-CHUNK] chunk_idx: 14
[ISO-CHUNK] chunk_batches: 20
[ISO-CHUNK] receiver_microbatch_size: 8
[ISO-CHUNK] chunk_seed: 3104076
[ISO-CHUNK] checkpoint: /scratch/rsadve1/Extended_UPAIR_Narval_b32m16_portable/TWC_plots_comprehensive/runs_rx16/seed7/1dmrs/shallow_d256_b2_r2/checkpoints/best.weights.h5
[ISO-CHUNK] TF_GPU_ALLOCATOR: cuda_malloc_async
[ISO-CHUNK] output tag: shallow_d256_b2_r2_u3_upair5g_lmmse_ebno0p0_chunk0014_m8_b20
[EVAL] receiver microbatching enabled: batch_size_eval=64 receiver_microbatch_size=8
WARNING:tensorflow:Model's `__init__()` arguments contain non-serializable objects. Please implement a `get_config()` method in the subclassed Model for proper saving and loading. Defaulting to empty config.
WARNING:tensorflow:Model's `__init__()` arguments contain non-serializable objects. Please implement a `get_config()` method in the subclassed Model for proper saving and loading. Defaulting to empty config.
[EVAL] loaded UPAIR checkpoint: /scratch/rsadve1/Extended_UPAIR_Narval_b32m16_portable/TWC_plots_comprehensive/runs_rx16/seed7/1dmrs/shallow_d256_b2_r2/checkpoints/best.weights.h5
[EVAL] skipping explicit NMSE channel-estimator calls for: upair5g_lmmse
[EVAL] instrumentation log_latency=True log_gpu_memory=True memory_cleanup_every_batches=1 memory_cleanup_every_microbatch=True stream_eval_microbatches=True compiled_receiver_error_counts=False receiver_call_jit_compile=False per_receiver_stopping=False target_bler_floor=1e-05 floor_num_frames=0 gpu_mem=0.04GiB peak=0.23GiB
[EVAL] receiver_call name=upair5g_lmmse mode=positional_y_no compiled_error_counts=False
[EVAL] progress num_users=3 Eb/N0=0 dB batches=10/20 frame_err=upair5g_lmmse:2/1920 elapsed=104.2s avg_batch=10.424s gpu_mem=2.87GiB peak=3.06GiB
[EVAL] progress num_users=3 Eb/N0=0 dB batches=20/20 frame_err=upair5g_lmmse:2/3840 elapsed=209.2s avg_batch=10.462s gpu_mem=5.69GiB peak=5.88GiB
[EVAL] receiver=           upair5g_lmmse Eb/N0= 0.0 dB BER=2.98394e-05 BLER=5.20833e-04 NMSE=nan bit_err=   341/11427840 blk_err=    2/3840   batches=  20 stop=global_stop rx_time=129.48s rx_ms_batch=6474.2 rx_ms_frame=33.720 point_time=209.23s gpu_mem=5.69GiB peak=5.88GiB
[ISO-CHUNK] wrote: /home/rsadve1/scratch/Extended_UPAIR_Narval_b32m16_portable/_isolated_eval_chunks/shallow_d256_b2_r2_u3_upair5g_lmmse_ebno0p0_chunk0014_m8_b20/chunk_result.csv
[ISO-CHUNK] DONE
[PIPELINE] status done=0 reason=continue chunks=15 batches=300 block_errors=20/100 next_chunk=15
2026-06-10 06:30:21.623251: E external/local_xla/xla/stream_executor/cuda/cuda_dnn.cc:9261] Unable to register cuDNN factory: Attempting to register factory for plugin cuDNN when one has already been registered
2026-06-10 06:30:21.623299: E external/local_xla/xla/stream_executor/cuda/cuda_fft.cc:607] Unable to register cuFFT factory: Attempting to register factory for plugin cuFFT when one has already been registered
2026-06-10 06:30:21.624481: E external/local_xla/xla/stream_executor/cuda/cuda_blas.cc:1515] Unable to register cuBLAS factory: Attempting to register factory for plugin cuBLAS when one has already been registered
[COMPREHENSIVE] loaded Optuna best JSON for shallow_d256_b2_r2 from /home/rsadve1/scratch/Extended_UPAIR_Narval_b32m16_portable/optuna/clean_b32_prb8_d256_40k_smart_trueDMRS_u34610_1dmrs_stageB_shallow_d256_b2_r2_best_params.json
[ISO-CHUNK] variant: shallow_d256_b2_r2
[ISO-CHUNK] receiver: upair5g_lmmse
[ISO-CHUNK] num_users: 3
[ISO-CHUNK] ebno_db: 0.0
[ISO-CHUNK] chunk_idx: 15
[ISO-CHUNK] chunk_batches: 20
[ISO-CHUNK] receiver_microbatch_size: 8
[ISO-CHUNK] chunk_seed: 3204079
[ISO-CHUNK] checkpoint: /scratch/rsadve1/Extended_UPAIR_Narval_b32m16_portable/TWC_plots_comprehensive/runs_rx16/seed7/1dmrs/shallow_d256_b2_r2/checkpoints/best.weights.h5
[ISO-CHUNK] TF_GPU_ALLOCATOR: cuda_malloc_async
[ISO-CHUNK] output tag: shallow_d256_b2_r2_u3_upair5g_lmmse_ebno0p0_chunk0015_m8_b20
[EVAL] receiver microbatching enabled: batch_size_eval=64 receiver_microbatch_size=8
WARNING:tensorflow:Model's `__init__()` arguments contain non-serializable objects. Please implement a `get_config()` method in the subclassed Model for proper saving and loading. Defaulting to empty config.
WARNING:tensorflow:Model's `__init__()` arguments contain non-serializable objects. Please implement a `get_config()` method in the subclassed Model for proper saving and loading. Defaulting to empty config.
[EVAL] loaded UPAIR checkpoint: /scratch/rsadve1/Extended_UPAIR_Narval_b32m16_portable/TWC_plots_comprehensive/runs_rx16/seed7/1dmrs/shallow_d256_b2_r2/checkpoints/best.weights.h5
[EVAL] skipping explicit NMSE channel-estimator calls for: upair5g_lmmse
[EVAL] instrumentation log_latency=True log_gpu_memory=True memory_cleanup_every_batches=1 memory_cleanup_every_microbatch=True stream_eval_microbatches=True compiled_receiver_error_counts=False receiver_call_jit_compile=False per_receiver_stopping=False target_bler_floor=1e-05 floor_num_frames=0 gpu_mem=0.04GiB peak=0.23GiB
[EVAL] receiver_call name=upair5g_lmmse mode=positional_y_no compiled_error_counts=False
[EVAL] progress num_users=3 Eb/N0=0 dB batches=10/20 frame_err=upair5g_lmmse:0/1920 elapsed=104.7s avg_batch=10.472s gpu_mem=2.87GiB peak=3.06GiB
[EVAL] progress num_users=3 Eb/N0=0 dB batches=20/20 frame_err=upair5g_lmmse:0/3840 elapsed=209.8s avg_batch=10.490s gpu_mem=5.69GiB peak=5.88GiB
[EVAL] receiver=           upair5g_lmmse Eb/N0= 0.0 dB BER=0.00000e+00 BLER=0.00000e+00 NMSE=nan bit_err=     0/11427840 blk_err=    0/3840   batches=  20 stop=global_stop bler_ub=7.813e-04 rx_time=129.60s rx_ms_batch=6479.8 rx_ms_frame=33.749 point_time=209.80s gpu_mem=5.69GiB peak=5.88GiB
[ISO-CHUNK] wrote: /home/rsadve1/scratch/Extended_UPAIR_Narval_b32m16_portable/_isolated_eval_chunks/shallow_d256_b2_r2_u3_upair5g_lmmse_ebno0p0_chunk0015_m8_b20/chunk_result.csv
[ISO-CHUNK] DONE
[PIPELINE] status done=0 reason=continue chunks=16 batches=320 block_errors=20/100 next_chunk=16
2026-06-10 06:34:21.264598: E external/local_xla/xla/stream_executor/cuda/cuda_dnn.cc:9261] Unable to register cuDNN factory: Attempting to register factory for plugin cuDNN when one has already been registered
2026-06-10 06:34:21.264640: E external/local_xla/xla/stream_executor/cuda/cuda_fft.cc:607] Unable to register cuFFT factory: Attempting to register factory for plugin cuFFT when one has already been registered
2026-06-10 06:34:21.265701: E external/local_xla/xla/stream_executor/cuda/cuda_blas.cc:1515] Unable to register cuBLAS factory: Attempting to register factory for plugin cuBLAS when one has already been registered
[COMPREHENSIVE] loaded Optuna best JSON for shallow_d256_b2_r2 from /home/rsadve1/scratch/Extended_UPAIR_Narval_b32m16_portable/optuna/clean_b32_prb8_d256_40k_smart_trueDMRS_u34610_1dmrs_stageB_shallow_d256_b2_r2_best_params.json
[ISO-CHUNK] variant: shallow_d256_b2_r2
[ISO-CHUNK] receiver: upair5g_lmmse
[ISO-CHUNK] num_users: 3
[ISO-CHUNK] ebno_db: 0.0
[ISO-CHUNK] chunk_idx: 16
[ISO-CHUNK] chunk_batches: 20
[ISO-CHUNK] receiver_microbatch_size: 8
[ISO-CHUNK] chunk_seed: 3304082
[ISO-CHUNK] checkpoint: /scratch/rsadve1/Extended_UPAIR_Narval_b32m16_portable/TWC_plots_comprehensive/runs_rx16/seed7/1dmrs/shallow_d256_b2_r2/checkpoints/best.weights.h5
[ISO-CHUNK] TF_GPU_ALLOCATOR: cuda_malloc_async
[ISO-CHUNK] output tag: shallow_d256_b2_r2_u3_upair5g_lmmse_ebno0p0_chunk0016_m8_b20
[EVAL] receiver microbatching enabled: batch_size_eval=64 receiver_microbatch_size=8
WARNING:tensorflow:Model's `__init__()` arguments contain non-serializable objects. Please implement a `get_config()` method in the subclassed Model for proper saving and loading. Defaulting to empty config.
WARNING:tensorflow:Model's `__init__()` arguments contain non-serializable objects. Please implement a `get_config()` method in the subclassed Model for proper saving and loading. Defaulting to empty config.
[EVAL] loaded UPAIR checkpoint: /scratch/rsadve1/Extended_UPAIR_Narval_b32m16_portable/TWC_plots_comprehensive/runs_rx16/seed7/1dmrs/shallow_d256_b2_r2/checkpoints/best.weights.h5
[EVAL] skipping explicit NMSE channel-estimator calls for: upair5g_lmmse
[EVAL] instrumentation log_latency=True log_gpu_memory=True memory_cleanup_every_batches=1 memory_cleanup_every_microbatch=True stream_eval_microbatches=True compiled_receiver_error_counts=False receiver_call_jit_compile=False per_receiver_stopping=False target_bler_floor=1e-05 floor_num_frames=0 gpu_mem=0.04GiB peak=0.23GiB
[EVAL] receiver_call name=upair5g_lmmse mode=positional_y_no compiled_error_counts=False
[EVAL] progress num_users=3 Eb/N0=0 dB batches=10/20 frame_err=upair5g_lmmse:0/1920 elapsed=105.4s avg_batch=10.540s gpu_mem=2.87GiB peak=3.06GiB
[EVAL] progress num_users=3 Eb/N0=0 dB batches=20/20 frame_err=upair5g_lmmse:0/3840 elapsed=210.1s avg_batch=10.506s gpu_mem=5.69GiB peak=5.88GiB
[EVAL] receiver=           upair5g_lmmse Eb/N0= 0.0 dB BER=0.00000e+00 BLER=0.00000e+00 NMSE=nan bit_err=     0/11427840 blk_err=    0/3840   batches=  20 stop=global_stop bler_ub=7.813e-04 rx_time=130.14s rx_ms_batch=6507.2 rx_ms_frame=33.892 point_time=210.12s gpu_mem=5.69GiB peak=5.88GiB
[ISO-CHUNK] wrote: /home/rsadve1/scratch/Extended_UPAIR_Narval_b32m16_portable/_isolated_eval_chunks/shallow_d256_b2_r2_u3_upair5g_lmmse_ebno0p0_chunk0016_m8_b20/chunk_result.csv
[ISO-CHUNK] DONE
[PIPELINE] status done=0 reason=continue chunks=17 batches=340 block_errors=20/100 next_chunk=17
2026-06-10 06:38:20.419070: E external/local_xla/xla/stream_executor/cuda/cuda_dnn.cc:9261] Unable to register cuDNN factory: Attempting to register factory for plugin cuDNN when one has already been registered
2026-06-10 06:38:20.419119: E external/local_xla/xla/stream_executor/cuda/cuda_fft.cc:607] Unable to register cuFFT factory: Attempting to register factory for plugin cuFFT when one has already been registered
2026-06-10 06:38:20.420210: E external/local_xla/xla/stream_executor/cuda/cuda_blas.cc:1515] Unable to register cuBLAS factory: Attempting to register factory for plugin cuBLAS when one has already been registered
[COMPREHENSIVE] loaded Optuna best JSON for shallow_d256_b2_r2 from /home/rsadve1/scratch/Extended_UPAIR_Narval_b32m16_portable/optuna/clean_b32_prb8_d256_40k_smart_trueDMRS_u34610_1dmrs_stageB_shallow_d256_b2_r2_best_params.json
[ISO-CHUNK] variant: shallow_d256_b2_r2
[ISO-CHUNK] receiver: upair5g_lmmse
[ISO-CHUNK] num_users: 3
[ISO-CHUNK] ebno_db: 0.0
[ISO-CHUNK] chunk_idx: 17
[ISO-CHUNK] chunk_batches: 20
[ISO-CHUNK] receiver_microbatch_size: 8
[ISO-CHUNK] chunk_seed: 3404085
[ISO-CHUNK] checkpoint: /scratch/rsadve1/Extended_UPAIR_Narval_b32m16_portable/TWC_plots_comprehensive/runs_rx16/seed7/1dmrs/shallow_d256_b2_r2/checkpoints/best.weights.h5
[ISO-CHUNK] TF_GPU_ALLOCATOR: cuda_malloc_async
[ISO-CHUNK] output tag: shallow_d256_b2_r2_u3_upair5g_lmmse_ebno0p0_chunk0017_m8_b20
[EVAL] receiver microbatching enabled: batch_size_eval=64 receiver_microbatch_size=8
WARNING:tensorflow:Model's `__init__()` arguments contain non-serializable objects. Please implement a `get_config()` method in the subclassed Model for proper saving and loading. Defaulting to empty config.
WARNING:tensorflow:Model's `__init__()` arguments contain non-serializable objects. Please implement a `get_config()` method in the subclassed Model for proper saving and loading. Defaulting to empty config.
[EVAL] loaded UPAIR checkpoint: /scratch/rsadve1/Extended_UPAIR_Narval_b32m16_portable/TWC_plots_comprehensive/runs_rx16/seed7/1dmrs/shallow_d256_b2_r2/checkpoints/best.weights.h5
[EVAL] skipping explicit NMSE channel-estimator calls for: upair5g_lmmse
[EVAL] instrumentation log_latency=True log_gpu_memory=True memory_cleanup_every_batches=1 memory_cleanup_every_microbatch=True stream_eval_microbatches=True compiled_receiver_error_counts=False receiver_call_jit_compile=False per_receiver_stopping=False target_bler_floor=1e-05 floor_num_frames=0 gpu_mem=0.04GiB peak=0.23GiB
[EVAL] receiver_call name=upair5g_lmmse mode=positional_y_no compiled_error_counts=False
[EVAL] progress num_users=3 Eb/N0=0 dB batches=10/20 frame_err=upair5g_lmmse:0/1920 elapsed=104.8s avg_batch=10.482s gpu_mem=2.87GiB peak=3.06GiB
[EVAL] progress num_users=3 Eb/N0=0 dB batches=20/20 frame_err=upair5g_lmmse:0/3840 elapsed=207.2s avg_batch=10.360s gpu_mem=5.69GiB peak=5.88GiB
[EVAL] receiver=           upair5g_lmmse Eb/N0= 0.0 dB BER=0.00000e+00 BLER=0.00000e+00 NMSE=nan bit_err=     0/11427840 blk_err=    0/3840   batches=  20 stop=global_stop bler_ub=7.813e-04 rx_time=129.04s rx_ms_batch=6452.2 rx_ms_frame=33.605 point_time=207.20s gpu_mem=5.69GiB peak=5.88GiB
[ISO-CHUNK] wrote: /home/rsadve1/scratch/Extended_UPAIR_Narval_b32m16_portable/_isolated_eval_chunks/shallow_d256_b2_r2_u3_upair5g_lmmse_ebno0p0_chunk0017_m8_b20/chunk_result.csv
[ISO-CHUNK] DONE
[PIPELINE] status done=0 reason=continue chunks=18 batches=360 block_errors=20/100 next_chunk=18
2026-06-10 06:42:13.497038: E external/local_xla/xla/stream_executor/cuda/cuda_dnn.cc:9261] Unable to register cuDNN factory: Attempting to register factory for plugin cuDNN when one has already been registered
2026-06-10 06:42:13.497089: E external/local_xla/xla/stream_executor/cuda/cuda_fft.cc:607] Unable to register cuFFT factory: Attempting to register factory for plugin cuFFT when one has already been registered
2026-06-10 06:42:13.498152: E external/local_xla/xla/stream_executor/cuda/cuda_blas.cc:1515] Unable to register cuBLAS factory: Attempting to register factory for plugin cuBLAS when one has already been registered
[COMPREHENSIVE] loaded Optuna best JSON for shallow_d256_b2_r2 from /home/rsadve1/scratch/Extended_UPAIR_Narval_b32m16_portable/optuna/clean_b32_prb8_d256_40k_smart_trueDMRS_u34610_1dmrs_stageB_shallow_d256_b2_r2_best_params.json
[ISO-CHUNK] variant: shallow_d256_b2_r2
[ISO-CHUNK] receiver: upair5g_lmmse
[ISO-CHUNK] num_users: 3
[ISO-CHUNK] ebno_db: 0.0
[ISO-CHUNK] chunk_idx: 18
[ISO-CHUNK] chunk_batches: 20
[ISO-CHUNK] receiver_microbatch_size: 8
[ISO-CHUNK] chunk_seed: 3504088
[ISO-CHUNK] checkpoint: /scratch/rsadve1/Extended_UPAIR_Narval_b32m16_portable/TWC_plots_comprehensive/runs_rx16/seed7/1dmrs/shallow_d256_b2_r2/checkpoints/best.weights.h5
[ISO-CHUNK] TF_GPU_ALLOCATOR: cuda_malloc_async
[ISO-CHUNK] output tag: shallow_d256_b2_r2_u3_upair5g_lmmse_ebno0p0_chunk0018_m8_b20
[EVAL] receiver microbatching enabled: batch_size_eval=64 receiver_microbatch_size=8
WARNING:tensorflow:Model's `__init__()` arguments contain non-serializable objects. Please implement a `get_config()` method in the subclassed Model for proper saving and loading. Defaulting to empty config.
WARNING:tensorflow:Model's `__init__()` arguments contain non-serializable objects. Please implement a `get_config()` method in the subclassed Model for proper saving and loading. Defaulting to empty config.
[EVAL] loaded UPAIR checkpoint: /scratch/rsadve1/Extended_UPAIR_Narval_b32m16_portable/TWC_plots_comprehensive/runs_rx16/seed7/1dmrs/shallow_d256_b2_r2/checkpoints/best.weights.h5
[EVAL] skipping explicit NMSE channel-estimator calls for: upair5g_lmmse
[EVAL] instrumentation log_latency=True log_gpu_memory=True memory_cleanup_every_batches=1 memory_cleanup_every_microbatch=True stream_eval_microbatches=True compiled_receiver_error_counts=False receiver_call_jit_compile=False per_receiver_stopping=False target_bler_floor=1e-05 floor_num_frames=0 gpu_mem=0.04GiB peak=0.23GiB
[EVAL] receiver_call name=upair5g_lmmse mode=positional_y_no compiled_error_counts=False
[EVAL] progress num_users=3 Eb/N0=0 dB batches=10/20 frame_err=upair5g_lmmse:1/1920 elapsed=102.6s avg_batch=10.264s gpu_mem=2.87GiB peak=3.06GiB
[EVAL] progress num_users=3 Eb/N0=0 dB batches=20/20 frame_err=upair5g_lmmse:2/3840 elapsed=204.4s avg_batch=10.218s gpu_mem=5.69GiB peak=5.88GiB
[EVAL] receiver=           upair5g_lmmse Eb/N0= 0.0 dB BER=1.85512e-05 BLER=5.20833e-04 NMSE=nan bit_err=   212/11427840 blk_err=    2/3840   batches=  20 stop=global_stop rx_time=128.61s rx_ms_batch=6430.4 rx_ms_frame=33.492 point_time=204.37s gpu_mem=5.69GiB peak=5.88GiB
[ISO-CHUNK] wrote: /home/rsadve1/scratch/Extended_UPAIR_Narval_b32m16_portable/_isolated_eval_chunks/shallow_d256_b2_r2_u3_upair5g_lmmse_ebno0p0_chunk0018_m8_b20/chunk_result.csv
[ISO-CHUNK] DONE
[PIPELINE] status done=0 reason=continue chunks=19 batches=380 block_errors=22/100 next_chunk=19
2026-06-10 06:46:01.264065: E external/local_xla/xla/stream_executor/cuda/cuda_dnn.cc:9261] Unable to register cuDNN factory: Attempting to register factory for plugin cuDNN when one has already been registered
2026-06-10 06:46:01.264110: E external/local_xla/xla/stream_executor/cuda/cuda_fft.cc:607] Unable to register cuFFT factory: Attempting to register factory for plugin cuFFT when one has already been registered
2026-06-10 06:46:01.265167: E external/local_xla/xla/stream_executor/cuda/cuda_blas.cc:1515] Unable to register cuBLAS factory: Attempting to register factory for plugin cuBLAS when one has already been registered
[COMPREHENSIVE] loaded Optuna best JSON for shallow_d256_b2_r2 from /home/rsadve1/scratch/Extended_UPAIR_Narval_b32m16_portable/optuna/clean_b32_prb8_d256_40k_smart_trueDMRS_u34610_1dmrs_stageB_shallow_d256_b2_r2_best_params.json
[ISO-CHUNK] variant: shallow_d256_b2_r2
[ISO-CHUNK] receiver: upair5g_lmmse
[ISO-CHUNK] num_users: 3
[ISO-CHUNK] ebno_db: 0.0
[ISO-CHUNK] chunk_idx: 19
[ISO-CHUNK] chunk_batches: 20
[ISO-CHUNK] receiver_microbatch_size: 8
[ISO-CHUNK] chunk_seed: 3604091
[ISO-CHUNK] checkpoint: /scratch/rsadve1/Extended_UPAIR_Narval_b32m16_portable/TWC_plots_comprehensive/runs_rx16/seed7/1dmrs/shallow_d256_b2_r2/checkpoints/best.weights.h5
[ISO-CHUNK] TF_GPU_ALLOCATOR: cuda_malloc_async
[ISO-CHUNK] output tag: shallow_d256_b2_r2_u3_upair5g_lmmse_ebno0p0_chunk0019_m8_b20
[EVAL] receiver microbatching enabled: batch_size_eval=64 receiver_microbatch_size=8
WARNING:tensorflow:Model's `__init__()` arguments contain non-serializable objects. Please implement a `get_config()` method in the subclassed Model for proper saving and loading. Defaulting to empty config.
WARNING:tensorflow:Model's `__init__()` arguments contain non-serializable objects. Please implement a `get_config()` method in the subclassed Model for proper saving and loading. Defaulting to empty config.
[EVAL] loaded UPAIR checkpoint: /scratch/rsadve1/Extended_UPAIR_Narval_b32m16_portable/TWC_plots_comprehensive/runs_rx16/seed7/1dmrs/shallow_d256_b2_r2/checkpoints/best.weights.h5
[EVAL] skipping explicit NMSE channel-estimator calls for: upair5g_lmmse
[EVAL] instrumentation log_latency=True log_gpu_memory=True memory_cleanup_every_batches=1 memory_cleanup_every_microbatch=True stream_eval_microbatches=True compiled_receiver_error_counts=False receiver_call_jit_compile=False per_receiver_stopping=False target_bler_floor=1e-05 floor_num_frames=0 gpu_mem=0.04GiB peak=0.23GiB
[EVAL] receiver_call name=upair5g_lmmse mode=positional_y_no compiled_error_counts=False
[EVAL] progress num_users=3 Eb/N0=0 dB batches=10/20 frame_err=upair5g_lmmse:0/1920 elapsed=102.1s avg_batch=10.209s gpu_mem=2.87GiB peak=3.06GiB
[EVAL] progress num_users=3 Eb/N0=0 dB batches=20/20 frame_err=upair5g_lmmse:0/3840 elapsed=203.6s avg_batch=10.179s gpu_mem=5.69GiB peak=5.88GiB
[EVAL] receiver=           upair5g_lmmse Eb/N0= 0.0 dB BER=0.00000e+00 BLER=0.00000e+00 NMSE=nan bit_err=     0/11427840 blk_err=    0/3840   batches=  20 stop=global_stop bler_ub=7.813e-04 rx_time=128.20s rx_ms_batch=6409.8 rx_ms_frame=33.384 point_time=203.58s gpu_mem=5.69GiB peak=5.88GiB
[ISO-CHUNK] wrote: /home/rsadve1/scratch/Extended_UPAIR_Narval_b32m16_portable/_isolated_eval_chunks/shallow_d256_b2_r2_u3_upair5g_lmmse_ebno0p0_chunk0019_m8_b20/chunk_result.csv
[ISO-CHUNK] DONE
[PIPELINE] status done=0 reason=continue chunks=20 batches=400 block_errors=22/100 next_chunk=20
2026-06-10 06:49:49.488095: E external/local_xla/xla/stream_executor/cuda/cuda_dnn.cc:9261] Unable to register cuDNN factory: Attempting to register factory for plugin cuDNN when one has already been registered
2026-06-10 06:49:49.488143: E external/local_xla/xla/stream_executor/cuda/cuda_fft.cc:607] Unable to register cuFFT factory: Attempting to register factory for plugin cuFFT when one has already been registered
2026-06-10 06:49:49.489225: E external/local_xla/xla/stream_executor/cuda/cuda_blas.cc:1515] Unable to register cuBLAS factory: Attempting to register factory for plugin cuBLAS when one has already been registered
[COMPREHENSIVE] loaded Optuna best JSON for shallow_d256_b2_r2 from /home/rsadve1/scratch/Extended_UPAIR_Narval_b32m16_portable/optuna/clean_b32_prb8_d256_40k_smart_trueDMRS_u34610_1dmrs_stageB_shallow_d256_b2_r2_best_params.json
[ISO-CHUNK] variant: shallow_d256_b2_r2
[ISO-CHUNK] receiver: upair5g_lmmse
[ISO-CHUNK] num_users: 3
[ISO-CHUNK] ebno_db: 0.0
[ISO-CHUNK] chunk_idx: 20
[ISO-CHUNK] chunk_batches: 20
[ISO-CHUNK] receiver_microbatch_size: 8
[ISO-CHUNK] chunk_seed: 3704094
[ISO-CHUNK] checkpoint: /scratch/rsadve1/Extended_UPAIR_Narval_b32m16_portable/TWC_plots_comprehensive/runs_rx16/seed7/1dmrs/shallow_d256_b2_r2/checkpoints/best.weights.h5
[ISO-CHUNK] TF_GPU_ALLOCATOR: cuda_malloc_async
[ISO-CHUNK] output tag: shallow_d256_b2_r2_u3_upair5g_lmmse_ebno0p0_chunk0020_m8_b20
[EVAL] receiver microbatching enabled: batch_size_eval=64 receiver_microbatch_size=8
WARNING:tensorflow:Model's `__init__()` arguments contain non-serializable objects. Please implement a `get_config()` method in the subclassed Model for proper saving and loading. Defaulting to empty config.
WARNING:tensorflow:Model's `__init__()` arguments contain non-serializable objects. Please implement a `get_config()` method in the subclassed Model for proper saving and loading. Defaulting to empty config.
[EVAL] loaded UPAIR checkpoint: /scratch/rsadve1/Extended_UPAIR_Narval_b32m16_portable/TWC_plots_comprehensive/runs_rx16/seed7/1dmrs/shallow_d256_b2_r2/checkpoints/best.weights.h5
[EVAL] skipping explicit NMSE channel-estimator calls for: upair5g_lmmse
[EVAL] instrumentation log_latency=True log_gpu_memory=True memory_cleanup_every_batches=1 memory_cleanup_every_microbatch=True stream_eval_microbatches=True compiled_receiver_error_counts=False receiver_call_jit_compile=False per_receiver_stopping=False target_bler_floor=1e-05 floor_num_frames=0 gpu_mem=0.04GiB peak=0.23GiB
[EVAL] receiver_call name=upair5g_lmmse mode=positional_y_no compiled_error_counts=False
[EVAL] progress num_users=3 Eb/N0=0 dB batches=10/20 frame_err=upair5g_lmmse:0/1920 elapsed=102.7s avg_batch=10.265s gpu_mem=2.87GiB peak=3.06GiB
[EVAL] progress num_users=3 Eb/N0=0 dB batches=20/20 frame_err=upair5g_lmmse:0/3840 elapsed=210.8s avg_batch=10.539s gpu_mem=5.69GiB peak=5.88GiB
[EVAL] receiver=           upair5g_lmmse Eb/N0= 0.0 dB BER=0.00000e+00 BLER=0.00000e+00 NMSE=nan bit_err=     0/11427840 blk_err=    0/3840   batches=  20 stop=global_stop bler_ub=7.813e-04 rx_time=131.88s rx_ms_batch=6594.2 rx_ms_frame=34.345 point_time=210.79s gpu_mem=5.69GiB peak=5.88GiB
[ISO-CHUNK] wrote: /home/rsadve1/scratch/Extended_UPAIR_Narval_b32m16_portable/_isolated_eval_chunks/shallow_d256_b2_r2_u3_upair5g_lmmse_ebno0p0_chunk0020_m8_b20/chunk_result.csv
[ISO-CHUNK] DONE
[PIPELINE] status done=0 reason=continue chunks=21 batches=420 block_errors=22/100 next_chunk=21
2026-06-10 06:53:52.932513: E external/local_xla/xla/stream_executor/cuda/cuda_dnn.cc:9261] Unable to register cuDNN factory: Attempting to register factory for plugin cuDNN when one has already been registered
2026-06-10 06:53:52.932564: E external/local_xla/xla/stream_executor/cuda/cuda_fft.cc:607] Unable to register cuFFT factory: Attempting to register factory for plugin cuFFT when one has already been registered
2026-06-10 06:53:52.933698: E external/local_xla/xla/stream_executor/cuda/cuda_blas.cc:1515] Unable to register cuBLAS factory: Attempting to register factory for plugin cuBLAS when one has already been registered
[COMPREHENSIVE] loaded Optuna best JSON for shallow_d256_b2_r2 from /home/rsadve1/scratch/Extended_UPAIR_Narval_b32m16_portable/optuna/clean_b32_prb8_d256_40k_smart_trueDMRS_u34610_1dmrs_stageB_shallow_d256_b2_r2_best_params.json
[ISO-CHUNK] variant: shallow_d256_b2_r2
[ISO-CHUNK] receiver: upair5g_lmmse
[ISO-CHUNK] num_users: 3
[ISO-CHUNK] ebno_db: 0.0
[ISO-CHUNK] chunk_idx: 21
[ISO-CHUNK] chunk_batches: 20
[ISO-CHUNK] receiver_microbatch_size: 8
[ISO-CHUNK] chunk_seed: 3804097
[ISO-CHUNK] checkpoint: /scratch/rsadve1/Extended_UPAIR_Narval_b32m16_portable/TWC_plots_comprehensive/runs_rx16/seed7/1dmrs/shallow_d256_b2_r2/checkpoints/best.weights.h5
[ISO-CHUNK] TF_GPU_ALLOCATOR: cuda_malloc_async
[ISO-CHUNK] output tag: shallow_d256_b2_r2_u3_upair5g_lmmse_ebno0p0_chunk0021_m8_b20
[EVAL] receiver microbatching enabled: batch_size_eval=64 receiver_microbatch_size=8
WARNING:tensorflow:Model's `__init__()` arguments contain non-serializable objects. Please implement a `get_config()` method in the subclassed Model for proper saving and loading. Defaulting to empty config.
WARNING:tensorflow:Model's `__init__()` arguments contain non-serializable objects. Please implement a `get_config()` method in the subclassed Model for proper saving and loading. Defaulting to empty config.
[EVAL] loaded UPAIR checkpoint: /scratch/rsadve1/Extended_UPAIR_Narval_b32m16_portable/TWC_plots_comprehensive/runs_rx16/seed7/1dmrs/shallow_d256_b2_r2/checkpoints/best.weights.h5
[EVAL] skipping explicit NMSE channel-estimator calls for: upair5g_lmmse
[EVAL] instrumentation log_latency=True log_gpu_memory=True memory_cleanup_every_batches=1 memory_cleanup_every_microbatch=True stream_eval_microbatches=True compiled_receiver_error_counts=False receiver_call_jit_compile=False per_receiver_stopping=False target_bler_floor=1e-05 floor_num_frames=0 gpu_mem=0.04GiB peak=0.23GiB
[EVAL] receiver_call name=upair5g_lmmse mode=positional_y_no compiled_error_counts=False
[EVAL] progress num_users=3 Eb/N0=0 dB batches=10/20 frame_err=upair5g_lmmse:0/1920 elapsed=111.0s avg_batch=11.095s gpu_mem=2.87GiB peak=3.06GiB
[EVAL] progress num_users=3 Eb/N0=0 dB batches=20/20 frame_err=upair5g_lmmse:0/3840 elapsed=221.5s avg_batch=11.077s gpu_mem=5.69GiB peak=5.88GiB
[EVAL] receiver=           upair5g_lmmse Eb/N0= 0.0 dB BER=0.00000e+00 BLER=0.00000e+00 NMSE=nan bit_err=     0/11427840 blk_err=    0/3840   batches=  20 stop=global_stop bler_ub=7.813e-04 rx_time=134.69s rx_ms_batch=6734.3 rx_ms_frame=35.074 point_time=221.54s gpu_mem=5.69GiB peak=5.88GiB
[ISO-CHUNK] wrote: /home/rsadve1/scratch/Extended_UPAIR_Narval_b32m16_portable/_isolated_eval_chunks/shallow_d256_b2_r2_u3_upair5g_lmmse_ebno0p0_chunk0021_m8_b20/chunk_result.csv
[ISO-CHUNK] DONE
[PIPELINE] status done=0 reason=continue chunks=22 batches=440 block_errors=22/100 next_chunk=22
2026-06-10 06:58:04.537919: E external/local_xla/xla/stream_executor/cuda/cuda_dnn.cc:9261] Unable to register cuDNN factory: Attempting to register factory for plugin cuDNN when one has already been registered
2026-06-10 06:58:04.537988: E external/local_xla/xla/stream_executor/cuda/cuda_fft.cc:607] Unable to register cuFFT factory: Attempting to register factory for plugin cuFFT when one has already been registered
2026-06-10 06:58:04.539548: E external/local_xla/xla/stream_executor/cuda/cuda_blas.cc:1515] Unable to register cuBLAS factory: Attempting to register factory for plugin cuBLAS when one has already been registered
[COMPREHENSIVE] loaded Optuna best JSON for shallow_d256_b2_r2 from /home/rsadve1/scratch/Extended_UPAIR_Narval_b32m16_portable/optuna/clean_b32_prb8_d256_40k_smart_trueDMRS_u34610_1dmrs_stageB_shallow_d256_b2_r2_best_params.json
[ISO-CHUNK] variant: shallow_d256_b2_r2
[ISO-CHUNK] receiver: upair5g_lmmse
[ISO-CHUNK] num_users: 3
[ISO-CHUNK] ebno_db: 0.0
[ISO-CHUNK] chunk_idx: 22
[ISO-CHUNK] chunk_batches: 20
[ISO-CHUNK] receiver_microbatch_size: 8
[ISO-CHUNK] chunk_seed: 3904100
[ISO-CHUNK] checkpoint: /scratch/rsadve1/Extended_UPAIR_Narval_b32m16_portable/TWC_plots_comprehensive/runs_rx16/seed7/1dmrs/shallow_d256_b2_r2/checkpoints/best.weights.h5
[ISO-CHUNK] TF_GPU_ALLOCATOR: cuda_malloc_async
[ISO-CHUNK] output tag: shallow_d256_b2_r2_u3_upair5g_lmmse_ebno0p0_chunk0022_m8_b20
[EVAL] receiver microbatching enabled: batch_size_eval=64 receiver_microbatch_size=8
WARNING:tensorflow:Model's `__init__()` arguments contain non-serializable objects. Please implement a `get_config()` method in the subclassed Model for proper saving and loading. Defaulting to empty config.
WARNING:tensorflow:Model's `__init__()` arguments contain non-serializable objects. Please implement a `get_config()` method in the subclassed Model for proper saving and loading. Defaulting to empty config.
[EVAL] loaded UPAIR checkpoint: /scratch/rsadve1/Extended_UPAIR_Narval_b32m16_portable/TWC_plots_comprehensive/runs_rx16/seed7/1dmrs/shallow_d256_b2_r2/checkpoints/best.weights.h5
[EVAL] skipping explicit NMSE channel-estimator calls for: upair5g_lmmse
[EVAL] instrumentation log_latency=True log_gpu_memory=True memory_cleanup_every_batches=1 memory_cleanup_every_microbatch=True stream_eval_microbatches=True compiled_receiver_error_counts=False receiver_call_jit_compile=False per_receiver_stopping=False target_bler_floor=1e-05 floor_num_frames=0 gpu_mem=0.04GiB peak=0.23GiB
[EVAL] receiver_call name=upair5g_lmmse mode=positional_y_no compiled_error_counts=False
[EVAL] progress num_users=3 Eb/N0=0 dB batches=10/20 frame_err=upair5g_lmmse:0/1920 elapsed=111.3s avg_batch=11.135s gpu_mem=2.87GiB peak=3.06GiB
[EVAL] progress num_users=3 Eb/N0=0 dB batches=20/20 frame_err=upair5g_lmmse:0/3840 elapsed=222.6s avg_batch=11.131s gpu_mem=5.69GiB peak=5.88GiB
[EVAL] receiver=           upair5g_lmmse Eb/N0= 0.0 dB BER=0.00000e+00 BLER=0.00000e+00 NMSE=nan bit_err=     0/11427840 blk_err=    0/3840   batches=  20 stop=global_stop bler_ub=7.813e-04 rx_time=135.42s rx_ms_batch=6771.2 rx_ms_frame=35.266 point_time=222.63s gpu_mem=5.69GiB peak=5.88GiB
[ISO-CHUNK] wrote: /home/rsadve1/scratch/Extended_UPAIR_Narval_b32m16_portable/_isolated_eval_chunks/shallow_d256_b2_r2_u3_upair5g_lmmse_ebno0p0_chunk0022_m8_b20/chunk_result.csv
[ISO-CHUNK] DONE
[PIPELINE] status done=0 reason=continue chunks=23 batches=460 block_errors=22/100 next_chunk=23
2026-06-10 07:02:14.490880: E external/local_xla/xla/stream_executor/cuda/cuda_dnn.cc:9261] Unable to register cuDNN factory: Attempting to register factory for plugin cuDNN when one has already been registered
2026-06-10 07:02:14.490935: E external/local_xla/xla/stream_executor/cuda/cuda_fft.cc:607] Unable to register cuFFT factory: Attempting to register factory for plugin cuFFT when one has already been registered
2026-06-10 07:02:14.492245: E external/local_xla/xla/stream_executor/cuda/cuda_blas.cc:1515] Unable to register cuBLAS factory: Attempting to register factory for plugin cuBLAS when one has already been registered
[COMPREHENSIVE] loaded Optuna best JSON for shallow_d256_b2_r2 from /home/rsadve1/scratch/Extended_UPAIR_Narval_b32m16_portable/optuna/clean_b32_prb8_d256_40k_smart_trueDMRS_u34610_1dmrs_stageB_shallow_d256_b2_r2_best_params.json
[ISO-CHUNK] variant: shallow_d256_b2_r2
[ISO-CHUNK] receiver: upair5g_lmmse
[ISO-CHUNK] num_users: 3
[ISO-CHUNK] ebno_db: 0.0
[ISO-CHUNK] chunk_idx: 23
[ISO-CHUNK] chunk_batches: 20
[ISO-CHUNK] receiver_microbatch_size: 8
[ISO-CHUNK] chunk_seed: 4004103
[ISO-CHUNK] checkpoint: /scratch/rsadve1/Extended_UPAIR_Narval_b32m16_portable/TWC_plots_comprehensive/runs_rx16/seed7/1dmrs/shallow_d256_b2_r2/checkpoints/best.weights.h5
[ISO-CHUNK] TF_GPU_ALLOCATOR: cuda_malloc_async
[ISO-CHUNK] output tag: shallow_d256_b2_r2_u3_upair5g_lmmse_ebno0p0_chunk0023_m8_b20
[EVAL] receiver microbatching enabled: batch_size_eval=64 receiver_microbatch_size=8
WARNING:tensorflow:Model's `__init__()` arguments contain non-serializable objects. Please implement a `get_config()` method in the subclassed Model for proper saving and loading. Defaulting to empty config.
WARNING:tensorflow:Model's `__init__()` arguments contain non-serializable objects. Please implement a `get_config()` method in the subclassed Model for proper saving and loading. Defaulting to empty config.
[EVAL] loaded UPAIR checkpoint: /scratch/rsadve1/Extended_UPAIR_Narval_b32m16_portable/TWC_plots_comprehensive/runs_rx16/seed7/1dmrs/shallow_d256_b2_r2/checkpoints/best.weights.h5
[EVAL] skipping explicit NMSE channel-estimator calls for: upair5g_lmmse
[EVAL] instrumentation log_latency=True log_gpu_memory=True memory_cleanup_every_batches=1 memory_cleanup_every_microbatch=True stream_eval_microbatches=True compiled_receiver_error_counts=False receiver_call_jit_compile=False per_receiver_stopping=False target_bler_floor=1e-05 floor_num_frames=0 gpu_mem=0.04GiB peak=0.23GiB
[EVAL] receiver_call name=upair5g_lmmse mode=positional_y_no compiled_error_counts=False
[EVAL] progress num_users=3 Eb/N0=0 dB batches=10/20 frame_err=upair5g_lmmse:1/1920 elapsed=111.5s avg_batch=11.147s gpu_mem=2.87GiB peak=3.06GiB
[EVAL] progress num_users=3 Eb/N0=0 dB batches=20/20 frame_err=upair5g_lmmse:3/3840 elapsed=222.3s avg_batch=11.114s gpu_mem=5.69GiB peak=5.88GiB
[EVAL] receiver=           upair5g_lmmse Eb/N0= 0.0 dB BER=2.38890e-05 BLER=7.81250e-04 NMSE=nan bit_err=   273/11427840 blk_err=    3/3840   batches=  20 stop=global_stop rx_time=134.97s rx_ms_batch=6748.7 rx_ms_frame=35.150 point_time=222.28s gpu_mem=5.69GiB peak=5.88GiB
[ISO-CHUNK] wrote: /home/rsadve1/scratch/Extended_UPAIR_Narval_b32m16_portable/_isolated_eval_chunks/shallow_d256_b2_r2_u3_upair5g_lmmse_ebno0p0_chunk0023_m8_b20/chunk_result.csv
[ISO-CHUNK] DONE
[PIPELINE] status done=0 reason=continue chunks=24 batches=480 block_errors=25/100 next_chunk=24
2026-06-10 07:06:29.684630: E external/local_xla/xla/stream_executor/cuda/cuda_dnn.cc:9261] Unable to register cuDNN factory: Attempting to register factory for plugin cuDNN when one has already been registered
2026-06-10 07:06:29.684687: E external/local_xla/xla/stream_executor/cuda/cuda_fft.cc:607] Unable to register cuFFT factory: Attempting to register factory for plugin cuFFT when one has already been registered
2026-06-10 07:06:29.685818: E external/local_xla/xla/stream_executor/cuda/cuda_blas.cc:1515] Unable to register cuBLAS factory: Attempting to register factory for plugin cuBLAS when one has already been registered
[COMPREHENSIVE] loaded Optuna best JSON for shallow_d256_b2_r2 from /home/rsadve1/scratch/Extended_UPAIR_Narval_b32m16_portable/optuna/clean_b32_prb8_d256_40k_smart_trueDMRS_u34610_1dmrs_stageB_shallow_d256_b2_r2_best_params.json
[ISO-CHUNK] variant: shallow_d256_b2_r2
[ISO-CHUNK] receiver: upair5g_lmmse
[ISO-CHUNK] num_users: 3
[ISO-CHUNK] ebno_db: 0.0
[ISO-CHUNK] chunk_idx: 24
[ISO-CHUNK] chunk_batches: 20
[ISO-CHUNK] receiver_microbatch_size: 8
[ISO-CHUNK] chunk_seed: 4104106
[ISO-CHUNK] checkpoint: /scratch/rsadve1/Extended_UPAIR_Narval_b32m16_portable/TWC_plots_comprehensive/runs_rx16/seed7/1dmrs/shallow_d256_b2_r2/checkpoints/best.weights.h5
[ISO-CHUNK] TF_GPU_ALLOCATOR: cuda_malloc_async
[ISO-CHUNK] output tag: shallow_d256_b2_r2_u3_upair5g_lmmse_ebno0p0_chunk0024_m8_b20
[EVAL] receiver microbatching enabled: batch_size_eval=64 receiver_microbatch_size=8
WARNING:tensorflow:Model's `__init__()` arguments contain non-serializable objects. Please implement a `get_config()` method in the subclassed Model for proper saving and loading. Defaulting to empty config.
WARNING:tensorflow:Model's `__init__()` arguments contain non-serializable objects. Please implement a `get_config()` method in the subclassed Model for proper saving and loading. Defaulting to empty config.
[EVAL] loaded UPAIR checkpoint: /scratch/rsadve1/Extended_UPAIR_Narval_b32m16_portable/TWC_plots_comprehensive/runs_rx16/seed7/1dmrs/shallow_d256_b2_r2/checkpoints/best.weights.h5
[EVAL] skipping explicit NMSE channel-estimator calls for: upair5g_lmmse
[EVAL] instrumentation log_latency=True log_gpu_memory=True memory_cleanup_every_batches=1 memory_cleanup_every_microbatch=True stream_eval_microbatches=True compiled_receiver_error_counts=False receiver_call_jit_compile=False per_receiver_stopping=False target_bler_floor=1e-05 floor_num_frames=0 gpu_mem=0.04GiB peak=0.23GiB
[EVAL] receiver_call name=upair5g_lmmse mode=positional_y_no compiled_error_counts=False
[EVAL] progress num_users=3 Eb/N0=0 dB batches=10/20 frame_err=upair5g_lmmse:1/1920 elapsed=110.7s avg_batch=11.065s gpu_mem=2.87GiB peak=3.06GiB
[EVAL] progress num_users=3 Eb/N0=0 dB batches=20/20 frame_err=upair5g_lmmse:1/3840 elapsed=222.0s avg_batch=11.102s gpu_mem=5.69GiB peak=5.88GiB
[EVAL] receiver=           upair5g_lmmse Eb/N0= 0.0 dB BER=1.40009e-06 BLER=2.60417e-04 NMSE=nan bit_err=    16/11427840 blk_err=    1/3840   batches=  20 stop=global_stop rx_time=135.07s rx_ms_batch=6753.3 rx_ms_frame=35.173 point_time=222.03s gpu_mem=5.69GiB peak=5.88GiB
[ISO-CHUNK] wrote: /home/rsadve1/scratch/Extended_UPAIR_Narval_b32m16_portable/_isolated_eval_chunks/shallow_d256_b2_r2_u3_upair5g_lmmse_ebno0p0_chunk0024_m8_b20/chunk_result.csv
[ISO-CHUNK] DONE
[PIPELINE] status done=0 reason=continue chunks=25 batches=500 block_errors=26/100 next_chunk=25
2026-06-10 07:10:43.567730: E external/local_xla/xla/stream_executor/cuda/cuda_dnn.cc:9261] Unable to register cuDNN factory: Attempting to register factory for plugin cuDNN when one has already been registered
2026-06-10 07:10:43.567781: E external/local_xla/xla/stream_executor/cuda/cuda_fft.cc:607] Unable to register cuFFT factory: Attempting to register factory for plugin cuFFT when one has already been registered
2026-06-10 07:10:43.569076: E external/local_xla/xla/stream_executor/cuda/cuda_blas.cc:1515] Unable to register cuBLAS factory: Attempting to register factory for plugin cuBLAS when one has already been registered
[COMPREHENSIVE] loaded Optuna best JSON for shallow_d256_b2_r2 from /home/rsadve1/scratch/Extended_UPAIR_Narval_b32m16_portable/optuna/clean_b32_prb8_d256_40k_smart_trueDMRS_u34610_1dmrs_stageB_shallow_d256_b2_r2_best_params.json
[ISO-CHUNK] variant: shallow_d256_b2_r2
[ISO-CHUNK] receiver: upair5g_lmmse
[ISO-CHUNK] num_users: 3
[ISO-CHUNK] ebno_db: 0.0
[ISO-CHUNK] chunk_idx: 25
[ISO-CHUNK] chunk_batches: 20
[ISO-CHUNK] receiver_microbatch_size: 8
[ISO-CHUNK] chunk_seed: 4204109
[ISO-CHUNK] checkpoint: /scratch/rsadve1/Extended_UPAIR_Narval_b32m16_portable/TWC_plots_comprehensive/runs_rx16/seed7/1dmrs/shallow_d256_b2_r2/checkpoints/best.weights.h5
[ISO-CHUNK] TF_GPU_ALLOCATOR: cuda_malloc_async
[ISO-CHUNK] output tag: shallow_d256_b2_r2_u3_upair5g_lmmse_ebno0p0_chunk0025_m8_b20
[EVAL] receiver microbatching enabled: batch_size_eval=64 receiver_microbatch_size=8
WARNING:tensorflow:Model's `__init__()` arguments contain non-serializable objects. Please implement a `get_config()` method in the subclassed Model for proper saving and loading. Defaulting to empty config.
WARNING:tensorflow:Model's `__init__()` arguments contain non-serializable objects. Please implement a `get_config()` method in the subclassed Model for proper saving and loading. Defaulting to empty config.
[EVAL] loaded UPAIR checkpoint: /scratch/rsadve1/Extended_UPAIR_Narval_b32m16_portable/TWC_plots_comprehensive/runs_rx16/seed7/1dmrs/shallow_d256_b2_r2/checkpoints/best.weights.h5
[EVAL] skipping explicit NMSE channel-estimator calls for: upair5g_lmmse
[EVAL] instrumentation log_latency=True log_gpu_memory=True memory_cleanup_every_batches=1 memory_cleanup_every_microbatch=True stream_eval_microbatches=True compiled_receiver_error_counts=False receiver_call_jit_compile=False per_receiver_stopping=False target_bler_floor=1e-05 floor_num_frames=0 gpu_mem=0.04GiB peak=0.23GiB
[EVAL] receiver_call name=upair5g_lmmse mode=positional_y_no compiled_error_counts=False
[EVAL] progress num_users=3 Eb/N0=0 dB batches=10/20 frame_err=upair5g_lmmse:0/1920 elapsed=112.7s avg_batch=11.270s gpu_mem=2.87GiB peak=3.06GiB
[EVAL] progress num_users=3 Eb/N0=0 dB batches=20/20 frame_err=upair5g_lmmse:1/3840 elapsed=225.0s avg_batch=11.251s gpu_mem=5.69GiB peak=5.88GiB
[EVAL] receiver=           upair5g_lmmse Eb/N0= 0.0 dB BER=1.82887e-05 BLER=2.60417e-04 NMSE=nan bit_err=   209/11427840 blk_err=    1/3840   batches=  20 stop=global_stop rx_time=135.27s rx_ms_batch=6763.5 rx_ms_frame=35.227 point_time=225.02s gpu_mem=5.69GiB peak=5.88GiB
[ISO-CHUNK] wrote: /home/rsadve1/scratch/Extended_UPAIR_Narval_b32m16_portable/_isolated_eval_chunks/shallow_d256_b2_r2_u3_upair5g_lmmse_ebno0p0_chunk0025_m8_b20/chunk_result.csv
[ISO-CHUNK] DONE
[PIPELINE] status done=0 reason=continue chunks=26 batches=520 block_errors=27/100 next_chunk=26
2026-06-10 07:14:53.407683: E external/local_xla/xla/stream_executor/cuda/cuda_dnn.cc:9261] Unable to register cuDNN factory: Attempting to register factory for plugin cuDNN when one has already been registered
2026-06-10 07:14:53.407758: E external/local_xla/xla/stream_executor/cuda/cuda_fft.cc:607] Unable to register cuFFT factory: Attempting to register factory for plugin cuFFT when one has already been registered
2026-06-10 07:14:53.409620: E external/local_xla/xla/stream_executor/cuda/cuda_blas.cc:1515] Unable to register cuBLAS factory: Attempting to register factory for plugin cuBLAS when one has already been registered
[COMPREHENSIVE] loaded Optuna best JSON for shallow_d256_b2_r2 from /home/rsadve1/scratch/Extended_UPAIR_Narval_b32m16_portable/optuna/clean_b32_prb8_d256_40k_smart_trueDMRS_u34610_1dmrs_stageB_shallow_d256_b2_r2_best_params.json
[ISO-CHUNK] variant: shallow_d256_b2_r2
[ISO-CHUNK] receiver: upair5g_lmmse
[ISO-CHUNK] num_users: 3
[ISO-CHUNK] ebno_db: 0.0
[ISO-CHUNK] chunk_idx: 26
[ISO-CHUNK] chunk_batches: 20
[ISO-CHUNK] receiver_microbatch_size: 8
[ISO-CHUNK] chunk_seed: 4304112
[ISO-CHUNK] checkpoint: /scratch/rsadve1/Extended_UPAIR_Narval_b32m16_portable/TWC_plots_comprehensive/runs_rx16/seed7/1dmrs/shallow_d256_b2_r2/checkpoints/best.weights.h5
[ISO-CHUNK] TF_GPU_ALLOCATOR: cuda_malloc_async
[ISO-CHUNK] output tag: shallow_d256_b2_r2_u3_upair5g_lmmse_ebno0p0_chunk0026_m8_b20
[EVAL] receiver microbatching enabled: batch_size_eval=64 receiver_microbatch_size=8
WARNING:tensorflow:Model's `__init__()` arguments contain non-serializable objects. Please implement a `get_config()` method in the subclassed Model for proper saving and loading. Defaulting to empty config.
WARNING:tensorflow:Model's `__init__()` arguments contain non-serializable objects. Please implement a `get_config()` method in the subclassed Model for proper saving and loading. Defaulting to empty config.
[EVAL] loaded UPAIR checkpoint: /scratch/rsadve1/Extended_UPAIR_Narval_b32m16_portable/TWC_plots_comprehensive/runs_rx16/seed7/1dmrs/shallow_d256_b2_r2/checkpoints/best.weights.h5
[EVAL] skipping explicit NMSE channel-estimator calls for: upair5g_lmmse
[EVAL] instrumentation log_latency=True log_gpu_memory=True memory_cleanup_every_batches=1 memory_cleanup_every_microbatch=True stream_eval_microbatches=True compiled_receiver_error_counts=False receiver_call_jit_compile=False per_receiver_stopping=False target_bler_floor=1e-05 floor_num_frames=0 gpu_mem=0.04GiB peak=0.23GiB
[EVAL] receiver_call name=upair5g_lmmse mode=positional_y_no compiled_error_counts=False
[EVAL] progress num_users=3 Eb/N0=0 dB batches=10/20 frame_err=upair5g_lmmse:0/1920 elapsed=111.9s avg_batch=11.191s gpu_mem=2.87GiB peak=3.06GiB
[EVAL] progress num_users=3 Eb/N0=0 dB batches=20/20 frame_err=upair5g_lmmse:2/3840 elapsed=223.0s avg_batch=11.150s gpu_mem=5.69GiB peak=5.88GiB
[EVAL] receiver=           upair5g_lmmse Eb/N0= 0.0 dB BER=1.83762e-05 BLER=5.20833e-04 NMSE=nan bit_err=   210/11427840 blk_err=    2/3840   batches=  20 stop=global_stop rx_time=135.15s rx_ms_batch=6757.6 rx_ms_frame=35.196 point_time=223.00s gpu_mem=5.69GiB peak=5.88GiB
[ISO-CHUNK] wrote: /home/rsadve1/scratch/Extended_UPAIR_Narval_b32m16_portable/_isolated_eval_chunks/shallow_d256_b2_r2_u3_upair5g_lmmse_ebno0p0_chunk0026_m8_b20/chunk_result.csv
[ISO-CHUNK] DONE
[PIPELINE] status done=0 reason=continue chunks=27 batches=540 block_errors=29/100 next_chunk=27
2026-06-10 07:19:02.364421: E external/local_xla/xla/stream_executor/cuda/cuda_dnn.cc:9261] Unable to register cuDNN factory: Attempting to register factory for plugin cuDNN when one has already been registered
2026-06-10 07:19:02.364477: E external/local_xla/xla/stream_executor/cuda/cuda_fft.cc:607] Unable to register cuFFT factory: Attempting to register factory for plugin cuFFT when one has already been registered
2026-06-10 07:19:02.365784: E external/local_xla/xla/stream_executor/cuda/cuda_blas.cc:1515] Unable to register cuBLAS factory: Attempting to register factory for plugin cuBLAS when one has already been registered
[COMPREHENSIVE] loaded Optuna best JSON for shallow_d256_b2_r2 from /home/rsadve1/scratch/Extended_UPAIR_Narval_b32m16_portable/optuna/clean_b32_prb8_d256_40k_smart_trueDMRS_u34610_1dmrs_stageB_shallow_d256_b2_r2_best_params.json
[ISO-CHUNK] variant: shallow_d256_b2_r2
[ISO-CHUNK] receiver: upair5g_lmmse
[ISO-CHUNK] num_users: 3
[ISO-CHUNK] ebno_db: 0.0
[ISO-CHUNK] chunk_idx: 27
[ISO-CHUNK] chunk_batches: 20
[ISO-CHUNK] receiver_microbatch_size: 8
[ISO-CHUNK] chunk_seed: 4404115
[ISO-CHUNK] checkpoint: /scratch/rsadve1/Extended_UPAIR_Narval_b32m16_portable/TWC_plots_comprehensive/runs_rx16/seed7/1dmrs/shallow_d256_b2_r2/checkpoints/best.weights.h5
[ISO-CHUNK] TF_GPU_ALLOCATOR: cuda_malloc_async
[ISO-CHUNK] output tag: shallow_d256_b2_r2_u3_upair5g_lmmse_ebno0p0_chunk0027_m8_b20
[EVAL] receiver microbatching enabled: batch_size_eval=64 receiver_microbatch_size=8
WARNING:tensorflow:Model's `__init__()` arguments contain non-serializable objects. Please implement a `get_config()` method in the subclassed Model for proper saving and loading. Defaulting to empty config.
WARNING:tensorflow:Model's `__init__()` arguments contain non-serializable objects. Please implement a `get_config()` method in the subclassed Model for proper saving and loading. Defaulting to empty config.
[EVAL] loaded UPAIR checkpoint: /scratch/rsadve1/Extended_UPAIR_Narval_b32m16_portable/TWC_plots_comprehensive/runs_rx16/seed7/1dmrs/shallow_d256_b2_r2/checkpoints/best.weights.h5
[EVAL] skipping explicit NMSE channel-estimator calls for: upair5g_lmmse
[EVAL] instrumentation log_latency=True log_gpu_memory=True memory_cleanup_every_batches=1 memory_cleanup_every_microbatch=True stream_eval_microbatches=True compiled_receiver_error_counts=False receiver_call_jit_compile=False per_receiver_stopping=False target_bler_floor=1e-05 floor_num_frames=0 gpu_mem=0.04GiB peak=0.23GiB
[EVAL] receiver_call name=upair5g_lmmse mode=positional_y_no compiled_error_counts=False
[EVAL] progress num_users=3 Eb/N0=0 dB batches=10/20 frame_err=upair5g_lmmse:0/1920 elapsed=111.0s avg_batch=11.102s gpu_mem=2.87GiB peak=3.06GiB
[EVAL] progress num_users=3 Eb/N0=0 dB batches=20/20 frame_err=upair5g_lmmse:0/3840 elapsed=221.1s avg_batch=11.056s gpu_mem=5.69GiB peak=5.88GiB
[EVAL] receiver=           upair5g_lmmse Eb/N0= 0.0 dB BER=0.00000e+00 BLER=0.00000e+00 NMSE=nan bit_err=     0/11427840 blk_err=    0/3840   batches=  20 stop=global_stop bler_ub=7.813e-04 rx_time=134.24s rx_ms_batch=6711.9 rx_ms_frame=34.958 point_time=221.12s gpu_mem=5.69GiB peak=5.88GiB
[ISO-CHUNK] wrote: /home/rsadve1/scratch/Extended_UPAIR_Narval_b32m16_portable/_isolated_eval_chunks/shallow_d256_b2_r2_u3_upair5g_lmmse_ebno0p0_chunk0027_m8_b20/chunk_result.csv
[ISO-CHUNK] DONE
[PIPELINE] status done=0 reason=continue chunks=28 batches=560 block_errors=29/100 next_chunk=28
2026-06-10 07:23:15.552114: E external/local_xla/xla/stream_executor/cuda/cuda_dnn.cc:9261] Unable to register cuDNN factory: Attempting to register factory for plugin cuDNN when one has already been registered
2026-06-10 07:23:15.552166: E external/local_xla/xla/stream_executor/cuda/cuda_fft.cc:607] Unable to register cuFFT factory: Attempting to register factory for plugin cuFFT when one has already been registered
2026-06-10 07:23:15.553325: E external/local_xla/xla/stream_executor/cuda/cuda_blas.cc:1515] Unable to register cuBLAS factory: Attempting to register factory for plugin cuBLAS when one has already been registered
[COMPREHENSIVE] loaded Optuna best JSON for shallow_d256_b2_r2 from /home/rsadve1/scratch/Extended_UPAIR_Narval_b32m16_portable/optuna/clean_b32_prb8_d256_40k_smart_trueDMRS_u34610_1dmrs_stageB_shallow_d256_b2_r2_best_params.json
[ISO-CHUNK] variant: shallow_d256_b2_r2
[ISO-CHUNK] receiver: upair5g_lmmse
[ISO-CHUNK] num_users: 3
[ISO-CHUNK] ebno_db: 0.0
[ISO-CHUNK] chunk_idx: 28
[ISO-CHUNK] chunk_batches: 20
[ISO-CHUNK] receiver_microbatch_size: 8
[ISO-CHUNK] chunk_seed: 4504118
[ISO-CHUNK] checkpoint: /scratch/rsadve1/Extended_UPAIR_Narval_b32m16_portable/TWC_plots_comprehensive/runs_rx16/seed7/1dmrs/shallow_d256_b2_r2/checkpoints/best.weights.h5
[ISO-CHUNK] TF_GPU_ALLOCATOR: cuda_malloc_async
[ISO-CHUNK] output tag: shallow_d256_b2_r2_u3_upair5g_lmmse_ebno0p0_chunk0028_m8_b20
[EVAL] receiver microbatching enabled: batch_size_eval=64 receiver_microbatch_size=8
WARNING:tensorflow:Model's `__init__()` arguments contain non-serializable objects. Please implement a `get_config()` method in the subclassed Model for proper saving and loading. Defaulting to empty config.
WARNING:tensorflow:Model's `__init__()` arguments contain non-serializable objects. Please implement a `get_config()` method in the subclassed Model for proper saving and loading. Defaulting to empty config.
[EVAL] loaded UPAIR checkpoint: /scratch/rsadve1/Extended_UPAIR_Narval_b32m16_portable/TWC_plots_comprehensive/runs_rx16/seed7/1dmrs/shallow_d256_b2_r2/checkpoints/best.weights.h5
[EVAL] skipping explicit NMSE channel-estimator calls for: upair5g_lmmse
[EVAL] instrumentation log_latency=True log_gpu_memory=True memory_cleanup_every_batches=1 memory_cleanup_every_microbatch=True stream_eval_microbatches=True compiled_receiver_error_counts=False receiver_call_jit_compile=False per_receiver_stopping=False target_bler_floor=1e-05 floor_num_frames=0 gpu_mem=0.04GiB peak=0.23GiB
[EVAL] receiver_call name=upair5g_lmmse mode=positional_y_no compiled_error_counts=False
[EVAL] progress num_users=3 Eb/N0=0 dB batches=10/20 frame_err=upair5g_lmmse:0/1920 elapsed=110.6s avg_batch=11.057s gpu_mem=2.87GiB peak=3.06GiB
[EVAL] progress num_users=3 Eb/N0=0 dB batches=20/20 frame_err=upair5g_lmmse:0/3840 elapsed=220.0s avg_batch=11.002s gpu_mem=5.69GiB peak=5.88GiB
[EVAL] receiver=           upair5g_lmmse Eb/N0= 0.0 dB BER=0.00000e+00 BLER=0.00000e+00 NMSE=nan bit_err=     0/11427840 blk_err=    0/3840   batches=  20 stop=global_stop bler_ub=7.813e-04 rx_time=133.75s rx_ms_batch=6687.7 rx_ms_frame=34.832 point_time=220.05s gpu_mem=5.69GiB peak=5.88GiB
[ISO-CHUNK] wrote: /home/rsadve1/scratch/Extended_UPAIR_Narval_b32m16_portable/_isolated_eval_chunks/shallow_d256_b2_r2_u3_upair5g_lmmse_ebno0p0_chunk0028_m8_b20/chunk_result.csv
[ISO-CHUNK] DONE
[PIPELINE] status done=0 reason=continue chunks=29 batches=580 block_errors=29/100 next_chunk=29
2026-06-10 07:27:26.719354: E external/local_xla/xla/stream_executor/cuda/cuda_dnn.cc:9261] Unable to register cuDNN factory: Attempting to register factory for plugin cuDNN when one has already been registered
2026-06-10 07:27:26.719404: E external/local_xla/xla/stream_executor/cuda/cuda_fft.cc:607] Unable to register cuFFT factory: Attempting to register factory for plugin cuFFT when one has already been registered
2026-06-10 07:27:26.720925: E external/local_xla/xla/stream_executor/cuda/cuda_blas.cc:1515] Unable to register cuBLAS factory: Attempting to register factory for plugin cuBLAS when one has already been registered
[COMPREHENSIVE] loaded Optuna best JSON for shallow_d256_b2_r2 from /home/rsadve1/scratch/Extended_UPAIR_Narval_b32m16_portable/optuna/clean_b32_prb8_d256_40k_smart_trueDMRS_u34610_1dmrs_stageB_shallow_d256_b2_r2_best_params.json
[ISO-CHUNK] variant: shallow_d256_b2_r2
[ISO-CHUNK] receiver: upair5g_lmmse
[ISO-CHUNK] num_users: 3
[ISO-CHUNK] ebno_db: 0.0
[ISO-CHUNK] chunk_idx: 29
[ISO-CHUNK] chunk_batches: 20
[ISO-CHUNK] receiver_microbatch_size: 8
[ISO-CHUNK] chunk_seed: 4604121
[ISO-CHUNK] checkpoint: /scratch/rsadve1/Extended_UPAIR_Narval_b32m16_portable/TWC_plots_comprehensive/runs_rx16/seed7/1dmrs/shallow_d256_b2_r2/checkpoints/best.weights.h5
[ISO-CHUNK] TF_GPU_ALLOCATOR: cuda_malloc_async
[ISO-CHUNK] output tag: shallow_d256_b2_r2_u3_upair5g_lmmse_ebno0p0_chunk0029_m8_b20
[EVAL] receiver microbatching enabled: batch_size_eval=64 receiver_microbatch_size=8
WARNING:tensorflow:Model's `__init__()` arguments contain non-serializable objects. Please implement a `get_config()` method in the subclassed Model for proper saving and loading. Defaulting to empty config.
WARNING:tensorflow:Model's `__init__()` arguments contain non-serializable objects. Please implement a `get_config()` method in the subclassed Model for proper saving and loading. Defaulting to empty config.
[EVAL] loaded UPAIR checkpoint: /scratch/rsadve1/Extended_UPAIR_Narval_b32m16_portable/TWC_plots_comprehensive/runs_rx16/seed7/1dmrs/shallow_d256_b2_r2/checkpoints/best.weights.h5
[EVAL] skipping explicit NMSE channel-estimator calls for: upair5g_lmmse
[EVAL] instrumentation log_latency=True log_gpu_memory=True memory_cleanup_every_batches=1 memory_cleanup_every_microbatch=True stream_eval_microbatches=True compiled_receiver_error_counts=False receiver_call_jit_compile=False per_receiver_stopping=False target_bler_floor=1e-05 floor_num_frames=0 gpu_mem=0.04GiB peak=0.23GiB
[EVAL] receiver_call name=upair5g_lmmse mode=positional_y_no compiled_error_counts=False
[EVAL] progress num_users=3 Eb/N0=0 dB batches=10/20 frame_err=upair5g_lmmse:0/1920 elapsed=110.1s avg_batch=11.014s gpu_mem=2.87GiB peak=3.06GiB
[EVAL] progress num_users=3 Eb/N0=0 dB batches=20/20 frame_err=upair5g_lmmse:0/3840 elapsed=219.1s avg_batch=10.954s gpu_mem=5.69GiB peak=5.88GiB
[EVAL] receiver=           upair5g_lmmse Eb/N0= 0.0 dB BER=0.00000e+00 BLER=0.00000e+00 NMSE=nan bit_err=     0/11427840 blk_err=    0/3840   batches=  20 stop=global_stop bler_ub=7.813e-04 rx_time=132.92s rx_ms_batch=6645.9 rx_ms_frame=34.614 point_time=219.09s gpu_mem=5.69GiB peak=5.88GiB
[ISO-CHUNK] wrote: /home/rsadve1/scratch/Extended_UPAIR_Narval_b32m16_portable/_isolated_eval_chunks/shallow_d256_b2_r2_u3_upair5g_lmmse_ebno0p0_chunk0029_m8_b20/chunk_result.csv
[ISO-CHUNK] DONE
[PIPELINE] status done=0 reason=continue chunks=30 batches=600 block_errors=29/100 next_chunk=30
2026-06-10 07:31:32.926729: E external/local_xla/xla/stream_executor/cuda/cuda_dnn.cc:9261] Unable to register cuDNN factory: Attempting to register factory for plugin cuDNN when one has already been registered
2026-06-10 07:31:32.926781: E external/local_xla/xla/stream_executor/cuda/cuda_fft.cc:607] Unable to register cuFFT factory: Attempting to register factory for plugin cuFFT when one has already been registered
2026-06-10 07:31:32.928059: E external/local_xla/xla/stream_executor/cuda/cuda_blas.cc:1515] Unable to register cuBLAS factory: Attempting to register factory for plugin cuBLAS when one has already been registered
[COMPREHENSIVE] loaded Optuna best JSON for shallow_d256_b2_r2 from /home/rsadve1/scratch/Extended_UPAIR_Narval_b32m16_portable/optuna/clean_b32_prb8_d256_40k_smart_trueDMRS_u34610_1dmrs_stageB_shallow_d256_b2_r2_best_params.json
[ISO-CHUNK] variant: shallow_d256_b2_r2
[ISO-CHUNK] receiver: upair5g_lmmse
[ISO-CHUNK] num_users: 3
[ISO-CHUNK] ebno_db: 0.0
[ISO-CHUNK] chunk_idx: 30
[ISO-CHUNK] chunk_batches: 20
[ISO-CHUNK] receiver_microbatch_size: 8
[ISO-CHUNK] chunk_seed: 4704124
[ISO-CHUNK] checkpoint: /scratch/rsadve1/Extended_UPAIR_Narval_b32m16_portable/TWC_plots_comprehensive/runs_rx16/seed7/1dmrs/shallow_d256_b2_r2/checkpoints/best.weights.h5
[ISO-CHUNK] TF_GPU_ALLOCATOR: cuda_malloc_async
[ISO-CHUNK] output tag: shallow_d256_b2_r2_u3_upair5g_lmmse_ebno0p0_chunk0030_m8_b20
[EVAL] receiver microbatching enabled: batch_size_eval=64 receiver_microbatch_size=8
WARNING:tensorflow:Model's `__init__()` arguments contain non-serializable objects. Please implement a `get_config()` method in the subclassed Model for proper saving and loading. Defaulting to empty config.
WARNING:tensorflow:Model's `__init__()` arguments contain non-serializable objects. Please implement a `get_config()` method in the subclassed Model for proper saving and loading. Defaulting to empty config.
[EVAL] loaded UPAIR checkpoint: /scratch/rsadve1/Extended_UPAIR_Narval_b32m16_portable/TWC_plots_comprehensive/runs_rx16/seed7/1dmrs/shallow_d256_b2_r2/checkpoints/best.weights.h5
[EVAL] skipping explicit NMSE channel-estimator calls for: upair5g_lmmse
[EVAL] instrumentation log_latency=True log_gpu_memory=True memory_cleanup_every_batches=1 memory_cleanup_every_microbatch=True stream_eval_microbatches=True compiled_receiver_error_counts=False receiver_call_jit_compile=False per_receiver_stopping=False target_bler_floor=1e-05 floor_num_frames=0 gpu_mem=0.04GiB peak=0.23GiB
[EVAL] receiver_call name=upair5g_lmmse mode=positional_y_no compiled_error_counts=False
[EVAL] progress num_users=3 Eb/N0=0 dB batches=10/20 frame_err=upair5g_lmmse:2/1920 elapsed=110.4s avg_batch=11.035s gpu_mem=2.87GiB peak=3.06GiB
[EVAL] progress num_users=3 Eb/N0=0 dB batches=20/20 frame_err=upair5g_lmmse:3/3840 elapsed=218.7s avg_batch=10.935s gpu_mem=5.69GiB peak=5.88GiB
[EVAL] receiver=           upair5g_lmmse Eb/N0= 0.0 dB BER=1.37384e-05 BLER=7.81250e-04 NMSE=nan bit_err=   157/11427840 blk_err=    3/3840   batches=  20 stop=global_stop rx_time=133.04s rx_ms_batch=6652.0 rx_ms_frame=34.646 point_time=218.70s gpu_mem=5.69GiB peak=5.88GiB
[ISO-CHUNK] wrote: /home/rsadve1/scratch/Extended_UPAIR_Narval_b32m16_portable/_isolated_eval_chunks/shallow_d256_b2_r2_u3_upair5g_lmmse_ebno0p0_chunk0030_m8_b20/chunk_result.csv
[ISO-CHUNK] DONE
[PIPELINE] status done=0 reason=continue chunks=31 batches=620 block_errors=32/100 next_chunk=31
2026-06-10 07:35:47.331921: E external/local_xla/xla/stream_executor/cuda/cuda_dnn.cc:9261] Unable to register cuDNN factory: Attempting to register factory for plugin cuDNN when one has already been registered
2026-06-10 07:35:47.331963: E external/local_xla/xla/stream_executor/cuda/cuda_fft.cc:607] Unable to register cuFFT factory: Attempting to register factory for plugin cuFFT when one has already been registered
2026-06-10 07:35:47.333030: E external/local_xla/xla/stream_executor/cuda/cuda_blas.cc:1515] Unable to register cuBLAS factory: Attempting to register factory for plugin cuBLAS when one has already been registered
[COMPREHENSIVE] loaded Optuna best JSON for shallow_d256_b2_r2 from /home/rsadve1/scratch/Extended_UPAIR_Narval_b32m16_portable/optuna/clean_b32_prb8_d256_40k_smart_trueDMRS_u34610_1dmrs_stageB_shallow_d256_b2_r2_best_params.json
[ISO-CHUNK] variant: shallow_d256_b2_r2
[ISO-CHUNK] receiver: upair5g_lmmse
[ISO-CHUNK] num_users: 3
[ISO-CHUNK] ebno_db: 0.0
[ISO-CHUNK] chunk_idx: 31
[ISO-CHUNK] chunk_batches: 20
[ISO-CHUNK] receiver_microbatch_size: 8
[ISO-CHUNK] chunk_seed: 4804127
[ISO-CHUNK] checkpoint: /scratch/rsadve1/Extended_UPAIR_Narval_b32m16_portable/TWC_plots_comprehensive/runs_rx16/seed7/1dmrs/shallow_d256_b2_r2/checkpoints/best.weights.h5
[ISO-CHUNK] TF_GPU_ALLOCATOR: cuda_malloc_async
[ISO-CHUNK] output tag: shallow_d256_b2_r2_u3_upair5g_lmmse_ebno0p0_chunk0031_m8_b20
[EVAL] receiver microbatching enabled: batch_size_eval=64 receiver_microbatch_size=8
WARNING:tensorflow:Model's `__init__()` arguments contain non-serializable objects. Please implement a `get_config()` method in the subclassed Model for proper saving and loading. Defaulting to empty config.
WARNING:tensorflow:Model's `__init__()` arguments contain non-serializable objects. Please implement a `get_config()` method in the subclassed Model for proper saving and loading. Defaulting to empty config.
[EVAL] loaded UPAIR checkpoint: /scratch/rsadve1/Extended_UPAIR_Narval_b32m16_portable/TWC_plots_comprehensive/runs_rx16/seed7/1dmrs/shallow_d256_b2_r2/checkpoints/best.weights.h5
[EVAL] skipping explicit NMSE channel-estimator calls for: upair5g_lmmse
[EVAL] instrumentation log_latency=True log_gpu_memory=True memory_cleanup_every_batches=1 memory_cleanup_every_microbatch=True stream_eval_microbatches=True compiled_receiver_error_counts=False receiver_call_jit_compile=False per_receiver_stopping=False target_bler_floor=1e-05 floor_num_frames=0 gpu_mem=0.04GiB peak=0.23GiB
[EVAL] receiver_call name=upair5g_lmmse mode=positional_y_no compiled_error_counts=False
[EVAL] progress num_users=3 Eb/N0=0 dB batches=10/20 frame_err=upair5g_lmmse:0/1920 elapsed=107.3s avg_batch=10.730s gpu_mem=2.87GiB peak=3.06GiB
[EVAL] progress num_users=3 Eb/N0=0 dB batches=20/20 frame_err=upair5g_lmmse:1/3840 elapsed=214.6s avg_batch=10.731s gpu_mem=5.69GiB peak=5.88GiB
[EVAL] receiver=           upair5g_lmmse Eb/N0= 0.0 dB BER=8.48804e-06 BLER=2.60417e-04 NMSE=nan bit_err=    97/11427840 blk_err=    1/3840   batches=  20 stop=global_stop rx_time=131.42s rx_ms_batch=6570.8 rx_ms_frame=34.223 point_time=214.61s gpu_mem=5.69GiB peak=5.88GiB
[ISO-CHUNK] wrote: /home/rsadve1/scratch/Extended_UPAIR_Narval_b32m16_portable/_isolated_eval_chunks/shallow_d256_b2_r2_u3_upair5g_lmmse_ebno0p0_chunk0031_m8_b20/chunk_result.csv
[ISO-CHUNK] DONE
[PIPELINE] status done=0 reason=continue chunks=32 batches=640 block_errors=33/100 next_chunk=32
2026-06-10 07:39:49.495330: E external/local_xla/xla/stream_executor/cuda/cuda_dnn.cc:9261] Unable to register cuDNN factory: Attempting to register factory for plugin cuDNN when one has already been registered
2026-06-10 07:39:49.495390: E external/local_xla/xla/stream_executor/cuda/cuda_fft.cc:607] Unable to register cuFFT factory: Attempting to register factory for plugin cuFFT when one has already been registered
2026-06-10 07:39:49.496719: E external/local_xla/xla/stream_executor/cuda/cuda_blas.cc:1515] Unable to register cuBLAS factory: Attempting to register factory for plugin cuBLAS when one has already been registered
[COMPREHENSIVE] loaded Optuna best JSON for shallow_d256_b2_r2 from /home/rsadve1/scratch/Extended_UPAIR_Narval_b32m16_portable/optuna/clean_b32_prb8_d256_40k_smart_trueDMRS_u34610_1dmrs_stageB_shallow_d256_b2_r2_best_params.json
[ISO-CHUNK] variant: shallow_d256_b2_r2
[ISO-CHUNK] receiver: upair5g_lmmse
[ISO-CHUNK] num_users: 3
[ISO-CHUNK] ebno_db: 0.0
[ISO-CHUNK] chunk_idx: 32
[ISO-CHUNK] chunk_batches: 20
[ISO-CHUNK] receiver_microbatch_size: 8
[ISO-CHUNK] chunk_seed: 4904130
[ISO-CHUNK] checkpoint: /scratch/rsadve1/Extended_UPAIR_Narval_b32m16_portable/TWC_plots_comprehensive/runs_rx16/seed7/1dmrs/shallow_d256_b2_r2/checkpoints/best.weights.h5
[ISO-CHUNK] TF_GPU_ALLOCATOR: cuda_malloc_async
[ISO-CHUNK] output tag: shallow_d256_b2_r2_u3_upair5g_lmmse_ebno0p0_chunk0032_m8_b20
[EVAL] receiver microbatching enabled: batch_size_eval=64 receiver_microbatch_size=8
WARNING:tensorflow:Model's `__init__()` arguments contain non-serializable objects. Please implement a `get_config()` method in the subclassed Model for proper saving and loading. Defaulting to empty config.
WARNING:tensorflow:Model's `__init__()` arguments contain non-serializable objects. Please implement a `get_config()` method in the subclassed Model for proper saving and loading. Defaulting to empty config.
[EVAL] loaded UPAIR checkpoint: /scratch/rsadve1/Extended_UPAIR_Narval_b32m16_portable/TWC_plots_comprehensive/runs_rx16/seed7/1dmrs/shallow_d256_b2_r2/checkpoints/best.weights.h5
[EVAL] skipping explicit NMSE channel-estimator calls for: upair5g_lmmse
[EVAL] instrumentation log_latency=True log_gpu_memory=True memory_cleanup_every_batches=1 memory_cleanup_every_microbatch=True stream_eval_microbatches=True compiled_receiver_error_counts=False receiver_call_jit_compile=False per_receiver_stopping=False target_bler_floor=1e-05 floor_num_frames=0 gpu_mem=0.04GiB peak=0.23GiB
[EVAL] receiver_call name=upair5g_lmmse mode=positional_y_no compiled_error_counts=False
[EVAL] progress num_users=3 Eb/N0=0 dB batches=10/20 frame_err=upair5g_lmmse:0/1920 elapsed=106.1s avg_batch=10.614s gpu_mem=2.87GiB peak=3.06GiB
[EVAL] progress num_users=3 Eb/N0=0 dB batches=20/20 frame_err=upair5g_lmmse:1/3840 elapsed=211.6s avg_batch=10.581s gpu_mem=5.69GiB peak=5.88GiB
[EVAL] receiver=           upair5g_lmmse Eb/N0= 0.0 dB BER=1.40009e-06 BLER=2.60417e-04 NMSE=nan bit_err=    16/11427840 blk_err=    1/3840   batches=  20 stop=global_stop rx_time=129.22s rx_ms_batch=6461.2 rx_ms_frame=33.652 point_time=211.62s gpu_mem=5.69GiB peak=5.88GiB
[ISO-CHUNK] wrote: /home/rsadve1/scratch/Extended_UPAIR_Narval_b32m16_portable/_isolated_eval_chunks/shallow_d256_b2_r2_u3_upair5g_lmmse_ebno0p0_chunk0032_m8_b20/chunk_result.csv
[ISO-CHUNK] DONE
[PIPELINE] status done=0 reason=continue chunks=33 batches=660 block_errors=34/100 next_chunk=33
2026-06-10 07:43:41.989355: E external/local_xla/xla/stream_executor/cuda/cuda_dnn.cc:9261] Unable to register cuDNN factory: Attempting to register factory for plugin cuDNN when one has already been registered
2026-06-10 07:43:41.989399: E external/local_xla/xla/stream_executor/cuda/cuda_fft.cc:607] Unable to register cuFFT factory: Attempting to register factory for plugin cuFFT when one has already been registered
2026-06-10 07:43:41.990469: E external/local_xla/xla/stream_executor/cuda/cuda_blas.cc:1515] Unable to register cuBLAS factory: Attempting to register factory for plugin cuBLAS when one has already been registered
[COMPREHENSIVE] loaded Optuna best JSON for shallow_d256_b2_r2 from /home/rsadve1/scratch/Extended_UPAIR_Narval_b32m16_portable/optuna/clean_b32_prb8_d256_40k_smart_trueDMRS_u34610_1dmrs_stageB_shallow_d256_b2_r2_best_params.json
[ISO-CHUNK] variant: shallow_d256_b2_r2
[ISO-CHUNK] receiver: upair5g_lmmse
[ISO-CHUNK] num_users: 3
[ISO-CHUNK] ebno_db: 0.0
[ISO-CHUNK] chunk_idx: 33
[ISO-CHUNK] chunk_batches: 20
[ISO-CHUNK] receiver_microbatch_size: 8
[ISO-CHUNK] chunk_seed: 5004133
[ISO-CHUNK] checkpoint: /scratch/rsadve1/Extended_UPAIR_Narval_b32m16_portable/TWC_plots_comprehensive/runs_rx16/seed7/1dmrs/shallow_d256_b2_r2/checkpoints/best.weights.h5
[ISO-CHUNK] TF_GPU_ALLOCATOR: cuda_malloc_async
[ISO-CHUNK] output tag: shallow_d256_b2_r2_u3_upair5g_lmmse_ebno0p0_chunk0033_m8_b20
[EVAL] receiver microbatching enabled: batch_size_eval=64 receiver_microbatch_size=8
WARNING:tensorflow:Model's `__init__()` arguments contain non-serializable objects. Please implement a `get_config()` method in the subclassed Model for proper saving and loading. Defaulting to empty config.
WARNING:tensorflow:Model's `__init__()` arguments contain non-serializable objects. Please implement a `get_config()` method in the subclassed Model for proper saving and loading. Defaulting to empty config.
[EVAL] loaded UPAIR checkpoint: /scratch/rsadve1/Extended_UPAIR_Narval_b32m16_portable/TWC_plots_comprehensive/runs_rx16/seed7/1dmrs/shallow_d256_b2_r2/checkpoints/best.weights.h5
[EVAL] skipping explicit NMSE channel-estimator calls for: upair5g_lmmse
[EVAL] instrumentation log_latency=True log_gpu_memory=True memory_cleanup_every_batches=1 memory_cleanup_every_microbatch=True stream_eval_microbatches=True compiled_receiver_error_counts=False receiver_call_jit_compile=False per_receiver_stopping=False target_bler_floor=1e-05 floor_num_frames=0 gpu_mem=0.04GiB peak=0.23GiB
[EVAL] receiver_call name=upair5g_lmmse mode=positional_y_no compiled_error_counts=False
[EVAL] progress num_users=3 Eb/N0=0 dB batches=10/20 frame_err=upair5g_lmmse:0/1920 elapsed=106.6s avg_batch=10.656s gpu_mem=2.87GiB peak=3.06GiB
[EVAL] progress num_users=3 Eb/N0=0 dB batches=20/20 frame_err=upair5g_lmmse:1/3840 elapsed=213.1s avg_batch=10.657s gpu_mem=5.69GiB peak=5.88GiB
[EVAL] receiver=           upair5g_lmmse Eb/N0= 0.0 dB BER=8.75056e-08 BLER=2.60417e-04 NMSE=nan bit_err=     1/11427840 blk_err=    1/3840   batches=  20 stop=global_stop rx_time=130.26s rx_ms_batch=6512.9 rx_ms_frame=33.921 point_time=213.14s gpu_mem=5.69GiB peak=5.88GiB
[ISO-CHUNK] wrote: /home/rsadve1/scratch/Extended_UPAIR_Narval_b32m16_portable/_isolated_eval_chunks/shallow_d256_b2_r2_u3_upair5g_lmmse_ebno0p0_chunk0033_m8_b20/chunk_result.csv
[ISO-CHUNK] DONE
[PIPELINE] status done=0 reason=continue chunks=34 batches=680 block_errors=35/100 next_chunk=34
2026-06-10 07:47:41.901115: E external/local_xla/xla/stream_executor/cuda/cuda_dnn.cc:9261] Unable to register cuDNN factory: Attempting to register factory for plugin cuDNN when one has already been registered
2026-06-10 07:47:41.901165: E external/local_xla/xla/stream_executor/cuda/cuda_fft.cc:607] Unable to register cuFFT factory: Attempting to register factory for plugin cuFFT when one has already been registered
2026-06-10 07:47:41.902383: E external/local_xla/xla/stream_executor/cuda/cuda_blas.cc:1515] Unable to register cuBLAS factory: Attempting to register factory for plugin cuBLAS when one has already been registered
[COMPREHENSIVE] loaded Optuna best JSON for shallow_d256_b2_r2 from /home/rsadve1/scratch/Extended_UPAIR_Narval_b32m16_portable/optuna/clean_b32_prb8_d256_40k_smart_trueDMRS_u34610_1dmrs_stageB_shallow_d256_b2_r2_best_params.json
[ISO-CHUNK] variant: shallow_d256_b2_r2
[ISO-CHUNK] receiver: upair5g_lmmse
[ISO-CHUNK] num_users: 3
[ISO-CHUNK] ebno_db: 0.0
[ISO-CHUNK] chunk_idx: 34
[ISO-CHUNK] chunk_batches: 20
[ISO-CHUNK] receiver_microbatch_size: 8
[ISO-CHUNK] chunk_seed: 5104136
[ISO-CHUNK] checkpoint: /scratch/rsadve1/Extended_UPAIR_Narval_b32m16_portable/TWC_plots_comprehensive/runs_rx16/seed7/1dmrs/shallow_d256_b2_r2/checkpoints/best.weights.h5
[ISO-CHUNK] TF_GPU_ALLOCATOR: cuda_malloc_async
[ISO-CHUNK] output tag: shallow_d256_b2_r2_u3_upair5g_lmmse_ebno0p0_chunk0034_m8_b20
[EVAL] receiver microbatching enabled: batch_size_eval=64 receiver_microbatch_size=8
WARNING:tensorflow:Model's `__init__()` arguments contain non-serializable objects. Please implement a `get_config()` method in the subclassed Model for proper saving and loading. Defaulting to empty config.
WARNING:tensorflow:Model's `__init__()` arguments contain non-serializable objects. Please implement a `get_config()` method in the subclassed Model for proper saving and loading. Defaulting to empty config.
[EVAL] loaded UPAIR checkpoint: /scratch/rsadve1/Extended_UPAIR_Narval_b32m16_portable/TWC_plots_comprehensive/runs_rx16/seed7/1dmrs/shallow_d256_b2_r2/checkpoints/best.weights.h5
[EVAL] skipping explicit NMSE channel-estimator calls for: upair5g_lmmse
[EVAL] instrumentation log_latency=True log_gpu_memory=True memory_cleanup_every_batches=1 memory_cleanup_every_microbatch=True stream_eval_microbatches=True compiled_receiver_error_counts=False receiver_call_jit_compile=False per_receiver_stopping=False target_bler_floor=1e-05 floor_num_frames=0 gpu_mem=0.04GiB peak=0.23GiB
[EVAL] receiver_call name=upair5g_lmmse mode=positional_y_no compiled_error_counts=False
[EVAL] progress num_users=3 Eb/N0=0 dB batches=10/20 frame_err=upair5g_lmmse:0/1920 elapsed=106.4s avg_batch=10.641s gpu_mem=2.87GiB peak=3.06GiB
[EVAL] progress num_users=3 Eb/N0=0 dB batches=20/20 frame_err=upair5g_lmmse:0/3840 elapsed=211.7s avg_batch=10.585s gpu_mem=5.69GiB peak=5.88GiB
[EVAL] receiver=           upair5g_lmmse Eb/N0= 0.0 dB BER=0.00000e+00 BLER=0.00000e+00 NMSE=nan bit_err=     0/11427840 blk_err=    0/3840   batches=  20 stop=global_stop bler_ub=7.813e-04 rx_time=129.44s rx_ms_batch=6471.9 rx_ms_frame=33.708 point_time=211.70s gpu_mem=5.69GiB peak=5.88GiB
[ISO-CHUNK] wrote: /home/rsadve1/scratch/Extended_UPAIR_Narval_b32m16_portable/_isolated_eval_chunks/shallow_d256_b2_r2_u3_upair5g_lmmse_ebno0p0_chunk0034_m8_b20/chunk_result.csv
[ISO-CHUNK] DONE
[PIPELINE] status done=0 reason=continue chunks=35 batches=700 block_errors=35/100 next_chunk=35
2026-06-10 07:51:54.421958: E external/local_xla/xla/stream_executor/cuda/cuda_dnn.cc:9261] Unable to register cuDNN factory: Attempting to register factory for plugin cuDNN when one has already been registered
2026-06-10 07:51:54.422009: E external/local_xla/xla/stream_executor/cuda/cuda_fft.cc:607] Unable to register cuFFT factory: Attempting to register factory for plugin cuFFT when one has already been registered
2026-06-10 07:51:54.423230: E external/local_xla/xla/stream_executor/cuda/cuda_blas.cc:1515] Unable to register cuBLAS factory: Attempting to register factory for plugin cuBLAS when one has already been registered
[COMPREHENSIVE] loaded Optuna best JSON for shallow_d256_b2_r2 from /home/rsadve1/scratch/Extended_UPAIR_Narval_b32m16_portable/optuna/clean_b32_prb8_d256_40k_smart_trueDMRS_u34610_1dmrs_stageB_shallow_d256_b2_r2_best_params.json
[ISO-CHUNK] variant: shallow_d256_b2_r2
[ISO-CHUNK] receiver: upair5g_lmmse
[ISO-CHUNK] num_users: 3
[ISO-CHUNK] ebno_db: 0.0
[ISO-CHUNK] chunk_idx: 35
[ISO-CHUNK] chunk_batches: 20
[ISO-CHUNK] receiver_microbatch_size: 8
[ISO-CHUNK] chunk_seed: 5204139
[ISO-CHUNK] checkpoint: /scratch/rsadve1/Extended_UPAIR_Narval_b32m16_portable/TWC_plots_comprehensive/runs_rx16/seed7/1dmrs/shallow_d256_b2_r2/checkpoints/best.weights.h5
[ISO-CHUNK] TF_GPU_ALLOCATOR: cuda_malloc_async
[ISO-CHUNK] output tag: shallow_d256_b2_r2_u3_upair5g_lmmse_ebno0p0_chunk0035_m8_b20
[EVAL] receiver microbatching enabled: batch_size_eval=64 receiver_microbatch_size=8
WARNING:tensorflow:Model's `__init__()` arguments contain non-serializable objects. Please implement a `get_config()` method in the subclassed Model for proper saving and loading. Defaulting to empty config.
WARNING:tensorflow:Model's `__init__()` arguments contain non-serializable objects. Please implement a `get_config()` method in the subclassed Model for proper saving and loading. Defaulting to empty config.
[EVAL] loaded UPAIR checkpoint: /scratch/rsadve1/Extended_UPAIR_Narval_b32m16_portable/TWC_plots_comprehensive/runs_rx16/seed7/1dmrs/shallow_d256_b2_r2/checkpoints/best.weights.h5
[EVAL] skipping explicit NMSE channel-estimator calls for: upair5g_lmmse
[EVAL] instrumentation log_latency=True log_gpu_memory=True memory_cleanup_every_batches=1 memory_cleanup_every_microbatch=True stream_eval_microbatches=True compiled_receiver_error_counts=False receiver_call_jit_compile=False per_receiver_stopping=False target_bler_floor=1e-05 floor_num_frames=0 gpu_mem=0.04GiB peak=0.23GiB
[EVAL] receiver_call name=upair5g_lmmse mode=positional_y_no compiled_error_counts=False
[EVAL] progress num_users=3 Eb/N0=0 dB batches=10/20 frame_err=upair5g_lmmse:0/1920 elapsed=105.9s avg_batch=10.588s gpu_mem=2.87GiB peak=3.06GiB
[EVAL] progress num_users=3 Eb/N0=0 dB batches=20/20 frame_err=upair5g_lmmse:0/3840 elapsed=211.7s avg_batch=10.586s gpu_mem=5.69GiB peak=5.88GiB
[EVAL] receiver=           upair5g_lmmse Eb/N0= 0.0 dB BER=0.00000e+00 BLER=0.00000e+00 NMSE=nan bit_err=     0/11427840 blk_err=    0/3840   batches=  20 stop=global_stop bler_ub=7.813e-04 rx_time=129.52s rx_ms_batch=6475.8 rx_ms_frame=33.728 point_time=211.73s gpu_mem=5.69GiB peak=5.88GiB
[ISO-CHUNK] wrote: /home/rsadve1/scratch/Extended_UPAIR_Narval_b32m16_portable/_isolated_eval_chunks/shallow_d256_b2_r2_u3_upair5g_lmmse_ebno0p0_chunk0035_m8_b20/chunk_result.csv
[ISO-CHUNK] DONE
[PIPELINE] status done=0 reason=continue chunks=36 batches=720 block_errors=35/100 next_chunk=36
2026-06-10 07:55:55.167817: E external/local_xla/xla/stream_executor/cuda/cuda_dnn.cc:9261] Unable to register cuDNN factory: Attempting to register factory for plugin cuDNN when one has already been registered
2026-06-10 07:55:55.167882: E external/local_xla/xla/stream_executor/cuda/cuda_fft.cc:607] Unable to register cuFFT factory: Attempting to register factory for plugin cuFFT when one has already been registered
2026-06-10 07:55:55.169198: E external/local_xla/xla/stream_executor/cuda/cuda_blas.cc:1515] Unable to register cuBLAS factory: Attempting to register factory for plugin cuBLAS when one has already been registered
[COMPREHENSIVE] loaded Optuna best JSON for shallow_d256_b2_r2 from /home/rsadve1/scratch/Extended_UPAIR_Narval_b32m16_portable/optuna/clean_b32_prb8_d256_40k_smart_trueDMRS_u34610_1dmrs_stageB_shallow_d256_b2_r2_best_params.json
[ISO-CHUNK] variant: shallow_d256_b2_r2
[ISO-CHUNK] receiver: upair5g_lmmse
[ISO-CHUNK] num_users: 3
[ISO-CHUNK] ebno_db: 0.0
[ISO-CHUNK] chunk_idx: 36
[ISO-CHUNK] chunk_batches: 20
[ISO-CHUNK] receiver_microbatch_size: 8
[ISO-CHUNK] chunk_seed: 5304142
[ISO-CHUNK] checkpoint: /scratch/rsadve1/Extended_UPAIR_Narval_b32m16_portable/TWC_plots_comprehensive/runs_rx16/seed7/1dmrs/shallow_d256_b2_r2/checkpoints/best.weights.h5
[ISO-CHUNK] TF_GPU_ALLOCATOR: cuda_malloc_async
[ISO-CHUNK] output tag: shallow_d256_b2_r2_u3_upair5g_lmmse_ebno0p0_chunk0036_m8_b20
[EVAL] receiver microbatching enabled: batch_size_eval=64 receiver_microbatch_size=8
WARNING:tensorflow:Model's `__init__()` arguments contain non-serializable objects. Please implement a `get_config()` method in the subclassed Model for proper saving and loading. Defaulting to empty config.
WARNING:tensorflow:Model's `__init__()` arguments contain non-serializable objects. Please implement a `get_config()` method in the subclassed Model for proper saving and loading. Defaulting to empty config.
[EVAL] loaded UPAIR checkpoint: /scratch/rsadve1/Extended_UPAIR_Narval_b32m16_portable/TWC_plots_comprehensive/runs_rx16/seed7/1dmrs/shallow_d256_b2_r2/checkpoints/best.weights.h5
[EVAL] skipping explicit NMSE channel-estimator calls for: upair5g_lmmse
[EVAL] instrumentation log_latency=True log_gpu_memory=True memory_cleanup_every_batches=1 memory_cleanup_every_microbatch=True stream_eval_microbatches=True compiled_receiver_error_counts=False receiver_call_jit_compile=False per_receiver_stopping=False target_bler_floor=1e-05 floor_num_frames=0 gpu_mem=0.04GiB peak=0.23GiB
[EVAL] receiver_call name=upair5g_lmmse mode=positional_y_no compiled_error_counts=False
[EVAL] progress num_users=3 Eb/N0=0 dB batches=10/20 frame_err=upair5g_lmmse:2/1920 elapsed=105.4s avg_batch=10.536s gpu_mem=2.87GiB peak=3.06GiB
[EVAL] progress num_users=3 Eb/N0=0 dB batches=20/20 frame_err=upair5g_lmmse:2/3840 elapsed=210.9s avg_batch=10.545s gpu_mem=5.69GiB peak=5.88GiB
[EVAL] receiver=           upair5g_lmmse Eb/N0= 0.0 dB BER=2.94894e-05 BLER=5.20833e-04 NMSE=nan bit_err=   337/11427840 blk_err=    2/3840   batches=  20 stop=global_stop rx_time=129.16s rx_ms_batch=6457.8 rx_ms_frame=33.634 point_time=210.90s gpu_mem=5.69GiB peak=5.88GiB
[ISO-CHUNK] wrote: /home/rsadve1/scratch/Extended_UPAIR_Narval_b32m16_portable/_isolated_eval_chunks/shallow_d256_b2_r2_u3_upair5g_lmmse_ebno0p0_chunk0036_m8_b20/chunk_result.csv
[ISO-CHUNK] DONE
[PIPELINE] status done=0 reason=continue chunks=37 batches=740 block_errors=37/100 next_chunk=37
2026-06-10 07:59:52.601673: E external/local_xla/xla/stream_executor/cuda/cuda_dnn.cc:9261] Unable to register cuDNN factory: Attempting to register factory for plugin cuDNN when one has already been registered
2026-06-10 07:59:52.601719: E external/local_xla/xla/stream_executor/cuda/cuda_fft.cc:607] Unable to register cuFFT factory: Attempting to register factory for plugin cuFFT when one has already been registered
2026-06-10 07:59:52.603029: E external/local_xla/xla/stream_executor/cuda/cuda_blas.cc:1515] Unable to register cuBLAS factory: Attempting to register factory for plugin cuBLAS when one has already been registered
[COMPREHENSIVE] loaded Optuna best JSON for shallow_d256_b2_r2 from /home/rsadve1/scratch/Extended_UPAIR_Narval_b32m16_portable/optuna/clean_b32_prb8_d256_40k_smart_trueDMRS_u34610_1dmrs_stageB_shallow_d256_b2_r2_best_params.json
[ISO-CHUNK] variant: shallow_d256_b2_r2
[ISO-CHUNK] receiver: upair5g_lmmse
[ISO-CHUNK] num_users: 3
[ISO-CHUNK] ebno_db: 0.0
[ISO-CHUNK] chunk_idx: 37
[ISO-CHUNK] chunk_batches: 20
[ISO-CHUNK] receiver_microbatch_size: 8
[ISO-CHUNK] chunk_seed: 5404145
[ISO-CHUNK] checkpoint: /scratch/rsadve1/Extended_UPAIR_Narval_b32m16_portable/TWC_plots_comprehensive/runs_rx16/seed7/1dmrs/shallow_d256_b2_r2/checkpoints/best.weights.h5
[ISO-CHUNK] TF_GPU_ALLOCATOR: cuda_malloc_async
[ISO-CHUNK] output tag: shallow_d256_b2_r2_u3_upair5g_lmmse_ebno0p0_chunk0037_m8_b20
[EVAL] receiver microbatching enabled: batch_size_eval=64 receiver_microbatch_size=8
WARNING:tensorflow:Model's `__init__()` arguments contain non-serializable objects. Please implement a `get_config()` method in the subclassed Model for proper saving and loading. Defaulting to empty config.
WARNING:tensorflow:Model's `__init__()` arguments contain non-serializable objects. Please implement a `get_config()` method in the subclassed Model for proper saving and loading. Defaulting to empty config.
[EVAL] loaded UPAIR checkpoint: /scratch/rsadve1/Extended_UPAIR_Narval_b32m16_portable/TWC_plots_comprehensive/runs_rx16/seed7/1dmrs/shallow_d256_b2_r2/checkpoints/best.weights.h5
[EVAL] skipping explicit NMSE channel-estimator calls for: upair5g_lmmse
[EVAL] instrumentation log_latency=True log_gpu_memory=True memory_cleanup_every_batches=1 memory_cleanup_every_microbatch=True stream_eval_microbatches=True compiled_receiver_error_counts=False receiver_call_jit_compile=False per_receiver_stopping=False target_bler_floor=1e-05 floor_num_frames=0 gpu_mem=0.04GiB peak=0.23GiB
[EVAL] receiver_call name=upair5g_lmmse mode=positional_y_no compiled_error_counts=False
[EVAL] progress num_users=3 Eb/N0=0 dB batches=10/20 frame_err=upair5g_lmmse:0/1920 elapsed=105.0s avg_batch=10.504s gpu_mem=2.87GiB peak=3.06GiB
[EVAL] progress num_users=3 Eb/N0=0 dB batches=20/20 frame_err=upair5g_lmmse:1/3840 elapsed=209.0s avg_batch=10.448s gpu_mem=5.69GiB peak=5.88GiB
[EVAL] receiver=           upair5g_lmmse Eb/N0= 0.0 dB BER=1.56635e-05 BLER=2.60417e-04 NMSE=nan bit_err=   179/11427840 blk_err=    1/3840   batches=  20 stop=global_stop rx_time=128.79s rx_ms_batch=6439.3 rx_ms_frame=33.538 point_time=208.96s gpu_mem=5.69GiB peak=5.88GiB
[ISO-CHUNK] wrote: /home/rsadve1/scratch/Extended_UPAIR_Narval_b32m16_portable/_isolated_eval_chunks/shallow_d256_b2_r2_u3_upair5g_lmmse_ebno0p0_chunk0037_m8_b20/chunk_result.csv
[ISO-CHUNK] DONE
[PIPELINE] status done=0 reason=continue chunks=38 batches=760 block_errors=38/100 next_chunk=38
2026-06-10 08:03:49.125139: E external/local_xla/xla/stream_executor/cuda/cuda_dnn.cc:9261] Unable to register cuDNN factory: Attempting to register factory for plugin cuDNN when one has already been registered
2026-06-10 08:03:49.125184: E external/local_xla/xla/stream_executor/cuda/cuda_fft.cc:607] Unable to register cuFFT factory: Attempting to register factory for plugin cuFFT when one has already been registered
2026-06-10 08:03:49.126262: E external/local_xla/xla/stream_executor/cuda/cuda_blas.cc:1515] Unable to register cuBLAS factory: Attempting to register factory for plugin cuBLAS when one has already been registered
[COMPREHENSIVE] loaded Optuna best JSON for shallow_d256_b2_r2 from /home/rsadve1/scratch/Extended_UPAIR_Narval_b32m16_portable/optuna/clean_b32_prb8_d256_40k_smart_trueDMRS_u34610_1dmrs_stageB_shallow_d256_b2_r2_best_params.json
[ISO-CHUNK] variant: shallow_d256_b2_r2
[ISO-CHUNK] receiver: upair5g_lmmse
[ISO-CHUNK] num_users: 3
[ISO-CHUNK] ebno_db: 0.0
[ISO-CHUNK] chunk_idx: 38
[ISO-CHUNK] chunk_batches: 20
[ISO-CHUNK] receiver_microbatch_size: 8
[ISO-CHUNK] chunk_seed: 5504148
[ISO-CHUNK] checkpoint: /scratch/rsadve1/Extended_UPAIR_Narval_b32m16_portable/TWC_plots_comprehensive/runs_rx16/seed7/1dmrs/shallow_d256_b2_r2/checkpoints/best.weights.h5
[ISO-CHUNK] TF_GPU_ALLOCATOR: cuda_malloc_async
[ISO-CHUNK] output tag: shallow_d256_b2_r2_u3_upair5g_lmmse_ebno0p0_chunk0038_m8_b20
[EVAL] receiver microbatching enabled: batch_size_eval=64 receiver_microbatch_size=8
WARNING:tensorflow:Model's `__init__()` arguments contain non-serializable objects. Please implement a `get_config()` method in the subclassed Model for proper saving and loading. Defaulting to empty config.
WARNING:tensorflow:Model's `__init__()` arguments contain non-serializable objects. Please implement a `get_config()` method in the subclassed Model for proper saving and loading. Defaulting to empty config.
[EVAL] loaded UPAIR checkpoint: /scratch/rsadve1/Extended_UPAIR_Narval_b32m16_portable/TWC_plots_comprehensive/runs_rx16/seed7/1dmrs/shallow_d256_b2_r2/checkpoints/best.weights.h5
[EVAL] skipping explicit NMSE channel-estimator calls for: upair5g_lmmse
[EVAL] instrumentation log_latency=True log_gpu_memory=True memory_cleanup_every_batches=1 memory_cleanup_every_microbatch=True stream_eval_microbatches=True compiled_receiver_error_counts=False receiver_call_jit_compile=False per_receiver_stopping=False target_bler_floor=1e-05 floor_num_frames=0 gpu_mem=0.04GiB peak=0.23GiB
[EVAL] receiver_call name=upair5g_lmmse mode=positional_y_no compiled_error_counts=False
[EVAL] progress num_users=3 Eb/N0=0 dB batches=10/20 frame_err=upair5g_lmmse:1/1920 elapsed=104.0s avg_batch=10.398s gpu_mem=2.87GiB peak=3.06GiB
[EVAL] progress num_users=3 Eb/N0=0 dB batches=20/20 frame_err=upair5g_lmmse:2/3840 elapsed=206.0s avg_batch=10.299s gpu_mem=5.69GiB peak=5.88GiB
[EVAL] receiver=           upair5g_lmmse Eb/N0= 0.0 dB BER=2.62517e-06 BLER=5.20833e-04 NMSE=nan bit_err=    30/11427840 blk_err=    2/3840   batches=  20 stop=global_stop rx_time=127.32s rx_ms_batch=6366.0 rx_ms_frame=33.156 point_time=205.99s gpu_mem=5.69GiB peak=5.88GiB
[ISO-CHUNK] wrote: /home/rsadve1/scratch/Extended_UPAIR_Narval_b32m16_portable/_isolated_eval_chunks/shallow_d256_b2_r2_u3_upair5g_lmmse_ebno0p0_chunk0038_m8_b20/chunk_result.csv
[ISO-CHUNK] DONE
[PIPELINE] status done=0 reason=continue chunks=39 batches=780 block_errors=40/100 next_chunk=39
2026-06-10 08:07:43.124455: E external/local_xla/xla/stream_executor/cuda/cuda_dnn.cc:9261] Unable to register cuDNN factory: Attempting to register factory for plugin cuDNN when one has already been registered
2026-06-10 08:07:43.124498: E external/local_xla/xla/stream_executor/cuda/cuda_fft.cc:607] Unable to register cuFFT factory: Attempting to register factory for plugin cuFFT when one has already been registered
2026-06-10 08:07:43.125570: E external/local_xla/xla/stream_executor/cuda/cuda_blas.cc:1515] Unable to register cuBLAS factory: Attempting to register factory for plugin cuBLAS when one has already been registered
[COMPREHENSIVE] loaded Optuna best JSON for shallow_d256_b2_r2 from /home/rsadve1/scratch/Extended_UPAIR_Narval_b32m16_portable/optuna/clean_b32_prb8_d256_40k_smart_trueDMRS_u34610_1dmrs_stageB_shallow_d256_b2_r2_best_params.json
[ISO-CHUNK] variant: shallow_d256_b2_r2
[ISO-CHUNK] receiver: upair5g_lmmse
[ISO-CHUNK] num_users: 3
[ISO-CHUNK] ebno_db: 0.0
[ISO-CHUNK] chunk_idx: 39
[ISO-CHUNK] chunk_batches: 20
[ISO-CHUNK] receiver_microbatch_size: 8
[ISO-CHUNK] chunk_seed: 5604151
[ISO-CHUNK] checkpoint: /scratch/rsadve1/Extended_UPAIR_Narval_b32m16_portable/TWC_plots_comprehensive/runs_rx16/seed7/1dmrs/shallow_d256_b2_r2/checkpoints/best.weights.h5
[ISO-CHUNK] TF_GPU_ALLOCATOR: cuda_malloc_async
[ISO-CHUNK] output tag: shallow_d256_b2_r2_u3_upair5g_lmmse_ebno0p0_chunk0039_m8_b20
[EVAL] receiver microbatching enabled: batch_size_eval=64 receiver_microbatch_size=8
WARNING:tensorflow:Model's `__init__()` arguments contain non-serializable objects. Please implement a `get_config()` method in the subclassed Model for proper saving and loading. Defaulting to empty config.
WARNING:tensorflow:Model's `__init__()` arguments contain non-serializable objects. Please implement a `get_config()` method in the subclassed Model for proper saving and loading. Defaulting to empty config.
[EVAL] loaded UPAIR checkpoint: /scratch/rsadve1/Extended_UPAIR_Narval_b32m16_portable/TWC_plots_comprehensive/runs_rx16/seed7/1dmrs/shallow_d256_b2_r2/checkpoints/best.weights.h5
[EVAL] skipping explicit NMSE channel-estimator calls for: upair5g_lmmse
[EVAL] instrumentation log_latency=True log_gpu_memory=True memory_cleanup_every_batches=1 memory_cleanup_every_microbatch=True stream_eval_microbatches=True compiled_receiver_error_counts=False receiver_call_jit_compile=False per_receiver_stopping=False target_bler_floor=1e-05 floor_num_frames=0 gpu_mem=0.04GiB peak=0.23GiB
[EVAL] receiver_call name=upair5g_lmmse mode=positional_y_no compiled_error_counts=False
[EVAL] progress num_users=3 Eb/N0=0 dB batches=10/20 frame_err=upair5g_lmmse:1/1920 elapsed=104.1s avg_batch=10.413s gpu_mem=2.87GiB peak=3.06GiB
[EVAL] progress num_users=3 Eb/N0=0 dB batches=20/20 frame_err=upair5g_lmmse:2/3840 elapsed=208.2s avg_batch=10.408s gpu_mem=5.69GiB peak=5.88GiB
[EVAL] receiver=           upair5g_lmmse Eb/N0= 0.0 dB BER=5.07532e-06 BLER=5.20833e-04 NMSE=nan bit_err=    58/11427840 blk_err=    2/3840   batches=  20 stop=global_stop rx_time=128.74s rx_ms_batch=6437.0 rx_ms_frame=33.526 point_time=208.16s gpu_mem=5.69GiB peak=5.88GiB
[ISO-CHUNK] wrote: /home/rsadve1/scratch/Extended_UPAIR_Narval_b32m16_portable/_isolated_eval_chunks/shallow_d256_b2_r2_u3_upair5g_lmmse_ebno0p0_chunk0039_m8_b20/chunk_result.csv
[ISO-CHUNK] DONE
[PIPELINE] status done=0 reason=continue chunks=40 batches=800 block_errors=42/100 next_chunk=40
2026-06-10 08:11:36.972278: E external/local_xla/xla/stream_executor/cuda/cuda_dnn.cc:9261] Unable to register cuDNN factory: Attempting to register factory for plugin cuDNN when one has already been registered
2026-06-10 08:11:36.972319: E external/local_xla/xla/stream_executor/cuda/cuda_fft.cc:607] Unable to register cuFFT factory: Attempting to register factory for plugin cuFFT when one has already been registered
2026-06-10 08:11:36.973378: E external/local_xla/xla/stream_executor/cuda/cuda_blas.cc:1515] Unable to register cuBLAS factory: Attempting to register factory for plugin cuBLAS when one has already been registered
[COMPREHENSIVE] loaded Optuna best JSON for shallow_d256_b2_r2 from /home/rsadve1/scratch/Extended_UPAIR_Narval_b32m16_portable/optuna/clean_b32_prb8_d256_40k_smart_trueDMRS_u34610_1dmrs_stageB_shallow_d256_b2_r2_best_params.json
[ISO-CHUNK] variant: shallow_d256_b2_r2
[ISO-CHUNK] receiver: upair5g_lmmse
[ISO-CHUNK] num_users: 3
[ISO-CHUNK] ebno_db: 0.0
[ISO-CHUNK] chunk_idx: 40
[ISO-CHUNK] chunk_batches: 20
[ISO-CHUNK] receiver_microbatch_size: 8
[ISO-CHUNK] chunk_seed: 5704154
[ISO-CHUNK] checkpoint: /scratch/rsadve1/Extended_UPAIR_Narval_b32m16_portable/TWC_plots_comprehensive/runs_rx16/seed7/1dmrs/shallow_d256_b2_r2/checkpoints/best.weights.h5
[ISO-CHUNK] TF_GPU_ALLOCATOR: cuda_malloc_async
[ISO-CHUNK] output tag: shallow_d256_b2_r2_u3_upair5g_lmmse_ebno0p0_chunk0040_m8_b20
[EVAL] receiver microbatching enabled: batch_size_eval=64 receiver_microbatch_size=8
WARNING:tensorflow:Model's `__init__()` arguments contain non-serializable objects. Please implement a `get_config()` method in the subclassed Model for proper saving and loading. Defaulting to empty config.
WARNING:tensorflow:Model's `__init__()` arguments contain non-serializable objects. Please implement a `get_config()` method in the subclassed Model for proper saving and loading. Defaulting to empty config.
[EVAL] loaded UPAIR checkpoint: /scratch/rsadve1/Extended_UPAIR_Narval_b32m16_portable/TWC_plots_comprehensive/runs_rx16/seed7/1dmrs/shallow_d256_b2_r2/checkpoints/best.weights.h5
[EVAL] skipping explicit NMSE channel-estimator calls for: upair5g_lmmse
[EVAL] instrumentation log_latency=True log_gpu_memory=True memory_cleanup_every_batches=1 memory_cleanup_every_microbatch=True stream_eval_microbatches=True compiled_receiver_error_counts=False receiver_call_jit_compile=False per_receiver_stopping=False target_bler_floor=1e-05 floor_num_frames=0 gpu_mem=0.04GiB peak=0.23GiB
[EVAL] receiver_call name=upair5g_lmmse mode=positional_y_no compiled_error_counts=False
[EVAL] progress num_users=3 Eb/N0=0 dB batches=10/20 frame_err=upair5g_lmmse:1/1920 elapsed=102.8s avg_batch=10.280s gpu_mem=2.87GiB peak=3.06GiB
[EVAL] progress num_users=3 Eb/N0=0 dB batches=20/20 frame_err=upair5g_lmmse:2/3840 elapsed=203.9s avg_batch=10.193s gpu_mem=5.69GiB peak=5.88GiB
[EVAL] receiver=           upair5g_lmmse Eb/N0= 0.0 dB BER=1.39134e-05 BLER=5.20833e-04 NMSE=nan bit_err=   159/11427840 blk_err=    2/3840   batches=  20 stop=global_stop rx_time=128.11s rx_ms_batch=6405.7 rx_ms_frame=33.363 point_time=203.86s gpu_mem=5.69GiB peak=5.88GiB
[ISO-CHUNK] wrote: /home/rsadve1/scratch/Extended_UPAIR_Narval_b32m16_portable/_isolated_eval_chunks/shallow_d256_b2_r2_u3_upair5g_lmmse_ebno0p0_chunk0040_m8_b20/chunk_result.csv
[ISO-CHUNK] DONE
[PIPELINE] status done=0 reason=continue chunks=41 batches=820 block_errors=44/100 next_chunk=41
2026-06-10 08:15:26.222247: E external/local_xla/xla/stream_executor/cuda/cuda_dnn.cc:9261] Unable to register cuDNN factory: Attempting to register factory for plugin cuDNN when one has already been registered
2026-06-10 08:15:26.222288: E external/local_xla/xla/stream_executor/cuda/cuda_fft.cc:607] Unable to register cuFFT factory: Attempting to register factory for plugin cuFFT when one has already been registered
2026-06-10 08:15:26.223407: E external/local_xla/xla/stream_executor/cuda/cuda_blas.cc:1515] Unable to register cuBLAS factory: Attempting to register factory for plugin cuBLAS when one has already been registered
[COMPREHENSIVE] loaded Optuna best JSON for shallow_d256_b2_r2 from /home/rsadve1/scratch/Extended_UPAIR_Narval_b32m16_portable/optuna/clean_b32_prb8_d256_40k_smart_trueDMRS_u34610_1dmrs_stageB_shallow_d256_b2_r2_best_params.json
[ISO-CHUNK] variant: shallow_d256_b2_r2
[ISO-CHUNK] receiver: upair5g_lmmse
[ISO-CHUNK] num_users: 3
[ISO-CHUNK] ebno_db: 0.0
[ISO-CHUNK] chunk_idx: 41
[ISO-CHUNK] chunk_batches: 20
[ISO-CHUNK] receiver_microbatch_size: 8
[ISO-CHUNK] chunk_seed: 5804157
[ISO-CHUNK] checkpoint: /scratch/rsadve1/Extended_UPAIR_Narval_b32m16_portable/TWC_plots_comprehensive/runs_rx16/seed7/1dmrs/shallow_d256_b2_r2/checkpoints/best.weights.h5
[ISO-CHUNK] TF_GPU_ALLOCATOR: cuda_malloc_async
[ISO-CHUNK] output tag: shallow_d256_b2_r2_u3_upair5g_lmmse_ebno0p0_chunk0041_m8_b20
[EVAL] receiver microbatching enabled: batch_size_eval=64 receiver_microbatch_size=8
WARNING:tensorflow:Model's `__init__()` arguments contain non-serializable objects. Please implement a `get_config()` method in the subclassed Model for proper saving and loading. Defaulting to empty config.
WARNING:tensorflow:Model's `__init__()` arguments contain non-serializable objects. Please implement a `get_config()` method in the subclassed Model for proper saving and loading. Defaulting to empty config.
[EVAL] loaded UPAIR checkpoint: /scratch/rsadve1/Extended_UPAIR_Narval_b32m16_portable/TWC_plots_comprehensive/runs_rx16/seed7/1dmrs/shallow_d256_b2_r2/checkpoints/best.weights.h5
[EVAL] skipping explicit NMSE channel-estimator calls for: upair5g_lmmse
[EVAL] instrumentation log_latency=True log_gpu_memory=True memory_cleanup_every_batches=1 memory_cleanup_every_microbatch=True stream_eval_microbatches=True compiled_receiver_error_counts=False receiver_call_jit_compile=False per_receiver_stopping=False target_bler_floor=1e-05 floor_num_frames=0 gpu_mem=0.04GiB peak=0.23GiB
[EVAL] receiver_call name=upair5g_lmmse mode=positional_y_no compiled_error_counts=False
[EVAL] progress num_users=3 Eb/N0=0 dB batches=10/20 frame_err=upair5g_lmmse:0/1920 elapsed=102.3s avg_batch=10.231s gpu_mem=2.87GiB peak=3.06GiB
[EVAL] progress num_users=3 Eb/N0=0 dB batches=20/20 frame_err=upair5g_lmmse:0/3840 elapsed=204.2s avg_batch=10.208s gpu_mem=5.69GiB peak=5.88GiB
[EVAL] receiver=           upair5g_lmmse Eb/N0= 0.0 dB BER=0.00000e+00 BLER=0.00000e+00 NMSE=nan bit_err=     0/11427840 blk_err=    0/3840   batches=  20 stop=global_stop bler_ub=7.813e-04 rx_time=128.24s rx_ms_batch=6412.2 rx_ms_frame=33.397 point_time=204.16s gpu_mem=5.69GiB peak=5.88GiB
[ISO-CHUNK] wrote: /home/rsadve1/scratch/Extended_UPAIR_Narval_b32m16_portable/_isolated_eval_chunks/shallow_d256_b2_r2_u3_upair5g_lmmse_ebno0p0_chunk0041_m8_b20/chunk_result.csv
[ISO-CHUNK] DONE
[PIPELINE] status done=0 reason=continue chunks=42 batches=840 block_errors=44/100 next_chunk=42
2026-06-10 08:19:13.664290: E external/local_xla/xla/stream_executor/cuda/cuda_dnn.cc:9261] Unable to register cuDNN factory: Attempting to register factory for plugin cuDNN when one has already been registered
2026-06-10 08:19:13.664340: E external/local_xla/xla/stream_executor/cuda/cuda_fft.cc:607] Unable to register cuFFT factory: Attempting to register factory for plugin cuFFT when one has already been registered
2026-06-10 08:19:13.665432: E external/local_xla/xla/stream_executor/cuda/cuda_blas.cc:1515] Unable to register cuBLAS factory: Attempting to register factory for plugin cuBLAS when one has already been registered
[COMPREHENSIVE] loaded Optuna best JSON for shallow_d256_b2_r2 from /home/rsadve1/scratch/Extended_UPAIR_Narval_b32m16_portable/optuna/clean_b32_prb8_d256_40k_smart_trueDMRS_u34610_1dmrs_stageB_shallow_d256_b2_r2_best_params.json
[ISO-CHUNK] variant: shallow_d256_b2_r2
[ISO-CHUNK] receiver: upair5g_lmmse
[ISO-CHUNK] num_users: 3
[ISO-CHUNK] ebno_db: 0.0
[ISO-CHUNK] chunk_idx: 42
[ISO-CHUNK] chunk_batches: 20
[ISO-CHUNK] receiver_microbatch_size: 8
[ISO-CHUNK] chunk_seed: 5904160
[ISO-CHUNK] checkpoint: /scratch/rsadve1/Extended_UPAIR_Narval_b32m16_portable/TWC_plots_comprehensive/runs_rx16/seed7/1dmrs/shallow_d256_b2_r2/checkpoints/best.weights.h5
[ISO-CHUNK] TF_GPU_ALLOCATOR: cuda_malloc_async
[ISO-CHUNK] output tag: shallow_d256_b2_r2_u3_upair5g_lmmse_ebno0p0_chunk0042_m8_b20
[EVAL] receiver microbatching enabled: batch_size_eval=64 receiver_microbatch_size=8
WARNING:tensorflow:Model's `__init__()` arguments contain non-serializable objects. Please implement a `get_config()` method in the subclassed Model for proper saving and loading. Defaulting to empty config.
WARNING:tensorflow:Model's `__init__()` arguments contain non-serializable objects. Please implement a `get_config()` method in the subclassed Model for proper saving and loading. Defaulting to empty config.
[EVAL] loaded UPAIR checkpoint: /scratch/rsadve1/Extended_UPAIR_Narval_b32m16_portable/TWC_plots_comprehensive/runs_rx16/seed7/1dmrs/shallow_d256_b2_r2/checkpoints/best.weights.h5
[EVAL] skipping explicit NMSE channel-estimator calls for: upair5g_lmmse
[EVAL] instrumentation log_latency=True log_gpu_memory=True memory_cleanup_every_batches=1 memory_cleanup_every_microbatch=True stream_eval_microbatches=True compiled_receiver_error_counts=False receiver_call_jit_compile=False per_receiver_stopping=False target_bler_floor=1e-05 floor_num_frames=0 gpu_mem=0.04GiB peak=0.23GiB
[EVAL] receiver_call name=upair5g_lmmse mode=positional_y_no compiled_error_counts=False
[EVAL] progress num_users=3 Eb/N0=0 dB batches=10/20 frame_err=upair5g_lmmse:0/1920 elapsed=102.7s avg_batch=10.274s gpu_mem=2.87GiB peak=3.06GiB
[EVAL] progress num_users=3 Eb/N0=0 dB batches=20/20 frame_err=upair5g_lmmse:0/3840 elapsed=203.2s avg_batch=10.158s gpu_mem=5.69GiB peak=5.88GiB
[EVAL] receiver=           upair5g_lmmse Eb/N0= 0.0 dB BER=0.00000e+00 BLER=0.00000e+00 NMSE=nan bit_err=     0/11427840 blk_err=    0/3840   batches=  20 stop=global_stop bler_ub=7.813e-04 rx_time=127.72s rx_ms_batch=6385.8 rx_ms_frame=33.260 point_time=203.16s gpu_mem=5.69GiB peak=5.88GiB
[ISO-CHUNK] wrote: /home/rsadve1/scratch/Extended_UPAIR_Narval_b32m16_portable/_isolated_eval_chunks/shallow_d256_b2_r2_u3_upair5g_lmmse_ebno0p0_chunk0042_m8_b20/chunk_result.csv
[ISO-CHUNK] DONE
[PIPELINE] status done=0 reason=continue chunks=43 batches=860 block_errors=44/100 next_chunk=43
2026-06-10 08:23:08.055410: E external/local_xla/xla/stream_executor/cuda/cuda_dnn.cc:9261] Unable to register cuDNN factory: Attempting to register factory for plugin cuDNN when one has already been registered
2026-06-10 08:23:08.055448: E external/local_xla/xla/stream_executor/cuda/cuda_fft.cc:607] Unable to register cuFFT factory: Attempting to register factory for plugin cuFFT when one has already been registered
2026-06-10 08:23:08.056547: E external/local_xla/xla/stream_executor/cuda/cuda_blas.cc:1515] Unable to register cuBLAS factory: Attempting to register factory for plugin cuBLAS when one has already been registered
[COMPREHENSIVE] loaded Optuna best JSON for shallow_d256_b2_r2 from /home/rsadve1/scratch/Extended_UPAIR_Narval_b32m16_portable/optuna/clean_b32_prb8_d256_40k_smart_trueDMRS_u34610_1dmrs_stageB_shallow_d256_b2_r2_best_params.json
[ISO-CHUNK] variant: shallow_d256_b2_r2
[ISO-CHUNK] receiver: upair5g_lmmse
[ISO-CHUNK] num_users: 3
[ISO-CHUNK] ebno_db: 0.0
[ISO-CHUNK] chunk_idx: 43
[ISO-CHUNK] chunk_batches: 20
[ISO-CHUNK] receiver_microbatch_size: 8
[ISO-CHUNK] chunk_seed: 6004163
[ISO-CHUNK] checkpoint: /scratch/rsadve1/Extended_UPAIR_Narval_b32m16_portable/TWC_plots_comprehensive/runs_rx16/seed7/1dmrs/shallow_d256_b2_r2/checkpoints/best.weights.h5
[ISO-CHUNK] TF_GPU_ALLOCATOR: cuda_malloc_async
[ISO-CHUNK] output tag: shallow_d256_b2_r2_u3_upair5g_lmmse_ebno0p0_chunk0043_m8_b20
[EVAL] receiver microbatching enabled: batch_size_eval=64 receiver_microbatch_size=8
WARNING:tensorflow:Model's `__init__()` arguments contain non-serializable objects. Please implement a `get_config()` method in the subclassed Model for proper saving and loading. Defaulting to empty config.
WARNING:tensorflow:Model's `__init__()` arguments contain non-serializable objects. Please implement a `get_config()` method in the subclassed Model for proper saving and loading. Defaulting to empty config.
[EVAL] loaded UPAIR checkpoint: /scratch/rsadve1/Extended_UPAIR_Narval_b32m16_portable/TWC_plots_comprehensive/runs_rx16/seed7/1dmrs/shallow_d256_b2_r2/checkpoints/best.weights.h5
[EVAL] skipping explicit NMSE channel-estimator calls for: upair5g_lmmse
[EVAL] instrumentation log_latency=True log_gpu_memory=True memory_cleanup_every_batches=1 memory_cleanup_every_microbatch=True stream_eval_microbatches=True compiled_receiver_error_counts=False receiver_call_jit_compile=False per_receiver_stopping=False target_bler_floor=1e-05 floor_num_frames=0 gpu_mem=0.04GiB peak=0.23GiB
[EVAL] receiver_call name=upair5g_lmmse mode=positional_y_no compiled_error_counts=False
[EVAL] progress num_users=3 Eb/N0=0 dB batches=10/20 frame_err=upair5g_lmmse:0/1920 elapsed=101.2s avg_batch=10.121s gpu_mem=2.87GiB peak=3.06GiB
[EVAL] progress num_users=3 Eb/N0=0 dB batches=20/20 frame_err=upair5g_lmmse:0/3840 elapsed=202.1s avg_batch=10.106s gpu_mem=5.69GiB peak=5.88GiB
[EVAL] receiver=           upair5g_lmmse Eb/N0= 0.0 dB BER=0.00000e+00 BLER=0.00000e+00 NMSE=nan bit_err=     0/11427840 blk_err=    0/3840   batches=  20 stop=global_stop bler_ub=7.813e-04 rx_time=127.00s rx_ms_batch=6350.1 rx_ms_frame=33.074 point_time=202.12s gpu_mem=5.69GiB peak=5.88GiB
[ISO-CHUNK] wrote: /home/rsadve1/scratch/Extended_UPAIR_Narval_b32m16_portable/_isolated_eval_chunks/shallow_d256_b2_r2_u3_upair5g_lmmse_ebno0p0_chunk0043_m8_b20/chunk_result.csv
[ISO-CHUNK] DONE
[PIPELINE] status done=0 reason=continue chunks=44 batches=880 block_errors=44/100 next_chunk=44
2026-06-10 08:26:53.746070: E external/local_xla/xla/stream_executor/cuda/cuda_dnn.cc:9261] Unable to register cuDNN factory: Attempting to register factory for plugin cuDNN when one has already been registered
2026-06-10 08:26:53.746112: E external/local_xla/xla/stream_executor/cuda/cuda_fft.cc:607] Unable to register cuFFT factory: Attempting to register factory for plugin cuFFT when one has already been registered
2026-06-10 08:26:53.747185: E external/local_xla/xla/stream_executor/cuda/cuda_blas.cc:1515] Unable to register cuBLAS factory: Attempting to register factory for plugin cuBLAS when one has already been registered
[COMPREHENSIVE] loaded Optuna best JSON for shallow_d256_b2_r2 from /home/rsadve1/scratch/Extended_UPAIR_Narval_b32m16_portable/optuna/clean_b32_prb8_d256_40k_smart_trueDMRS_u34610_1dmrs_stageB_shallow_d256_b2_r2_best_params.json
[ISO-CHUNK] variant: shallow_d256_b2_r2
[ISO-CHUNK] receiver: upair5g_lmmse
[ISO-CHUNK] num_users: 3
[ISO-CHUNK] ebno_db: 0.0
[ISO-CHUNK] chunk_idx: 44
[ISO-CHUNK] chunk_batches: 20
[ISO-CHUNK] receiver_microbatch_size: 8
[ISO-CHUNK] chunk_seed: 6104166
[ISO-CHUNK] checkpoint: /scratch/rsadve1/Extended_UPAIR_Narval_b32m16_portable/TWC_plots_comprehensive/runs_rx16/seed7/1dmrs/shallow_d256_b2_r2/checkpoints/best.weights.h5
[ISO-CHUNK] TF_GPU_ALLOCATOR: cuda_malloc_async
[ISO-CHUNK] output tag: shallow_d256_b2_r2_u3_upair5g_lmmse_ebno0p0_chunk0044_m8_b20
[EVAL] receiver microbatching enabled: batch_size_eval=64 receiver_microbatch_size=8
WARNING:tensorflow:Model's `__init__()` arguments contain non-serializable objects. Please implement a `get_config()` method in the subclassed Model for proper saving and loading. Defaulting to empty config.
WARNING:tensorflow:Model's `__init__()` arguments contain non-serializable objects. Please implement a `get_config()` method in the subclassed Model for proper saving and loading. Defaulting to empty config.
[EVAL] loaded UPAIR checkpoint: /scratch/rsadve1/Extended_UPAIR_Narval_b32m16_portable/TWC_plots_comprehensive/runs_rx16/seed7/1dmrs/shallow_d256_b2_r2/checkpoints/best.weights.h5
[EVAL] skipping explicit NMSE channel-estimator calls for: upair5g_lmmse
[EVAL] instrumentation log_latency=True log_gpu_memory=True memory_cleanup_every_batches=1 memory_cleanup_every_microbatch=True stream_eval_microbatches=True compiled_receiver_error_counts=False receiver_call_jit_compile=False per_receiver_stopping=False target_bler_floor=1e-05 floor_num_frames=0 gpu_mem=0.04GiB peak=0.23GiB
[EVAL] receiver_call name=upair5g_lmmse mode=positional_y_no compiled_error_counts=False
[EVAL] progress num_users=3 Eb/N0=0 dB batches=10/20 frame_err=upair5g_lmmse:1/1920 elapsed=100.7s avg_batch=10.066s gpu_mem=2.87GiB peak=3.06GiB
[EVAL] progress num_users=3 Eb/N0=0 dB batches=20/20 frame_err=upair5g_lmmse:1/3840 elapsed=202.7s avg_batch=10.135s gpu_mem=5.69GiB peak=5.88GiB
[EVAL] receiver=           upair5g_lmmse Eb/N0= 0.0 dB BER=1.75011e-07 BLER=2.60417e-04 NMSE=nan bit_err=     2/11427840 blk_err=    1/3840   batches=  20 stop=global_stop rx_time=127.17s rx_ms_batch=6358.6 rx_ms_frame=33.118 point_time=202.70s gpu_mem=5.69GiB peak=5.88GiB
[ISO-CHUNK] wrote: /home/rsadve1/scratch/Extended_UPAIR_Narval_b32m16_portable/_isolated_eval_chunks/shallow_d256_b2_r2_u3_upair5g_lmmse_ebno0p0_chunk0044_m8_b20/chunk_result.csv
[ISO-CHUNK] DONE
[PIPELINE] status done=0 reason=continue chunks=45 batches=900 block_errors=45/100 next_chunk=45
2026-06-10 08:30:41.370312: E external/local_xla/xla/stream_executor/cuda/cuda_dnn.cc:9261] Unable to register cuDNN factory: Attempting to register factory for plugin cuDNN when one has already been registered
2026-06-10 08:30:41.370350: E external/local_xla/xla/stream_executor/cuda/cuda_fft.cc:607] Unable to register cuFFT factory: Attempting to register factory for plugin cuFFT when one has already been registered
2026-06-10 08:30:41.371452: E external/local_xla/xla/stream_executor/cuda/cuda_blas.cc:1515] Unable to register cuBLAS factory: Attempting to register factory for plugin cuBLAS when one has already been registered
[COMPREHENSIVE] loaded Optuna best JSON for shallow_d256_b2_r2 from /home/rsadve1/scratch/Extended_UPAIR_Narval_b32m16_portable/optuna/clean_b32_prb8_d256_40k_smart_trueDMRS_u34610_1dmrs_stageB_shallow_d256_b2_r2_best_params.json
[ISO-CHUNK] variant: shallow_d256_b2_r2
[ISO-CHUNK] receiver: upair5g_lmmse
[ISO-CHUNK] num_users: 3
[ISO-CHUNK] ebno_db: 0.0
[ISO-CHUNK] chunk_idx: 45
[ISO-CHUNK] chunk_batches: 20
[ISO-CHUNK] receiver_microbatch_size: 8
[ISO-CHUNK] chunk_seed: 6204169
[ISO-CHUNK] checkpoint: /scratch/rsadve1/Extended_UPAIR_Narval_b32m16_portable/TWC_plots_comprehensive/runs_rx16/seed7/1dmrs/shallow_d256_b2_r2/checkpoints/best.weights.h5
[ISO-CHUNK] TF_GPU_ALLOCATOR: cuda_malloc_async
[ISO-CHUNK] output tag: shallow_d256_b2_r2_u3_upair5g_lmmse_ebno0p0_chunk0045_m8_b20
[EVAL] receiver microbatching enabled: batch_size_eval=64 receiver_microbatch_size=8
WARNING:tensorflow:Model's `__init__()` arguments contain non-serializable objects. Please implement a `get_config()` method in the subclassed Model for proper saving and loading. Defaulting to empty config.
WARNING:tensorflow:Model's `__init__()` arguments contain non-serializable objects. Please implement a `get_config()` method in the subclassed Model for proper saving and loading. Defaulting to empty config.
[EVAL] loaded UPAIR checkpoint: /scratch/rsadve1/Extended_UPAIR_Narval_b32m16_portable/TWC_plots_comprehensive/runs_rx16/seed7/1dmrs/shallow_d256_b2_r2/checkpoints/best.weights.h5
[EVAL] skipping explicit NMSE channel-estimator calls for: upair5g_lmmse
[EVAL] instrumentation log_latency=True log_gpu_memory=True memory_cleanup_every_batches=1 memory_cleanup_every_microbatch=True stream_eval_microbatches=True compiled_receiver_error_counts=False receiver_call_jit_compile=False per_receiver_stopping=False target_bler_floor=1e-05 floor_num_frames=0 gpu_mem=0.04GiB peak=0.23GiB
[EVAL] receiver_call name=upair5g_lmmse mode=positional_y_no compiled_error_counts=False
[EVAL] progress num_users=3 Eb/N0=0 dB batches=10/20 frame_err=upair5g_lmmse:1/1920 elapsed=101.3s avg_batch=10.134s gpu_mem=2.87GiB peak=3.06GiB
[EVAL] progress num_users=3 Eb/N0=0 dB batches=20/20 frame_err=upair5g_lmmse:2/3840 elapsed=202.6s avg_batch=10.128s gpu_mem=5.69GiB peak=5.88GiB
[EVAL] receiver=           upair5g_lmmse Eb/N0= 0.0 dB BER=3.01894e-05 BLER=5.20833e-04 NMSE=nan bit_err=   345/11427840 blk_err=    2/3840   batches=  20 stop=global_stop rx_time=126.94s rx_ms_batch=6346.8 rx_ms_frame=33.056 point_time=202.57s gpu_mem=5.69GiB peak=5.88GiB
[ISO-CHUNK] wrote: /home/rsadve1/scratch/Extended_UPAIR_Narval_b32m16_portable/_isolated_eval_chunks/shallow_d256_b2_r2_u3_upair5g_lmmse_ebno0p0_chunk0045_m8_b20/chunk_result.csv
[ISO-CHUNK] DONE
[PIPELINE] status done=0 reason=continue chunks=46 batches=920 block_errors=47/100 next_chunk=46
2026-06-10 08:34:36.810127: E external/local_xla/xla/stream_executor/cuda/cuda_dnn.cc:9261] Unable to register cuDNN factory: Attempting to register factory for plugin cuDNN when one has already been registered
2026-06-10 08:34:36.810168: E external/local_xla/xla/stream_executor/cuda/cuda_fft.cc:607] Unable to register cuFFT factory: Attempting to register factory for plugin cuFFT when one has already been registered
2026-06-10 08:34:36.811227: E external/local_xla/xla/stream_executor/cuda/cuda_blas.cc:1515] Unable to register cuBLAS factory: Attempting to register factory for plugin cuBLAS when one has already been registered
[COMPREHENSIVE] loaded Optuna best JSON for shallow_d256_b2_r2 from /home/rsadve1/scratch/Extended_UPAIR_Narval_b32m16_portable/optuna/clean_b32_prb8_d256_40k_smart_trueDMRS_u34610_1dmrs_stageB_shallow_d256_b2_r2_best_params.json
[ISO-CHUNK] variant: shallow_d256_b2_r2
[ISO-CHUNK] receiver: upair5g_lmmse
[ISO-CHUNK] num_users: 3
[ISO-CHUNK] ebno_db: 0.0
[ISO-CHUNK] chunk_idx: 46
[ISO-CHUNK] chunk_batches: 20
[ISO-CHUNK] receiver_microbatch_size: 8
[ISO-CHUNK] chunk_seed: 6304172
[ISO-CHUNK] checkpoint: /scratch/rsadve1/Extended_UPAIR_Narval_b32m16_portable/TWC_plots_comprehensive/runs_rx16/seed7/1dmrs/shallow_d256_b2_r2/checkpoints/best.weights.h5
[ISO-CHUNK] TF_GPU_ALLOCATOR: cuda_malloc_async
[ISO-CHUNK] output tag: shallow_d256_b2_r2_u3_upair5g_lmmse_ebno0p0_chunk0046_m8_b20
[EVAL] receiver microbatching enabled: batch_size_eval=64 receiver_microbatch_size=8
WARNING:tensorflow:Model's `__init__()` arguments contain non-serializable objects. Please implement a `get_config()` method in the subclassed Model for proper saving and loading. Defaulting to empty config.
WARNING:tensorflow:Model's `__init__()` arguments contain non-serializable objects. Please implement a `get_config()` method in the subclassed Model for proper saving and loading. Defaulting to empty config.
[EVAL] loaded UPAIR checkpoint: /scratch/rsadve1/Extended_UPAIR_Narval_b32m16_portable/TWC_plots_comprehensive/runs_rx16/seed7/1dmrs/shallow_d256_b2_r2/checkpoints/best.weights.h5
[EVAL] skipping explicit NMSE channel-estimator calls for: upair5g_lmmse
[EVAL] instrumentation log_latency=True log_gpu_memory=True memory_cleanup_every_batches=1 memory_cleanup_every_microbatch=True stream_eval_microbatches=True compiled_receiver_error_counts=False receiver_call_jit_compile=False per_receiver_stopping=False target_bler_floor=1e-05 floor_num_frames=0 gpu_mem=0.04GiB peak=0.23GiB
[EVAL] receiver_call name=upair5g_lmmse mode=positional_y_no compiled_error_counts=False
[EVAL] progress num_users=3 Eb/N0=0 dB batches=10/20 frame_err=upair5g_lmmse:0/1920 elapsed=101.3s avg_batch=10.126s gpu_mem=2.87GiB peak=3.06GiB
[EVAL] progress num_users=3 Eb/N0=0 dB batches=20/20 frame_err=upair5g_lmmse:0/3840 elapsed=202.3s avg_batch=10.114s gpu_mem=5.69GiB peak=5.88GiB
[EVAL] receiver=           upair5g_lmmse Eb/N0= 0.0 dB BER=0.00000e+00 BLER=0.00000e+00 NMSE=nan bit_err=     0/11427840 blk_err=    0/3840   batches=  20 stop=global_stop bler_ub=7.813e-04 rx_time=126.86s rx_ms_batch=6342.9 rx_ms_frame=33.036 point_time=202.28s gpu_mem=5.69GiB peak=5.88GiB
[ISO-CHUNK] wrote: /home/rsadve1/scratch/Extended_UPAIR_Narval_b32m16_portable/_isolated_eval_chunks/shallow_d256_b2_r2_u3_upair5g_lmmse_ebno0p0_chunk0046_m8_b20/chunk_result.csv
[ISO-CHUNK] DONE
[PIPELINE] status done=0 reason=continue chunks=47 batches=940 block_errors=47/100 next_chunk=47
2026-06-10 08:38:28.574715: E external/local_xla/xla/stream_executor/cuda/cuda_dnn.cc:9261] Unable to register cuDNN factory: Attempting to register factory for plugin cuDNN when one has already been registered
2026-06-10 08:38:28.574752: E external/local_xla/xla/stream_executor/cuda/cuda_fft.cc:607] Unable to register cuFFT factory: Attempting to register factory for plugin cuFFT when one has already been registered
2026-06-10 08:38:28.575844: E external/local_xla/xla/stream_executor/cuda/cuda_blas.cc:1515] Unable to register cuBLAS factory: Attempting to register factory for plugin cuBLAS when one has already been registered
[COMPREHENSIVE] loaded Optuna best JSON for shallow_d256_b2_r2 from /home/rsadve1/scratch/Extended_UPAIR_Narval_b32m16_portable/optuna/clean_b32_prb8_d256_40k_smart_trueDMRS_u34610_1dmrs_stageB_shallow_d256_b2_r2_best_params.json
[ISO-CHUNK] variant: shallow_d256_b2_r2
[ISO-CHUNK] receiver: upair5g_lmmse
[ISO-CHUNK] num_users: 3
[ISO-CHUNK] ebno_db: 0.0
[ISO-CHUNK] chunk_idx: 47
[ISO-CHUNK] chunk_batches: 20
[ISO-CHUNK] receiver_microbatch_size: 8
[ISO-CHUNK] chunk_seed: 6404175
[ISO-CHUNK] checkpoint: /scratch/rsadve1/Extended_UPAIR_Narval_b32m16_portable/TWC_plots_comprehensive/runs_rx16/seed7/1dmrs/shallow_d256_b2_r2/checkpoints/best.weights.h5
[ISO-CHUNK] TF_GPU_ALLOCATOR: cuda_malloc_async
[ISO-CHUNK] output tag: shallow_d256_b2_r2_u3_upair5g_lmmse_ebno0p0_chunk0047_m8_b20
[EVAL] receiver microbatching enabled: batch_size_eval=64 receiver_microbatch_size=8
WARNING:tensorflow:Model's `__init__()` arguments contain non-serializable objects. Please implement a `get_config()` method in the subclassed Model for proper saving and loading. Defaulting to empty config.
WARNING:tensorflow:Model's `__init__()` arguments contain non-serializable objects. Please implement a `get_config()` method in the subclassed Model for proper saving and loading. Defaulting to empty config.
[EVAL] loaded UPAIR checkpoint: /scratch/rsadve1/Extended_UPAIR_Narval_b32m16_portable/TWC_plots_comprehensive/runs_rx16/seed7/1dmrs/shallow_d256_b2_r2/checkpoints/best.weights.h5
[EVAL] skipping explicit NMSE channel-estimator calls for: upair5g_lmmse
[EVAL] instrumentation log_latency=True log_gpu_memory=True memory_cleanup_every_batches=1 memory_cleanup_every_microbatch=True stream_eval_microbatches=True compiled_receiver_error_counts=False receiver_call_jit_compile=False per_receiver_stopping=False target_bler_floor=1e-05 floor_num_frames=0 gpu_mem=0.04GiB peak=0.23GiB
[EVAL] receiver_call name=upair5g_lmmse mode=positional_y_no compiled_error_counts=False
[EVAL] progress num_users=3 Eb/N0=0 dB batches=10/20 frame_err=upair5g_lmmse:0/1920 elapsed=101.7s avg_batch=10.167s gpu_mem=2.87GiB peak=3.06GiB
[EVAL] progress num_users=3 Eb/N0=0 dB batches=20/20 frame_err=upair5g_lmmse:0/3840 elapsed=202.7s avg_batch=10.135s gpu_mem=5.69GiB peak=5.88GiB
[EVAL] receiver=           upair5g_lmmse Eb/N0= 0.0 dB BER=0.00000e+00 BLER=0.00000e+00 NMSE=nan bit_err=     0/11427840 blk_err=    0/3840   batches=  20 stop=global_stop bler_ub=7.813e-04 rx_time=127.02s rx_ms_batch=6351.2 rx_ms_frame=33.079 point_time=202.69s gpu_mem=5.69GiB peak=5.88GiB
[ISO-CHUNK] wrote: /home/rsadve1/scratch/Extended_UPAIR_Narval_b32m16_portable/_isolated_eval_chunks/shallow_d256_b2_r2_u3_upair5g_lmmse_ebno0p0_chunk0047_m8_b20/chunk_result.csv
[ISO-CHUNK] DONE
[PIPELINE] status done=0 reason=continue chunks=48 batches=960 block_errors=47/100 next_chunk=48
2026-06-10 08:42:14.352431: E external/local_xla/xla/stream_executor/cuda/cuda_dnn.cc:9261] Unable to register cuDNN factory: Attempting to register factory for plugin cuDNN when one has already been registered
2026-06-10 08:42:14.352479: E external/local_xla/xla/stream_executor/cuda/cuda_fft.cc:607] Unable to register cuFFT factory: Attempting to register factory for plugin cuFFT when one has already been registered
2026-06-10 08:42:14.353607: E external/local_xla/xla/stream_executor/cuda/cuda_blas.cc:1515] Unable to register cuBLAS factory: Attempting to register factory for plugin cuBLAS when one has already been registered
[COMPREHENSIVE] loaded Optuna best JSON for shallow_d256_b2_r2 from /home/rsadve1/scratch/Extended_UPAIR_Narval_b32m16_portable/optuna/clean_b32_prb8_d256_40k_smart_trueDMRS_u34610_1dmrs_stageB_shallow_d256_b2_r2_best_params.json
[ISO-CHUNK] variant: shallow_d256_b2_r2
[ISO-CHUNK] receiver: upair5g_lmmse
[ISO-CHUNK] num_users: 3
[ISO-CHUNK] ebno_db: 0.0
[ISO-CHUNK] chunk_idx: 48
[ISO-CHUNK] chunk_batches: 20
[ISO-CHUNK] receiver_microbatch_size: 8
[ISO-CHUNK] chunk_seed: 6504178
[ISO-CHUNK] checkpoint: /scratch/rsadve1/Extended_UPAIR_Narval_b32m16_portable/TWC_plots_comprehensive/runs_rx16/seed7/1dmrs/shallow_d256_b2_r2/checkpoints/best.weights.h5
[ISO-CHUNK] TF_GPU_ALLOCATOR: cuda_malloc_async
[ISO-CHUNK] output tag: shallow_d256_b2_r2_u3_upair5g_lmmse_ebno0p0_chunk0048_m8_b20
[EVAL] receiver microbatching enabled: batch_size_eval=64 receiver_microbatch_size=8
WARNING:tensorflow:Model's `__init__()` arguments contain non-serializable objects. Please implement a `get_config()` method in the subclassed Model for proper saving and loading. Defaulting to empty config.
WARNING:tensorflow:Model's `__init__()` arguments contain non-serializable objects. Please implement a `get_config()` method in the subclassed Model for proper saving and loading. Defaulting to empty config.
[EVAL] loaded UPAIR checkpoint: /scratch/rsadve1/Extended_UPAIR_Narval_b32m16_portable/TWC_plots_comprehensive/runs_rx16/seed7/1dmrs/shallow_d256_b2_r2/checkpoints/best.weights.h5
[EVAL] skipping explicit NMSE channel-estimator calls for: upair5g_lmmse
[EVAL] instrumentation log_latency=True log_gpu_memory=True memory_cleanup_every_batches=1 memory_cleanup_every_microbatch=True stream_eval_microbatches=True compiled_receiver_error_counts=False receiver_call_jit_compile=False per_receiver_stopping=False target_bler_floor=1e-05 floor_num_frames=0 gpu_mem=0.04GiB peak=0.23GiB
[EVAL] receiver_call name=upair5g_lmmse mode=positional_y_no compiled_error_counts=False
[EVAL] progress num_users=3 Eb/N0=0 dB batches=10/20 frame_err=upair5g_lmmse:0/1920 elapsed=102.5s avg_batch=10.246s gpu_mem=2.87GiB peak=3.06GiB
[EVAL] progress num_users=3 Eb/N0=0 dB batches=20/20 frame_err=upair5g_lmmse:0/3840 elapsed=204.1s avg_batch=10.203s gpu_mem=5.69GiB peak=5.88GiB
[EVAL] receiver=           upair5g_lmmse Eb/N0= 0.0 dB BER=0.00000e+00 BLER=0.00000e+00 NMSE=nan bit_err=     0/11427840 blk_err=    0/3840   batches=  20 stop=global_stop bler_ub=7.813e-04 rx_time=128.05s rx_ms_batch=6402.4 rx_ms_frame=33.346 point_time=204.06s gpu_mem=5.69GiB peak=5.88GiB
[ISO-CHUNK] wrote: /home/rsadve1/scratch/Extended_UPAIR_Narval_b32m16_portable/_isolated_eval_chunks/shallow_d256_b2_r2_u3_upair5g_lmmse_ebno0p0_chunk0048_m8_b20/chunk_result.csv
[ISO-CHUNK] DONE
[PIPELINE] status done=0 reason=continue chunks=49 batches=980 block_errors=47/100 next_chunk=49
2026-06-10 08:45:59.348300: E external/local_xla/xla/stream_executor/cuda/cuda_dnn.cc:9261] Unable to register cuDNN factory: Attempting to register factory for plugin cuDNN when one has already been registered
2026-06-10 08:45:59.348346: E external/local_xla/xla/stream_executor/cuda/cuda_fft.cc:607] Unable to register cuFFT factory: Attempting to register factory for plugin cuFFT when one has already been registered
2026-06-10 08:45:59.349467: E external/local_xla/xla/stream_executor/cuda/cuda_blas.cc:1515] Unable to register cuBLAS factory: Attempting to register factory for plugin cuBLAS when one has already been registered
[COMPREHENSIVE] loaded Optuna best JSON for shallow_d256_b2_r2 from /home/rsadve1/scratch/Extended_UPAIR_Narval_b32m16_portable/optuna/clean_b32_prb8_d256_40k_smart_trueDMRS_u34610_1dmrs_stageB_shallow_d256_b2_r2_best_params.json
[ISO-CHUNK] variant: shallow_d256_b2_r2
[ISO-CHUNK] receiver: upair5g_lmmse
[ISO-CHUNK] num_users: 3
[ISO-CHUNK] ebno_db: 0.0
[ISO-CHUNK] chunk_idx: 49
[ISO-CHUNK] chunk_batches: 20
[ISO-CHUNK] receiver_microbatch_size: 8
[ISO-CHUNK] chunk_seed: 6604181
[ISO-CHUNK] checkpoint: /scratch/rsadve1/Extended_UPAIR_Narval_b32m16_portable/TWC_plots_comprehensive/runs_rx16/seed7/1dmrs/shallow_d256_b2_r2/checkpoints/best.weights.h5
[ISO-CHUNK] TF_GPU_ALLOCATOR: cuda_malloc_async
[ISO-CHUNK] output tag: shallow_d256_b2_r2_u3_upair5g_lmmse_ebno0p0_chunk0049_m8_b20
[EVAL] receiver microbatching enabled: batch_size_eval=64 receiver_microbatch_size=8
WARNING:tensorflow:Model's `__init__()` arguments contain non-serializable objects. Please implement a `get_config()` method in the subclassed Model for proper saving and loading. Defaulting to empty config.
WARNING:tensorflow:Model's `__init__()` arguments contain non-serializable objects. Please implement a `get_config()` method in the subclassed Model for proper saving and loading. Defaulting to empty config.
[EVAL] loaded UPAIR checkpoint: /scratch/rsadve1/Extended_UPAIR_Narval_b32m16_portable/TWC_plots_comprehensive/runs_rx16/seed7/1dmrs/shallow_d256_b2_r2/checkpoints/best.weights.h5
[EVAL] skipping explicit NMSE channel-estimator calls for: upair5g_lmmse
[EVAL] instrumentation log_latency=True log_gpu_memory=True memory_cleanup_every_batches=1 memory_cleanup_every_microbatch=True stream_eval_microbatches=True compiled_receiver_error_counts=False receiver_call_jit_compile=False per_receiver_stopping=False target_bler_floor=1e-05 floor_num_frames=0 gpu_mem=0.04GiB peak=0.23GiB
[EVAL] receiver_call name=upair5g_lmmse mode=positional_y_no compiled_error_counts=False
[EVAL] progress num_users=3 Eb/N0=0 dB batches=10/20 frame_err=upair5g_lmmse:0/1920 elapsed=101.3s avg_batch=10.127s gpu_mem=2.87GiB peak=3.06GiB
[EVAL] progress num_users=3 Eb/N0=0 dB batches=20/20 frame_err=upair5g_lmmse:0/3840 elapsed=202.9s avg_batch=10.147s gpu_mem=5.69GiB peak=5.88GiB
[EVAL] receiver=           upair5g_lmmse Eb/N0= 0.0 dB BER=0.00000e+00 BLER=0.00000e+00 NMSE=nan bit_err=     0/11427840 blk_err=    0/3840   batches=  20 stop=global_stop bler_ub=7.813e-04 rx_time=127.14s rx_ms_batch=6357.2 rx_ms_frame=33.111 point_time=202.94s gpu_mem=5.69GiB peak=5.88GiB
[ISO-CHUNK] wrote: /home/rsadve1/scratch/Extended_UPAIR_Narval_b32m16_portable/_isolated_eval_chunks/shallow_d256_b2_r2_u3_upair5g_lmmse_ebno0p0_chunk0049_m8_b20/chunk_result.csv
[ISO-CHUNK] DONE
[PIPELINE] status done=0 reason=continue chunks=50 batches=1000 block_errors=47/100 next_chunk=50
2026-06-10 08:49:43.909070: E external/local_xla/xla/stream_executor/cuda/cuda_dnn.cc:9261] Unable to register cuDNN factory: Attempting to register factory for plugin cuDNN when one has already been registered
2026-06-10 08:49:43.909108: E external/local_xla/xla/stream_executor/cuda/cuda_fft.cc:607] Unable to register cuFFT factory: Attempting to register factory for plugin cuFFT when one has already been registered
2026-06-10 08:49:43.910193: E external/local_xla/xla/stream_executor/cuda/cuda_blas.cc:1515] Unable to register cuBLAS factory: Attempting to register factory for plugin cuBLAS when one has already been registered
[COMPREHENSIVE] loaded Optuna best JSON for shallow_d256_b2_r2 from /home/rsadve1/scratch/Extended_UPAIR_Narval_b32m16_portable/optuna/clean_b32_prb8_d256_40k_smart_trueDMRS_u34610_1dmrs_stageB_shallow_d256_b2_r2_best_params.json
[ISO-CHUNK] variant: shallow_d256_b2_r2
[ISO-CHUNK] receiver: upair5g_lmmse
[ISO-CHUNK] num_users: 3
[ISO-CHUNK] ebno_db: 0.0
[ISO-CHUNK] chunk_idx: 50
[ISO-CHUNK] chunk_batches: 20
[ISO-CHUNK] receiver_microbatch_size: 8
[ISO-CHUNK] chunk_seed: 6704184
[ISO-CHUNK] checkpoint: /scratch/rsadve1/Extended_UPAIR_Narval_b32m16_portable/TWC_plots_comprehensive/runs_rx16/seed7/1dmrs/shallow_d256_b2_r2/checkpoints/best.weights.h5
[ISO-CHUNK] TF_GPU_ALLOCATOR: cuda_malloc_async
[ISO-CHUNK] output tag: shallow_d256_b2_r2_u3_upair5g_lmmse_ebno0p0_chunk0050_m8_b20
[EVAL] receiver microbatching enabled: batch_size_eval=64 receiver_microbatch_size=8
WARNING:tensorflow:Model's `__init__()` arguments contain non-serializable objects. Please implement a `get_config()` method in the subclassed Model for proper saving and loading. Defaulting to empty config.
WARNING:tensorflow:Model's `__init__()` arguments contain non-serializable objects. Please implement a `get_config()` method in the subclassed Model for proper saving and loading. Defaulting to empty config.
[EVAL] loaded UPAIR checkpoint: /scratch/rsadve1/Extended_UPAIR_Narval_b32m16_portable/TWC_plots_comprehensive/runs_rx16/seed7/1dmrs/shallow_d256_b2_r2/checkpoints/best.weights.h5
[EVAL] skipping explicit NMSE channel-estimator calls for: upair5g_lmmse
[EVAL] instrumentation log_latency=True log_gpu_memory=True memory_cleanup_every_batches=1 memory_cleanup_every_microbatch=True stream_eval_microbatches=True compiled_receiver_error_counts=False receiver_call_jit_compile=False per_receiver_stopping=False target_bler_floor=1e-05 floor_num_frames=0 gpu_mem=0.04GiB peak=0.23GiB
[EVAL] receiver_call name=upair5g_lmmse mode=positional_y_no compiled_error_counts=False
[EVAL] progress num_users=3 Eb/N0=0 dB batches=10/20 frame_err=upair5g_lmmse:0/1920 elapsed=101.1s avg_batch=10.113s gpu_mem=2.87GiB peak=3.06GiB
[EVAL] progress num_users=3 Eb/N0=0 dB batches=20/20 frame_err=upair5g_lmmse:3/3840 elapsed=202.4s avg_batch=10.122s gpu_mem=5.69GiB peak=5.88GiB
[EVAL] receiver=           upair5g_lmmse Eb/N0= 0.0 dB BER=4.40153e-05 BLER=7.81250e-04 NMSE=nan bit_err=   503/11427840 blk_err=    3/3840   batches=  20 stop=global_stop rx_time=126.93s rx_ms_batch=6346.7 rx_ms_frame=33.056 point_time=202.44s gpu_mem=5.69GiB peak=5.88GiB
[ISO-CHUNK] wrote: /home/rsadve1/scratch/Extended_UPAIR_Narval_b32m16_portable/_isolated_eval_chunks/shallow_d256_b2_r2_u3_upair5g_lmmse_ebno0p0_chunk0050_m8_b20/chunk_result.csv
[ISO-CHUNK] DONE
[PIPELINE] status done=0 reason=continue chunks=51 batches=1020 block_errors=50/100 next_chunk=51
2026-06-10 08:53:31.013014: E external/local_xla/xla/stream_executor/cuda/cuda_dnn.cc:9261] Unable to register cuDNN factory: Attempting to register factory for plugin cuDNN when one has already been registered
2026-06-10 08:53:31.013057: E external/local_xla/xla/stream_executor/cuda/cuda_fft.cc:607] Unable to register cuFFT factory: Attempting to register factory for plugin cuFFT when one has already been registered
2026-06-10 08:53:31.014108: E external/local_xla/xla/stream_executor/cuda/cuda_blas.cc:1515] Unable to register cuBLAS factory: Attempting to register factory for plugin cuBLAS when one has already been registered
[COMPREHENSIVE] loaded Optuna best JSON for shallow_d256_b2_r2 from /home/rsadve1/scratch/Extended_UPAIR_Narval_b32m16_portable/optuna/clean_b32_prb8_d256_40k_smart_trueDMRS_u34610_1dmrs_stageB_shallow_d256_b2_r2_best_params.json
[ISO-CHUNK] variant: shallow_d256_b2_r2
[ISO-CHUNK] receiver: upair5g_lmmse
[ISO-CHUNK] num_users: 3
[ISO-CHUNK] ebno_db: 0.0
[ISO-CHUNK] chunk_idx: 51
[ISO-CHUNK] chunk_batches: 20
[ISO-CHUNK] receiver_microbatch_size: 8
[ISO-CHUNK] chunk_seed: 6804187
[ISO-CHUNK] checkpoint: /scratch/rsadve1/Extended_UPAIR_Narval_b32m16_portable/TWC_plots_comprehensive/runs_rx16/seed7/1dmrs/shallow_d256_b2_r2/checkpoints/best.weights.h5
[ISO-CHUNK] TF_GPU_ALLOCATOR: cuda_malloc_async
[ISO-CHUNK] output tag: shallow_d256_b2_r2_u3_upair5g_lmmse_ebno0p0_chunk0051_m8_b20
[EVAL] receiver microbatching enabled: batch_size_eval=64 receiver_microbatch_size=8
WARNING:tensorflow:Model's `__init__()` arguments contain non-serializable objects. Please implement a `get_config()` method in the subclassed Model for proper saving and loading. Defaulting to empty config.
WARNING:tensorflow:Model's `__init__()` arguments contain non-serializable objects. Please implement a `get_config()` method in the subclassed Model for proper saving and loading. Defaulting to empty config.
[EVAL] loaded UPAIR checkpoint: /scratch/rsadve1/Extended_UPAIR_Narval_b32m16_portable/TWC_plots_comprehensive/runs_rx16/seed7/1dmrs/shallow_d256_b2_r2/checkpoints/best.weights.h5
[EVAL] skipping explicit NMSE channel-estimator calls for: upair5g_lmmse
[EVAL] instrumentation log_latency=True log_gpu_memory=True memory_cleanup_every_batches=1 memory_cleanup_every_microbatch=True stream_eval_microbatches=True compiled_receiver_error_counts=False receiver_call_jit_compile=False per_receiver_stopping=False target_bler_floor=1e-05 floor_num_frames=0 gpu_mem=0.04GiB peak=0.23GiB
[EVAL] receiver_call name=upair5g_lmmse mode=positional_y_no compiled_error_counts=False
[EVAL] progress num_users=3 Eb/N0=0 dB batches=10/20 frame_err=upair5g_lmmse:2/1920 elapsed=101.5s avg_batch=10.150s gpu_mem=2.87GiB peak=3.06GiB
[EVAL] progress num_users=3 Eb/N0=0 dB batches=20/20 frame_err=upair5g_lmmse:2/3840 elapsed=203.0s avg_batch=10.148s gpu_mem=5.69GiB peak=5.88GiB
[EVAL] receiver=           upair5g_lmmse Eb/N0= 0.0 dB BER=1.75011e-06 BLER=5.20833e-04 NMSE=nan bit_err=    20/11427840 blk_err=    2/3840   batches=  20 stop=global_stop rx_time=127.18s rx_ms_batch=6358.8 rx_ms_frame=33.119 point_time=202.95s gpu_mem=5.69GiB peak=5.88GiB
[ISO-CHUNK] wrote: /home/rsadve1/scratch/Extended_UPAIR_Narval_b32m16_portable/_isolated_eval_chunks/shallow_d256_b2_r2_u3_upair5g_lmmse_ebno0p0_chunk0051_m8_b20/chunk_result.csv
[ISO-CHUNK] DONE
[PIPELINE] status done=0 reason=continue chunks=52 batches=1040 block_errors=52/100 next_chunk=52
2026-06-10 08:57:19.560098: E external/local_xla/xla/stream_executor/cuda/cuda_dnn.cc:9261] Unable to register cuDNN factory: Attempting to register factory for plugin cuDNN when one has already been registered
2026-06-10 08:57:19.560147: E external/local_xla/xla/stream_executor/cuda/cuda_fft.cc:607] Unable to register cuFFT factory: Attempting to register factory for plugin cuFFT when one has already been registered
2026-06-10 08:57:19.561209: E external/local_xla/xla/stream_executor/cuda/cuda_blas.cc:1515] Unable to register cuBLAS factory: Attempting to register factory for plugin cuBLAS when one has already been registered
[COMPREHENSIVE] loaded Optuna best JSON for shallow_d256_b2_r2 from /home/rsadve1/scratch/Extended_UPAIR_Narval_b32m16_portable/optuna/clean_b32_prb8_d256_40k_smart_trueDMRS_u34610_1dmrs_stageB_shallow_d256_b2_r2_best_params.json
[ISO-CHUNK] variant: shallow_d256_b2_r2
[ISO-CHUNK] receiver: upair5g_lmmse
[ISO-CHUNK] num_users: 3
[ISO-CHUNK] ebno_db: 0.0
[ISO-CHUNK] chunk_idx: 52
[ISO-CHUNK] chunk_batches: 20
[ISO-CHUNK] receiver_microbatch_size: 8
[ISO-CHUNK] chunk_seed: 6904190
[ISO-CHUNK] checkpoint: /scratch/rsadve1/Extended_UPAIR_Narval_b32m16_portable/TWC_plots_comprehensive/runs_rx16/seed7/1dmrs/shallow_d256_b2_r2/checkpoints/best.weights.h5
[ISO-CHUNK] TF_GPU_ALLOCATOR: cuda_malloc_async
[ISO-CHUNK] output tag: shallow_d256_b2_r2_u3_upair5g_lmmse_ebno0p0_chunk0052_m8_b20
[EVAL] receiver microbatching enabled: batch_size_eval=64 receiver_microbatch_size=8
WARNING:tensorflow:Model's `__init__()` arguments contain non-serializable objects. Please implement a `get_config()` method in the subclassed Model for proper saving and loading. Defaulting to empty config.
WARNING:tensorflow:Model's `__init__()` arguments contain non-serializable objects. Please implement a `get_config()` method in the subclassed Model for proper saving and loading. Defaulting to empty config.
[EVAL] loaded UPAIR checkpoint: /scratch/rsadve1/Extended_UPAIR_Narval_b32m16_portable/TWC_plots_comprehensive/runs_rx16/seed7/1dmrs/shallow_d256_b2_r2/checkpoints/best.weights.h5
[EVAL] skipping explicit NMSE channel-estimator calls for: upair5g_lmmse
[EVAL] instrumentation log_latency=True log_gpu_memory=True memory_cleanup_every_batches=1 memory_cleanup_every_microbatch=True stream_eval_microbatches=True compiled_receiver_error_counts=False receiver_call_jit_compile=False per_receiver_stopping=False target_bler_floor=1e-05 floor_num_frames=0 gpu_mem=0.04GiB peak=0.23GiB
[EVAL] receiver_call name=upair5g_lmmse mode=positional_y_no compiled_error_counts=False
[EVAL] progress num_users=3 Eb/N0=0 dB batches=10/20 frame_err=upair5g_lmmse:1/1920 elapsed=101.7s avg_batch=10.170s gpu_mem=2.87GiB peak=3.06GiB
[EVAL] progress num_users=3 Eb/N0=0 dB batches=20/20 frame_err=upair5g_lmmse:1/3840 elapsed=202.9s avg_batch=10.144s gpu_mem=5.69GiB peak=5.88GiB
[EVAL] receiver=           upair5g_lmmse Eb/N0= 0.0 dB BER=1.59260e-05 BLER=2.60417e-04 NMSE=nan bit_err=   182/11427840 blk_err=    1/3840   batches=  20 stop=global_stop rx_time=127.27s rx_ms_batch=6363.7 rx_ms_frame=33.144 point_time=202.88s gpu_mem=5.69GiB peak=5.88GiB
[ISO-CHUNK] wrote: /home/rsadve1/scratch/Extended_UPAIR_Narval_b32m16_portable/_isolated_eval_chunks/shallow_d256_b2_r2_u3_upair5g_lmmse_ebno0p0_chunk0052_m8_b20/chunk_result.csv
[ISO-CHUNK] DONE
[PIPELINE] status done=0 reason=continue chunks=53 batches=1060 block_errors=53/100 next_chunk=53
2026-06-10 09:01:07.500073: E external/local_xla/xla/stream_executor/cuda/cuda_dnn.cc:9261] Unable to register cuDNN factory: Attempting to register factory for plugin cuDNN when one has already been registered
2026-06-10 09:01:07.500115: E external/local_xla/xla/stream_executor/cuda/cuda_fft.cc:607] Unable to register cuFFT factory: Attempting to register factory for plugin cuFFT when one has already been registered
2026-06-10 09:01:07.501175: E external/local_xla/xla/stream_executor/cuda/cuda_blas.cc:1515] Unable to register cuBLAS factory: Attempting to register factory for plugin cuBLAS when one has already been registered
[COMPREHENSIVE] loaded Optuna best JSON for shallow_d256_b2_r2 from /home/rsadve1/scratch/Extended_UPAIR_Narval_b32m16_portable/optuna/clean_b32_prb8_d256_40k_smart_trueDMRS_u34610_1dmrs_stageB_shallow_d256_b2_r2_best_params.json
[ISO-CHUNK] variant: shallow_d256_b2_r2
[ISO-CHUNK] receiver: upair5g_lmmse
[ISO-CHUNK] num_users: 3
[ISO-CHUNK] ebno_db: 0.0
[ISO-CHUNK] chunk_idx: 53
[ISO-CHUNK] chunk_batches: 20
[ISO-CHUNK] receiver_microbatch_size: 8
[ISO-CHUNK] chunk_seed: 7004193
[ISO-CHUNK] checkpoint: /scratch/rsadve1/Extended_UPAIR_Narval_b32m16_portable/TWC_plots_comprehensive/runs_rx16/seed7/1dmrs/shallow_d256_b2_r2/checkpoints/best.weights.h5
[ISO-CHUNK] TF_GPU_ALLOCATOR: cuda_malloc_async
[ISO-CHUNK] output tag: shallow_d256_b2_r2_u3_upair5g_lmmse_ebno0p0_chunk0053_m8_b20
[EVAL] receiver microbatching enabled: batch_size_eval=64 receiver_microbatch_size=8
WARNING:tensorflow:Model's `__init__()` arguments contain non-serializable objects. Please implement a `get_config()` method in the subclassed Model for proper saving and loading. Defaulting to empty config.
WARNING:tensorflow:Model's `__init__()` arguments contain non-serializable objects. Please implement a `get_config()` method in the subclassed Model for proper saving and loading. Defaulting to empty config.
[EVAL] loaded UPAIR checkpoint: /scratch/rsadve1/Extended_UPAIR_Narval_b32m16_portable/TWC_plots_comprehensive/runs_rx16/seed7/1dmrs/shallow_d256_b2_r2/checkpoints/best.weights.h5
[EVAL] skipping explicit NMSE channel-estimator calls for: upair5g_lmmse
[EVAL] instrumentation log_latency=True log_gpu_memory=True memory_cleanup_every_batches=1 memory_cleanup_every_microbatch=True stream_eval_microbatches=True compiled_receiver_error_counts=False receiver_call_jit_compile=False per_receiver_stopping=False target_bler_floor=1e-05 floor_num_frames=0 gpu_mem=0.04GiB peak=0.23GiB
[EVAL] receiver_call name=upair5g_lmmse mode=positional_y_no compiled_error_counts=False
[EVAL] progress num_users=3 Eb/N0=0 dB batches=10/20 frame_err=upair5g_lmmse:1/1920 elapsed=102.3s avg_batch=10.229s gpu_mem=2.87GiB peak=3.06GiB
[EVAL] progress num_users=3 Eb/N0=0 dB batches=20/20 frame_err=upair5g_lmmse:1/3840 elapsed=203.0s avg_batch=10.150s gpu_mem=5.69GiB peak=5.88GiB
[EVAL] receiver=           upair5g_lmmse Eb/N0= 0.0 dB BER=1.62760e-05 BLER=2.60417e-04 NMSE=nan bit_err=   186/11427840 blk_err=    1/3840   batches=  20 stop=global_stop rx_time=127.58s rx_ms_batch=6379.0 rx_ms_frame=33.224 point_time=203.00s gpu_mem=5.69GiB peak=5.88GiB
[ISO-CHUNK] wrote: /home/rsadve1/scratch/Extended_UPAIR_Narval_b32m16_portable/_isolated_eval_chunks/shallow_d256_b2_r2_u3_upair5g_lmmse_ebno0p0_chunk0053_m8_b20/chunk_result.csv
[ISO-CHUNK] DONE
[PIPELINE] status done=0 reason=continue chunks=54 batches=1080 block_errors=54/100 next_chunk=54
2026-06-10 09:05:04.871410: E external/local_xla/xla/stream_executor/cuda/cuda_dnn.cc:9261] Unable to register cuDNN factory: Attempting to register factory for plugin cuDNN when one has already been registered
2026-06-10 09:05:04.871454: E external/local_xla/xla/stream_executor/cuda/cuda_fft.cc:607] Unable to register cuFFT factory: Attempting to register factory for plugin cuFFT when one has already been registered
2026-06-10 09:05:04.872537: E external/local_xla/xla/stream_executor/cuda/cuda_blas.cc:1515] Unable to register cuBLAS factory: Attempting to register factory for plugin cuBLAS when one has already been registered
[COMPREHENSIVE] loaded Optuna best JSON for shallow_d256_b2_r2 from /home/rsadve1/scratch/Extended_UPAIR_Narval_b32m16_portable/optuna/clean_b32_prb8_d256_40k_smart_trueDMRS_u34610_1dmrs_stageB_shallow_d256_b2_r2_best_params.json
[ISO-CHUNK] variant: shallow_d256_b2_r2
[ISO-CHUNK] receiver: upair5g_lmmse
[ISO-CHUNK] num_users: 3
[ISO-CHUNK] ebno_db: 0.0
[ISO-CHUNK] chunk_idx: 54
[ISO-CHUNK] chunk_batches: 20
[ISO-CHUNK] receiver_microbatch_size: 8
[ISO-CHUNK] chunk_seed: 7104196
[ISO-CHUNK] checkpoint: /scratch/rsadve1/Extended_UPAIR_Narval_b32m16_portable/TWC_plots_comprehensive/runs_rx16/seed7/1dmrs/shallow_d256_b2_r2/checkpoints/best.weights.h5
[ISO-CHUNK] TF_GPU_ALLOCATOR: cuda_malloc_async
[ISO-CHUNK] output tag: shallow_d256_b2_r2_u3_upair5g_lmmse_ebno0p0_chunk0054_m8_b20
[EVAL] receiver microbatching enabled: batch_size_eval=64 receiver_microbatch_size=8
WARNING:tensorflow:Model's `__init__()` arguments contain non-serializable objects. Please implement a `get_config()` method in the subclassed Model for proper saving and loading. Defaulting to empty config.
WARNING:tensorflow:Model's `__init__()` arguments contain non-serializable objects. Please implement a `get_config()` method in the subclassed Model for proper saving and loading. Defaulting to empty config.
[EVAL] loaded UPAIR checkpoint: /scratch/rsadve1/Extended_UPAIR_Narval_b32m16_portable/TWC_plots_comprehensive/runs_rx16/seed7/1dmrs/shallow_d256_b2_r2/checkpoints/best.weights.h5
[EVAL] skipping explicit NMSE channel-estimator calls for: upair5g_lmmse
[EVAL] instrumentation log_latency=True log_gpu_memory=True memory_cleanup_every_batches=1 memory_cleanup_every_microbatch=True stream_eval_microbatches=True compiled_receiver_error_counts=False receiver_call_jit_compile=False per_receiver_stopping=False target_bler_floor=1e-05 floor_num_frames=0 gpu_mem=0.04GiB peak=0.23GiB
[EVAL] receiver_call name=upair5g_lmmse mode=positional_y_no compiled_error_counts=False
[EVAL] progress num_users=3 Eb/N0=0 dB batches=10/20 frame_err=upair5g_lmmse:0/1920 elapsed=101.9s avg_batch=10.186s gpu_mem=2.87GiB peak=3.06GiB
[EVAL] progress num_users=3 Eb/N0=0 dB batches=20/20 frame_err=upair5g_lmmse:0/3840 elapsed=204.0s avg_batch=10.201s gpu_mem=5.69GiB peak=5.88GiB
[EVAL] receiver=           upair5g_lmmse Eb/N0= 0.0 dB BER=0.00000e+00 BLER=0.00000e+00 NMSE=nan bit_err=     0/11427840 blk_err=    0/3840   batches=  20 stop=global_stop bler_ub=7.813e-04 rx_time=128.13s rx_ms_batch=6406.3 rx_ms_frame=33.366 point_time=204.03s gpu_mem=5.69GiB peak=5.88GiB
[ISO-CHUNK] wrote: /home/rsadve1/scratch/Extended_UPAIR_Narval_b32m16_portable/_isolated_eval_chunks/shallow_d256_b2_r2_u3_upair5g_lmmse_ebno0p0_chunk0054_m8_b20/chunk_result.csv
[ISO-CHUNK] DONE
[PIPELINE] status done=0 reason=continue chunks=55 batches=1100 block_errors=54/100 next_chunk=55
2026-06-10 09:08:56.278862: E external/local_xla/xla/stream_executor/cuda/cuda_dnn.cc:9261] Unable to register cuDNN factory: Attempting to register factory for plugin cuDNN when one has already been registered
2026-06-10 09:08:56.278907: E external/local_xla/xla/stream_executor/cuda/cuda_fft.cc:607] Unable to register cuFFT factory: Attempting to register factory for plugin cuFFT when one has already been registered
2026-06-10 09:08:56.279958: E external/local_xla/xla/stream_executor/cuda/cuda_blas.cc:1515] Unable to register cuBLAS factory: Attempting to register factory for plugin cuBLAS when one has already been registered
[COMPREHENSIVE] loaded Optuna best JSON for shallow_d256_b2_r2 from /home/rsadve1/scratch/Extended_UPAIR_Narval_b32m16_portable/optuna/clean_b32_prb8_d256_40k_smart_trueDMRS_u34610_1dmrs_stageB_shallow_d256_b2_r2_best_params.json
[ISO-CHUNK] variant: shallow_d256_b2_r2
[ISO-CHUNK] receiver: upair5g_lmmse
[ISO-CHUNK] num_users: 3
[ISO-CHUNK] ebno_db: 0.0
[ISO-CHUNK] chunk_idx: 55
[ISO-CHUNK] chunk_batches: 20
[ISO-CHUNK] receiver_microbatch_size: 8
[ISO-CHUNK] chunk_seed: 7204199
[ISO-CHUNK] checkpoint: /scratch/rsadve1/Extended_UPAIR_Narval_b32m16_portable/TWC_plots_comprehensive/runs_rx16/seed7/1dmrs/shallow_d256_b2_r2/checkpoints/best.weights.h5
[ISO-CHUNK] TF_GPU_ALLOCATOR: cuda_malloc_async
[ISO-CHUNK] output tag: shallow_d256_b2_r2_u3_upair5g_lmmse_ebno0p0_chunk0055_m8_b20
[EVAL] receiver microbatching enabled: batch_size_eval=64 receiver_microbatch_size=8
WARNING:tensorflow:Model's `__init__()` arguments contain non-serializable objects. Please implement a `get_config()` method in the subclassed Model for proper saving and loading. Defaulting to empty config.
WARNING:tensorflow:Model's `__init__()` arguments contain non-serializable objects. Please implement a `get_config()` method in the subclassed Model for proper saving and loading. Defaulting to empty config.
[EVAL] loaded UPAIR checkpoint: /scratch/rsadve1/Extended_UPAIR_Narval_b32m16_portable/TWC_plots_comprehensive/runs_rx16/seed7/1dmrs/shallow_d256_b2_r2/checkpoints/best.weights.h5
[EVAL] skipping explicit NMSE channel-estimator calls for: upair5g_lmmse
[EVAL] instrumentation log_latency=True log_gpu_memory=True memory_cleanup_every_batches=1 memory_cleanup_every_microbatch=True stream_eval_microbatches=True compiled_receiver_error_counts=False receiver_call_jit_compile=False per_receiver_stopping=False target_bler_floor=1e-05 floor_num_frames=0 gpu_mem=0.04GiB peak=0.23GiB
[EVAL] receiver_call name=upair5g_lmmse mode=positional_y_no compiled_error_counts=False
[EVAL] progress num_users=3 Eb/N0=0 dB batches=10/20 frame_err=upair5g_lmmse:1/1920 elapsed=100.9s avg_batch=10.094s gpu_mem=2.87GiB peak=3.06GiB
[EVAL] progress num_users=3 Eb/N0=0 dB batches=20/20 frame_err=upair5g_lmmse:2/3840 elapsed=201.8s avg_batch=10.091s gpu_mem=5.69GiB peak=5.88GiB
[EVAL] receiver=           upair5g_lmmse Eb/N0= 0.0 dB BER=2.76518e-05 BLER=5.20833e-04 NMSE=nan bit_err=   316/11427840 blk_err=    2/3840   batches=  20 stop=global_stop rx_time=126.61s rx_ms_batch=6330.6 rx_ms_frame=32.972 point_time=201.83s gpu_mem=5.69GiB peak=5.88GiB
[ISO-CHUNK] wrote: /home/rsadve1/scratch/Extended_UPAIR_Narval_b32m16_portable/_isolated_eval_chunks/shallow_d256_b2_r2_u3_upair5g_lmmse_ebno0p0_chunk0055_m8_b20/chunk_result.csv
[ISO-CHUNK] DONE
[PIPELINE] status done=0 reason=continue chunks=56 batches=1120 block_errors=56/100 next_chunk=56
2026-06-10 09:12:39.937370: E external/local_xla/xla/stream_executor/cuda/cuda_dnn.cc:9261] Unable to register cuDNN factory: Attempting to register factory for plugin cuDNN when one has already been registered
2026-06-10 09:12:39.937417: E external/local_xla/xla/stream_executor/cuda/cuda_fft.cc:607] Unable to register cuFFT factory: Attempting to register factory for plugin cuFFT when one has already been registered
2026-06-10 09:12:39.938505: E external/local_xla/xla/stream_executor/cuda/cuda_blas.cc:1515] Unable to register cuBLAS factory: Attempting to register factory for plugin cuBLAS when one has already been registered
[COMPREHENSIVE] loaded Optuna best JSON for shallow_d256_b2_r2 from /home/rsadve1/scratch/Extended_UPAIR_Narval_b32m16_portable/optuna/clean_b32_prb8_d256_40k_smart_trueDMRS_u34610_1dmrs_stageB_shallow_d256_b2_r2_best_params.json
[ISO-CHUNK] variant: shallow_d256_b2_r2
[ISO-CHUNK] receiver: upair5g_lmmse
[ISO-CHUNK] num_users: 3
[ISO-CHUNK] ebno_db: 0.0
[ISO-CHUNK] chunk_idx: 56
[ISO-CHUNK] chunk_batches: 20
[ISO-CHUNK] receiver_microbatch_size: 8
[ISO-CHUNK] chunk_seed: 7304202
[ISO-CHUNK] checkpoint: /scratch/rsadve1/Extended_UPAIR_Narval_b32m16_portable/TWC_plots_comprehensive/runs_rx16/seed7/1dmrs/shallow_d256_b2_r2/checkpoints/best.weights.h5
[ISO-CHUNK] TF_GPU_ALLOCATOR: cuda_malloc_async
[ISO-CHUNK] output tag: shallow_d256_b2_r2_u3_upair5g_lmmse_ebno0p0_chunk0056_m8_b20
[EVAL] receiver microbatching enabled: batch_size_eval=64 receiver_microbatch_size=8
WARNING:tensorflow:Model's `__init__()` arguments contain non-serializable objects. Please implement a `get_config()` method in the subclassed Model for proper saving and loading. Defaulting to empty config.
WARNING:tensorflow:Model's `__init__()` arguments contain non-serializable objects. Please implement a `get_config()` method in the subclassed Model for proper saving and loading. Defaulting to empty config.
[EVAL] loaded UPAIR checkpoint: /scratch/rsadve1/Extended_UPAIR_Narval_b32m16_portable/TWC_plots_comprehensive/runs_rx16/seed7/1dmrs/shallow_d256_b2_r2/checkpoints/best.weights.h5
[EVAL] skipping explicit NMSE channel-estimator calls for: upair5g_lmmse
[EVAL] instrumentation log_latency=True log_gpu_memory=True memory_cleanup_every_batches=1 memory_cleanup_every_microbatch=True stream_eval_microbatches=True compiled_receiver_error_counts=False receiver_call_jit_compile=False per_receiver_stopping=False target_bler_floor=1e-05 floor_num_frames=0 gpu_mem=0.04GiB peak=0.23GiB
[EVAL] receiver_call name=upair5g_lmmse mode=positional_y_no compiled_error_counts=False
[EVAL] progress num_users=3 Eb/N0=0 dB batches=10/20 frame_err=upair5g_lmmse:3/1920 elapsed=101.6s avg_batch=10.162s gpu_mem=2.87GiB peak=3.06GiB
[EVAL] progress num_users=3 Eb/N0=0 dB batches=20/20 frame_err=upair5g_lmmse:3/3840 elapsed=202.6s avg_batch=10.130s gpu_mem=5.69GiB peak=5.88GiB
[EVAL] receiver=           upair5g_lmmse Eb/N0= 0.0 dB BER=2.86143e-05 BLER=7.81250e-04 NMSE=nan bit_err=   327/11427840 blk_err=    3/3840   batches=  20 stop=global_stop rx_time=127.08s rx_ms_batch=6354.2 rx_ms_frame=33.095 point_time=202.59s gpu_mem=5.69GiB peak=5.88GiB
[ISO-CHUNK] wrote: /home/rsadve1/scratch/Extended_UPAIR_Narval_b32m16_portable/_isolated_eval_chunks/shallow_d256_b2_r2_u3_upair5g_lmmse_ebno0p0_chunk0056_m8_b20/chunk_result.csv
[ISO-CHUNK] DONE
[PIPELINE] status done=0 reason=continue chunks=57 batches=1140 block_errors=59/100 next_chunk=57
2026-06-10 09:16:28.120348: E external/local_xla/xla/stream_executor/cuda/cuda_dnn.cc:9261] Unable to register cuDNN factory: Attempting to register factory for plugin cuDNN when one has already been registered
2026-06-10 09:16:28.120390: E external/local_xla/xla/stream_executor/cuda/cuda_fft.cc:607] Unable to register cuFFT factory: Attempting to register factory for plugin cuFFT when one has already been registered
2026-06-10 09:16:28.121496: E external/local_xla/xla/stream_executor/cuda/cuda_blas.cc:1515] Unable to register cuBLAS factory: Attempting to register factory for plugin cuBLAS when one has already been registered
[COMPREHENSIVE] loaded Optuna best JSON for shallow_d256_b2_r2 from /home/rsadve1/scratch/Extended_UPAIR_Narval_b32m16_portable/optuna/clean_b32_prb8_d256_40k_smart_trueDMRS_u34610_1dmrs_stageB_shallow_d256_b2_r2_best_params.json
[ISO-CHUNK] variant: shallow_d256_b2_r2
[ISO-CHUNK] receiver: upair5g_lmmse
[ISO-CHUNK] num_users: 3
[ISO-CHUNK] ebno_db: 0.0
[ISO-CHUNK] chunk_idx: 57
[ISO-CHUNK] chunk_batches: 20
[ISO-CHUNK] receiver_microbatch_size: 8
[ISO-CHUNK] chunk_seed: 7404205
[ISO-CHUNK] checkpoint: /scratch/rsadve1/Extended_UPAIR_Narval_b32m16_portable/TWC_plots_comprehensive/runs_rx16/seed7/1dmrs/shallow_d256_b2_r2/checkpoints/best.weights.h5
[ISO-CHUNK] TF_GPU_ALLOCATOR: cuda_malloc_async
[ISO-CHUNK] output tag: shallow_d256_b2_r2_u3_upair5g_lmmse_ebno0p0_chunk0057_m8_b20
[EVAL] receiver microbatching enabled: batch_size_eval=64 receiver_microbatch_size=8
WARNING:tensorflow:Model's `__init__()` arguments contain non-serializable objects. Please implement a `get_config()` method in the subclassed Model for proper saving and loading. Defaulting to empty config.
WARNING:tensorflow:Model's `__init__()` arguments contain non-serializable objects. Please implement a `get_config()` method in the subclassed Model for proper saving and loading. Defaulting to empty config.
[EVAL] loaded UPAIR checkpoint: /scratch/rsadve1/Extended_UPAIR_Narval_b32m16_portable/TWC_plots_comprehensive/runs_rx16/seed7/1dmrs/shallow_d256_b2_r2/checkpoints/best.weights.h5
[EVAL] skipping explicit NMSE channel-estimator calls for: upair5g_lmmse
[EVAL] instrumentation log_latency=True log_gpu_memory=True memory_cleanup_every_batches=1 memory_cleanup_every_microbatch=True stream_eval_microbatches=True compiled_receiver_error_counts=False receiver_call_jit_compile=False per_receiver_stopping=False target_bler_floor=1e-05 floor_num_frames=0 gpu_mem=0.04GiB peak=0.23GiB
[EVAL] receiver_call name=upair5g_lmmse mode=positional_y_no compiled_error_counts=False
[EVAL] progress num_users=3 Eb/N0=0 dB batches=10/20 frame_err=upair5g_lmmse:0/1920 elapsed=101.4s avg_batch=10.145s gpu_mem=2.87GiB peak=3.06GiB
[EVAL] progress num_users=3 Eb/N0=0 dB batches=20/20 frame_err=upair5g_lmmse:3/3840 elapsed=202.3s avg_batch=10.117s gpu_mem=5.69GiB peak=5.88GiB
[EVAL] receiver=           upair5g_lmmse Eb/N0= 0.0 dB BER=2.73893e-05 BLER=7.81250e-04 NMSE=nan bit_err=   313/11427840 blk_err=    3/3840   batches=  20 stop=global_stop rx_time=126.86s rx_ms_batch=6343.0 rx_ms_frame=33.037 point_time=202.35s gpu_mem=5.69GiB peak=5.88GiB
[ISO-CHUNK] wrote: /home/rsadve1/scratch/Extended_UPAIR_Narval_b32m16_portable/_isolated_eval_chunks/shallow_d256_b2_r2_u3_upair5g_lmmse_ebno0p0_chunk0057_m8_b20/chunk_result.csv
[ISO-CHUNK] DONE
[PIPELINE] status done=0 reason=continue chunks=58 batches=1160 block_errors=62/100 next_chunk=58
2026-06-10 09:20:16.515191: E external/local_xla/xla/stream_executor/cuda/cuda_dnn.cc:9261] Unable to register cuDNN factory: Attempting to register factory for plugin cuDNN when one has already been registered
2026-06-10 09:20:16.515234: E external/local_xla/xla/stream_executor/cuda/cuda_fft.cc:607] Unable to register cuFFT factory: Attempting to register factory for plugin cuFFT when one has already been registered
2026-06-10 09:20:16.516328: E external/local_xla/xla/stream_executor/cuda/cuda_blas.cc:1515] Unable to register cuBLAS factory: Attempting to register factory for plugin cuBLAS when one has already been registered
[COMPREHENSIVE] loaded Optuna best JSON for shallow_d256_b2_r2 from /home/rsadve1/scratch/Extended_UPAIR_Narval_b32m16_portable/optuna/clean_b32_prb8_d256_40k_smart_trueDMRS_u34610_1dmrs_stageB_shallow_d256_b2_r2_best_params.json
[ISO-CHUNK] variant: shallow_d256_b2_r2
[ISO-CHUNK] receiver: upair5g_lmmse
[ISO-CHUNK] num_users: 3
[ISO-CHUNK] ebno_db: 0.0
[ISO-CHUNK] chunk_idx: 58
[ISO-CHUNK] chunk_batches: 20
[ISO-CHUNK] receiver_microbatch_size: 8
[ISO-CHUNK] chunk_seed: 7504208
[ISO-CHUNK] checkpoint: /scratch/rsadve1/Extended_UPAIR_Narval_b32m16_portable/TWC_plots_comprehensive/runs_rx16/seed7/1dmrs/shallow_d256_b2_r2/checkpoints/best.weights.h5
[ISO-CHUNK] TF_GPU_ALLOCATOR: cuda_malloc_async
[ISO-CHUNK] output tag: shallow_d256_b2_r2_u3_upair5g_lmmse_ebno0p0_chunk0058_m8_b20
[EVAL] receiver microbatching enabled: batch_size_eval=64 receiver_microbatch_size=8
WARNING:tensorflow:Model's `__init__()` arguments contain non-serializable objects. Please implement a `get_config()` method in the subclassed Model for proper saving and loading. Defaulting to empty config.
WARNING:tensorflow:Model's `__init__()` arguments contain non-serializable objects. Please implement a `get_config()` method in the subclassed Model for proper saving and loading. Defaulting to empty config.
[EVAL] loaded UPAIR checkpoint: /scratch/rsadve1/Extended_UPAIR_Narval_b32m16_portable/TWC_plots_comprehensive/runs_rx16/seed7/1dmrs/shallow_d256_b2_r2/checkpoints/best.weights.h5
[EVAL] skipping explicit NMSE channel-estimator calls for: upair5g_lmmse
[EVAL] instrumentation log_latency=True log_gpu_memory=True memory_cleanup_every_batches=1 memory_cleanup_every_microbatch=True stream_eval_microbatches=True compiled_receiver_error_counts=False receiver_call_jit_compile=False per_receiver_stopping=False target_bler_floor=1e-05 floor_num_frames=0 gpu_mem=0.04GiB peak=0.23GiB
[EVAL] receiver_call name=upair5g_lmmse mode=positional_y_no compiled_error_counts=False
[EVAL] progress num_users=3 Eb/N0=0 dB batches=10/20 frame_err=upair5g_lmmse:0/1920 elapsed=101.4s avg_batch=10.140s gpu_mem=2.87GiB peak=3.06GiB
[EVAL] progress num_users=3 Eb/N0=0 dB batches=20/20 frame_err=upair5g_lmmse:0/3840 elapsed=203.4s avg_batch=10.172s gpu_mem=5.69GiB peak=5.88GiB
[EVAL] receiver=           upair5g_lmmse Eb/N0= 0.0 dB BER=0.00000e+00 BLER=0.00000e+00 NMSE=nan bit_err=     0/11427840 blk_err=    0/3840   batches=  20 stop=global_stop bler_ub=7.813e-04 rx_time=127.70s rx_ms_batch=6385.0 rx_ms_frame=33.255 point_time=203.43s gpu_mem=5.69GiB peak=5.88GiB
[ISO-CHUNK] wrote: /home/rsadve1/scratch/Extended_UPAIR_Narval_b32m16_portable/_isolated_eval_chunks/shallow_d256_b2_r2_u3_upair5g_lmmse_ebno0p0_chunk0058_m8_b20/chunk_result.csv
[ISO-CHUNK] DONE
[PIPELINE] status done=0 reason=continue chunks=59 batches=1180 block_errors=62/100 next_chunk=59
2026-06-10 09:24:03.197591: E external/local_xla/xla/stream_executor/cuda/cuda_dnn.cc:9261] Unable to register cuDNN factory: Attempting to register factory for plugin cuDNN when one has already been registered
2026-06-10 09:24:03.197634: E external/local_xla/xla/stream_executor/cuda/cuda_fft.cc:607] Unable to register cuFFT factory: Attempting to register factory for plugin cuFFT when one has already been registered
2026-06-10 09:24:03.198718: E external/local_xla/xla/stream_executor/cuda/cuda_blas.cc:1515] Unable to register cuBLAS factory: Attempting to register factory for plugin cuBLAS when one has already been registered
[COMPREHENSIVE] loaded Optuna best JSON for shallow_d256_b2_r2 from /home/rsadve1/scratch/Extended_UPAIR_Narval_b32m16_portable/optuna/clean_b32_prb8_d256_40k_smart_trueDMRS_u34610_1dmrs_stageB_shallow_d256_b2_r2_best_params.json
[ISO-CHUNK] variant: shallow_d256_b2_r2
[ISO-CHUNK] receiver: upair5g_lmmse
[ISO-CHUNK] num_users: 3
[ISO-CHUNK] ebno_db: 0.0
[ISO-CHUNK] chunk_idx: 59
[ISO-CHUNK] chunk_batches: 20
[ISO-CHUNK] receiver_microbatch_size: 8
[ISO-CHUNK] chunk_seed: 7604211
[ISO-CHUNK] checkpoint: /scratch/rsadve1/Extended_UPAIR_Narval_b32m16_portable/TWC_plots_comprehensive/runs_rx16/seed7/1dmrs/shallow_d256_b2_r2/checkpoints/best.weights.h5
[ISO-CHUNK] TF_GPU_ALLOCATOR: cuda_malloc_async
[ISO-CHUNK] output tag: shallow_d256_b2_r2_u3_upair5g_lmmse_ebno0p0_chunk0059_m8_b20
[EVAL] receiver microbatching enabled: batch_size_eval=64 receiver_microbatch_size=8
WARNING:tensorflow:Model's `__init__()` arguments contain non-serializable objects. Please implement a `get_config()` method in the subclassed Model for proper saving and loading. Defaulting to empty config.
WARNING:tensorflow:Model's `__init__()` arguments contain non-serializable objects. Please implement a `get_config()` method in the subclassed Model for proper saving and loading. Defaulting to empty config.
[EVAL] loaded UPAIR checkpoint: /scratch/rsadve1/Extended_UPAIR_Narval_b32m16_portable/TWC_plots_comprehensive/runs_rx16/seed7/1dmrs/shallow_d256_b2_r2/checkpoints/best.weights.h5
[EVAL] skipping explicit NMSE channel-estimator calls for: upair5g_lmmse
[EVAL] instrumentation log_latency=True log_gpu_memory=True memory_cleanup_every_batches=1 memory_cleanup_every_microbatch=True stream_eval_microbatches=True compiled_receiver_error_counts=False receiver_call_jit_compile=False per_receiver_stopping=False target_bler_floor=1e-05 floor_num_frames=0 gpu_mem=0.04GiB peak=0.23GiB
[EVAL] receiver_call name=upair5g_lmmse mode=positional_y_no compiled_error_counts=False
[EVAL] progress num_users=3 Eb/N0=0 dB batches=10/20 frame_err=upair5g_lmmse:1/1920 elapsed=101.1s avg_batch=10.109s gpu_mem=2.87GiB peak=3.06GiB
[EVAL] progress num_users=3 Eb/N0=0 dB batches=20/20 frame_err=upair5g_lmmse:1/3840 elapsed=202.2s avg_batch=10.109s gpu_mem=5.69GiB peak=5.88GiB
[EVAL] receiver=           upair5g_lmmse Eb/N0= 0.0 dB BER=8.75056e-08 BLER=2.60417e-04 NMSE=nan bit_err=     1/11427840 blk_err=    1/3840   batches=  20 stop=global_stop rx_time=126.46s rx_ms_batch=6323.0 rx_ms_frame=32.932 point_time=202.19s gpu_mem=5.69GiB peak=5.88GiB
[ISO-CHUNK] wrote: /home/rsadve1/scratch/Extended_UPAIR_Narval_b32m16_portable/_isolated_eval_chunks/shallow_d256_b2_r2_u3_upair5g_lmmse_ebno0p0_chunk0059_m8_b20/chunk_result.csv
[ISO-CHUNK] DONE
[PIPELINE] status done=0 reason=continue chunks=60 batches=1200 block_errors=63/100 next_chunk=60
2026-06-10 09:27:47.324404: E external/local_xla/xla/stream_executor/cuda/cuda_dnn.cc:9261] Unable to register cuDNN factory: Attempting to register factory for plugin cuDNN when one has already been registered
2026-06-10 09:27:47.324444: E external/local_xla/xla/stream_executor/cuda/cuda_fft.cc:607] Unable to register cuFFT factory: Attempting to register factory for plugin cuFFT when one has already been registered
2026-06-10 09:27:47.325534: E external/local_xla/xla/stream_executor/cuda/cuda_blas.cc:1515] Unable to register cuBLAS factory: Attempting to register factory for plugin cuBLAS when one has already been registered
[COMPREHENSIVE] loaded Optuna best JSON for shallow_d256_b2_r2 from /home/rsadve1/scratch/Extended_UPAIR_Narval_b32m16_portable/optuna/clean_b32_prb8_d256_40k_smart_trueDMRS_u34610_1dmrs_stageB_shallow_d256_b2_r2_best_params.json
[ISO-CHUNK] variant: shallow_d256_b2_r2
[ISO-CHUNK] receiver: upair5g_lmmse
[ISO-CHUNK] num_users: 3
[ISO-CHUNK] ebno_db: 0.0
[ISO-CHUNK] chunk_idx: 60
[ISO-CHUNK] chunk_batches: 20
[ISO-CHUNK] receiver_microbatch_size: 8
[ISO-CHUNK] chunk_seed: 7704214
[ISO-CHUNK] checkpoint: /scratch/rsadve1/Extended_UPAIR_Narval_b32m16_portable/TWC_plots_comprehensive/runs_rx16/seed7/1dmrs/shallow_d256_b2_r2/checkpoints/best.weights.h5
[ISO-CHUNK] TF_GPU_ALLOCATOR: cuda_malloc_async
[ISO-CHUNK] output tag: shallow_d256_b2_r2_u3_upair5g_lmmse_ebno0p0_chunk0060_m8_b20
[EVAL] receiver microbatching enabled: batch_size_eval=64 receiver_microbatch_size=8
WARNING:tensorflow:Model's `__init__()` arguments contain non-serializable objects. Please implement a `get_config()` method in the subclassed Model for proper saving and loading. Defaulting to empty config.
WARNING:tensorflow:Model's `__init__()` arguments contain non-serializable objects. Please implement a `get_config()` method in the subclassed Model for proper saving and loading. Defaulting to empty config.
[EVAL] loaded UPAIR checkpoint: /scratch/rsadve1/Extended_UPAIR_Narval_b32m16_portable/TWC_plots_comprehensive/runs_rx16/seed7/1dmrs/shallow_d256_b2_r2/checkpoints/best.weights.h5
[EVAL] skipping explicit NMSE channel-estimator calls for: upair5g_lmmse
[EVAL] instrumentation log_latency=True log_gpu_memory=True memory_cleanup_every_batches=1 memory_cleanup_every_microbatch=True stream_eval_microbatches=True compiled_receiver_error_counts=False receiver_call_jit_compile=False per_receiver_stopping=False target_bler_floor=1e-05 floor_num_frames=0 gpu_mem=0.04GiB peak=0.23GiB
[EVAL] receiver_call name=upair5g_lmmse mode=positional_y_no compiled_error_counts=False
[EVAL] progress num_users=3 Eb/N0=0 dB batches=10/20 frame_err=upair5g_lmmse:0/1920 elapsed=101.2s avg_batch=10.122s gpu_mem=2.87GiB peak=3.06GiB
