[ENV] Reusing portable venv: /home/rsadve1/scratch/.vevn_upair_potable
[ENV] Checking installed package metadata only; TensorFlow/Sionna are not imported here.
[ENV] Python 3.11.5
[ENV] numpy 1.26.4+computecanada
[ENV] pandas 2.2.3+computecanada
[ENV] matplotlib 3.10.0+computecanada
[ENV] PyYAML 6.0.2+computecanada
[ENV] scipy 1.15.1+computecanada
[ENV] tensorflow 2.15.1+computecanada
[ENV] sionna-no-rt 1.2.1
[ENV] optuna 4.8.0+computecanada
[ENV] Skipping TensorFlow/Sionna import check on this node. Set UPAIR_DEEP_IMPORT_CHECK=1 to test imports explicitly.
[ENV] Ready: REPO=/home/rsadve1/scratch/Extended_UPAIR_Narval_b32m16_portable
[ENV] Ready: VENV=/home/rsadve1/scratch/.vevn_upair_potable
[ENV] Reusing portable venv: /home/rsadve1/scratch/.vevn_upair_potable
[ENV] Checking installed package metadata only; TensorFlow/Sionna are not imported here.
[ENV] Python 3.11.5
[ENV] numpy 1.26.4+computecanada
[ENV] pandas 2.2.3+computecanada
[ENV] matplotlib 3.10.0+computecanada
[ENV] PyYAML 6.0.2+computecanada
[ENV] scipy 1.15.1+computecanada
[ENV] tensorflow 2.15.1+computecanada
[ENV] sionna-no-rt 1.2.1
[ENV] optuna 4.8.0+computecanada
[ENV] Skipping TensorFlow/Sionna import check on this node. Set UPAIR_DEEP_IMPORT_CHECK=1 to test imports explicitly.
[ENV] Ready: REPO=/home/rsadve1/scratch/Extended_UPAIR_Narval_b32m16_portable
[ENV] Ready: VENV=/home/rsadve1/scratch/.vevn_upair_potable
================================================================================
[PIPELINE] variant=main_d256_b4_r2
[PIPELINE] root=/home/rsadve1/scratch/Extended_UPAIR_Narval_b32m16_portable
[PIPELINE] stageB_prefix=clean_b32_prb8_d256_40k_smart_trueDMRS_u34610_1dmrs_stageB
[PIPELINE] receivers=baseline_ls_lmmse,baseline_ls_2dlmmse_lmmse,upair5g_lmmse,perfect_csi_lmmse
[PIPELINE] users=1,2,3,4
[PIPELINE] ebnos=-4,-3,-2,-1,0,1,2,3,4
[PIPELINE] chunk_batches=20 micro=8
================================================================================
[PIPELINE] training already complete for main_d256_b4_r2; skipping training.
[PIPELINE] starting/resuming isolated evaluation for main_d256_b4_r2.

--------------------------------------------------------------------------------
[PIPELINE] eval point variant=main_d256_b4_r2 receiver=baseline_ls_lmmse U=1 Eb/N0=-4
--------------------------------------------------------------------------------
[PIPELINE] status done=0 reason=continue chunks=0 batches=0 block_errors=0/100 next_chunk=0
2026-06-09 04:56:46.965027: E external/local_xla/xla/stream_executor/cuda/cuda_dnn.cc:9261] Unable to register cuDNN factory: Attempting to register factory for plugin cuDNN when one has already been registered
2026-06-09 04:56:46.965062: E external/local_xla/xla/stream_executor/cuda/cuda_fft.cc:607] Unable to register cuFFT factory: Attempting to register factory for plugin cuFFT when one has already been registered
2026-06-09 04:56:46.966132: E external/local_xla/xla/stream_executor/cuda/cuda_blas.cc:1515] Unable to register cuBLAS factory: Attempting to register factory for plugin cuBLAS when one has already been registered
[COMPREHENSIVE] loaded Optuna best JSON for main_d256_b4_r2 from /home/rsadve1/scratch/Extended_UPAIR_Narval_b32m16_portable/optuna/clean_b32_prb8_d256_40k_smart_trueDMRS_u34610_1dmrs_stageB_main_d256_b4_r2_best_params.json
[ISO-CHUNK] variant: main_d256_b4_r2
[ISO-CHUNK] receiver: baseline_ls_lmmse
[ISO-CHUNK] num_users: 1
[ISO-CHUNK] ebno_db: -4.0
[ISO-CHUNK] chunk_idx: 0
[ISO-CHUNK] chunk_batches: 20
[ISO-CHUNK] receiver_microbatch_size: 8
[ISO-CHUNK] chunk_seed: 1634016
[ISO-CHUNK] checkpoint: /scratch/rsadve1/Extended_UPAIR_Narval_b32m16_portable/TWC_plots_comprehensive/runs_rx16/seed7/1dmrs/main_d256_b4_r2/checkpoints/best.weights.h5
[ISO-CHUNK] TF_GPU_ALLOCATOR: cuda_malloc_async
[ISO-CHUNK] output tag: main_d256_b4_r2_u1_baseline_ls_lmmse_ebnom4p0_chunk0000_m8_b20
[EVAL] receiver microbatching enabled: batch_size_eval=64 receiver_microbatch_size=8
WARNING:tensorflow:Model's `__init__()` arguments contain non-serializable objects. Please implement a `get_config()` method in the subclassed Model for proper saving and loading. Defaulting to empty config.
WARNING:tensorflow:Model's `__init__()` arguments contain non-serializable objects. Please implement a `get_config()` method in the subclassed Model for proper saving and loading. Defaulting to empty config.
[EVAL] loaded UPAIR checkpoint: /scratch/rsadve1/Extended_UPAIR_Narval_b32m16_portable/TWC_plots_comprehensive/runs_rx16/seed7/1dmrs/main_d256_b4_r2/checkpoints/best.weights.h5
[EVAL] skipping explicit NMSE channel-estimator calls for: baseline_ls_lmmse
[EVAL] instrumentation log_latency=True log_gpu_memory=True memory_cleanup_every_batches=1 memory_cleanup_every_microbatch=True stream_eval_microbatches=True compiled_receiver_error_counts=False receiver_call_jit_compile=False per_receiver_stopping=False target_bler_floor=1e-05 floor_num_frames=0 gpu_mem=0.09GiB peak=0.26GiB
[EVAL] receiver_call name=baseline_ls_lmmse mode=positional_y_no compiled_error_counts=False
[EVAL] progress num_users=1 Eb/N0=-4 dB batches=10/20 frame_err=baseline_ls_lmmse:20/640 elapsed=80.0s avg_batch=8.004s gpu_mem=0.09GiB peak=0.26GiB
[EVAL] progress num_users=1 Eb/N0=-4 dB batches=20/20 frame_err=baseline_ls_lmmse:32/1280 elapsed=157.6s avg_batch=7.881s gpu_mem=0.09GiB peak=0.26GiB
[EVAL] receiver=       baseline_ls_lmmse Eb/N0=-4.0 dB BER=9.97564e-04 BLER=2.50000e-02 NMSE=nan bit_err=  3800/3809280  blk_err=   32/1280   batches=  20 stop=global_stop rx_time=115.28s rx_ms_batch=5764.1 rx_ms_frame=90.064 point_time=157.62s gpu_mem=0.09GiB peak=0.26GiB
[ISO-CHUNK] wrote: /home/rsadve1/scratch/Extended_UPAIR_Narval_b32m16_portable/_isolated_eval_chunks/main_d256_b4_r2_u1_baseline_ls_lmmse_ebnom4p0_chunk0000_m8_b20/chunk_result.csv
[ISO-CHUNK] DONE
[PIPELINE] status done=0 reason=continue chunks=1 batches=20 block_errors=32/100 next_chunk=1
2026-06-09 05:02:58.542187: E external/local_xla/xla/stream_executor/cuda/cuda_dnn.cc:9261] Unable to register cuDNN factory: Attempting to register factory for plugin cuDNN when one has already been registered
2026-06-09 05:02:58.542227: E external/local_xla/xla/stream_executor/cuda/cuda_fft.cc:607] Unable to register cuFFT factory: Attempting to register factory for plugin cuFFT when one has already been registered
2026-06-09 05:02:58.543253: E external/local_xla/xla/stream_executor/cuda/cuda_blas.cc:1515] Unable to register cuBLAS factory: Attempting to register factory for plugin cuBLAS when one has already been registered
[COMPREHENSIVE] loaded Optuna best JSON for main_d256_b4_r2 from /home/rsadve1/scratch/Extended_UPAIR_Narval_b32m16_portable/optuna/clean_b32_prb8_d256_40k_smart_trueDMRS_u34610_1dmrs_stageB_main_d256_b4_r2_best_params.json
[ISO-CHUNK] variant: main_d256_b4_r2
[ISO-CHUNK] receiver: baseline_ls_lmmse
[ISO-CHUNK] num_users: 1
[ISO-CHUNK] ebno_db: -4.0
[ISO-CHUNK] chunk_idx: 1
[ISO-CHUNK] chunk_batches: 20
[ISO-CHUNK] receiver_microbatch_size: 8
[ISO-CHUNK] chunk_seed: 1734019
[ISO-CHUNK] checkpoint: /scratch/rsadve1/Extended_UPAIR_Narval_b32m16_portable/TWC_plots_comprehensive/runs_rx16/seed7/1dmrs/main_d256_b4_r2/checkpoints/best.weights.h5
[ISO-CHUNK] TF_GPU_ALLOCATOR: cuda_malloc_async
[ISO-CHUNK] output tag: main_d256_b4_r2_u1_baseline_ls_lmmse_ebnom4p0_chunk0001_m8_b20
[EVAL] receiver microbatching enabled: batch_size_eval=64 receiver_microbatch_size=8
WARNING:tensorflow:Model's `__init__()` arguments contain non-serializable objects. Please implement a `get_config()` method in the subclassed Model for proper saving and loading. Defaulting to empty config.
WARNING:tensorflow:Model's `__init__()` arguments contain non-serializable objects. Please implement a `get_config()` method in the subclassed Model for proper saving and loading. Defaulting to empty config.
[EVAL] loaded UPAIR checkpoint: /scratch/rsadve1/Extended_UPAIR_Narval_b32m16_portable/TWC_plots_comprehensive/runs_rx16/seed7/1dmrs/main_d256_b4_r2/checkpoints/best.weights.h5
[EVAL] skipping explicit NMSE channel-estimator calls for: baseline_ls_lmmse
[EVAL] instrumentation log_latency=True log_gpu_memory=True memory_cleanup_every_batches=1 memory_cleanup_every_microbatch=True stream_eval_microbatches=True compiled_receiver_error_counts=False receiver_call_jit_compile=False per_receiver_stopping=False target_bler_floor=1e-05 floor_num_frames=0 gpu_mem=0.09GiB peak=0.26GiB
[EVAL] receiver_call name=baseline_ls_lmmse mode=positional_y_no compiled_error_counts=False
[EVAL] progress num_users=1 Eb/N0=-4 dB batches=10/20 frame_err=baseline_ls_lmmse:11/640 elapsed=77.7s avg_batch=7.767s gpu_mem=0.09GiB peak=0.26GiB
[EVAL] progress num_users=1 Eb/N0=-4 dB batches=20/20 frame_err=baseline_ls_lmmse:20/1280 elapsed=154.7s avg_batch=7.737s gpu_mem=0.09GiB peak=0.26GiB
[EVAL] receiver=       baseline_ls_lmmse Eb/N0=-4.0 dB BER=3.50197e-04 BLER=1.56250e-02 NMSE=nan bit_err=  1334/3809280  blk_err=   20/1280   batches=  20 stop=global_stop rx_time=112.67s rx_ms_batch=5633.3 rx_ms_frame=88.020 point_time=154.75s gpu_mem=0.09GiB peak=0.26GiB
[ISO-CHUNK] wrote: /home/rsadve1/scratch/Extended_UPAIR_Narval_b32m16_portable/_isolated_eval_chunks/main_d256_b4_r2_u1_baseline_ls_lmmse_ebnom4p0_chunk0001_m8_b20/chunk_result.csv
[ISO-CHUNK] DONE
[PIPELINE] status done=0 reason=continue chunks=2 batches=40 block_errors=52/100 next_chunk=2
2026-06-09 05:08:17.217961: E external/local_xla/xla/stream_executor/cuda/cuda_dnn.cc:9261] Unable to register cuDNN factory: Attempting to register factory for plugin cuDNN when one has already been registered
2026-06-09 05:08:17.217997: E external/local_xla/xla/stream_executor/cuda/cuda_fft.cc:607] Unable to register cuFFT factory: Attempting to register factory for plugin cuFFT when one has already been registered
2026-06-09 05:08:17.219093: E external/local_xla/xla/stream_executor/cuda/cuda_blas.cc:1515] Unable to register cuBLAS factory: Attempting to register factory for plugin cuBLAS when one has already been registered
[COMPREHENSIVE] loaded Optuna best JSON for main_d256_b4_r2 from /home/rsadve1/scratch/Extended_UPAIR_Narval_b32m16_portable/optuna/clean_b32_prb8_d256_40k_smart_trueDMRS_u34610_1dmrs_stageB_main_d256_b4_r2_best_params.json
[ISO-CHUNK] variant: main_d256_b4_r2
[ISO-CHUNK] receiver: baseline_ls_lmmse
[ISO-CHUNK] num_users: 1
[ISO-CHUNK] ebno_db: -4.0
[ISO-CHUNK] chunk_idx: 2
[ISO-CHUNK] chunk_batches: 20
[ISO-CHUNK] receiver_microbatch_size: 8
[ISO-CHUNK] chunk_seed: 1834022
[ISO-CHUNK] checkpoint: /scratch/rsadve1/Extended_UPAIR_Narval_b32m16_portable/TWC_plots_comprehensive/runs_rx16/seed7/1dmrs/main_d256_b4_r2/checkpoints/best.weights.h5
[ISO-CHUNK] TF_GPU_ALLOCATOR: cuda_malloc_async
[ISO-CHUNK] output tag: main_d256_b4_r2_u1_baseline_ls_lmmse_ebnom4p0_chunk0002_m8_b20
[EVAL] receiver microbatching enabled: batch_size_eval=64 receiver_microbatch_size=8
WARNING:tensorflow:Model's `__init__()` arguments contain non-serializable objects. Please implement a `get_config()` method in the subclassed Model for proper saving and loading. Defaulting to empty config.
WARNING:tensorflow:Model's `__init__()` arguments contain non-serializable objects. Please implement a `get_config()` method in the subclassed Model for proper saving and loading. Defaulting to empty config.
[EVAL] loaded UPAIR checkpoint: /scratch/rsadve1/Extended_UPAIR_Narval_b32m16_portable/TWC_plots_comprehensive/runs_rx16/seed7/1dmrs/main_d256_b4_r2/checkpoints/best.weights.h5
[EVAL] skipping explicit NMSE channel-estimator calls for: baseline_ls_lmmse
[EVAL] instrumentation log_latency=True log_gpu_memory=True memory_cleanup_every_batches=1 memory_cleanup_every_microbatch=True stream_eval_microbatches=True compiled_receiver_error_counts=False receiver_call_jit_compile=False per_receiver_stopping=False target_bler_floor=1e-05 floor_num_frames=0 gpu_mem=0.09GiB peak=0.26GiB
[EVAL] receiver_call name=baseline_ls_lmmse mode=positional_y_no compiled_error_counts=False
[EVAL] progress num_users=1 Eb/N0=-4 dB batches=10/20 frame_err=baseline_ls_lmmse:14/640 elapsed=79.3s avg_batch=7.933s gpu_mem=0.09GiB peak=0.26GiB
[EVAL] progress num_users=1 Eb/N0=-4 dB batches=20/20 frame_err=baseline_ls_lmmse:37/1280 elapsed=156.6s avg_batch=7.832s gpu_mem=0.09GiB peak=0.26GiB
[EVAL] receiver=       baseline_ls_lmmse Eb/N0=-4.0 dB BER=9.89163e-04 BLER=2.89063e-02 NMSE=nan bit_err=  3768/3809280  blk_err=   37/1280   batches=  20 stop=global_stop rx_time=114.18s rx_ms_batch=5708.8 rx_ms_frame=89.201 point_time=156.63s gpu_mem=0.09GiB peak=0.26GiB
[ISO-CHUNK] wrote: /home/rsadve1/scratch/Extended_UPAIR_Narval_b32m16_portable/_isolated_eval_chunks/main_d256_b4_r2_u1_baseline_ls_lmmse_ebnom4p0_chunk0002_m8_b20/chunk_result.csv
[ISO-CHUNK] DONE
[PIPELINE] status done=0 reason=continue chunks=3 batches=60 block_errors=89/100 next_chunk=3
2026-06-09 05:12:38.783913: E external/local_xla/xla/stream_executor/cuda/cuda_dnn.cc:9261] Unable to register cuDNN factory: Attempting to register factory for plugin cuDNN when one has already been registered
2026-06-09 05:12:38.783955: E external/local_xla/xla/stream_executor/cuda/cuda_fft.cc:607] Unable to register cuFFT factory: Attempting to register factory for plugin cuFFT when one has already been registered
2026-06-09 05:12:38.785002: E external/local_xla/xla/stream_executor/cuda/cuda_blas.cc:1515] Unable to register cuBLAS factory: Attempting to register factory for plugin cuBLAS when one has already been registered
[COMPREHENSIVE] loaded Optuna best JSON for main_d256_b4_r2 from /home/rsadve1/scratch/Extended_UPAIR_Narval_b32m16_portable/optuna/clean_b32_prb8_d256_40k_smart_trueDMRS_u34610_1dmrs_stageB_main_d256_b4_r2_best_params.json
[ISO-CHUNK] variant: main_d256_b4_r2
[ISO-CHUNK] receiver: baseline_ls_lmmse
[ISO-CHUNK] num_users: 1
[ISO-CHUNK] ebno_db: -4.0
[ISO-CHUNK] chunk_idx: 3
[ISO-CHUNK] chunk_batches: 20
[ISO-CHUNK] receiver_microbatch_size: 8
[ISO-CHUNK] chunk_seed: 1934025
[ISO-CHUNK] checkpoint: /scratch/rsadve1/Extended_UPAIR_Narval_b32m16_portable/TWC_plots_comprehensive/runs_rx16/seed7/1dmrs/main_d256_b4_r2/checkpoints/best.weights.h5
[ISO-CHUNK] TF_GPU_ALLOCATOR: cuda_malloc_async
[ISO-CHUNK] output tag: main_d256_b4_r2_u1_baseline_ls_lmmse_ebnom4p0_chunk0003_m8_b20
[EVAL] receiver microbatching enabled: batch_size_eval=64 receiver_microbatch_size=8
WARNING:tensorflow:Model's `__init__()` arguments contain non-serializable objects. Please implement a `get_config()` method in the subclassed Model for proper saving and loading. Defaulting to empty config.
WARNING:tensorflow:Model's `__init__()` arguments contain non-serializable objects. Please implement a `get_config()` method in the subclassed Model for proper saving and loading. Defaulting to empty config.
[EVAL] loaded UPAIR checkpoint: /scratch/rsadve1/Extended_UPAIR_Narval_b32m16_portable/TWC_plots_comprehensive/runs_rx16/seed7/1dmrs/main_d256_b4_r2/checkpoints/best.weights.h5
[EVAL] skipping explicit NMSE channel-estimator calls for: baseline_ls_lmmse
[EVAL] instrumentation log_latency=True log_gpu_memory=True memory_cleanup_every_batches=1 memory_cleanup_every_microbatch=True stream_eval_microbatches=True compiled_receiver_error_counts=False receiver_call_jit_compile=False per_receiver_stopping=False target_bler_floor=1e-05 floor_num_frames=0 gpu_mem=0.09GiB peak=0.26GiB
[EVAL] receiver_call name=baseline_ls_lmmse mode=positional_y_no compiled_error_counts=False
[EVAL] progress num_users=1 Eb/N0=-4 dB batches=10/20 frame_err=baseline_ls_lmmse:18/640 elapsed=78.7s avg_batch=7.872s gpu_mem=0.09GiB peak=0.26GiB
[EVAL] progress num_users=1 Eb/N0=-4 dB batches=20/20 frame_err=baseline_ls_lmmse:35/1280 elapsed=155.7s avg_batch=7.785s gpu_mem=0.09GiB peak=0.26GiB
[EVAL] receiver=       baseline_ls_lmmse Eb/N0=-4.0 dB BER=1.19445e-03 BLER=2.73438e-02 NMSE=nan bit_err=  4550/3809280  blk_err=   35/1280   batches=  20 stop=global_stop rx_time=113.54s rx_ms_batch=5677.0 rx_ms_frame=88.704 point_time=155.69s gpu_mem=0.09GiB peak=0.26GiB
[ISO-CHUNK] wrote: /home/rsadve1/scratch/Extended_UPAIR_Narval_b32m16_portable/_isolated_eval_chunks/main_d256_b4_r2_u1_baseline_ls_lmmse_ebnom4p0_chunk0003_m8_b20/chunk_result.csv
[ISO-CHUNK] DONE
[PIPELINE] status done=1 reason=target_block_errors chunks=4 batches=80 block_errors=124/100 next_chunk=-1
[ISO-MERGE] chunks: 4
[ISO-MERGE] rows: 1
[ISO-MERGE] wrote: /home/rsadve1/scratch/Extended_UPAIR_Narval_b32m16_portable/_isolated_eval_chunks/merged_main_d256_b4_r2_u1_baseline_ls_lmmse_em4.csv
[ISO-MERGE] wrote: /home/rsadve1/scratch/Extended_UPAIR_Narval_b32m16_portable/_isolated_eval_chunks/merged_main_d256_b4_r2_u1_baseline_ls_lmmse_em4.summary.json
         receiver         variant dmrs_case  seed  training_seed  num_users  ebno_db  num_chunks chunk_indices  bit_errors  num_bits  block_errors  num_blocks  num_batches_run  point_elapsed_s  data_elapsed_s  receiver_elapsed_s      ber     bler  nmse       mc_stop_reason  target_bler_floor  bler_zero_error_upper_bound  ber_zero_error_upper_bound  receiver_ms_per_batch  receiver_ms_per_frame  reliable_ber  reliable_bler
baseline_ls_lmmse main_d256_b4_r2     1dmrs     7              7          1     -4.0           4       0,1,2,3       13452  15237120           124        5120               80       624.693135       93.869044          455.664333 0.000883 0.024219   NaN isolated_chunk_merge                NaN                          NaN                         NaN            5695.804159               88.99694          True           True

--------------------------------------------------------------------------------
[PIPELINE] eval point variant=main_d256_b4_r2 receiver=baseline_ls_lmmse U=1 Eb/N0=-3
--------------------------------------------------------------------------------
[PIPELINE] status done=0 reason=continue chunks=0 batches=0 block_errors=0/100 next_chunk=0
2026-06-09 05:16:59.898242: E external/local_xla/xla/stream_executor/cuda/cuda_dnn.cc:9261] Unable to register cuDNN factory: Attempting to register factory for plugin cuDNN when one has already been registered
2026-06-09 05:16:59.898283: E external/local_xla/xla/stream_executor/cuda/cuda_fft.cc:607] Unable to register cuFFT factory: Attempting to register factory for plugin cuFFT when one has already been registered
2026-06-09 05:16:59.899315: E external/local_xla/xla/stream_executor/cuda/cuda_blas.cc:1515] Unable to register cuBLAS factory: Attempting to register factory for plugin cuBLAS when one has already been registered
[COMPREHENSIVE] loaded Optuna best JSON for main_d256_b4_r2 from /home/rsadve1/scratch/Extended_UPAIR_Narval_b32m16_portable/optuna/clean_b32_prb8_d256_40k_smart_trueDMRS_u34610_1dmrs_stageB_main_d256_b4_r2_best_params.json
[ISO-CHUNK] variant: main_d256_b4_r2
[ISO-CHUNK] receiver: baseline_ls_lmmse
[ISO-CHUNK] num_users: 1
[ISO-CHUNK] ebno_db: -3.0
[ISO-CHUNK] chunk_idx: 0
[ISO-CHUNK] chunk_batches: 20
[ISO-CHUNK] receiver_microbatch_size: 8
[ISO-CHUNK] chunk_seed: 1651016
[ISO-CHUNK] checkpoint: /scratch/rsadve1/Extended_UPAIR_Narval_b32m16_portable/TWC_plots_comprehensive/runs_rx16/seed7/1dmrs/main_d256_b4_r2/checkpoints/best.weights.h5
[ISO-CHUNK] TF_GPU_ALLOCATOR: cuda_malloc_async
[ISO-CHUNK] output tag: main_d256_b4_r2_u1_baseline_ls_lmmse_ebnom3p0_chunk0000_m8_b20
[EVAL] receiver microbatching enabled: batch_size_eval=64 receiver_microbatch_size=8
WARNING:tensorflow:Model's `__init__()` arguments contain non-serializable objects. Please implement a `get_config()` method in the subclassed Model for proper saving and loading. Defaulting to empty config.
WARNING:tensorflow:Model's `__init__()` arguments contain non-serializable objects. Please implement a `get_config()` method in the subclassed Model for proper saving and loading. Defaulting to empty config.
[EVAL] loaded UPAIR checkpoint: /scratch/rsadve1/Extended_UPAIR_Narval_b32m16_portable/TWC_plots_comprehensive/runs_rx16/seed7/1dmrs/main_d256_b4_r2/checkpoints/best.weights.h5
[EVAL] skipping explicit NMSE channel-estimator calls for: baseline_ls_lmmse
[EVAL] instrumentation log_latency=True log_gpu_memory=True memory_cleanup_every_batches=1 memory_cleanup_every_microbatch=True stream_eval_microbatches=True compiled_receiver_error_counts=False receiver_call_jit_compile=False per_receiver_stopping=False target_bler_floor=1e-05 floor_num_frames=0 gpu_mem=0.09GiB peak=0.26GiB
[EVAL] receiver_call name=baseline_ls_lmmse mode=positional_y_no compiled_error_counts=False
[EVAL] progress num_users=1 Eb/N0=-3 dB batches=10/20 frame_err=baseline_ls_lmmse:0/640 elapsed=78.6s avg_batch=7.857s gpu_mem=0.09GiB peak=0.26GiB
[EVAL] progress num_users=1 Eb/N0=-3 dB batches=20/20 frame_err=baseline_ls_lmmse:0/1280 elapsed=155.5s avg_batch=7.775s gpu_mem=0.09GiB peak=0.26GiB
[EVAL] receiver=       baseline_ls_lmmse Eb/N0=-3.0 dB BER=0.00000e+00 BLER=0.00000e+00 NMSE=nan bit_err=     0/3809280  blk_err=    0/1280   batches=  20 stop=global_stop bler_ub=2.344e-03 rx_time=113.86s rx_ms_batch=5692.9 rx_ms_frame=88.952 point_time=155.50s gpu_mem=0.09GiB peak=0.26GiB
[ISO-CHUNK] wrote: /home/rsadve1/scratch/Extended_UPAIR_Narval_b32m16_portable/_isolated_eval_chunks/main_d256_b4_r2_u1_baseline_ls_lmmse_ebnom3p0_chunk0000_m8_b20/chunk_result.csv
[ISO-CHUNK] DONE
[PIPELINE] status done=0 reason=continue chunks=1 batches=20 block_errors=0/100 next_chunk=1
2026-06-09 05:23:57.791713: E external/local_xla/xla/stream_executor/cuda/cuda_dnn.cc:9261] Unable to register cuDNN factory: Attempting to register factory for plugin cuDNN when one has already been registered
2026-06-09 05:23:57.791754: E external/local_xla/xla/stream_executor/cuda/cuda_fft.cc:607] Unable to register cuFFT factory: Attempting to register factory for plugin cuFFT when one has already been registered
2026-06-09 05:23:57.792776: E external/local_xla/xla/stream_executor/cuda/cuda_blas.cc:1515] Unable to register cuBLAS factory: Attempting to register factory for plugin cuBLAS when one has already been registered
[COMPREHENSIVE] loaded Optuna best JSON for main_d256_b4_r2 from /home/rsadve1/scratch/Extended_UPAIR_Narval_b32m16_portable/optuna/clean_b32_prb8_d256_40k_smart_trueDMRS_u34610_1dmrs_stageB_main_d256_b4_r2_best_params.json
[ISO-CHUNK] variant: main_d256_b4_r2
[ISO-CHUNK] receiver: baseline_ls_lmmse
[ISO-CHUNK] num_users: 1
[ISO-CHUNK] ebno_db: -3.0
[ISO-CHUNK] chunk_idx: 1
[ISO-CHUNK] chunk_batches: 20
[ISO-CHUNK] receiver_microbatch_size: 8
[ISO-CHUNK] chunk_seed: 1751019
[ISO-CHUNK] checkpoint: /scratch/rsadve1/Extended_UPAIR_Narval_b32m16_portable/TWC_plots_comprehensive/runs_rx16/seed7/1dmrs/main_d256_b4_r2/checkpoints/best.weights.h5
[ISO-CHUNK] TF_GPU_ALLOCATOR: cuda_malloc_async
[ISO-CHUNK] output tag: main_d256_b4_r2_u1_baseline_ls_lmmse_ebnom3p0_chunk0001_m8_b20
[EVAL] receiver microbatching enabled: batch_size_eval=64 receiver_microbatch_size=8
WARNING:tensorflow:Model's `__init__()` arguments contain non-serializable objects. Please implement a `get_config()` method in the subclassed Model for proper saving and loading. Defaulting to empty config.
WARNING:tensorflow:Model's `__init__()` arguments contain non-serializable objects. Please implement a `get_config()` method in the subclassed Model for proper saving and loading. Defaulting to empty config.
[EVAL] loaded UPAIR checkpoint: /scratch/rsadve1/Extended_UPAIR_Narval_b32m16_portable/TWC_plots_comprehensive/runs_rx16/seed7/1dmrs/main_d256_b4_r2/checkpoints/best.weights.h5
[EVAL] skipping explicit NMSE channel-estimator calls for: baseline_ls_lmmse
[EVAL] instrumentation log_latency=True log_gpu_memory=True memory_cleanup_every_batches=1 memory_cleanup_every_microbatch=True stream_eval_microbatches=True compiled_receiver_error_counts=False receiver_call_jit_compile=False per_receiver_stopping=False target_bler_floor=1e-05 floor_num_frames=0 gpu_mem=0.09GiB peak=0.26GiB
[EVAL] receiver_call name=baseline_ls_lmmse mode=positional_y_no compiled_error_counts=False
[EVAL] progress num_users=1 Eb/N0=-3 dB batches=10/20 frame_err=baseline_ls_lmmse:0/640 elapsed=80.7s avg_batch=8.075s gpu_mem=0.09GiB peak=0.26GiB
[EVAL] progress num_users=1 Eb/N0=-3 dB batches=20/20 frame_err=baseline_ls_lmmse:2/1280 elapsed=158.2s avg_batch=7.908s gpu_mem=0.09GiB peak=0.26GiB
[EVAL] receiver=       baseline_ls_lmmse Eb/N0=-3.0 dB BER=9.10933e-05 BLER=1.56250e-03 NMSE=nan bit_err=   347/3809280  blk_err=    2/1280   batches=  20 stop=global_stop rx_time=115.59s rx_ms_batch=5779.4 rx_ms_frame=90.304 point_time=158.17s gpu_mem=0.09GiB peak=0.26GiB
[ISO-CHUNK] wrote: /home/rsadve1/scratch/Extended_UPAIR_Narval_b32m16_portable/_isolated_eval_chunks/main_d256_b4_r2_u1_baseline_ls_lmmse_ebnom3p0_chunk0001_m8_b20/chunk_result.csv
[ISO-CHUNK] DONE
[PIPELINE] status done=0 reason=continue chunks=2 batches=40 block_errors=2/100 next_chunk=2
2026-06-09 05:29:50.081257: E external/local_xla/xla/stream_executor/cuda/cuda_dnn.cc:9261] Unable to register cuDNN factory: Attempting to register factory for plugin cuDNN when one has already been registered
2026-06-09 05:29:50.081301: E external/local_xla/xla/stream_executor/cuda/cuda_fft.cc:607] Unable to register cuFFT factory: Attempting to register factory for plugin cuFFT when one has already been registered
2026-06-09 05:29:50.082379: E external/local_xla/xla/stream_executor/cuda/cuda_blas.cc:1515] Unable to register cuBLAS factory: Attempting to register factory for plugin cuBLAS when one has already been registered
[COMPREHENSIVE] loaded Optuna best JSON for main_d256_b4_r2 from /home/rsadve1/scratch/Extended_UPAIR_Narval_b32m16_portable/optuna/clean_b32_prb8_d256_40k_smart_trueDMRS_u34610_1dmrs_stageB_main_d256_b4_r2_best_params.json
[ISO-CHUNK] variant: main_d256_b4_r2
[ISO-CHUNK] receiver: baseline_ls_lmmse
[ISO-CHUNK] num_users: 1
[ISO-CHUNK] ebno_db: -3.0
[ISO-CHUNK] chunk_idx: 2
[ISO-CHUNK] chunk_batches: 20
[ISO-CHUNK] receiver_microbatch_size: 8
[ISO-CHUNK] chunk_seed: 1851022
[ISO-CHUNK] checkpoint: /scratch/rsadve1/Extended_UPAIR_Narval_b32m16_portable/TWC_plots_comprehensive/runs_rx16/seed7/1dmrs/main_d256_b4_r2/checkpoints/best.weights.h5
[ISO-CHUNK] TF_GPU_ALLOCATOR: cuda_malloc_async
[ISO-CHUNK] output tag: main_d256_b4_r2_u1_baseline_ls_lmmse_ebnom3p0_chunk0002_m8_b20
[EVAL] receiver microbatching enabled: batch_size_eval=64 receiver_microbatch_size=8
WARNING:tensorflow:Model's `__init__()` arguments contain non-serializable objects. Please implement a `get_config()` method in the subclassed Model for proper saving and loading. Defaulting to empty config.
WARNING:tensorflow:Model's `__init__()` arguments contain non-serializable objects. Please implement a `get_config()` method in the subclassed Model for proper saving and loading. Defaulting to empty config.
[EVAL] loaded UPAIR checkpoint: /scratch/rsadve1/Extended_UPAIR_Narval_b32m16_portable/TWC_plots_comprehensive/runs_rx16/seed7/1dmrs/main_d256_b4_r2/checkpoints/best.weights.h5
[EVAL] skipping explicit NMSE channel-estimator calls for: baseline_ls_lmmse
[EVAL] instrumentation log_latency=True log_gpu_memory=True memory_cleanup_every_batches=1 memory_cleanup_every_microbatch=True stream_eval_microbatches=True compiled_receiver_error_counts=False receiver_call_jit_compile=False per_receiver_stopping=False target_bler_floor=1e-05 floor_num_frames=0 gpu_mem=0.09GiB peak=0.26GiB
[EVAL] receiver_call name=baseline_ls_lmmse mode=positional_y_no compiled_error_counts=False
[EVAL] progress num_users=1 Eb/N0=-3 dB batches=10/20 frame_err=baseline_ls_lmmse:1/640 elapsed=78.1s avg_batch=7.806s gpu_mem=0.09GiB peak=0.26GiB
[EVAL] progress num_users=1 Eb/N0=-3 dB batches=20/20 frame_err=baseline_ls_lmmse:3/1280 elapsed=154.8s avg_batch=7.741s gpu_mem=0.09GiB peak=0.26GiB
[EVAL] receiver=       baseline_ls_lmmse Eb/N0=-3.0 dB BER=7.42923e-05 BLER=2.34375e-03 NMSE=nan bit_err=   283/3809280  blk_err=    3/1280   batches=  20 stop=global_stop rx_time=112.44s rx_ms_batch=5621.9 rx_ms_frame=87.842 point_time=154.83s gpu_mem=0.09GiB peak=0.26GiB
[ISO-CHUNK] wrote: /home/rsadve1/scratch/Extended_UPAIR_Narval_b32m16_portable/_isolated_eval_chunks/main_d256_b4_r2_u1_baseline_ls_lmmse_ebnom3p0_chunk0002_m8_b20/chunk_result.csv
[ISO-CHUNK] DONE
[PIPELINE] status done=0 reason=continue chunks=3 batches=60 block_errors=5/100 next_chunk=3
2026-06-09 05:35:42.605381: E external/local_xla/xla/stream_executor/cuda/cuda_dnn.cc:9261] Unable to register cuDNN factory: Attempting to register factory for plugin cuDNN when one has already been registered
2026-06-09 05:35:42.605415: E external/local_xla/xla/stream_executor/cuda/cuda_fft.cc:607] Unable to register cuFFT factory: Attempting to register factory for plugin cuFFT when one has already been registered
2026-06-09 05:35:42.606490: E external/local_xla/xla/stream_executor/cuda/cuda_blas.cc:1515] Unable to register cuBLAS factory: Attempting to register factory for plugin cuBLAS when one has already been registered
[COMPREHENSIVE] loaded Optuna best JSON for main_d256_b4_r2 from /home/rsadve1/scratch/Extended_UPAIR_Narval_b32m16_portable/optuna/clean_b32_prb8_d256_40k_smart_trueDMRS_u34610_1dmrs_stageB_main_d256_b4_r2_best_params.json
[ISO-CHUNK] variant: main_d256_b4_r2
[ISO-CHUNK] receiver: baseline_ls_lmmse
[ISO-CHUNK] num_users: 1
[ISO-CHUNK] ebno_db: -3.0
[ISO-CHUNK] chunk_idx: 3
[ISO-CHUNK] chunk_batches: 20
[ISO-CHUNK] receiver_microbatch_size: 8
[ISO-CHUNK] chunk_seed: 1951025
[ISO-CHUNK] checkpoint: /scratch/rsadve1/Extended_UPAIR_Narval_b32m16_portable/TWC_plots_comprehensive/runs_rx16/seed7/1dmrs/main_d256_b4_r2/checkpoints/best.weights.h5
[ISO-CHUNK] TF_GPU_ALLOCATOR: cuda_malloc_async
[ISO-CHUNK] output tag: main_d256_b4_r2_u1_baseline_ls_lmmse_ebnom3p0_chunk0003_m8_b20
[EVAL] receiver microbatching enabled: batch_size_eval=64 receiver_microbatch_size=8
WARNING:tensorflow:Model's `__init__()` arguments contain non-serializable objects. Please implement a `get_config()` method in the subclassed Model for proper saving and loading. Defaulting to empty config.
WARNING:tensorflow:Model's `__init__()` arguments contain non-serializable objects. Please implement a `get_config()` method in the subclassed Model for proper saving and loading. Defaulting to empty config.
[EVAL] loaded UPAIR checkpoint: /scratch/rsadve1/Extended_UPAIR_Narval_b32m16_portable/TWC_plots_comprehensive/runs_rx16/seed7/1dmrs/main_d256_b4_r2/checkpoints/best.weights.h5
[EVAL] skipping explicit NMSE channel-estimator calls for: baseline_ls_lmmse
[EVAL] instrumentation log_latency=True log_gpu_memory=True memory_cleanup_every_batches=1 memory_cleanup_every_microbatch=True stream_eval_microbatches=True compiled_receiver_error_counts=False receiver_call_jit_compile=False per_receiver_stopping=False target_bler_floor=1e-05 floor_num_frames=0 gpu_mem=0.09GiB peak=0.26GiB
[EVAL] receiver_call name=baseline_ls_lmmse mode=positional_y_no compiled_error_counts=False
[EVAL] progress num_users=1 Eb/N0=-3 dB batches=10/20 frame_err=baseline_ls_lmmse:1/640 elapsed=77.6s avg_batch=7.763s gpu_mem=0.09GiB peak=0.26GiB
[EVAL] progress num_users=1 Eb/N0=-3 dB batches=20/20 frame_err=baseline_ls_lmmse:3/1280 elapsed=154.4s avg_batch=7.722s gpu_mem=0.09GiB peak=0.26GiB
[EVAL] receiver=       baseline_ls_lmmse Eb/N0=-3.0 dB BER=7.79675e-05 BLER=2.34375e-03 NMSE=nan bit_err=   297/3809280  blk_err=    3/1280   batches=  20 stop=global_stop rx_time=112.43s rx_ms_batch=5621.6 rx_ms_frame=87.837 point_time=154.44s gpu_mem=0.09GiB peak=0.26GiB
[ISO-CHUNK] wrote: /home/rsadve1/scratch/Extended_UPAIR_Narval_b32m16_portable/_isolated_eval_chunks/main_d256_b4_r2_u1_baseline_ls_lmmse_ebnom3p0_chunk0003_m8_b20/chunk_result.csv
[ISO-CHUNK] DONE
[PIPELINE] status done=0 reason=continue chunks=4 batches=80 block_errors=8/100 next_chunk=4
2026-06-09 05:39:33.494716: E external/local_xla/xla/stream_executor/cuda/cuda_dnn.cc:9261] Unable to register cuDNN factory: Attempting to register factory for plugin cuDNN when one has already been registered
2026-06-09 05:39:33.494757: E external/local_xla/xla/stream_executor/cuda/cuda_fft.cc:607] Unable to register cuFFT factory: Attempting to register factory for plugin cuFFT when one has already been registered
2026-06-09 05:39:33.495812: E external/local_xla/xla/stream_executor/cuda/cuda_blas.cc:1515] Unable to register cuBLAS factory: Attempting to register factory for plugin cuBLAS when one has already been registered
[COMPREHENSIVE] loaded Optuna best JSON for main_d256_b4_r2 from /home/rsadve1/scratch/Extended_UPAIR_Narval_b32m16_portable/optuna/clean_b32_prb8_d256_40k_smart_trueDMRS_u34610_1dmrs_stageB_main_d256_b4_r2_best_params.json
[ISO-CHUNK] variant: main_d256_b4_r2
[ISO-CHUNK] receiver: baseline_ls_lmmse
[ISO-CHUNK] num_users: 1
[ISO-CHUNK] ebno_db: -3.0
[ISO-CHUNK] chunk_idx: 4
[ISO-CHUNK] chunk_batches: 20
[ISO-CHUNK] receiver_microbatch_size: 8
[ISO-CHUNK] chunk_seed: 2051028
[ISO-CHUNK] checkpoint: /scratch/rsadve1/Extended_UPAIR_Narval_b32m16_portable/TWC_plots_comprehensive/runs_rx16/seed7/1dmrs/main_d256_b4_r2/checkpoints/best.weights.h5
[ISO-CHUNK] TF_GPU_ALLOCATOR: cuda_malloc_async
[ISO-CHUNK] output tag: main_d256_b4_r2_u1_baseline_ls_lmmse_ebnom3p0_chunk0004_m8_b20
[EVAL] receiver microbatching enabled: batch_size_eval=64 receiver_microbatch_size=8
WARNING:tensorflow:Model's `__init__()` arguments contain non-serializable objects. Please implement a `get_config()` method in the subclassed Model for proper saving and loading. Defaulting to empty config.
WARNING:tensorflow:Model's `__init__()` arguments contain non-serializable objects. Please implement a `get_config()` method in the subclassed Model for proper saving and loading. Defaulting to empty config.
[EVAL] loaded UPAIR checkpoint: /scratch/rsadve1/Extended_UPAIR_Narval_b32m16_portable/TWC_plots_comprehensive/runs_rx16/seed7/1dmrs/main_d256_b4_r2/checkpoints/best.weights.h5
[EVAL] skipping explicit NMSE channel-estimator calls for: baseline_ls_lmmse
[EVAL] instrumentation log_latency=True log_gpu_memory=True memory_cleanup_every_batches=1 memory_cleanup_every_microbatch=True stream_eval_microbatches=True compiled_receiver_error_counts=False receiver_call_jit_compile=False per_receiver_stopping=False target_bler_floor=1e-05 floor_num_frames=0 gpu_mem=0.09GiB peak=0.26GiB
[EVAL] receiver_call name=baseline_ls_lmmse mode=positional_y_no compiled_error_counts=False
[EVAL] progress num_users=1 Eb/N0=-3 dB batches=10/20 frame_err=baseline_ls_lmmse:1/640 elapsed=78.1s avg_batch=7.812s gpu_mem=0.09GiB peak=0.26GiB
[EVAL] progress num_users=1 Eb/N0=-3 dB batches=20/20 frame_err=baseline_ls_lmmse:1/1280 elapsed=156.1s avg_batch=7.806s gpu_mem=0.09GiB peak=0.26GiB
[EVAL] receiver=       baseline_ls_lmmse Eb/N0=-3.0 dB BER=3.41272e-06 BLER=7.81250e-04 NMSE=nan bit_err=    13/3809280  blk_err=    1/1280   batches=  20 stop=global_stop rx_time=113.31s rx_ms_batch=5665.6 rx_ms_frame=88.525 point_time=156.13s gpu_mem=0.09GiB peak=0.26GiB
[ISO-CHUNK] wrote: /home/rsadve1/scratch/Extended_UPAIR_Narval_b32m16_portable/_isolated_eval_chunks/main_d256_b4_r2_u1_baseline_ls_lmmse_ebnom3p0_chunk0004_m8_b20/chunk_result.csv
[ISO-CHUNK] DONE
[PIPELINE] status done=0 reason=continue chunks=5 batches=100 block_errors=9/100 next_chunk=5
2026-06-09 05:43:14.085263: E external/local_xla/xla/stream_executor/cuda/cuda_dnn.cc:9261] Unable to register cuDNN factory: Attempting to register factory for plugin cuDNN when one has already been registered
2026-06-09 05:43:14.085308: E external/local_xla/xla/stream_executor/cuda/cuda_fft.cc:607] Unable to register cuFFT factory: Attempting to register factory for plugin cuFFT when one has already been registered
2026-06-09 05:43:14.086406: E external/local_xla/xla/stream_executor/cuda/cuda_blas.cc:1515] Unable to register cuBLAS factory: Attempting to register factory for plugin cuBLAS when one has already been registered
[COMPREHENSIVE] loaded Optuna best JSON for main_d256_b4_r2 from /home/rsadve1/scratch/Extended_UPAIR_Narval_b32m16_portable/optuna/clean_b32_prb8_d256_40k_smart_trueDMRS_u34610_1dmrs_stageB_main_d256_b4_r2_best_params.json
[ISO-CHUNK] variant: main_d256_b4_r2
[ISO-CHUNK] receiver: baseline_ls_lmmse
[ISO-CHUNK] num_users: 1
[ISO-CHUNK] ebno_db: -3.0
[ISO-CHUNK] chunk_idx: 5
[ISO-CHUNK] chunk_batches: 20
[ISO-CHUNK] receiver_microbatch_size: 8
[ISO-CHUNK] chunk_seed: 2151031
[ISO-CHUNK] checkpoint: /scratch/rsadve1/Extended_UPAIR_Narval_b32m16_portable/TWC_plots_comprehensive/runs_rx16/seed7/1dmrs/main_d256_b4_r2/checkpoints/best.weights.h5
[ISO-CHUNK] TF_GPU_ALLOCATOR: cuda_malloc_async
[ISO-CHUNK] output tag: main_d256_b4_r2_u1_baseline_ls_lmmse_ebnom3p0_chunk0005_m8_b20
[EVAL] receiver microbatching enabled: batch_size_eval=64 receiver_microbatch_size=8
WARNING:tensorflow:Model's `__init__()` arguments contain non-serializable objects. Please implement a `get_config()` method in the subclassed Model for proper saving and loading. Defaulting to empty config.
WARNING:tensorflow:Model's `__init__()` arguments contain non-serializable objects. Please implement a `get_config()` method in the subclassed Model for proper saving and loading. Defaulting to empty config.
[EVAL] loaded UPAIR checkpoint: /scratch/rsadve1/Extended_UPAIR_Narval_b32m16_portable/TWC_plots_comprehensive/runs_rx16/seed7/1dmrs/main_d256_b4_r2/checkpoints/best.weights.h5
[EVAL] skipping explicit NMSE channel-estimator calls for: baseline_ls_lmmse
[EVAL] instrumentation log_latency=True log_gpu_memory=True memory_cleanup_every_batches=1 memory_cleanup_every_microbatch=True stream_eval_microbatches=True compiled_receiver_error_counts=False receiver_call_jit_compile=False per_receiver_stopping=False target_bler_floor=1e-05 floor_num_frames=0 gpu_mem=0.09GiB peak=0.26GiB
[EVAL] receiver_call name=baseline_ls_lmmse mode=positional_y_no compiled_error_counts=False
[EVAL] progress num_users=1 Eb/N0=-3 dB batches=10/20 frame_err=baseline_ls_lmmse:2/640 elapsed=79.3s avg_batch=7.935s gpu_mem=0.09GiB peak=0.26GiB
[EVAL] progress num_users=1 Eb/N0=-3 dB batches=20/20 frame_err=baseline_ls_lmmse:3/1280 elapsed=156.6s avg_batch=7.829s gpu_mem=0.09GiB peak=0.26GiB
[EVAL] receiver=       baseline_ls_lmmse Eb/N0=-3.0 dB BER=1.32571e-04 BLER=2.34375e-03 NMSE=nan bit_err=   505/3809280  blk_err=    3/1280   batches=  20 stop=global_stop rx_time=114.16s rx_ms_batch=5708.1 rx_ms_frame=89.190 point_time=156.58s gpu_mem=0.09GiB peak=0.26GiB
[ISO-CHUNK] wrote: /home/rsadve1/scratch/Extended_UPAIR_Narval_b32m16_portable/_isolated_eval_chunks/main_d256_b4_r2_u1_baseline_ls_lmmse_ebnom3p0_chunk0005_m8_b20/chunk_result.csv
[ISO-CHUNK] DONE
[PIPELINE] status done=0 reason=continue chunks=6 batches=120 block_errors=12/100 next_chunk=6
2026-06-09 05:46:41.722429: E external/local_xla/xla/stream_executor/cuda/cuda_dnn.cc:9261] Unable to register cuDNN factory: Attempting to register factory for plugin cuDNN when one has already been registered
2026-06-09 05:46:41.722465: E external/local_xla/xla/stream_executor/cuda/cuda_fft.cc:607] Unable to register cuFFT factory: Attempting to register factory for plugin cuFFT when one has already been registered
2026-06-09 05:46:41.723515: E external/local_xla/xla/stream_executor/cuda/cuda_blas.cc:1515] Unable to register cuBLAS factory: Attempting to register factory for plugin cuBLAS when one has already been registered
[COMPREHENSIVE] loaded Optuna best JSON for main_d256_b4_r2 from /home/rsadve1/scratch/Extended_UPAIR_Narval_b32m16_portable/optuna/clean_b32_prb8_d256_40k_smart_trueDMRS_u34610_1dmrs_stageB_main_d256_b4_r2_best_params.json
[ISO-CHUNK] variant: main_d256_b4_r2
[ISO-CHUNK] receiver: baseline_ls_lmmse
[ISO-CHUNK] num_users: 1
[ISO-CHUNK] ebno_db: -3.0
[ISO-CHUNK] chunk_idx: 6
[ISO-CHUNK] chunk_batches: 20
[ISO-CHUNK] receiver_microbatch_size: 8
[ISO-CHUNK] chunk_seed: 2251034
[ISO-CHUNK] checkpoint: /scratch/rsadve1/Extended_UPAIR_Narval_b32m16_portable/TWC_plots_comprehensive/runs_rx16/seed7/1dmrs/main_d256_b4_r2/checkpoints/best.weights.h5
[ISO-CHUNK] TF_GPU_ALLOCATOR: cuda_malloc_async
[ISO-CHUNK] output tag: main_d256_b4_r2_u1_baseline_ls_lmmse_ebnom3p0_chunk0006_m8_b20
[EVAL] receiver microbatching enabled: batch_size_eval=64 receiver_microbatch_size=8
WARNING:tensorflow:Model's `__init__()` arguments contain non-serializable objects. Please implement a `get_config()` method in the subclassed Model for proper saving and loading. Defaulting to empty config.
WARNING:tensorflow:Model's `__init__()` arguments contain non-serializable objects. Please implement a `get_config()` method in the subclassed Model for proper saving and loading. Defaulting to empty config.
[EVAL] loaded UPAIR checkpoint: /scratch/rsadve1/Extended_UPAIR_Narval_b32m16_portable/TWC_plots_comprehensive/runs_rx16/seed7/1dmrs/main_d256_b4_r2/checkpoints/best.weights.h5
[EVAL] skipping explicit NMSE channel-estimator calls for: baseline_ls_lmmse
[EVAL] instrumentation log_latency=True log_gpu_memory=True memory_cleanup_every_batches=1 memory_cleanup_every_microbatch=True stream_eval_microbatches=True compiled_receiver_error_counts=False receiver_call_jit_compile=False per_receiver_stopping=False target_bler_floor=1e-05 floor_num_frames=0 gpu_mem=0.09GiB peak=0.26GiB
[EVAL] receiver_call name=baseline_ls_lmmse mode=positional_y_no compiled_error_counts=False
[EVAL] progress num_users=1 Eb/N0=-3 dB batches=10/20 frame_err=baseline_ls_lmmse:1/640 elapsed=79.3s avg_batch=7.930s gpu_mem=0.09GiB peak=0.26GiB
[EVAL] progress num_users=1 Eb/N0=-3 dB batches=20/20 frame_err=baseline_ls_lmmse:2/1280 elapsed=157.2s avg_batch=7.860s gpu_mem=0.09GiB peak=0.26GiB
[EVAL] receiver=       baseline_ls_lmmse Eb/N0=-3.0 dB BER=4.46279e-06 BLER=1.56250e-03 NMSE=nan bit_err=    17/3809280  blk_err=    2/1280   batches=  20 stop=global_stop rx_time=114.48s rx_ms_batch=5724.2 rx_ms_frame=89.440 point_time=157.19s gpu_mem=0.09GiB peak=0.26GiB
[ISO-CHUNK] wrote: /home/rsadve1/scratch/Extended_UPAIR_Narval_b32m16_portable/_isolated_eval_chunks/main_d256_b4_r2_u1_baseline_ls_lmmse_ebnom3p0_chunk0006_m8_b20/chunk_result.csv
[ISO-CHUNK] DONE
[PIPELINE] status done=0 reason=continue chunks=7 batches=140 block_errors=14/100 next_chunk=7
2026-06-09 05:51:25.417797: E external/local_xla/xla/stream_executor/cuda/cuda_dnn.cc:9261] Unable to register cuDNN factory: Attempting to register factory for plugin cuDNN when one has already been registered
2026-06-09 05:51:25.417838: E external/local_xla/xla/stream_executor/cuda/cuda_fft.cc:607] Unable to register cuFFT factory: Attempting to register factory for plugin cuFFT when one has already been registered
2026-06-09 05:51:25.418863: E external/local_xla/xla/stream_executor/cuda/cuda_blas.cc:1515] Unable to register cuBLAS factory: Attempting to register factory for plugin cuBLAS when one has already been registered
[COMPREHENSIVE] loaded Optuna best JSON for main_d256_b4_r2 from /home/rsadve1/scratch/Extended_UPAIR_Narval_b32m16_portable/optuna/clean_b32_prb8_d256_40k_smart_trueDMRS_u34610_1dmrs_stageB_main_d256_b4_r2_best_params.json
[ISO-CHUNK] variant: main_d256_b4_r2
[ISO-CHUNK] receiver: baseline_ls_lmmse
[ISO-CHUNK] num_users: 1
[ISO-CHUNK] ebno_db: -3.0
[ISO-CHUNK] chunk_idx: 7
[ISO-CHUNK] chunk_batches: 20
[ISO-CHUNK] receiver_microbatch_size: 8
[ISO-CHUNK] chunk_seed: 2351037
[ISO-CHUNK] checkpoint: /scratch/rsadve1/Extended_UPAIR_Narval_b32m16_portable/TWC_plots_comprehensive/runs_rx16/seed7/1dmrs/main_d256_b4_r2/checkpoints/best.weights.h5
[ISO-CHUNK] TF_GPU_ALLOCATOR: cuda_malloc_async
[ISO-CHUNK] output tag: main_d256_b4_r2_u1_baseline_ls_lmmse_ebnom3p0_chunk0007_m8_b20
[EVAL] receiver microbatching enabled: batch_size_eval=64 receiver_microbatch_size=8
WARNING:tensorflow:Model's `__init__()` arguments contain non-serializable objects. Please implement a `get_config()` method in the subclassed Model for proper saving and loading. Defaulting to empty config.
WARNING:tensorflow:Model's `__init__()` arguments contain non-serializable objects. Please implement a `get_config()` method in the subclassed Model for proper saving and loading. Defaulting to empty config.
[EVAL] loaded UPAIR checkpoint: /scratch/rsadve1/Extended_UPAIR_Narval_b32m16_portable/TWC_plots_comprehensive/runs_rx16/seed7/1dmrs/main_d256_b4_r2/checkpoints/best.weights.h5
[EVAL] skipping explicit NMSE channel-estimator calls for: baseline_ls_lmmse
[EVAL] instrumentation log_latency=True log_gpu_memory=True memory_cleanup_every_batches=1 memory_cleanup_every_microbatch=True stream_eval_microbatches=True compiled_receiver_error_counts=False receiver_call_jit_compile=False per_receiver_stopping=False target_bler_floor=1e-05 floor_num_frames=0 gpu_mem=0.09GiB peak=0.26GiB
[EVAL] receiver_call name=baseline_ls_lmmse mode=positional_y_no compiled_error_counts=False
[EVAL] progress num_users=1 Eb/N0=-3 dB batches=10/20 frame_err=baseline_ls_lmmse:1/640 elapsed=77.7s avg_batch=7.773s gpu_mem=0.09GiB peak=0.26GiB
[EVAL] progress num_users=1 Eb/N0=-3 dB batches=20/20 frame_err=baseline_ls_lmmse:3/1280 elapsed=154.7s avg_batch=7.735s gpu_mem=0.09GiB peak=0.26GiB
[EVAL] receiver=       baseline_ls_lmmse Eb/N0=-3.0 dB BER=4.46279e-06 BLER=2.34375e-03 NMSE=nan bit_err=    17/3809280  blk_err=    3/1280   batches=  20 stop=global_stop rx_time=112.37s rx_ms_batch=5618.4 rx_ms_frame=87.788 point_time=154.71s gpu_mem=0.09GiB peak=0.26GiB
[ISO-CHUNK] wrote: /home/rsadve1/scratch/Extended_UPAIR_Narval_b32m16_portable/_isolated_eval_chunks/main_d256_b4_r2_u1_baseline_ls_lmmse_ebnom3p0_chunk0007_m8_b20/chunk_result.csv
[ISO-CHUNK] DONE
[PIPELINE] status done=0 reason=continue chunks=8 batches=160 block_errors=17/100 next_chunk=8
2026-06-09 05:54:36.817057: E external/local_xla/xla/stream_executor/cuda/cuda_dnn.cc:9261] Unable to register cuDNN factory: Attempting to register factory for plugin cuDNN when one has already been registered
2026-06-09 05:54:36.817093: E external/local_xla/xla/stream_executor/cuda/cuda_fft.cc:607] Unable to register cuFFT factory: Attempting to register factory for plugin cuFFT when one has already been registered
2026-06-09 05:54:36.818187: E external/local_xla/xla/stream_executor/cuda/cuda_blas.cc:1515] Unable to register cuBLAS factory: Attempting to register factory for plugin cuBLAS when one has already been registered
[COMPREHENSIVE] loaded Optuna best JSON for main_d256_b4_r2 from /home/rsadve1/scratch/Extended_UPAIR_Narval_b32m16_portable/optuna/clean_b32_prb8_d256_40k_smart_trueDMRS_u34610_1dmrs_stageB_main_d256_b4_r2_best_params.json
[ISO-CHUNK] variant: main_d256_b4_r2
[ISO-CHUNK] receiver: baseline_ls_lmmse
[ISO-CHUNK] num_users: 1
[ISO-CHUNK] ebno_db: -3.0
[ISO-CHUNK] chunk_idx: 8
[ISO-CHUNK] chunk_batches: 20
[ISO-CHUNK] receiver_microbatch_size: 8
[ISO-CHUNK] chunk_seed: 2451040
[ISO-CHUNK] checkpoint: /scratch/rsadve1/Extended_UPAIR_Narval_b32m16_portable/TWC_plots_comprehensive/runs_rx16/seed7/1dmrs/main_d256_b4_r2/checkpoints/best.weights.h5
[ISO-CHUNK] TF_GPU_ALLOCATOR: cuda_malloc_async
[ISO-CHUNK] output tag: main_d256_b4_r2_u1_baseline_ls_lmmse_ebnom3p0_chunk0008_m8_b20
[EVAL] receiver microbatching enabled: batch_size_eval=64 receiver_microbatch_size=8
WARNING:tensorflow:Model's `__init__()` arguments contain non-serializable objects. Please implement a `get_config()` method in the subclassed Model for proper saving and loading. Defaulting to empty config.
WARNING:tensorflow:Model's `__init__()` arguments contain non-serializable objects. Please implement a `get_config()` method in the subclassed Model for proper saving and loading. Defaulting to empty config.
[EVAL] loaded UPAIR checkpoint: /scratch/rsadve1/Extended_UPAIR_Narval_b32m16_portable/TWC_plots_comprehensive/runs_rx16/seed7/1dmrs/main_d256_b4_r2/checkpoints/best.weights.h5
[EVAL] skipping explicit NMSE channel-estimator calls for: baseline_ls_lmmse
[EVAL] instrumentation log_latency=True log_gpu_memory=True memory_cleanup_every_batches=1 memory_cleanup_every_microbatch=True stream_eval_microbatches=True compiled_receiver_error_counts=False receiver_call_jit_compile=False per_receiver_stopping=False target_bler_floor=1e-05 floor_num_frames=0 gpu_mem=0.09GiB peak=0.26GiB
[EVAL] receiver_call name=baseline_ls_lmmse mode=positional_y_no compiled_error_counts=False
[EVAL] progress num_users=1 Eb/N0=-3 dB batches=10/20 frame_err=baseline_ls_lmmse:0/640 elapsed=77.9s avg_batch=7.787s gpu_mem=0.09GiB peak=0.26GiB
[EVAL] progress num_users=1 Eb/N0=-3 dB batches=20/20 frame_err=baseline_ls_lmmse:1/1280 elapsed=155.0s avg_batch=7.750s gpu_mem=0.09GiB peak=0.26GiB
[EVAL] receiver=       baseline_ls_lmmse Eb/N0=-3.0 dB BER=9.84438e-05 BLER=7.81250e-04 NMSE=nan bit_err=   375/3809280  blk_err=    1/1280   batches=  20 stop=global_stop rx_time=112.88s rx_ms_batch=5644.2 rx_ms_frame=88.191 point_time=154.99s gpu_mem=0.09GiB peak=0.26GiB
[ISO-CHUNK] wrote: /home/rsadve1/scratch/Extended_UPAIR_Narval_b32m16_portable/_isolated_eval_chunks/main_d256_b4_r2_u1_baseline_ls_lmmse_ebnom3p0_chunk0008_m8_b20/chunk_result.csv
[ISO-CHUNK] DONE
[PIPELINE] status done=0 reason=continue chunks=9 batches=180 block_errors=18/100 next_chunk=9
2026-06-09 05:57:37.983426: E external/local_xla/xla/stream_executor/cuda/cuda_dnn.cc:9261] Unable to register cuDNN factory: Attempting to register factory for plugin cuDNN when one has already been registered
2026-06-09 05:57:37.983467: E external/local_xla/xla/stream_executor/cuda/cuda_fft.cc:607] Unable to register cuFFT factory: Attempting to register factory for plugin cuFFT when one has already been registered
2026-06-09 05:57:37.984517: E external/local_xla/xla/stream_executor/cuda/cuda_blas.cc:1515] Unable to register cuBLAS factory: Attempting to register factory for plugin cuBLAS when one has already been registered
[COMPREHENSIVE] loaded Optuna best JSON for main_d256_b4_r2 from /home/rsadve1/scratch/Extended_UPAIR_Narval_b32m16_portable/optuna/clean_b32_prb8_d256_40k_smart_trueDMRS_u34610_1dmrs_stageB_main_d256_b4_r2_best_params.json
[ISO-CHUNK] variant: main_d256_b4_r2
[ISO-CHUNK] receiver: baseline_ls_lmmse
[ISO-CHUNK] num_users: 1
[ISO-CHUNK] ebno_db: -3.0
[ISO-CHUNK] chunk_idx: 9
[ISO-CHUNK] chunk_batches: 20
[ISO-CHUNK] receiver_microbatch_size: 8
[ISO-CHUNK] chunk_seed: 2551043
[ISO-CHUNK] checkpoint: /scratch/rsadve1/Extended_UPAIR_Narval_b32m16_portable/TWC_plots_comprehensive/runs_rx16/seed7/1dmrs/main_d256_b4_r2/checkpoints/best.weights.h5
[ISO-CHUNK] TF_GPU_ALLOCATOR: cuda_malloc_async
[ISO-CHUNK] output tag: main_d256_b4_r2_u1_baseline_ls_lmmse_ebnom3p0_chunk0009_m8_b20
[EVAL] receiver microbatching enabled: batch_size_eval=64 receiver_microbatch_size=8
WARNING:tensorflow:Model's `__init__()` arguments contain non-serializable objects. Please implement a `get_config()` method in the subclassed Model for proper saving and loading. Defaulting to empty config.
WARNING:tensorflow:Model's `__init__()` arguments contain non-serializable objects. Please implement a `get_config()` method in the subclassed Model for proper saving and loading. Defaulting to empty config.
[EVAL] loaded UPAIR checkpoint: /scratch/rsadve1/Extended_UPAIR_Narval_b32m16_portable/TWC_plots_comprehensive/runs_rx16/seed7/1dmrs/main_d256_b4_r2/checkpoints/best.weights.h5
[EVAL] skipping explicit NMSE channel-estimator calls for: baseline_ls_lmmse
[EVAL] instrumentation log_latency=True log_gpu_memory=True memory_cleanup_every_batches=1 memory_cleanup_every_microbatch=True stream_eval_microbatches=True compiled_receiver_error_counts=False receiver_call_jit_compile=False per_receiver_stopping=False target_bler_floor=1e-05 floor_num_frames=0 gpu_mem=0.09GiB peak=0.26GiB
[EVAL] receiver_call name=baseline_ls_lmmse mode=positional_y_no compiled_error_counts=False
[EVAL] progress num_users=1 Eb/N0=-3 dB batches=10/20 frame_err=baseline_ls_lmmse:2/640 elapsed=77.5s avg_batch=7.745s gpu_mem=0.09GiB peak=0.26GiB
[EVAL] progress num_users=1 Eb/N0=-3 dB batches=20/20 frame_err=baseline_ls_lmmse:5/1280 elapsed=154.7s avg_batch=7.734s gpu_mem=0.09GiB peak=0.26GiB
[EVAL] receiver=       baseline_ls_lmmse Eb/N0=-3.0 dB BER=2.49391e-05 BLER=3.90625e-03 NMSE=nan bit_err=    95/3809280  blk_err=    5/1280   batches=  20 stop=global_stop rx_time=112.57s rx_ms_batch=5628.5 rx_ms_frame=87.946 point_time=154.67s gpu_mem=0.09GiB peak=0.26GiB
[ISO-CHUNK] wrote: /home/rsadve1/scratch/Extended_UPAIR_Narval_b32m16_portable/_isolated_eval_chunks/main_d256_b4_r2_u1_baseline_ls_lmmse_ebnom3p0_chunk0009_m8_b20/chunk_result.csv
[ISO-CHUNK] DONE
[PIPELINE] status done=0 reason=continue chunks=10 batches=200 block_errors=23/100 next_chunk=10
2026-06-09 06:00:38.979801: E external/local_xla/xla/stream_executor/cuda/cuda_dnn.cc:9261] Unable to register cuDNN factory: Attempting to register factory for plugin cuDNN when one has already been registered
2026-06-09 06:00:38.979840: E external/local_xla/xla/stream_executor/cuda/cuda_fft.cc:607] Unable to register cuFFT factory: Attempting to register factory for plugin cuFFT when one has already been registered
2026-06-09 06:00:38.980867: E external/local_xla/xla/stream_executor/cuda/cuda_blas.cc:1515] Unable to register cuBLAS factory: Attempting to register factory for plugin cuBLAS when one has already been registered
[COMPREHENSIVE] loaded Optuna best JSON for main_d256_b4_r2 from /home/rsadve1/scratch/Extended_UPAIR_Narval_b32m16_portable/optuna/clean_b32_prb8_d256_40k_smart_trueDMRS_u34610_1dmrs_stageB_main_d256_b4_r2_best_params.json
[ISO-CHUNK] variant: main_d256_b4_r2
[ISO-CHUNK] receiver: baseline_ls_lmmse
[ISO-CHUNK] num_users: 1
[ISO-CHUNK] ebno_db: -3.0
[ISO-CHUNK] chunk_idx: 10
[ISO-CHUNK] chunk_batches: 20
[ISO-CHUNK] receiver_microbatch_size: 8
[ISO-CHUNK] chunk_seed: 2651046
[ISO-CHUNK] checkpoint: /scratch/rsadve1/Extended_UPAIR_Narval_b32m16_portable/TWC_plots_comprehensive/runs_rx16/seed7/1dmrs/main_d256_b4_r2/checkpoints/best.weights.h5
[ISO-CHUNK] TF_GPU_ALLOCATOR: cuda_malloc_async
[ISO-CHUNK] output tag: main_d256_b4_r2_u1_baseline_ls_lmmse_ebnom3p0_chunk0010_m8_b20
[EVAL] receiver microbatching enabled: batch_size_eval=64 receiver_microbatch_size=8
WARNING:tensorflow:Model's `__init__()` arguments contain non-serializable objects. Please implement a `get_config()` method in the subclassed Model for proper saving and loading. Defaulting to empty config.
WARNING:tensorflow:Model's `__init__()` arguments contain non-serializable objects. Please implement a `get_config()` method in the subclassed Model for proper saving and loading. Defaulting to empty config.
[EVAL] loaded UPAIR checkpoint: /scratch/rsadve1/Extended_UPAIR_Narval_b32m16_portable/TWC_plots_comprehensive/runs_rx16/seed7/1dmrs/main_d256_b4_r2/checkpoints/best.weights.h5
[EVAL] skipping explicit NMSE channel-estimator calls for: baseline_ls_lmmse
[EVAL] instrumentation log_latency=True log_gpu_memory=True memory_cleanup_every_batches=1 memory_cleanup_every_microbatch=True stream_eval_microbatches=True compiled_receiver_error_counts=False receiver_call_jit_compile=False per_receiver_stopping=False target_bler_floor=1e-05 floor_num_frames=0 gpu_mem=0.09GiB peak=0.26GiB
[EVAL] receiver_call name=baseline_ls_lmmse mode=positional_y_no compiled_error_counts=False
[EVAL] progress num_users=1 Eb/N0=-3 dB batches=10/20 frame_err=baseline_ls_lmmse:1/640 elapsed=77.2s avg_batch=7.723s gpu_mem=0.09GiB peak=0.26GiB
[EVAL] progress num_users=1 Eb/N0=-3 dB batches=20/20 frame_err=baseline_ls_lmmse:3/1280 elapsed=154.9s avg_batch=7.744s gpu_mem=0.09GiB peak=0.26GiB
[EVAL] receiver=       baseline_ls_lmmse Eb/N0=-3.0 dB BER=4.85656e-05 BLER=2.34375e-03 NMSE=nan bit_err=   185/3809280  blk_err=    3/1280   batches=  20 stop=global_stop rx_time=112.75s rx_ms_batch=5637.3 rx_ms_frame=88.082 point_time=154.89s gpu_mem=0.09GiB peak=0.26GiB
[ISO-CHUNK] wrote: /home/rsadve1/scratch/Extended_UPAIR_Narval_b32m16_portable/_isolated_eval_chunks/main_d256_b4_r2_u1_baseline_ls_lmmse_ebnom3p0_chunk0010_m8_b20/chunk_result.csv
[ISO-CHUNK] DONE
[PIPELINE] status done=0 reason=continue chunks=11 batches=220 block_errors=26/100 next_chunk=11
2026-06-09 06:03:55.042200: E external/local_xla/xla/stream_executor/cuda/cuda_dnn.cc:9261] Unable to register cuDNN factory: Attempting to register factory for plugin cuDNN when one has already been registered
2026-06-09 06:03:55.042246: E external/local_xla/xla/stream_executor/cuda/cuda_fft.cc:607] Unable to register cuFFT factory: Attempting to register factory for plugin cuFFT when one has already been registered
2026-06-09 06:03:55.043293: E external/local_xla/xla/stream_executor/cuda/cuda_blas.cc:1515] Unable to register cuBLAS factory: Attempting to register factory for plugin cuBLAS when one has already been registered
[COMPREHENSIVE] loaded Optuna best JSON for main_d256_b4_r2 from /home/rsadve1/scratch/Extended_UPAIR_Narval_b32m16_portable/optuna/clean_b32_prb8_d256_40k_smart_trueDMRS_u34610_1dmrs_stageB_main_d256_b4_r2_best_params.json
[ISO-CHUNK] variant: main_d256_b4_r2
[ISO-CHUNK] receiver: baseline_ls_lmmse
[ISO-CHUNK] num_users: 1
[ISO-CHUNK] ebno_db: -3.0
[ISO-CHUNK] chunk_idx: 11
[ISO-CHUNK] chunk_batches: 20
[ISO-CHUNK] receiver_microbatch_size: 8
[ISO-CHUNK] chunk_seed: 2751049
[ISO-CHUNK] checkpoint: /scratch/rsadve1/Extended_UPAIR_Narval_b32m16_portable/TWC_plots_comprehensive/runs_rx16/seed7/1dmrs/main_d256_b4_r2/checkpoints/best.weights.h5
[ISO-CHUNK] TF_GPU_ALLOCATOR: cuda_malloc_async
[ISO-CHUNK] output tag: main_d256_b4_r2_u1_baseline_ls_lmmse_ebnom3p0_chunk0011_m8_b20
[EVAL] receiver microbatching enabled: batch_size_eval=64 receiver_microbatch_size=8
WARNING:tensorflow:Model's `__init__()` arguments contain non-serializable objects. Please implement a `get_config()` method in the subclassed Model for proper saving and loading. Defaulting to empty config.
WARNING:tensorflow:Model's `__init__()` arguments contain non-serializable objects. Please implement a `get_config()` method in the subclassed Model for proper saving and loading. Defaulting to empty config.
[EVAL] loaded UPAIR checkpoint: /scratch/rsadve1/Extended_UPAIR_Narval_b32m16_portable/TWC_plots_comprehensive/runs_rx16/seed7/1dmrs/main_d256_b4_r2/checkpoints/best.weights.h5
[EVAL] skipping explicit NMSE channel-estimator calls for: baseline_ls_lmmse
[EVAL] instrumentation log_latency=True log_gpu_memory=True memory_cleanup_every_batches=1 memory_cleanup_every_microbatch=True stream_eval_microbatches=True compiled_receiver_error_counts=False receiver_call_jit_compile=False per_receiver_stopping=False target_bler_floor=1e-05 floor_num_frames=0 gpu_mem=0.09GiB peak=0.26GiB
[EVAL] receiver_call name=baseline_ls_lmmse mode=positional_y_no compiled_error_counts=False
[EVAL] progress num_users=1 Eb/N0=-3 dB batches=10/20 frame_err=baseline_ls_lmmse:1/640 elapsed=78.2s avg_batch=7.823s gpu_mem=0.09GiB peak=0.26GiB
[EVAL] progress num_users=1 Eb/N0=-3 dB batches=20/20 frame_err=baseline_ls_lmmse:2/1280 elapsed=155.8s avg_batch=7.792s gpu_mem=0.09GiB peak=0.26GiB
[EVAL] receiver=       baseline_ls_lmmse Eb/N0=-3.0 dB BER=5.25034e-07 BLER=1.56250e-03 NMSE=nan bit_err=     2/3809280  blk_err=    2/1280   batches=  20 stop=global_stop rx_time=113.49s rx_ms_batch=5674.6 rx_ms_frame=88.665 point_time=155.85s gpu_mem=0.09GiB peak=0.26GiB
[ISO-CHUNK] wrote: /home/rsadve1/scratch/Extended_UPAIR_Narval_b32m16_portable/_isolated_eval_chunks/main_d256_b4_r2_u1_baseline_ls_lmmse_ebnom3p0_chunk0011_m8_b20/chunk_result.csv
[ISO-CHUNK] DONE
[PIPELINE] status done=0 reason=continue chunks=12 batches=240 block_errors=28/100 next_chunk=12
2026-06-09 06:06:53.479681: E external/local_xla/xla/stream_executor/cuda/cuda_dnn.cc:9261] Unable to register cuDNN factory: Attempting to register factory for plugin cuDNN when one has already been registered
2026-06-09 06:06:53.479722: E external/local_xla/xla/stream_executor/cuda/cuda_fft.cc:607] Unable to register cuFFT factory: Attempting to register factory for plugin cuFFT when one has already been registered
2026-06-09 06:06:53.480775: E external/local_xla/xla/stream_executor/cuda/cuda_blas.cc:1515] Unable to register cuBLAS factory: Attempting to register factory for plugin cuBLAS when one has already been registered
[COMPREHENSIVE] loaded Optuna best JSON for main_d256_b4_r2 from /home/rsadve1/scratch/Extended_UPAIR_Narval_b32m16_portable/optuna/clean_b32_prb8_d256_40k_smart_trueDMRS_u34610_1dmrs_stageB_main_d256_b4_r2_best_params.json
[ISO-CHUNK] variant: main_d256_b4_r2
[ISO-CHUNK] receiver: baseline_ls_lmmse
[ISO-CHUNK] num_users: 1
[ISO-CHUNK] ebno_db: -3.0
[ISO-CHUNK] chunk_idx: 12
[ISO-CHUNK] chunk_batches: 20
[ISO-CHUNK] receiver_microbatch_size: 8
[ISO-CHUNK] chunk_seed: 2851052
[ISO-CHUNK] checkpoint: /scratch/rsadve1/Extended_UPAIR_Narval_b32m16_portable/TWC_plots_comprehensive/runs_rx16/seed7/1dmrs/main_d256_b4_r2/checkpoints/best.weights.h5
[ISO-CHUNK] TF_GPU_ALLOCATOR: cuda_malloc_async
[ISO-CHUNK] output tag: main_d256_b4_r2_u1_baseline_ls_lmmse_ebnom3p0_chunk0012_m8_b20
[EVAL] receiver microbatching enabled: batch_size_eval=64 receiver_microbatch_size=8
WARNING:tensorflow:Model's `__init__()` arguments contain non-serializable objects. Please implement a `get_config()` method in the subclassed Model for proper saving and loading. Defaulting to empty config.
WARNING:tensorflow:Model's `__init__()` arguments contain non-serializable objects. Please implement a `get_config()` method in the subclassed Model for proper saving and loading. Defaulting to empty config.
[EVAL] loaded UPAIR checkpoint: /scratch/rsadve1/Extended_UPAIR_Narval_b32m16_portable/TWC_plots_comprehensive/runs_rx16/seed7/1dmrs/main_d256_b4_r2/checkpoints/best.weights.h5
[EVAL] skipping explicit NMSE channel-estimator calls for: baseline_ls_lmmse
[EVAL] instrumentation log_latency=True log_gpu_memory=True memory_cleanup_every_batches=1 memory_cleanup_every_microbatch=True stream_eval_microbatches=True compiled_receiver_error_counts=False receiver_call_jit_compile=False per_receiver_stopping=False target_bler_floor=1e-05 floor_num_frames=0 gpu_mem=0.09GiB peak=0.26GiB
[EVAL] receiver_call name=baseline_ls_lmmse mode=positional_y_no compiled_error_counts=False
[EVAL] progress num_users=1 Eb/N0=-3 dB batches=10/20 frame_err=baseline_ls_lmmse:1/640 elapsed=77.9s avg_batch=7.789s gpu_mem=0.09GiB peak=0.26GiB
[EVAL] progress num_users=1 Eb/N0=-3 dB batches=20/20 frame_err=baseline_ls_lmmse:4/1280 elapsed=155.2s avg_batch=7.761s gpu_mem=0.09GiB peak=0.26GiB
[EVAL] receiver=       baseline_ls_lmmse Eb/N0=-3.0 dB BER=1.68273e-04 BLER=3.12500e-03 NMSE=nan bit_err=   641/3809280  blk_err=    4/1280   batches=  20 stop=global_stop rx_time=112.55s rx_ms_batch=5627.5 rx_ms_frame=87.930 point_time=155.23s gpu_mem=0.09GiB peak=0.26GiB
[ISO-CHUNK] wrote: /home/rsadve1/scratch/Extended_UPAIR_Narval_b32m16_portable/_isolated_eval_chunks/main_d256_b4_r2_u1_baseline_ls_lmmse_ebnom3p0_chunk0012_m8_b20/chunk_result.csv
[ISO-CHUNK] DONE
[PIPELINE] status done=0 reason=continue chunks=13 batches=260 block_errors=32/100 next_chunk=13
2026-06-09 06:09:53.526468: E external/local_xla/xla/stream_executor/cuda/cuda_dnn.cc:9261] Unable to register cuDNN factory: Attempting to register factory for plugin cuDNN when one has already been registered
2026-06-09 06:09:53.526510: E external/local_xla/xla/stream_executor/cuda/cuda_fft.cc:607] Unable to register cuFFT factory: Attempting to register factory for plugin cuFFT when one has already been registered
2026-06-09 06:09:53.527568: E external/local_xla/xla/stream_executor/cuda/cuda_blas.cc:1515] Unable to register cuBLAS factory: Attempting to register factory for plugin cuBLAS when one has already been registered
[COMPREHENSIVE] loaded Optuna best JSON for main_d256_b4_r2 from /home/rsadve1/scratch/Extended_UPAIR_Narval_b32m16_portable/optuna/clean_b32_prb8_d256_40k_smart_trueDMRS_u34610_1dmrs_stageB_main_d256_b4_r2_best_params.json
[ISO-CHUNK] variant: main_d256_b4_r2
[ISO-CHUNK] receiver: baseline_ls_lmmse
[ISO-CHUNK] num_users: 1
[ISO-CHUNK] ebno_db: -3.0
[ISO-CHUNK] chunk_idx: 13
[ISO-CHUNK] chunk_batches: 20
[ISO-CHUNK] receiver_microbatch_size: 8
[ISO-CHUNK] chunk_seed: 2951055
[ISO-CHUNK] checkpoint: /scratch/rsadve1/Extended_UPAIR_Narval_b32m16_portable/TWC_plots_comprehensive/runs_rx16/seed7/1dmrs/main_d256_b4_r2/checkpoints/best.weights.h5
[ISO-CHUNK] TF_GPU_ALLOCATOR: cuda_malloc_async
[ISO-CHUNK] output tag: main_d256_b4_r2_u1_baseline_ls_lmmse_ebnom3p0_chunk0013_m8_b20
[EVAL] receiver microbatching enabled: batch_size_eval=64 receiver_microbatch_size=8
WARNING:tensorflow:Model's `__init__()` arguments contain non-serializable objects. Please implement a `get_config()` method in the subclassed Model for proper saving and loading. Defaulting to empty config.
WARNING:tensorflow:Model's `__init__()` arguments contain non-serializable objects. Please implement a `get_config()` method in the subclassed Model for proper saving and loading. Defaulting to empty config.
[EVAL] loaded UPAIR checkpoint: /scratch/rsadve1/Extended_UPAIR_Narval_b32m16_portable/TWC_plots_comprehensive/runs_rx16/seed7/1dmrs/main_d256_b4_r2/checkpoints/best.weights.h5
[EVAL] skipping explicit NMSE channel-estimator calls for: baseline_ls_lmmse
[EVAL] instrumentation log_latency=True log_gpu_memory=True memory_cleanup_every_batches=1 memory_cleanup_every_microbatch=True stream_eval_microbatches=True compiled_receiver_error_counts=False receiver_call_jit_compile=False per_receiver_stopping=False target_bler_floor=1e-05 floor_num_frames=0 gpu_mem=0.09GiB peak=0.26GiB
[EVAL] receiver_call name=baseline_ls_lmmse mode=positional_y_no compiled_error_counts=False
[EVAL] progress num_users=1 Eb/N0=-3 dB batches=10/20 frame_err=baseline_ls_lmmse:1/640 elapsed=77.6s avg_batch=7.757s gpu_mem=0.09GiB peak=0.26GiB
[EVAL] progress num_users=1 Eb/N0=-3 dB batches=20/20 frame_err=baseline_ls_lmmse:2/1280 elapsed=154.9s avg_batch=7.746s gpu_mem=0.09GiB peak=0.26GiB
[EVAL] receiver=       baseline_ls_lmmse Eb/N0=-3.0 dB BER=7.87550e-07 BLER=1.56250e-03 NMSE=nan bit_err=     3/3809280  blk_err=    2/1280   batches=  20 stop=global_stop rx_time=112.63s rx_ms_batch=5631.5 rx_ms_frame=87.992 point_time=154.92s gpu_mem=0.09GiB peak=0.26GiB
[ISO-CHUNK] wrote: /home/rsadve1/scratch/Extended_UPAIR_Narval_b32m16_portable/_isolated_eval_chunks/main_d256_b4_r2_u1_baseline_ls_lmmse_ebnom3p0_chunk0013_m8_b20/chunk_result.csv
[ISO-CHUNK] DONE
[PIPELINE] status done=0 reason=continue chunks=14 batches=280 block_errors=34/100 next_chunk=14
2026-06-09 06:13:02.096567: E external/local_xla/xla/stream_executor/cuda/cuda_dnn.cc:9261] Unable to register cuDNN factory: Attempting to register factory for plugin cuDNN when one has already been registered
2026-06-09 06:13:02.096608: E external/local_xla/xla/stream_executor/cuda/cuda_fft.cc:607] Unable to register cuFFT factory: Attempting to register factory for plugin cuFFT when one has already been registered
2026-06-09 06:13:02.097685: E external/local_xla/xla/stream_executor/cuda/cuda_blas.cc:1515] Unable to register cuBLAS factory: Attempting to register factory for plugin cuBLAS when one has already been registered
[COMPREHENSIVE] loaded Optuna best JSON for main_d256_b4_r2 from /home/rsadve1/scratch/Extended_UPAIR_Narval_b32m16_portable/optuna/clean_b32_prb8_d256_40k_smart_trueDMRS_u34610_1dmrs_stageB_main_d256_b4_r2_best_params.json
[ISO-CHUNK] variant: main_d256_b4_r2
[ISO-CHUNK] receiver: baseline_ls_lmmse
[ISO-CHUNK] num_users: 1
[ISO-CHUNK] ebno_db: -3.0
[ISO-CHUNK] chunk_idx: 14
[ISO-CHUNK] chunk_batches: 20
[ISO-CHUNK] receiver_microbatch_size: 8
[ISO-CHUNK] chunk_seed: 3051058
[ISO-CHUNK] checkpoint: /scratch/rsadve1/Extended_UPAIR_Narval_b32m16_portable/TWC_plots_comprehensive/runs_rx16/seed7/1dmrs/main_d256_b4_r2/checkpoints/best.weights.h5
[ISO-CHUNK] TF_GPU_ALLOCATOR: cuda_malloc_async
[ISO-CHUNK] output tag: main_d256_b4_r2_u1_baseline_ls_lmmse_ebnom3p0_chunk0014_m8_b20
[EVAL] receiver microbatching enabled: batch_size_eval=64 receiver_microbatch_size=8
WARNING:tensorflow:Model's `__init__()` arguments contain non-serializable objects. Please implement a `get_config()` method in the subclassed Model for proper saving and loading. Defaulting to empty config.
WARNING:tensorflow:Model's `__init__()` arguments contain non-serializable objects. Please implement a `get_config()` method in the subclassed Model for proper saving and loading. Defaulting to empty config.
[EVAL] loaded UPAIR checkpoint: /scratch/rsadve1/Extended_UPAIR_Narval_b32m16_portable/TWC_plots_comprehensive/runs_rx16/seed7/1dmrs/main_d256_b4_r2/checkpoints/best.weights.h5
[EVAL] skipping explicit NMSE channel-estimator calls for: baseline_ls_lmmse
[EVAL] instrumentation log_latency=True log_gpu_memory=True memory_cleanup_every_batches=1 memory_cleanup_every_microbatch=True stream_eval_microbatches=True compiled_receiver_error_counts=False receiver_call_jit_compile=False per_receiver_stopping=False target_bler_floor=1e-05 floor_num_frames=0 gpu_mem=0.09GiB peak=0.26GiB
[EVAL] receiver_call name=baseline_ls_lmmse mode=positional_y_no compiled_error_counts=False
[EVAL] progress num_users=1 Eb/N0=-3 dB batches=10/20 frame_err=baseline_ls_lmmse:1/640 elapsed=77.3s avg_batch=7.729s gpu_mem=0.09GiB peak=0.26GiB
[EVAL] progress num_users=1 Eb/N0=-3 dB batches=20/20 frame_err=baseline_ls_lmmse:2/1280 elapsed=154.6s avg_batch=7.730s gpu_mem=0.09GiB peak=0.26GiB
[EVAL] receiver=       baseline_ls_lmmse Eb/N0=-3.0 dB BER=1.49635e-05 BLER=1.56250e-03 NMSE=nan bit_err=    57/3809280  blk_err=    2/1280   batches=  20 stop=global_stop rx_time=112.20s rx_ms_batch=5610.1 rx_ms_frame=87.657 point_time=154.59s gpu_mem=0.09GiB peak=0.26GiB
[ISO-CHUNK] wrote: /home/rsadve1/scratch/Extended_UPAIR_Narval_b32m16_portable/_isolated_eval_chunks/main_d256_b4_r2_u1_baseline_ls_lmmse_ebnom3p0_chunk0014_m8_b20/chunk_result.csv
[ISO-CHUNK] DONE
[PIPELINE] status done=0 reason=continue chunks=15 batches=300 block_errors=36/100 next_chunk=15
2026-06-09 06:16:01.124341: E external/local_xla/xla/stream_executor/cuda/cuda_dnn.cc:9261] Unable to register cuDNN factory: Attempting to register factory for plugin cuDNN when one has already been registered
2026-06-09 06:16:01.124378: E external/local_xla/xla/stream_executor/cuda/cuda_fft.cc:607] Unable to register cuFFT factory: Attempting to register factory for plugin cuFFT when one has already been registered
2026-06-09 06:16:01.125427: E external/local_xla/xla/stream_executor/cuda/cuda_blas.cc:1515] Unable to register cuBLAS factory: Attempting to register factory for plugin cuBLAS when one has already been registered
[COMPREHENSIVE] loaded Optuna best JSON for main_d256_b4_r2 from /home/rsadve1/scratch/Extended_UPAIR_Narval_b32m16_portable/optuna/clean_b32_prb8_d256_40k_smart_trueDMRS_u34610_1dmrs_stageB_main_d256_b4_r2_best_params.json
[ISO-CHUNK] variant: main_d256_b4_r2
[ISO-CHUNK] receiver: baseline_ls_lmmse
[ISO-CHUNK] num_users: 1
[ISO-CHUNK] ebno_db: -3.0
[ISO-CHUNK] chunk_idx: 15
[ISO-CHUNK] chunk_batches: 20
[ISO-CHUNK] receiver_microbatch_size: 8
[ISO-CHUNK] chunk_seed: 3151061
[ISO-CHUNK] checkpoint: /scratch/rsadve1/Extended_UPAIR_Narval_b32m16_portable/TWC_plots_comprehensive/runs_rx16/seed7/1dmrs/main_d256_b4_r2/checkpoints/best.weights.h5
[ISO-CHUNK] TF_GPU_ALLOCATOR: cuda_malloc_async
[ISO-CHUNK] output tag: main_d256_b4_r2_u1_baseline_ls_lmmse_ebnom3p0_chunk0015_m8_b20
[EVAL] receiver microbatching enabled: batch_size_eval=64 receiver_microbatch_size=8
WARNING:tensorflow:Model's `__init__()` arguments contain non-serializable objects. Please implement a `get_config()` method in the subclassed Model for proper saving and loading. Defaulting to empty config.
WARNING:tensorflow:Model's `__init__()` arguments contain non-serializable objects. Please implement a `get_config()` method in the subclassed Model for proper saving and loading. Defaulting to empty config.
[EVAL] loaded UPAIR checkpoint: /scratch/rsadve1/Extended_UPAIR_Narval_b32m16_portable/TWC_plots_comprehensive/runs_rx16/seed7/1dmrs/main_d256_b4_r2/checkpoints/best.weights.h5
[EVAL] skipping explicit NMSE channel-estimator calls for: baseline_ls_lmmse
[EVAL] instrumentation log_latency=True log_gpu_memory=True memory_cleanup_every_batches=1 memory_cleanup_every_microbatch=True stream_eval_microbatches=True compiled_receiver_error_counts=False receiver_call_jit_compile=False per_receiver_stopping=False target_bler_floor=1e-05 floor_num_frames=0 gpu_mem=0.09GiB peak=0.26GiB
[EVAL] receiver_call name=baseline_ls_lmmse mode=positional_y_no compiled_error_counts=False
[EVAL] progress num_users=1 Eb/N0=-3 dB batches=10/20 frame_err=baseline_ls_lmmse:0/640 elapsed=77.2s avg_batch=7.725s gpu_mem=0.09GiB peak=0.26GiB
[EVAL] progress num_users=1 Eb/N0=-3 dB batches=20/20 frame_err=baseline_ls_lmmse:0/1280 elapsed=154.0s avg_batch=7.700s gpu_mem=0.09GiB peak=0.26GiB
[EVAL] receiver=       baseline_ls_lmmse Eb/N0=-3.0 dB BER=0.00000e+00 BLER=0.00000e+00 NMSE=nan bit_err=     0/3809280  blk_err=    0/1280   batches=  20 stop=global_stop bler_ub=2.344e-03 rx_time=112.08s rx_ms_batch=5604.2 rx_ms_frame=87.566 point_time=153.99s gpu_mem=0.09GiB peak=0.26GiB
[ISO-CHUNK] wrote: /home/rsadve1/scratch/Extended_UPAIR_Narval_b32m16_portable/_isolated_eval_chunks/main_d256_b4_r2_u1_baseline_ls_lmmse_ebnom3p0_chunk0015_m8_b20/chunk_result.csv
[ISO-CHUNK] DONE
[PIPELINE] status done=0 reason=continue chunks=16 batches=320 block_errors=36/100 next_chunk=16
2026-06-09 06:19:05.161038: E external/local_xla/xla/stream_executor/cuda/cuda_dnn.cc:9261] Unable to register cuDNN factory: Attempting to register factory for plugin cuDNN when one has already been registered
2026-06-09 06:19:05.161083: E external/local_xla/xla/stream_executor/cuda/cuda_fft.cc:607] Unable to register cuFFT factory: Attempting to register factory for plugin cuFFT when one has already been registered
2026-06-09 06:19:05.162145: E external/local_xla/xla/stream_executor/cuda/cuda_blas.cc:1515] Unable to register cuBLAS factory: Attempting to register factory for plugin cuBLAS when one has already been registered
[COMPREHENSIVE] loaded Optuna best JSON for main_d256_b4_r2 from /home/rsadve1/scratch/Extended_UPAIR_Narval_b32m16_portable/optuna/clean_b32_prb8_d256_40k_smart_trueDMRS_u34610_1dmrs_stageB_main_d256_b4_r2_best_params.json
[ISO-CHUNK] variant: main_d256_b4_r2
[ISO-CHUNK] receiver: baseline_ls_lmmse
[ISO-CHUNK] num_users: 1
[ISO-CHUNK] ebno_db: -3.0
[ISO-CHUNK] chunk_idx: 16
[ISO-CHUNK] chunk_batches: 20
[ISO-CHUNK] receiver_microbatch_size: 8
[ISO-CHUNK] chunk_seed: 3251064
[ISO-CHUNK] checkpoint: /scratch/rsadve1/Extended_UPAIR_Narval_b32m16_portable/TWC_plots_comprehensive/runs_rx16/seed7/1dmrs/main_d256_b4_r2/checkpoints/best.weights.h5
[ISO-CHUNK] TF_GPU_ALLOCATOR: cuda_malloc_async
[ISO-CHUNK] output tag: main_d256_b4_r2_u1_baseline_ls_lmmse_ebnom3p0_chunk0016_m8_b20
[EVAL] receiver microbatching enabled: batch_size_eval=64 receiver_microbatch_size=8
WARNING:tensorflow:Model's `__init__()` arguments contain non-serializable objects. Please implement a `get_config()` method in the subclassed Model for proper saving and loading. Defaulting to empty config.
WARNING:tensorflow:Model's `__init__()` arguments contain non-serializable objects. Please implement a `get_config()` method in the subclassed Model for proper saving and loading. Defaulting to empty config.
[EVAL] loaded UPAIR checkpoint: /scratch/rsadve1/Extended_UPAIR_Narval_b32m16_portable/TWC_plots_comprehensive/runs_rx16/seed7/1dmrs/main_d256_b4_r2/checkpoints/best.weights.h5
[EVAL] skipping explicit NMSE channel-estimator calls for: baseline_ls_lmmse
[EVAL] instrumentation log_latency=True log_gpu_memory=True memory_cleanup_every_batches=1 memory_cleanup_every_microbatch=True stream_eval_microbatches=True compiled_receiver_error_counts=False receiver_call_jit_compile=False per_receiver_stopping=False target_bler_floor=1e-05 floor_num_frames=0 gpu_mem=0.09GiB peak=0.26GiB
[EVAL] receiver_call name=baseline_ls_lmmse mode=positional_y_no compiled_error_counts=False
[EVAL] progress num_users=1 Eb/N0=-3 dB batches=10/20 frame_err=baseline_ls_lmmse:1/640 elapsed=77.2s avg_batch=7.723s gpu_mem=0.09GiB peak=0.26GiB
[EVAL] progress num_users=1 Eb/N0=-3 dB batches=20/20 frame_err=baseline_ls_lmmse:1/1280 elapsed=153.7s avg_batch=7.684s gpu_mem=0.09GiB peak=0.26GiB
[EVAL] receiver=       baseline_ls_lmmse Eb/N0=-3.0 dB BER=4.93532e-05 BLER=7.81250e-04 NMSE=nan bit_err=   188/3809280  blk_err=    1/1280   batches=  20 stop=global_stop rx_time=112.00s rx_ms_batch=5599.9 rx_ms_frame=87.498 point_time=153.67s gpu_mem=0.09GiB peak=0.26GiB
[ISO-CHUNK] wrote: /home/rsadve1/scratch/Extended_UPAIR_Narval_b32m16_portable/_isolated_eval_chunks/main_d256_b4_r2_u1_baseline_ls_lmmse_ebnom3p0_chunk0016_m8_b20/chunk_result.csv
[ISO-CHUNK] DONE
[PIPELINE] status done=0 reason=continue chunks=17 batches=340 block_errors=37/100 next_chunk=17
2026-06-09 06:22:10.771026: E external/local_xla/xla/stream_executor/cuda/cuda_dnn.cc:9261] Unable to register cuDNN factory: Attempting to register factory for plugin cuDNN when one has already been registered
2026-06-09 06:22:10.771060: E external/local_xla/xla/stream_executor/cuda/cuda_fft.cc:607] Unable to register cuFFT factory: Attempting to register factory for plugin cuFFT when one has already been registered
2026-06-09 06:22:10.772102: E external/local_xla/xla/stream_executor/cuda/cuda_blas.cc:1515] Unable to register cuBLAS factory: Attempting to register factory for plugin cuBLAS when one has already been registered
[COMPREHENSIVE] loaded Optuna best JSON for main_d256_b4_r2 from /home/rsadve1/scratch/Extended_UPAIR_Narval_b32m16_portable/optuna/clean_b32_prb8_d256_40k_smart_trueDMRS_u34610_1dmrs_stageB_main_d256_b4_r2_best_params.json
[ISO-CHUNK] variant: main_d256_b4_r2
[ISO-CHUNK] receiver: baseline_ls_lmmse
[ISO-CHUNK] num_users: 1
[ISO-CHUNK] ebno_db: -3.0
[ISO-CHUNK] chunk_idx: 17
[ISO-CHUNK] chunk_batches: 20
[ISO-CHUNK] receiver_microbatch_size: 8
[ISO-CHUNK] chunk_seed: 3351067
[ISO-CHUNK] checkpoint: /scratch/rsadve1/Extended_UPAIR_Narval_b32m16_portable/TWC_plots_comprehensive/runs_rx16/seed7/1dmrs/main_d256_b4_r2/checkpoints/best.weights.h5
[ISO-CHUNK] TF_GPU_ALLOCATOR: cuda_malloc_async
[ISO-CHUNK] output tag: main_d256_b4_r2_u1_baseline_ls_lmmse_ebnom3p0_chunk0017_m8_b20
[EVAL] receiver microbatching enabled: batch_size_eval=64 receiver_microbatch_size=8
WARNING:tensorflow:Model's `__init__()` arguments contain non-serializable objects. Please implement a `get_config()` method in the subclassed Model for proper saving and loading. Defaulting to empty config.
WARNING:tensorflow:Model's `__init__()` arguments contain non-serializable objects. Please implement a `get_config()` method in the subclassed Model for proper saving and loading. Defaulting to empty config.
[EVAL] loaded UPAIR checkpoint: /scratch/rsadve1/Extended_UPAIR_Narval_b32m16_portable/TWC_plots_comprehensive/runs_rx16/seed7/1dmrs/main_d256_b4_r2/checkpoints/best.weights.h5
[EVAL] skipping explicit NMSE channel-estimator calls for: baseline_ls_lmmse
[EVAL] instrumentation log_latency=True log_gpu_memory=True memory_cleanup_every_batches=1 memory_cleanup_every_microbatch=True stream_eval_microbatches=True compiled_receiver_error_counts=False receiver_call_jit_compile=False per_receiver_stopping=False target_bler_floor=1e-05 floor_num_frames=0 gpu_mem=0.09GiB peak=0.26GiB
[EVAL] receiver_call name=baseline_ls_lmmse mode=positional_y_no compiled_error_counts=False
[EVAL] progress num_users=1 Eb/N0=-3 dB batches=10/20 frame_err=baseline_ls_lmmse:2/640 elapsed=77.5s avg_batch=7.752s gpu_mem=0.09GiB peak=0.26GiB
[EVAL] progress num_users=1 Eb/N0=-3 dB batches=20/20 frame_err=baseline_ls_lmmse:2/1280 elapsed=154.4s avg_batch=7.720s gpu_mem=0.09GiB peak=0.26GiB
[EVAL] receiver=       baseline_ls_lmmse Eb/N0=-3.0 dB BER=1.83762e-06 BLER=1.56250e-03 NMSE=nan bit_err=     7/3809280  blk_err=    2/1280   batches=  20 stop=global_stop rx_time=112.23s rx_ms_batch=5611.6 rx_ms_frame=87.681 point_time=154.41s gpu_mem=0.09GiB peak=0.26GiB
[ISO-CHUNK] wrote: /home/rsadve1/scratch/Extended_UPAIR_Narval_b32m16_portable/_isolated_eval_chunks/main_d256_b4_r2_u1_baseline_ls_lmmse_ebnom3p0_chunk0017_m8_b20/chunk_result.csv
[ISO-CHUNK] DONE
[PIPELINE] status done=0 reason=continue chunks=18 batches=360 block_errors=39/100 next_chunk=18
2026-06-09 06:25:14.229284: E external/local_xla/xla/stream_executor/cuda/cuda_dnn.cc:9261] Unable to register cuDNN factory: Attempting to register factory for plugin cuDNN when one has already been registered
2026-06-09 06:25:14.229325: E external/local_xla/xla/stream_executor/cuda/cuda_fft.cc:607] Unable to register cuFFT factory: Attempting to register factory for plugin cuFFT when one has already been registered
2026-06-09 06:25:14.230341: E external/local_xla/xla/stream_executor/cuda/cuda_blas.cc:1515] Unable to register cuBLAS factory: Attempting to register factory for plugin cuBLAS when one has already been registered
[COMPREHENSIVE] loaded Optuna best JSON for main_d256_b4_r2 from /home/rsadve1/scratch/Extended_UPAIR_Narval_b32m16_portable/optuna/clean_b32_prb8_d256_40k_smart_trueDMRS_u34610_1dmrs_stageB_main_d256_b4_r2_best_params.json
[ISO-CHUNK] variant: main_d256_b4_r2
[ISO-CHUNK] receiver: baseline_ls_lmmse
[ISO-CHUNK] num_users: 1
[ISO-CHUNK] ebno_db: -3.0
[ISO-CHUNK] chunk_idx: 18
[ISO-CHUNK] chunk_batches: 20
[ISO-CHUNK] receiver_microbatch_size: 8
[ISO-CHUNK] chunk_seed: 3451070
[ISO-CHUNK] checkpoint: /scratch/rsadve1/Extended_UPAIR_Narval_b32m16_portable/TWC_plots_comprehensive/runs_rx16/seed7/1dmrs/main_d256_b4_r2/checkpoints/best.weights.h5
[ISO-CHUNK] TF_GPU_ALLOCATOR: cuda_malloc_async
[ISO-CHUNK] output tag: main_d256_b4_r2_u1_baseline_ls_lmmse_ebnom3p0_chunk0018_m8_b20
[EVAL] receiver microbatching enabled: batch_size_eval=64 receiver_microbatch_size=8
WARNING:tensorflow:Model's `__init__()` arguments contain non-serializable objects. Please implement a `get_config()` method in the subclassed Model for proper saving and loading. Defaulting to empty config.
WARNING:tensorflow:Model's `__init__()` arguments contain non-serializable objects. Please implement a `get_config()` method in the subclassed Model for proper saving and loading. Defaulting to empty config.
[EVAL] loaded UPAIR checkpoint: /scratch/rsadve1/Extended_UPAIR_Narval_b32m16_portable/TWC_plots_comprehensive/runs_rx16/seed7/1dmrs/main_d256_b4_r2/checkpoints/best.weights.h5
[EVAL] skipping explicit NMSE channel-estimator calls for: baseline_ls_lmmse
[EVAL] instrumentation log_latency=True log_gpu_memory=True memory_cleanup_every_batches=1 memory_cleanup_every_microbatch=True stream_eval_microbatches=True compiled_receiver_error_counts=False receiver_call_jit_compile=False per_receiver_stopping=False target_bler_floor=1e-05 floor_num_frames=0 gpu_mem=0.09GiB peak=0.26GiB
[EVAL] receiver_call name=baseline_ls_lmmse mode=positional_y_no compiled_error_counts=False
[EVAL] progress num_users=1 Eb/N0=-3 dB batches=10/20 frame_err=baseline_ls_lmmse:3/640 elapsed=77.5s avg_batch=7.755s gpu_mem=0.09GiB peak=0.26GiB
[EVAL] progress num_users=1 Eb/N0=-3 dB batches=20/20 frame_err=baseline_ls_lmmse:5/1280 elapsed=155.1s avg_batch=7.755s gpu_mem=0.09GiB peak=0.26GiB
[EVAL] receiver=       baseline_ls_lmmse Eb/N0=-3.0 dB BER=5.48660e-05 BLER=3.90625e-03 NMSE=nan bit_err=   209/3809280  blk_err=    5/1280   batches=  20 stop=global_stop rx_time=112.94s rx_ms_batch=5647.0 rx_ms_frame=88.234 point_time=155.10s gpu_mem=0.09GiB peak=0.26GiB
[ISO-CHUNK] wrote: /home/rsadve1/scratch/Extended_UPAIR_Narval_b32m16_portable/_isolated_eval_chunks/main_d256_b4_r2_u1_baseline_ls_lmmse_ebnom3p0_chunk0018_m8_b20/chunk_result.csv
[ISO-CHUNK] DONE
[PIPELINE] status done=0 reason=continue chunks=19 batches=380 block_errors=44/100 next_chunk=19
2026-06-09 06:28:20.039447: E external/local_xla/xla/stream_executor/cuda/cuda_dnn.cc:9261] Unable to register cuDNN factory: Attempting to register factory for plugin cuDNN when one has already been registered
2026-06-09 06:28:20.039496: E external/local_xla/xla/stream_executor/cuda/cuda_fft.cc:607] Unable to register cuFFT factory: Attempting to register factory for plugin cuFFT when one has already been registered
2026-06-09 06:28:20.040662: E external/local_xla/xla/stream_executor/cuda/cuda_blas.cc:1515] Unable to register cuBLAS factory: Attempting to register factory for plugin cuBLAS when one has already been registered
[COMPREHENSIVE] loaded Optuna best JSON for main_d256_b4_r2 from /home/rsadve1/scratch/Extended_UPAIR_Narval_b32m16_portable/optuna/clean_b32_prb8_d256_40k_smart_trueDMRS_u34610_1dmrs_stageB_main_d256_b4_r2_best_params.json
[ISO-CHUNK] variant: main_d256_b4_r2
[ISO-CHUNK] receiver: baseline_ls_lmmse
[ISO-CHUNK] num_users: 1
[ISO-CHUNK] ebno_db: -3.0
[ISO-CHUNK] chunk_idx: 19
[ISO-CHUNK] chunk_batches: 20
[ISO-CHUNK] receiver_microbatch_size: 8
[ISO-CHUNK] chunk_seed: 3551073
[ISO-CHUNK] checkpoint: /scratch/rsadve1/Extended_UPAIR_Narval_b32m16_portable/TWC_plots_comprehensive/runs_rx16/seed7/1dmrs/main_d256_b4_r2/checkpoints/best.weights.h5
[ISO-CHUNK] TF_GPU_ALLOCATOR: cuda_malloc_async
[ISO-CHUNK] output tag: main_d256_b4_r2_u1_baseline_ls_lmmse_ebnom3p0_chunk0019_m8_b20
[EVAL] receiver microbatching enabled: batch_size_eval=64 receiver_microbatch_size=8
WARNING:tensorflow:Model's `__init__()` arguments contain non-serializable objects. Please implement a `get_config()` method in the subclassed Model for proper saving and loading. Defaulting to empty config.
WARNING:tensorflow:Model's `__init__()` arguments contain non-serializable objects. Please implement a `get_config()` method in the subclassed Model for proper saving and loading. Defaulting to empty config.
[EVAL] loaded UPAIR checkpoint: /scratch/rsadve1/Extended_UPAIR_Narval_b32m16_portable/TWC_plots_comprehensive/runs_rx16/seed7/1dmrs/main_d256_b4_r2/checkpoints/best.weights.h5
[EVAL] skipping explicit NMSE channel-estimator calls for: baseline_ls_lmmse
[EVAL] instrumentation log_latency=True log_gpu_memory=True memory_cleanup_every_batches=1 memory_cleanup_every_microbatch=True stream_eval_microbatches=True compiled_receiver_error_counts=False receiver_call_jit_compile=False per_receiver_stopping=False target_bler_floor=1e-05 floor_num_frames=0 gpu_mem=0.09GiB peak=0.26GiB
[EVAL] receiver_call name=baseline_ls_lmmse mode=positional_y_no compiled_error_counts=False
[EVAL] progress num_users=1 Eb/N0=-3 dB batches=10/20 frame_err=baseline_ls_lmmse:0/640 elapsed=77.1s avg_batch=7.710s gpu_mem=0.09GiB peak=0.26GiB
[EVAL] progress num_users=1 Eb/N0=-3 dB batches=20/20 frame_err=baseline_ls_lmmse:1/1280 elapsed=154.0s avg_batch=7.699s gpu_mem=0.09GiB peak=0.26GiB
[EVAL] receiver=       baseline_ls_lmmse Eb/N0=-3.0 dB BER=2.62517e-06 BLER=7.81250e-04 NMSE=nan bit_err=    10/3809280  blk_err=    1/1280   batches=  20 stop=global_stop rx_time=112.23s rx_ms_batch=5611.3 rx_ms_frame=87.677 point_time=153.98s gpu_mem=0.09GiB peak=0.26GiB
[ISO-CHUNK] wrote: /home/rsadve1/scratch/Extended_UPAIR_Narval_b32m16_portable/_isolated_eval_chunks/main_d256_b4_r2_u1_baseline_ls_lmmse_ebnom3p0_chunk0019_m8_b20/chunk_result.csv
[ISO-CHUNK] DONE
[PIPELINE] status done=0 reason=continue chunks=20 batches=400 block_errors=45/100 next_chunk=20
2026-06-09 06:31:21.195484: E external/local_xla/xla/stream_executor/cuda/cuda_dnn.cc:9261] Unable to register cuDNN factory: Attempting to register factory for plugin cuDNN when one has already been registered
2026-06-09 06:31:21.195520: E external/local_xla/xla/stream_executor/cuda/cuda_fft.cc:607] Unable to register cuFFT factory: Attempting to register factory for plugin cuFFT when one has already been registered
2026-06-09 06:31:21.196550: E external/local_xla/xla/stream_executor/cuda/cuda_blas.cc:1515] Unable to register cuBLAS factory: Attempting to register factory for plugin cuBLAS when one has already been registered
[COMPREHENSIVE] loaded Optuna best JSON for main_d256_b4_r2 from /home/rsadve1/scratch/Extended_UPAIR_Narval_b32m16_portable/optuna/clean_b32_prb8_d256_40k_smart_trueDMRS_u34610_1dmrs_stageB_main_d256_b4_r2_best_params.json
[ISO-CHUNK] variant: main_d256_b4_r2
[ISO-CHUNK] receiver: baseline_ls_lmmse
[ISO-CHUNK] num_users: 1
[ISO-CHUNK] ebno_db: -3.0
[ISO-CHUNK] chunk_idx: 20
[ISO-CHUNK] chunk_batches: 20
[ISO-CHUNK] receiver_microbatch_size: 8
[ISO-CHUNK] chunk_seed: 3651076
[ISO-CHUNK] checkpoint: /scratch/rsadve1/Extended_UPAIR_Narval_b32m16_portable/TWC_plots_comprehensive/runs_rx16/seed7/1dmrs/main_d256_b4_r2/checkpoints/best.weights.h5
[ISO-CHUNK] TF_GPU_ALLOCATOR: cuda_malloc_async
[ISO-CHUNK] output tag: main_d256_b4_r2_u1_baseline_ls_lmmse_ebnom3p0_chunk0020_m8_b20
[EVAL] receiver microbatching enabled: batch_size_eval=64 receiver_microbatch_size=8
WARNING:tensorflow:Model's `__init__()` arguments contain non-serializable objects. Please implement a `get_config()` method in the subclassed Model for proper saving and loading. Defaulting to empty config.
WARNING:tensorflow:Model's `__init__()` arguments contain non-serializable objects. Please implement a `get_config()` method in the subclassed Model for proper saving and loading. Defaulting to empty config.
[EVAL] loaded UPAIR checkpoint: /scratch/rsadve1/Extended_UPAIR_Narval_b32m16_portable/TWC_plots_comprehensive/runs_rx16/seed7/1dmrs/main_d256_b4_r2/checkpoints/best.weights.h5
[EVAL] skipping explicit NMSE channel-estimator calls for: baseline_ls_lmmse
[EVAL] instrumentation log_latency=True log_gpu_memory=True memory_cleanup_every_batches=1 memory_cleanup_every_microbatch=True stream_eval_microbatches=True compiled_receiver_error_counts=False receiver_call_jit_compile=False per_receiver_stopping=False target_bler_floor=1e-05 floor_num_frames=0 gpu_mem=0.09GiB peak=0.26GiB
[EVAL] receiver_call name=baseline_ls_lmmse mode=positional_y_no compiled_error_counts=False
[EVAL] progress num_users=1 Eb/N0=-3 dB batches=10/20 frame_err=baseline_ls_lmmse:1/640 elapsed=77.7s avg_batch=7.771s gpu_mem=0.09GiB peak=0.26GiB
[EVAL] progress num_users=1 Eb/N0=-3 dB batches=20/20 frame_err=baseline_ls_lmmse:3/1280 elapsed=154.6s avg_batch=7.732s gpu_mem=0.09GiB peak=0.26GiB
[EVAL] receiver=       baseline_ls_lmmse Eb/N0=-3.0 dB BER=2.02138e-05 BLER=2.34375e-03 NMSE=nan bit_err=    77/3809280  blk_err=    3/1280   batches=  20 stop=global_stop rx_time=112.71s rx_ms_batch=5635.6 rx_ms_frame=88.056 point_time=154.64s gpu_mem=0.09GiB peak=0.26GiB
[ISO-CHUNK] wrote: /home/rsadve1/scratch/Extended_UPAIR_Narval_b32m16_portable/_isolated_eval_chunks/main_d256_b4_r2_u1_baseline_ls_lmmse_ebnom3p0_chunk0020_m8_b20/chunk_result.csv
[ISO-CHUNK] DONE
[PIPELINE] status done=0 reason=continue chunks=21 batches=420 block_errors=48/100 next_chunk=21
2026-06-09 06:34:31.363500: E external/local_xla/xla/stream_executor/cuda/cuda_dnn.cc:9261] Unable to register cuDNN factory: Attempting to register factory for plugin cuDNN when one has already been registered
2026-06-09 06:34:31.363536: E external/local_xla/xla/stream_executor/cuda/cuda_fft.cc:607] Unable to register cuFFT factory: Attempting to register factory for plugin cuFFT when one has already been registered
2026-06-09 06:34:31.364567: E external/local_xla/xla/stream_executor/cuda/cuda_blas.cc:1515] Unable to register cuBLAS factory: Attempting to register factory for plugin cuBLAS when one has already been registered
[COMPREHENSIVE] loaded Optuna best JSON for main_d256_b4_r2 from /home/rsadve1/scratch/Extended_UPAIR_Narval_b32m16_portable/optuna/clean_b32_prb8_d256_40k_smart_trueDMRS_u34610_1dmrs_stageB_main_d256_b4_r2_best_params.json
[ISO-CHUNK] variant: main_d256_b4_r2
[ISO-CHUNK] receiver: baseline_ls_lmmse
[ISO-CHUNK] num_users: 1
[ISO-CHUNK] ebno_db: -3.0
[ISO-CHUNK] chunk_idx: 21
[ISO-CHUNK] chunk_batches: 20
[ISO-CHUNK] receiver_microbatch_size: 8
[ISO-CHUNK] chunk_seed: 3751079
[ISO-CHUNK] checkpoint: /scratch/rsadve1/Extended_UPAIR_Narval_b32m16_portable/TWC_plots_comprehensive/runs_rx16/seed7/1dmrs/main_d256_b4_r2/checkpoints/best.weights.h5
[ISO-CHUNK] TF_GPU_ALLOCATOR: cuda_malloc_async
[ISO-CHUNK] output tag: main_d256_b4_r2_u1_baseline_ls_lmmse_ebnom3p0_chunk0021_m8_b20
[EVAL] receiver microbatching enabled: batch_size_eval=64 receiver_microbatch_size=8
WARNING:tensorflow:Model's `__init__()` arguments contain non-serializable objects. Please implement a `get_config()` method in the subclassed Model for proper saving and loading. Defaulting to empty config.
WARNING:tensorflow:Model's `__init__()` arguments contain non-serializable objects. Please implement a `get_config()` method in the subclassed Model for proper saving and loading. Defaulting to empty config.
[EVAL] loaded UPAIR checkpoint: /scratch/rsadve1/Extended_UPAIR_Narval_b32m16_portable/TWC_plots_comprehensive/runs_rx16/seed7/1dmrs/main_d256_b4_r2/checkpoints/best.weights.h5
[EVAL] skipping explicit NMSE channel-estimator calls for: baseline_ls_lmmse
[EVAL] instrumentation log_latency=True log_gpu_memory=True memory_cleanup_every_batches=1 memory_cleanup_every_microbatch=True stream_eval_microbatches=True compiled_receiver_error_counts=False receiver_call_jit_compile=False per_receiver_stopping=False target_bler_floor=1e-05 floor_num_frames=0 gpu_mem=0.09GiB peak=0.26GiB
[EVAL] receiver_call name=baseline_ls_lmmse mode=positional_y_no compiled_error_counts=False
[EVAL] progress num_users=1 Eb/N0=-3 dB batches=10/20 frame_err=baseline_ls_lmmse:1/640 elapsed=77.5s avg_batch=7.751s gpu_mem=0.09GiB peak=0.26GiB
[EVAL] progress num_users=1 Eb/N0=-3 dB batches=20/20 frame_err=baseline_ls_lmmse:3/1280 elapsed=154.7s avg_batch=7.735s gpu_mem=0.09GiB peak=0.26GiB
[EVAL] receiver=       baseline_ls_lmmse Eb/N0=-3.0 dB BER=1.91637e-05 BLER=2.34375e-03 NMSE=nan bit_err=    73/3809280  blk_err=    3/1280   batches=  20 stop=global_stop rx_time=112.47s rx_ms_batch=5623.4 rx_ms_frame=87.865 point_time=154.71s gpu_mem=0.09GiB peak=0.26GiB
[ISO-CHUNK] wrote: /home/rsadve1/scratch/Extended_UPAIR_Narval_b32m16_portable/_isolated_eval_chunks/main_d256_b4_r2_u1_baseline_ls_lmmse_ebnom3p0_chunk0021_m8_b20/chunk_result.csv
[ISO-CHUNK] DONE
[PIPELINE] status done=0 reason=continue chunks=22 batches=440 block_errors=51/100 next_chunk=22
2026-06-09 06:37:34.885793: E external/local_xla/xla/stream_executor/cuda/cuda_dnn.cc:9261] Unable to register cuDNN factory: Attempting to register factory for plugin cuDNN when one has already been registered
2026-06-09 06:37:34.885835: E external/local_xla/xla/stream_executor/cuda/cuda_fft.cc:607] Unable to register cuFFT factory: Attempting to register factory for plugin cuFFT when one has already been registered
2026-06-09 06:37:34.886925: E external/local_xla/xla/stream_executor/cuda/cuda_blas.cc:1515] Unable to register cuBLAS factory: Attempting to register factory for plugin cuBLAS when one has already been registered
[COMPREHENSIVE] loaded Optuna best JSON for main_d256_b4_r2 from /home/rsadve1/scratch/Extended_UPAIR_Narval_b32m16_portable/optuna/clean_b32_prb8_d256_40k_smart_trueDMRS_u34610_1dmrs_stageB_main_d256_b4_r2_best_params.json
[ISO-CHUNK] variant: main_d256_b4_r2
[ISO-CHUNK] receiver: baseline_ls_lmmse
[ISO-CHUNK] num_users: 1
[ISO-CHUNK] ebno_db: -3.0
[ISO-CHUNK] chunk_idx: 22
[ISO-CHUNK] chunk_batches: 20
[ISO-CHUNK] receiver_microbatch_size: 8
[ISO-CHUNK] chunk_seed: 3851082
[ISO-CHUNK] checkpoint: /scratch/rsadve1/Extended_UPAIR_Narval_b32m16_portable/TWC_plots_comprehensive/runs_rx16/seed7/1dmrs/main_d256_b4_r2/checkpoints/best.weights.h5
[ISO-CHUNK] TF_GPU_ALLOCATOR: cuda_malloc_async
[ISO-CHUNK] output tag: main_d256_b4_r2_u1_baseline_ls_lmmse_ebnom3p0_chunk0022_m8_b20
[EVAL] receiver microbatching enabled: batch_size_eval=64 receiver_microbatch_size=8
WARNING:tensorflow:Model's `__init__()` arguments contain non-serializable objects. Please implement a `get_config()` method in the subclassed Model for proper saving and loading. Defaulting to empty config.
WARNING:tensorflow:Model's `__init__()` arguments contain non-serializable objects. Please implement a `get_config()` method in the subclassed Model for proper saving and loading. Defaulting to empty config.
[EVAL] loaded UPAIR checkpoint: /scratch/rsadve1/Extended_UPAIR_Narval_b32m16_portable/TWC_plots_comprehensive/runs_rx16/seed7/1dmrs/main_d256_b4_r2/checkpoints/best.weights.h5
[EVAL] skipping explicit NMSE channel-estimator calls for: baseline_ls_lmmse
[EVAL] instrumentation log_latency=True log_gpu_memory=True memory_cleanup_every_batches=1 memory_cleanup_every_microbatch=True stream_eval_microbatches=True compiled_receiver_error_counts=False receiver_call_jit_compile=False per_receiver_stopping=False target_bler_floor=1e-05 floor_num_frames=0 gpu_mem=0.09GiB peak=0.26GiB
[EVAL] receiver_call name=baseline_ls_lmmse mode=positional_y_no compiled_error_counts=False
[EVAL] progress num_users=1 Eb/N0=-3 dB batches=10/20 frame_err=baseline_ls_lmmse:0/640 elapsed=77.2s avg_batch=7.720s gpu_mem=0.09GiB peak=0.26GiB
[EVAL] progress num_users=1 Eb/N0=-3 dB batches=20/20 frame_err=baseline_ls_lmmse:1/1280 elapsed=154.4s avg_batch=7.722s gpu_mem=0.09GiB peak=0.26GiB
[EVAL] receiver=       baseline_ls_lmmse Eb/N0=-3.0 dB BER=4.20027e-06 BLER=7.81250e-04 NMSE=nan bit_err=    16/3809280  blk_err=    1/1280   batches=  20 stop=global_stop rx_time=112.24s rx_ms_batch=5612.1 rx_ms_frame=87.689 point_time=154.44s gpu_mem=0.09GiB peak=0.26GiB
[ISO-CHUNK] wrote: /home/rsadve1/scratch/Extended_UPAIR_Narval_b32m16_portable/_isolated_eval_chunks/main_d256_b4_r2_u1_baseline_ls_lmmse_ebnom3p0_chunk0022_m8_b20/chunk_result.csv
[ISO-CHUNK] DONE
[PIPELINE] status done=0 reason=continue chunks=23 batches=460 block_errors=52/100 next_chunk=23
2026-06-09 06:40:37.538319: E external/local_xla/xla/stream_executor/cuda/cuda_dnn.cc:9261] Unable to register cuDNN factory: Attempting to register factory for plugin cuDNN when one has already been registered
2026-06-09 06:40:37.538362: E external/local_xla/xla/stream_executor/cuda/cuda_fft.cc:607] Unable to register cuFFT factory: Attempting to register factory for plugin cuFFT when one has already been registered
2026-06-09 06:40:37.539404: E external/local_xla/xla/stream_executor/cuda/cuda_blas.cc:1515] Unable to register cuBLAS factory: Attempting to register factory for plugin cuBLAS when one has already been registered
[COMPREHENSIVE] loaded Optuna best JSON for main_d256_b4_r2 from /home/rsadve1/scratch/Extended_UPAIR_Narval_b32m16_portable/optuna/clean_b32_prb8_d256_40k_smart_trueDMRS_u34610_1dmrs_stageB_main_d256_b4_r2_best_params.json
[ISO-CHUNK] variant: main_d256_b4_r2
[ISO-CHUNK] receiver: baseline_ls_lmmse
[ISO-CHUNK] num_users: 1
[ISO-CHUNK] ebno_db: -3.0
[ISO-CHUNK] chunk_idx: 23
[ISO-CHUNK] chunk_batches: 20
[ISO-CHUNK] receiver_microbatch_size: 8
[ISO-CHUNK] chunk_seed: 3951085
[ISO-CHUNK] checkpoint: /scratch/rsadve1/Extended_UPAIR_Narval_b32m16_portable/TWC_plots_comprehensive/runs_rx16/seed7/1dmrs/main_d256_b4_r2/checkpoints/best.weights.h5
[ISO-CHUNK] TF_GPU_ALLOCATOR: cuda_malloc_async
[ISO-CHUNK] output tag: main_d256_b4_r2_u1_baseline_ls_lmmse_ebnom3p0_chunk0023_m8_b20
[EVAL] receiver microbatching enabled: batch_size_eval=64 receiver_microbatch_size=8
WARNING:tensorflow:Model's `__init__()` arguments contain non-serializable objects. Please implement a `get_config()` method in the subclassed Model for proper saving and loading. Defaulting to empty config.
WARNING:tensorflow:Model's `__init__()` arguments contain non-serializable objects. Please implement a `get_config()` method in the subclassed Model for proper saving and loading. Defaulting to empty config.
[EVAL] loaded UPAIR checkpoint: /scratch/rsadve1/Extended_UPAIR_Narval_b32m16_portable/TWC_plots_comprehensive/runs_rx16/seed7/1dmrs/main_d256_b4_r2/checkpoints/best.weights.h5
[EVAL] skipping explicit NMSE channel-estimator calls for: baseline_ls_lmmse
[EVAL] instrumentation log_latency=True log_gpu_memory=True memory_cleanup_every_batches=1 memory_cleanup_every_microbatch=True stream_eval_microbatches=True compiled_receiver_error_counts=False receiver_call_jit_compile=False per_receiver_stopping=False target_bler_floor=1e-05 floor_num_frames=0 gpu_mem=0.09GiB peak=0.26GiB
[EVAL] receiver_call name=baseline_ls_lmmse mode=positional_y_no compiled_error_counts=False
[EVAL] progress num_users=1 Eb/N0=-3 dB batches=10/20 frame_err=baseline_ls_lmmse:0/640 elapsed=77.3s avg_batch=7.734s gpu_mem=0.09GiB peak=0.26GiB
[EVAL] progress num_users=1 Eb/N0=-3 dB batches=20/20 frame_err=baseline_ls_lmmse:1/1280 elapsed=154.7s avg_batch=7.737s gpu_mem=0.09GiB peak=0.26GiB
[EVAL] receiver=       baseline_ls_lmmse Eb/N0=-3.0 dB BER=2.12639e-05 BLER=7.81250e-04 NMSE=nan bit_err=    81/3809280  blk_err=    1/1280   batches=  20 stop=global_stop rx_time=112.68s rx_ms_batch=5634.0 rx_ms_frame=88.031 point_time=154.73s gpu_mem=0.09GiB peak=0.26GiB
[ISO-CHUNK] wrote: /home/rsadve1/scratch/Extended_UPAIR_Narval_b32m16_portable/_isolated_eval_chunks/main_d256_b4_r2_u1_baseline_ls_lmmse_ebnom3p0_chunk0023_m8_b20/chunk_result.csv
[ISO-CHUNK] DONE
[PIPELINE] status done=0 reason=continue chunks=24 batches=480 block_errors=53/100 next_chunk=24
2026-06-09 06:43:38.123231: E external/local_xla/xla/stream_executor/cuda/cuda_dnn.cc:9261] Unable to register cuDNN factory: Attempting to register factory for plugin cuDNN when one has already been registered
2026-06-09 06:43:38.123269: E external/local_xla/xla/stream_executor/cuda/cuda_fft.cc:607] Unable to register cuFFT factory: Attempting to register factory for plugin cuFFT when one has already been registered
2026-06-09 06:43:38.124305: E external/local_xla/xla/stream_executor/cuda/cuda_blas.cc:1515] Unable to register cuBLAS factory: Attempting to register factory for plugin cuBLAS when one has already been registered
[COMPREHENSIVE] loaded Optuna best JSON for main_d256_b4_r2 from /home/rsadve1/scratch/Extended_UPAIR_Narval_b32m16_portable/optuna/clean_b32_prb8_d256_40k_smart_trueDMRS_u34610_1dmrs_stageB_main_d256_b4_r2_best_params.json
[ISO-CHUNK] variant: main_d256_b4_r2
[ISO-CHUNK] receiver: baseline_ls_lmmse
[ISO-CHUNK] num_users: 1
[ISO-CHUNK] ebno_db: -3.0
[ISO-CHUNK] chunk_idx: 24
[ISO-CHUNK] chunk_batches: 20
[ISO-CHUNK] receiver_microbatch_size: 8
[ISO-CHUNK] chunk_seed: 4051088
[ISO-CHUNK] checkpoint: /scratch/rsadve1/Extended_UPAIR_Narval_b32m16_portable/TWC_plots_comprehensive/runs_rx16/seed7/1dmrs/main_d256_b4_r2/checkpoints/best.weights.h5
[ISO-CHUNK] TF_GPU_ALLOCATOR: cuda_malloc_async
[ISO-CHUNK] output tag: main_d256_b4_r2_u1_baseline_ls_lmmse_ebnom3p0_chunk0024_m8_b20
[EVAL] receiver microbatching enabled: batch_size_eval=64 receiver_microbatch_size=8
WARNING:tensorflow:Model's `__init__()` arguments contain non-serializable objects. Please implement a `get_config()` method in the subclassed Model for proper saving and loading. Defaulting to empty config.
WARNING:tensorflow:Model's `__init__()` arguments contain non-serializable objects. Please implement a `get_config()` method in the subclassed Model for proper saving and loading. Defaulting to empty config.
[EVAL] loaded UPAIR checkpoint: /scratch/rsadve1/Extended_UPAIR_Narval_b32m16_portable/TWC_plots_comprehensive/runs_rx16/seed7/1dmrs/main_d256_b4_r2/checkpoints/best.weights.h5
[EVAL] skipping explicit NMSE channel-estimator calls for: baseline_ls_lmmse
[EVAL] instrumentation log_latency=True log_gpu_memory=True memory_cleanup_every_batches=1 memory_cleanup_every_microbatch=True stream_eval_microbatches=True compiled_receiver_error_counts=False receiver_call_jit_compile=False per_receiver_stopping=False target_bler_floor=1e-05 floor_num_frames=0 gpu_mem=0.09GiB peak=0.26GiB
[EVAL] receiver_call name=baseline_ls_lmmse mode=positional_y_no compiled_error_counts=False
[EVAL] progress num_users=1 Eb/N0=-3 dB batches=10/20 frame_err=baseline_ls_lmmse:2/640 elapsed=77.8s avg_batch=7.782s gpu_mem=0.09GiB peak=0.26GiB
[EVAL] progress num_users=1 Eb/N0=-3 dB batches=20/20 frame_err=baseline_ls_lmmse:3/1280 elapsed=155.3s avg_batch=7.763s gpu_mem=0.09GiB peak=0.26GiB
[EVAL] receiver=       baseline_ls_lmmse Eb/N0=-3.0 dB BER=7.61299e-06 BLER=2.34375e-03 NMSE=nan bit_err=    29/3809280  blk_err=    3/1280   batches=  20 stop=global_stop rx_time=112.98s rx_ms_batch=5648.8 rx_ms_frame=88.262 point_time=155.25s gpu_mem=0.09GiB peak=0.26GiB
[ISO-CHUNK] wrote: /home/rsadve1/scratch/Extended_UPAIR_Narval_b32m16_portable/_isolated_eval_chunks/main_d256_b4_r2_u1_baseline_ls_lmmse_ebnom3p0_chunk0024_m8_b20/chunk_result.csv
[ISO-CHUNK] DONE
[PIPELINE] status done=0 reason=continue chunks=25 batches=500 block_errors=56/100 next_chunk=25
2026-06-09 06:46:45.688118: E external/local_xla/xla/stream_executor/cuda/cuda_dnn.cc:9261] Unable to register cuDNN factory: Attempting to register factory for plugin cuDNN when one has already been registered
2026-06-09 06:46:45.688154: E external/local_xla/xla/stream_executor/cuda/cuda_fft.cc:607] Unable to register cuFFT factory: Attempting to register factory for plugin cuFFT when one has already been registered
2026-06-09 06:46:45.689227: E external/local_xla/xla/stream_executor/cuda/cuda_blas.cc:1515] Unable to register cuBLAS factory: Attempting to register factory for plugin cuBLAS when one has already been registered
[COMPREHENSIVE] loaded Optuna best JSON for main_d256_b4_r2 from /home/rsadve1/scratch/Extended_UPAIR_Narval_b32m16_portable/optuna/clean_b32_prb8_d256_40k_smart_trueDMRS_u34610_1dmrs_stageB_main_d256_b4_r2_best_params.json
[ISO-CHUNK] variant: main_d256_b4_r2
[ISO-CHUNK] receiver: baseline_ls_lmmse
[ISO-CHUNK] num_users: 1
[ISO-CHUNK] ebno_db: -3.0
[ISO-CHUNK] chunk_idx: 25
[ISO-CHUNK] chunk_batches: 20
[ISO-CHUNK] receiver_microbatch_size: 8
[ISO-CHUNK] chunk_seed: 4151091
[ISO-CHUNK] checkpoint: /scratch/rsadve1/Extended_UPAIR_Narval_b32m16_portable/TWC_plots_comprehensive/runs_rx16/seed7/1dmrs/main_d256_b4_r2/checkpoints/best.weights.h5
[ISO-CHUNK] TF_GPU_ALLOCATOR: cuda_malloc_async
[ISO-CHUNK] output tag: main_d256_b4_r2_u1_baseline_ls_lmmse_ebnom3p0_chunk0025_m8_b20
[EVAL] receiver microbatching enabled: batch_size_eval=64 receiver_microbatch_size=8
WARNING:tensorflow:Model's `__init__()` arguments contain non-serializable objects. Please implement a `get_config()` method in the subclassed Model for proper saving and loading. Defaulting to empty config.
WARNING:tensorflow:Model's `__init__()` arguments contain non-serializable objects. Please implement a `get_config()` method in the subclassed Model for proper saving and loading. Defaulting to empty config.
[EVAL] loaded UPAIR checkpoint: /scratch/rsadve1/Extended_UPAIR_Narval_b32m16_portable/TWC_plots_comprehensive/runs_rx16/seed7/1dmrs/main_d256_b4_r2/checkpoints/best.weights.h5
[EVAL] skipping explicit NMSE channel-estimator calls for: baseline_ls_lmmse
[EVAL] instrumentation log_latency=True log_gpu_memory=True memory_cleanup_every_batches=1 memory_cleanup_every_microbatch=True stream_eval_microbatches=True compiled_receiver_error_counts=False receiver_call_jit_compile=False per_receiver_stopping=False target_bler_floor=1e-05 floor_num_frames=0 gpu_mem=0.09GiB peak=0.26GiB
[EVAL] receiver_call name=baseline_ls_lmmse mode=positional_y_no compiled_error_counts=False
[EVAL] progress num_users=1 Eb/N0=-3 dB batches=10/20 frame_err=baseline_ls_lmmse:0/640 elapsed=77.8s avg_batch=7.778s gpu_mem=0.09GiB peak=0.26GiB
[EVAL] progress num_users=1 Eb/N0=-3 dB batches=20/20 frame_err=baseline_ls_lmmse:2/1280 elapsed=155.7s avg_batch=7.783s gpu_mem=0.09GiB peak=0.26GiB
[EVAL] receiver=       baseline_ls_lmmse Eb/N0=-3.0 dB BER=5.40785e-05 BLER=1.56250e-03 NMSE=nan bit_err=   206/3809280  blk_err=    2/1280   batches=  20 stop=global_stop rx_time=113.32s rx_ms_batch=5666.0 rx_ms_frame=88.531 point_time=155.66s gpu_mem=0.09GiB peak=0.26GiB
[ISO-CHUNK] wrote: /home/rsadve1/scratch/Extended_UPAIR_Narval_b32m16_portable/_isolated_eval_chunks/main_d256_b4_r2_u1_baseline_ls_lmmse_ebnom3p0_chunk0025_m8_b20/chunk_result.csv
[ISO-CHUNK] DONE
[PIPELINE] status done=0 reason=continue chunks=26 batches=520 block_errors=58/100 next_chunk=26
2026-06-09 06:49:51.542941: E external/local_xla/xla/stream_executor/cuda/cuda_dnn.cc:9261] Unable to register cuDNN factory: Attempting to register factory for plugin cuDNN when one has already been registered
2026-06-09 06:49:51.542976: E external/local_xla/xla/stream_executor/cuda/cuda_fft.cc:607] Unable to register cuFFT factory: Attempting to register factory for plugin cuFFT when one has already been registered
2026-06-09 06:49:51.544044: E external/local_xla/xla/stream_executor/cuda/cuda_blas.cc:1515] Unable to register cuBLAS factory: Attempting to register factory for plugin cuBLAS when one has already been registered
[COMPREHENSIVE] loaded Optuna best JSON for main_d256_b4_r2 from /home/rsadve1/scratch/Extended_UPAIR_Narval_b32m16_portable/optuna/clean_b32_prb8_d256_40k_smart_trueDMRS_u34610_1dmrs_stageB_main_d256_b4_r2_best_params.json
[ISO-CHUNK] variant: main_d256_b4_r2
[ISO-CHUNK] receiver: baseline_ls_lmmse
[ISO-CHUNK] num_users: 1
[ISO-CHUNK] ebno_db: -3.0
[ISO-CHUNK] chunk_idx: 26
[ISO-CHUNK] chunk_batches: 20
[ISO-CHUNK] receiver_microbatch_size: 8
[ISO-CHUNK] chunk_seed: 4251094
[ISO-CHUNK] checkpoint: /scratch/rsadve1/Extended_UPAIR_Narval_b32m16_portable/TWC_plots_comprehensive/runs_rx16/seed7/1dmrs/main_d256_b4_r2/checkpoints/best.weights.h5
[ISO-CHUNK] TF_GPU_ALLOCATOR: cuda_malloc_async
[ISO-CHUNK] output tag: main_d256_b4_r2_u1_baseline_ls_lmmse_ebnom3p0_chunk0026_m8_b20
[EVAL] receiver microbatching enabled: batch_size_eval=64 receiver_microbatch_size=8
WARNING:tensorflow:Model's `__init__()` arguments contain non-serializable objects. Please implement a `get_config()` method in the subclassed Model for proper saving and loading. Defaulting to empty config.
WARNING:tensorflow:Model's `__init__()` arguments contain non-serializable objects. Please implement a `get_config()` method in the subclassed Model for proper saving and loading. Defaulting to empty config.
[EVAL] loaded UPAIR checkpoint: /scratch/rsadve1/Extended_UPAIR_Narval_b32m16_portable/TWC_plots_comprehensive/runs_rx16/seed7/1dmrs/main_d256_b4_r2/checkpoints/best.weights.h5
[EVAL] skipping explicit NMSE channel-estimator calls for: baseline_ls_lmmse
[EVAL] instrumentation log_latency=True log_gpu_memory=True memory_cleanup_every_batches=1 memory_cleanup_every_microbatch=True stream_eval_microbatches=True compiled_receiver_error_counts=False receiver_call_jit_compile=False per_receiver_stopping=False target_bler_floor=1e-05 floor_num_frames=0 gpu_mem=0.09GiB peak=0.26GiB
[EVAL] receiver_call name=baseline_ls_lmmse mode=positional_y_no compiled_error_counts=False
[EVAL] progress num_users=1 Eb/N0=-3 dB batches=10/20 frame_err=baseline_ls_lmmse:3/640 elapsed=77.7s avg_batch=7.769s gpu_mem=0.09GiB peak=0.26GiB
[EVAL] progress num_users=1 Eb/N0=-3 dB batches=20/20 frame_err=baseline_ls_lmmse:3/1280 elapsed=155.3s avg_batch=7.763s gpu_mem=0.09GiB peak=0.26GiB
[EVAL] receiver=       baseline_ls_lmmse Eb/N0=-3.0 dB BER=1.39134e-05 BLER=2.34375e-03 NMSE=nan bit_err=    53/3809280  blk_err=    3/1280   batches=  20 stop=global_stop rx_time=112.96s rx_ms_batch=5647.9 rx_ms_frame=88.249 point_time=155.25s gpu_mem=0.09GiB peak=0.26GiB
[ISO-CHUNK] wrote: /home/rsadve1/scratch/Extended_UPAIR_Narval_b32m16_portable/_isolated_eval_chunks/main_d256_b4_r2_u1_baseline_ls_lmmse_ebnom3p0_chunk0026_m8_b20/chunk_result.csv
[ISO-CHUNK] DONE
[PIPELINE] status done=0 reason=continue chunks=27 batches=540 block_errors=61/100 next_chunk=27
2026-06-09 06:52:59.423672: E external/local_xla/xla/stream_executor/cuda/cuda_dnn.cc:9261] Unable to register cuDNN factory: Attempting to register factory for plugin cuDNN when one has already been registered
2026-06-09 06:52:59.423715: E external/local_xla/xla/stream_executor/cuda/cuda_fft.cc:607] Unable to register cuFFT factory: Attempting to register factory for plugin cuFFT when one has already been registered
2026-06-09 06:52:59.424756: E external/local_xla/xla/stream_executor/cuda/cuda_blas.cc:1515] Unable to register cuBLAS factory: Attempting to register factory for plugin cuBLAS when one has already been registered
[COMPREHENSIVE] loaded Optuna best JSON for main_d256_b4_r2 from /home/rsadve1/scratch/Extended_UPAIR_Narval_b32m16_portable/optuna/clean_b32_prb8_d256_40k_smart_trueDMRS_u34610_1dmrs_stageB_main_d256_b4_r2_best_params.json
[ISO-CHUNK] variant: main_d256_b4_r2
[ISO-CHUNK] receiver: baseline_ls_lmmse
[ISO-CHUNK] num_users: 1
[ISO-CHUNK] ebno_db: -3.0
[ISO-CHUNK] chunk_idx: 27
[ISO-CHUNK] chunk_batches: 20
[ISO-CHUNK] receiver_microbatch_size: 8
[ISO-CHUNK] chunk_seed: 4351097
[ISO-CHUNK] checkpoint: /scratch/rsadve1/Extended_UPAIR_Narval_b32m16_portable/TWC_plots_comprehensive/runs_rx16/seed7/1dmrs/main_d256_b4_r2/checkpoints/best.weights.h5
[ISO-CHUNK] TF_GPU_ALLOCATOR: cuda_malloc_async
[ISO-CHUNK] output tag: main_d256_b4_r2_u1_baseline_ls_lmmse_ebnom3p0_chunk0027_m8_b20
[EVAL] receiver microbatching enabled: batch_size_eval=64 receiver_microbatch_size=8
WARNING:tensorflow:Model's `__init__()` arguments contain non-serializable objects. Please implement a `get_config()` method in the subclassed Model for proper saving and loading. Defaulting to empty config.
WARNING:tensorflow:Model's `__init__()` arguments contain non-serializable objects. Please implement a `get_config()` method in the subclassed Model for proper saving and loading. Defaulting to empty config.
[EVAL] loaded UPAIR checkpoint: /scratch/rsadve1/Extended_UPAIR_Narval_b32m16_portable/TWC_plots_comprehensive/runs_rx16/seed7/1dmrs/main_d256_b4_r2/checkpoints/best.weights.h5
[EVAL] skipping explicit NMSE channel-estimator calls for: baseline_ls_lmmse
[EVAL] instrumentation log_latency=True log_gpu_memory=True memory_cleanup_every_batches=1 memory_cleanup_every_microbatch=True stream_eval_microbatches=True compiled_receiver_error_counts=False receiver_call_jit_compile=False per_receiver_stopping=False target_bler_floor=1e-05 floor_num_frames=0 gpu_mem=0.09GiB peak=0.26GiB
[EVAL] receiver_call name=baseline_ls_lmmse mode=positional_y_no compiled_error_counts=False
[EVAL] progress num_users=1 Eb/N0=-3 dB batches=10/20 frame_err=baseline_ls_lmmse:2/640 elapsed=78.3s avg_batch=7.831s gpu_mem=0.09GiB peak=0.26GiB
[EVAL] progress num_users=1 Eb/N0=-3 dB batches=20/20 frame_err=baseline_ls_lmmse:3/1280 elapsed=156.4s avg_batch=7.819s gpu_mem=0.09GiB peak=0.26GiB
[EVAL] receiver=       baseline_ls_lmmse Eb/N0=-3.0 dB BER=9.42435e-05 BLER=2.34375e-03 NMSE=nan bit_err=   359/3809280  blk_err=    3/1280   batches=  20 stop=global_stop rx_time=113.86s rx_ms_batch=5693.0 rx_ms_frame=88.953 point_time=156.37s gpu_mem=0.09GiB peak=0.26GiB
[ISO-CHUNK] wrote: /home/rsadve1/scratch/Extended_UPAIR_Narval_b32m16_portable/_isolated_eval_chunks/main_d256_b4_r2_u1_baseline_ls_lmmse_ebnom3p0_chunk0027_m8_b20/chunk_result.csv
[ISO-CHUNK] DONE
[PIPELINE] status done=0 reason=continue chunks=28 batches=560 block_errors=64/100 next_chunk=28
2026-06-09 06:56:08.682925: E external/local_xla/xla/stream_executor/cuda/cuda_dnn.cc:9261] Unable to register cuDNN factory: Attempting to register factory for plugin cuDNN when one has already been registered
2026-06-09 06:56:08.682961: E external/local_xla/xla/stream_executor/cuda/cuda_fft.cc:607] Unable to register cuFFT factory: Attempting to register factory for plugin cuFFT when one has already been registered
2026-06-09 06:56:08.684028: E external/local_xla/xla/stream_executor/cuda/cuda_blas.cc:1515] Unable to register cuBLAS factory: Attempting to register factory for plugin cuBLAS when one has already been registered
[COMPREHENSIVE] loaded Optuna best JSON for main_d256_b4_r2 from /home/rsadve1/scratch/Extended_UPAIR_Narval_b32m16_portable/optuna/clean_b32_prb8_d256_40k_smart_trueDMRS_u34610_1dmrs_stageB_main_d256_b4_r2_best_params.json
[ISO-CHUNK] variant: main_d256_b4_r2
[ISO-CHUNK] receiver: baseline_ls_lmmse
[ISO-CHUNK] num_users: 1
[ISO-CHUNK] ebno_db: -3.0
[ISO-CHUNK] chunk_idx: 28
[ISO-CHUNK] chunk_batches: 20
[ISO-CHUNK] receiver_microbatch_size: 8
[ISO-CHUNK] chunk_seed: 4451100
[ISO-CHUNK] checkpoint: /scratch/rsadve1/Extended_UPAIR_Narval_b32m16_portable/TWC_plots_comprehensive/runs_rx16/seed7/1dmrs/main_d256_b4_r2/checkpoints/best.weights.h5
[ISO-CHUNK] TF_GPU_ALLOCATOR: cuda_malloc_async
[ISO-CHUNK] output tag: main_d256_b4_r2_u1_baseline_ls_lmmse_ebnom3p0_chunk0028_m8_b20
[EVAL] receiver microbatching enabled: batch_size_eval=64 receiver_microbatch_size=8
WARNING:tensorflow:Model's `__init__()` arguments contain non-serializable objects. Please implement a `get_config()` method in the subclassed Model for proper saving and loading. Defaulting to empty config.
WARNING:tensorflow:Model's `__init__()` arguments contain non-serializable objects. Please implement a `get_config()` method in the subclassed Model for proper saving and loading. Defaulting to empty config.
[EVAL] loaded UPAIR checkpoint: /scratch/rsadve1/Extended_UPAIR_Narval_b32m16_portable/TWC_plots_comprehensive/runs_rx16/seed7/1dmrs/main_d256_b4_r2/checkpoints/best.weights.h5
[EVAL] skipping explicit NMSE channel-estimator calls for: baseline_ls_lmmse
[EVAL] instrumentation log_latency=True log_gpu_memory=True memory_cleanup_every_batches=1 memory_cleanup_every_microbatch=True stream_eval_microbatches=True compiled_receiver_error_counts=False receiver_call_jit_compile=False per_receiver_stopping=False target_bler_floor=1e-05 floor_num_frames=0 gpu_mem=0.09GiB peak=0.26GiB
[EVAL] receiver_call name=baseline_ls_lmmse mode=positional_y_no compiled_error_counts=False
[EVAL] progress num_users=1 Eb/N0=-3 dB batches=10/20 frame_err=baseline_ls_lmmse:2/640 elapsed=77.9s avg_batch=7.791s gpu_mem=0.09GiB peak=0.26GiB
[EVAL] progress num_users=1 Eb/N0=-3 dB batches=20/20 frame_err=baseline_ls_lmmse:2/1280 elapsed=155.7s avg_batch=7.784s gpu_mem=0.09GiB peak=0.26GiB
[EVAL] receiver=       baseline_ls_lmmse Eb/N0=-3.0 dB BER=2.36265e-06 BLER=1.56250e-03 NMSE=nan bit_err=     9/3809280  blk_err=    2/1280   batches=  20 stop=global_stop rx_time=113.31s rx_ms_batch=5665.3 rx_ms_frame=88.520 point_time=155.69s gpu_mem=0.09GiB peak=0.26GiB
[ISO-CHUNK] wrote: /home/rsadve1/scratch/Extended_UPAIR_Narval_b32m16_portable/_isolated_eval_chunks/main_d256_b4_r2_u1_baseline_ls_lmmse_ebnom3p0_chunk0028_m8_b20/chunk_result.csv
[ISO-CHUNK] DONE
[PIPELINE] status done=0 reason=continue chunks=29 batches=580 block_errors=66/100 next_chunk=29
2026-06-09 06:59:12.618054: E external/local_xla/xla/stream_executor/cuda/cuda_dnn.cc:9261] Unable to register cuDNN factory: Attempting to register factory for plugin cuDNN when one has already been registered
2026-06-09 06:59:12.618090: E external/local_xla/xla/stream_executor/cuda/cuda_fft.cc:607] Unable to register cuFFT factory: Attempting to register factory for plugin cuFFT when one has already been registered
2026-06-09 06:59:12.619133: E external/local_xla/xla/stream_executor/cuda/cuda_blas.cc:1515] Unable to register cuBLAS factory: Attempting to register factory for plugin cuBLAS when one has already been registered
[COMPREHENSIVE] loaded Optuna best JSON for main_d256_b4_r2 from /home/rsadve1/scratch/Extended_UPAIR_Narval_b32m16_portable/optuna/clean_b32_prb8_d256_40k_smart_trueDMRS_u34610_1dmrs_stageB_main_d256_b4_r2_best_params.json
[ISO-CHUNK] variant: main_d256_b4_r2
[ISO-CHUNK] receiver: baseline_ls_lmmse
[ISO-CHUNK] num_users: 1
[ISO-CHUNK] ebno_db: -3.0
[ISO-CHUNK] chunk_idx: 29
[ISO-CHUNK] chunk_batches: 20
[ISO-CHUNK] receiver_microbatch_size: 8
[ISO-CHUNK] chunk_seed: 4551103
[ISO-CHUNK] checkpoint: /scratch/rsadve1/Extended_UPAIR_Narval_b32m16_portable/TWC_plots_comprehensive/runs_rx16/seed7/1dmrs/main_d256_b4_r2/checkpoints/best.weights.h5
[ISO-CHUNK] TF_GPU_ALLOCATOR: cuda_malloc_async
[ISO-CHUNK] output tag: main_d256_b4_r2_u1_baseline_ls_lmmse_ebnom3p0_chunk0029_m8_b20
[EVAL] receiver microbatching enabled: batch_size_eval=64 receiver_microbatch_size=8
WARNING:tensorflow:Model's `__init__()` arguments contain non-serializable objects. Please implement a `get_config()` method in the subclassed Model for proper saving and loading. Defaulting to empty config.
WARNING:tensorflow:Model's `__init__()` arguments contain non-serializable objects. Please implement a `get_config()` method in the subclassed Model for proper saving and loading. Defaulting to empty config.
[EVAL] loaded UPAIR checkpoint: /scratch/rsadve1/Extended_UPAIR_Narval_b32m16_portable/TWC_plots_comprehensive/runs_rx16/seed7/1dmrs/main_d256_b4_r2/checkpoints/best.weights.h5
[EVAL] skipping explicit NMSE channel-estimator calls for: baseline_ls_lmmse
[EVAL] instrumentation log_latency=True log_gpu_memory=True memory_cleanup_every_batches=1 memory_cleanup_every_microbatch=True stream_eval_microbatches=True compiled_receiver_error_counts=False receiver_call_jit_compile=False per_receiver_stopping=False target_bler_floor=1e-05 floor_num_frames=0 gpu_mem=0.09GiB peak=0.26GiB
[EVAL] receiver_call name=baseline_ls_lmmse mode=positional_y_no compiled_error_counts=False
[EVAL] progress num_users=1 Eb/N0=-3 dB batches=10/20 frame_err=baseline_ls_lmmse:0/640 elapsed=78.3s avg_batch=7.827s gpu_mem=0.09GiB peak=0.26GiB
[EVAL] progress num_users=1 Eb/N0=-3 dB batches=20/20 frame_err=baseline_ls_lmmse:3/1280 elapsed=156.6s avg_batch=7.829s gpu_mem=0.09GiB peak=0.26GiB
[EVAL] receiver=       baseline_ls_lmmse Eb/N0=-3.0 dB BER=6.30040e-06 BLER=2.34375e-03 NMSE=nan bit_err=    24/3809280  blk_err=    3/1280   batches=  20 stop=global_stop rx_time=114.06s rx_ms_batch=5703.2 rx_ms_frame=89.113 point_time=156.58s gpu_mem=0.09GiB peak=0.26GiB
[ISO-CHUNK] wrote: /home/rsadve1/scratch/Extended_UPAIR_Narval_b32m16_portable/_isolated_eval_chunks/main_d256_b4_r2_u1_baseline_ls_lmmse_ebnom3p0_chunk0029_m8_b20/chunk_result.csv
[ISO-CHUNK] DONE
[PIPELINE] status done=0 reason=continue chunks=30 batches=600 block_errors=69/100 next_chunk=30
2026-06-09 07:02:21.851101: E external/local_xla/xla/stream_executor/cuda/cuda_dnn.cc:9261] Unable to register cuDNN factory: Attempting to register factory for plugin cuDNN when one has already been registered
2026-06-09 07:02:21.851138: E external/local_xla/xla/stream_executor/cuda/cuda_fft.cc:607] Unable to register cuFFT factory: Attempting to register factory for plugin cuFFT when one has already been registered
2026-06-09 07:02:21.852170: E external/local_xla/xla/stream_executor/cuda/cuda_blas.cc:1515] Unable to register cuBLAS factory: Attempting to register factory for plugin cuBLAS when one has already been registered
[COMPREHENSIVE] loaded Optuna best JSON for main_d256_b4_r2 from /home/rsadve1/scratch/Extended_UPAIR_Narval_b32m16_portable/optuna/clean_b32_prb8_d256_40k_smart_trueDMRS_u34610_1dmrs_stageB_main_d256_b4_r2_best_params.json
[ISO-CHUNK] variant: main_d256_b4_r2
[ISO-CHUNK] receiver: baseline_ls_lmmse
[ISO-CHUNK] num_users: 1
[ISO-CHUNK] ebno_db: -3.0
[ISO-CHUNK] chunk_idx: 30
[ISO-CHUNK] chunk_batches: 20
[ISO-CHUNK] receiver_microbatch_size: 8
[ISO-CHUNK] chunk_seed: 4651106
[ISO-CHUNK] checkpoint: /scratch/rsadve1/Extended_UPAIR_Narval_b32m16_portable/TWC_plots_comprehensive/runs_rx16/seed7/1dmrs/main_d256_b4_r2/checkpoints/best.weights.h5
[ISO-CHUNK] TF_GPU_ALLOCATOR: cuda_malloc_async
[ISO-CHUNK] output tag: main_d256_b4_r2_u1_baseline_ls_lmmse_ebnom3p0_chunk0030_m8_b20
[EVAL] receiver microbatching enabled: batch_size_eval=64 receiver_microbatch_size=8
WARNING:tensorflow:Model's `__init__()` arguments contain non-serializable objects. Please implement a `get_config()` method in the subclassed Model for proper saving and loading. Defaulting to empty config.
WARNING:tensorflow:Model's `__init__()` arguments contain non-serializable objects. Please implement a `get_config()` method in the subclassed Model for proper saving and loading. Defaulting to empty config.
[EVAL] loaded UPAIR checkpoint: /scratch/rsadve1/Extended_UPAIR_Narval_b32m16_portable/TWC_plots_comprehensive/runs_rx16/seed7/1dmrs/main_d256_b4_r2/checkpoints/best.weights.h5
[EVAL] skipping explicit NMSE channel-estimator calls for: baseline_ls_lmmse
[EVAL] instrumentation log_latency=True log_gpu_memory=True memory_cleanup_every_batches=1 memory_cleanup_every_microbatch=True stream_eval_microbatches=True compiled_receiver_error_counts=False receiver_call_jit_compile=False per_receiver_stopping=False target_bler_floor=1e-05 floor_num_frames=0 gpu_mem=0.09GiB peak=0.26GiB
[EVAL] receiver_call name=baseline_ls_lmmse mode=positional_y_no compiled_error_counts=False
[EVAL] progress num_users=1 Eb/N0=-3 dB batches=10/20 frame_err=baseline_ls_lmmse:0/640 elapsed=78.4s avg_batch=7.842s gpu_mem=0.09GiB peak=0.26GiB
[EVAL] progress num_users=1 Eb/N0=-3 dB batches=20/20 frame_err=baseline_ls_lmmse:0/1280 elapsed=156.6s avg_batch=7.832s gpu_mem=0.09GiB peak=0.26GiB
[EVAL] receiver=       baseline_ls_lmmse Eb/N0=-3.0 dB BER=0.00000e+00 BLER=0.00000e+00 NMSE=nan bit_err=     0/3809280  blk_err=    0/1280   batches=  20 stop=global_stop bler_ub=2.344e-03 rx_time=114.00s rx_ms_batch=5700.0 rx_ms_frame=89.062 point_time=156.63s gpu_mem=0.09GiB peak=0.26GiB
[ISO-CHUNK] wrote: /home/rsadve1/scratch/Extended_UPAIR_Narval_b32m16_portable/_isolated_eval_chunks/main_d256_b4_r2_u1_baseline_ls_lmmse_ebnom3p0_chunk0030_m8_b20/chunk_result.csv
[ISO-CHUNK] DONE
[PIPELINE] status done=0 reason=continue chunks=31 batches=620 block_errors=69/100 next_chunk=31
2026-06-09 07:05:28.952716: E external/local_xla/xla/stream_executor/cuda/cuda_dnn.cc:9261] Unable to register cuDNN factory: Attempting to register factory for plugin cuDNN when one has already been registered
2026-06-09 07:05:28.952758: E external/local_xla/xla/stream_executor/cuda/cuda_fft.cc:607] Unable to register cuFFT factory: Attempting to register factory for plugin cuFFT when one has already been registered
2026-06-09 07:05:28.953830: E external/local_xla/xla/stream_executor/cuda/cuda_blas.cc:1515] Unable to register cuBLAS factory: Attempting to register factory for plugin cuBLAS when one has already been registered
[COMPREHENSIVE] loaded Optuna best JSON for main_d256_b4_r2 from /home/rsadve1/scratch/Extended_UPAIR_Narval_b32m16_portable/optuna/clean_b32_prb8_d256_40k_smart_trueDMRS_u34610_1dmrs_stageB_main_d256_b4_r2_best_params.json
[ISO-CHUNK] variant: main_d256_b4_r2
[ISO-CHUNK] receiver: baseline_ls_lmmse
[ISO-CHUNK] num_users: 1
[ISO-CHUNK] ebno_db: -3.0
[ISO-CHUNK] chunk_idx: 31
[ISO-CHUNK] chunk_batches: 20
[ISO-CHUNK] receiver_microbatch_size: 8
[ISO-CHUNK] chunk_seed: 4751109
[ISO-CHUNK] checkpoint: /scratch/rsadve1/Extended_UPAIR_Narval_b32m16_portable/TWC_plots_comprehensive/runs_rx16/seed7/1dmrs/main_d256_b4_r2/checkpoints/best.weights.h5
[ISO-CHUNK] TF_GPU_ALLOCATOR: cuda_malloc_async
[ISO-CHUNK] output tag: main_d256_b4_r2_u1_baseline_ls_lmmse_ebnom3p0_chunk0031_m8_b20
[EVAL] receiver microbatching enabled: batch_size_eval=64 receiver_microbatch_size=8
WARNING:tensorflow:Model's `__init__()` arguments contain non-serializable objects. Please implement a `get_config()` method in the subclassed Model for proper saving and loading. Defaulting to empty config.
WARNING:tensorflow:Model's `__init__()` arguments contain non-serializable objects. Please implement a `get_config()` method in the subclassed Model for proper saving and loading. Defaulting to empty config.
[EVAL] loaded UPAIR checkpoint: /scratch/rsadve1/Extended_UPAIR_Narval_b32m16_portable/TWC_plots_comprehensive/runs_rx16/seed7/1dmrs/main_d256_b4_r2/checkpoints/best.weights.h5
[EVAL] skipping explicit NMSE channel-estimator calls for: baseline_ls_lmmse
[EVAL] instrumentation log_latency=True log_gpu_memory=True memory_cleanup_every_batches=1 memory_cleanup_every_microbatch=True stream_eval_microbatches=True compiled_receiver_error_counts=False receiver_call_jit_compile=False per_receiver_stopping=False target_bler_floor=1e-05 floor_num_frames=0 gpu_mem=0.09GiB peak=0.26GiB
[EVAL] receiver_call name=baseline_ls_lmmse mode=positional_y_no compiled_error_counts=False
[EVAL] progress num_users=1 Eb/N0=-3 dB batches=10/20 frame_err=baseline_ls_lmmse:0/640 elapsed=78.1s avg_batch=7.805s gpu_mem=0.09GiB peak=0.26GiB
[EVAL] progress num_users=1 Eb/N0=-3 dB batches=20/20 frame_err=baseline_ls_lmmse:2/1280 elapsed=155.9s avg_batch=7.794s gpu_mem=0.09GiB peak=0.26GiB
[EVAL] receiver=       baseline_ls_lmmse Eb/N0=-3.0 dB BER=3.70149e-05 BLER=1.56250e-03 NMSE=nan bit_err=   141/3809280  blk_err=    2/1280   batches=  20 stop=global_stop rx_time=113.34s rx_ms_batch=5667.2 rx_ms_frame=88.550 point_time=155.87s gpu_mem=0.09GiB peak=0.26GiB
[ISO-CHUNK] wrote: /home/rsadve1/scratch/Extended_UPAIR_Narval_b32m16_portable/_isolated_eval_chunks/main_d256_b4_r2_u1_baseline_ls_lmmse_ebnom3p0_chunk0031_m8_b20/chunk_result.csv
[ISO-CHUNK] DONE
[PIPELINE] status done=0 reason=continue chunks=32 batches=640 block_errors=71/100 next_chunk=32
2026-06-09 07:08:31.047152: E external/local_xla/xla/stream_executor/cuda/cuda_dnn.cc:9261] Unable to register cuDNN factory: Attempting to register factory for plugin cuDNN when one has already been registered
2026-06-09 07:08:31.047185: E external/local_xla/xla/stream_executor/cuda/cuda_fft.cc:607] Unable to register cuFFT factory: Attempting to register factory for plugin cuFFT when one has already been registered
2026-06-09 07:08:31.048234: E external/local_xla/xla/stream_executor/cuda/cuda_blas.cc:1515] Unable to register cuBLAS factory: Attempting to register factory for plugin cuBLAS when one has already been registered
[COMPREHENSIVE] loaded Optuna best JSON for main_d256_b4_r2 from /home/rsadve1/scratch/Extended_UPAIR_Narval_b32m16_portable/optuna/clean_b32_prb8_d256_40k_smart_trueDMRS_u34610_1dmrs_stageB_main_d256_b4_r2_best_params.json
[ISO-CHUNK] variant: main_d256_b4_r2
[ISO-CHUNK] receiver: baseline_ls_lmmse
[ISO-CHUNK] num_users: 1
[ISO-CHUNK] ebno_db: -3.0
[ISO-CHUNK] chunk_idx: 32
[ISO-CHUNK] chunk_batches: 20
[ISO-CHUNK] receiver_microbatch_size: 8
[ISO-CHUNK] chunk_seed: 4851112
[ISO-CHUNK] checkpoint: /scratch/rsadve1/Extended_UPAIR_Narval_b32m16_portable/TWC_plots_comprehensive/runs_rx16/seed7/1dmrs/main_d256_b4_r2/checkpoints/best.weights.h5
[ISO-CHUNK] TF_GPU_ALLOCATOR: cuda_malloc_async
[ISO-CHUNK] output tag: main_d256_b4_r2_u1_baseline_ls_lmmse_ebnom3p0_chunk0032_m8_b20
[EVAL] receiver microbatching enabled: batch_size_eval=64 receiver_microbatch_size=8
WARNING:tensorflow:Model's `__init__()` arguments contain non-serializable objects. Please implement a `get_config()` method in the subclassed Model for proper saving and loading. Defaulting to empty config.
WARNING:tensorflow:Model's `__init__()` arguments contain non-serializable objects. Please implement a `get_config()` method in the subclassed Model for proper saving and loading. Defaulting to empty config.
[EVAL] loaded UPAIR checkpoint: /scratch/rsadve1/Extended_UPAIR_Narval_b32m16_portable/TWC_plots_comprehensive/runs_rx16/seed7/1dmrs/main_d256_b4_r2/checkpoints/best.weights.h5
[EVAL] skipping explicit NMSE channel-estimator calls for: baseline_ls_lmmse
[EVAL] instrumentation log_latency=True log_gpu_memory=True memory_cleanup_every_batches=1 memory_cleanup_every_microbatch=True stream_eval_microbatches=True compiled_receiver_error_counts=False receiver_call_jit_compile=False per_receiver_stopping=False target_bler_floor=1e-05 floor_num_frames=0 gpu_mem=0.09GiB peak=0.26GiB
[EVAL] receiver_call name=baseline_ls_lmmse mode=positional_y_no compiled_error_counts=False
[EVAL] progress num_users=1 Eb/N0=-3 dB batches=10/20 frame_err=baseline_ls_lmmse:0/640 elapsed=78.4s avg_batch=7.836s gpu_mem=0.09GiB peak=0.26GiB
[EVAL] progress num_users=1 Eb/N0=-3 dB batches=20/20 frame_err=baseline_ls_lmmse:1/1280 elapsed=155.7s avg_batch=7.785s gpu_mem=0.09GiB peak=0.26GiB
[EVAL] receiver=       baseline_ls_lmmse Eb/N0=-3.0 dB BER=1.05007e-06 BLER=7.81250e-04 NMSE=nan bit_err=     4/3809280  blk_err=    1/1280   batches=  20 stop=global_stop rx_time=113.77s rx_ms_batch=5688.5 rx_ms_frame=88.883 point_time=155.71s gpu_mem=0.09GiB peak=0.26GiB
[ISO-CHUNK] wrote: /home/rsadve1/scratch/Extended_UPAIR_Narval_b32m16_portable/_isolated_eval_chunks/main_d256_b4_r2_u1_baseline_ls_lmmse_ebnom3p0_chunk0032_m8_b20/chunk_result.csv
[ISO-CHUNK] DONE
[PIPELINE] status done=0 reason=continue chunks=33 batches=660 block_errors=72/100 next_chunk=33
2026-06-09 07:11:34.690730: E external/local_xla/xla/stream_executor/cuda/cuda_dnn.cc:9261] Unable to register cuDNN factory: Attempting to register factory for plugin cuDNN when one has already been registered
2026-06-09 07:11:34.690775: E external/local_xla/xla/stream_executor/cuda/cuda_fft.cc:607] Unable to register cuFFT factory: Attempting to register factory for plugin cuFFT when one has already been registered
2026-06-09 07:11:34.691845: E external/local_xla/xla/stream_executor/cuda/cuda_blas.cc:1515] Unable to register cuBLAS factory: Attempting to register factory for plugin cuBLAS when one has already been registered
[COMPREHENSIVE] loaded Optuna best JSON for main_d256_b4_r2 from /home/rsadve1/scratch/Extended_UPAIR_Narval_b32m16_portable/optuna/clean_b32_prb8_d256_40k_smart_trueDMRS_u34610_1dmrs_stageB_main_d256_b4_r2_best_params.json
[ISO-CHUNK] variant: main_d256_b4_r2
[ISO-CHUNK] receiver: baseline_ls_lmmse
[ISO-CHUNK] num_users: 1
[ISO-CHUNK] ebno_db: -3.0
[ISO-CHUNK] chunk_idx: 33
[ISO-CHUNK] chunk_batches: 20
[ISO-CHUNK] receiver_microbatch_size: 8
[ISO-CHUNK] chunk_seed: 4951115
[ISO-CHUNK] checkpoint: /scratch/rsadve1/Extended_UPAIR_Narval_b32m16_portable/TWC_plots_comprehensive/runs_rx16/seed7/1dmrs/main_d256_b4_r2/checkpoints/best.weights.h5
[ISO-CHUNK] TF_GPU_ALLOCATOR: cuda_malloc_async
[ISO-CHUNK] output tag: main_d256_b4_r2_u1_baseline_ls_lmmse_ebnom3p0_chunk0033_m8_b20
[EVAL] receiver microbatching enabled: batch_size_eval=64 receiver_microbatch_size=8
WARNING:tensorflow:Model's `__init__()` arguments contain non-serializable objects. Please implement a `get_config()` method in the subclassed Model for proper saving and loading. Defaulting to empty config.
WARNING:tensorflow:Model's `__init__()` arguments contain non-serializable objects. Please implement a `get_config()` method in the subclassed Model for proper saving and loading. Defaulting to empty config.
[EVAL] loaded UPAIR checkpoint: /scratch/rsadve1/Extended_UPAIR_Narval_b32m16_portable/TWC_plots_comprehensive/runs_rx16/seed7/1dmrs/main_d256_b4_r2/checkpoints/best.weights.h5
[EVAL] skipping explicit NMSE channel-estimator calls for: baseline_ls_lmmse
[EVAL] instrumentation log_latency=True log_gpu_memory=True memory_cleanup_every_batches=1 memory_cleanup_every_microbatch=True stream_eval_microbatches=True compiled_receiver_error_counts=False receiver_call_jit_compile=False per_receiver_stopping=False target_bler_floor=1e-05 floor_num_frames=0 gpu_mem=0.09GiB peak=0.26GiB
[EVAL] receiver_call name=baseline_ls_lmmse mode=positional_y_no compiled_error_counts=False
[EVAL] progress num_users=1 Eb/N0=-3 dB batches=10/20 frame_err=baseline_ls_lmmse:0/640 elapsed=77.5s avg_batch=7.752s gpu_mem=0.09GiB peak=0.26GiB
[EVAL] progress num_users=1 Eb/N0=-3 dB batches=20/20 frame_err=baseline_ls_lmmse:2/1280 elapsed=155.1s avg_batch=7.754s gpu_mem=0.09GiB peak=0.26GiB
[EVAL] receiver=       baseline_ls_lmmse Eb/N0=-3.0 dB BER=3.67524e-06 BLER=1.56250e-03 NMSE=nan bit_err=    14/3809280  blk_err=    2/1280   batches=  20 stop=global_stop rx_time=112.92s rx_ms_batch=5646.2 rx_ms_frame=88.222 point_time=155.07s gpu_mem=0.09GiB peak=0.26GiB
[ISO-CHUNK] wrote: /home/rsadve1/scratch/Extended_UPAIR_Narval_b32m16_portable/_isolated_eval_chunks/main_d256_b4_r2_u1_baseline_ls_lmmse_ebnom3p0_chunk0033_m8_b20/chunk_result.csv
[ISO-CHUNK] DONE
[PIPELINE] status done=0 reason=continue chunks=34 batches=680 block_errors=74/100 next_chunk=34
2026-06-09 07:14:35.205862: E external/local_xla/xla/stream_executor/cuda/cuda_dnn.cc:9261] Unable to register cuDNN factory: Attempting to register factory for plugin cuDNN when one has already been registered
2026-06-09 07:14:35.205900: E external/local_xla/xla/stream_executor/cuda/cuda_fft.cc:607] Unable to register cuFFT factory: Attempting to register factory for plugin cuFFT when one has already been registered
2026-06-09 07:14:35.206944: E external/local_xla/xla/stream_executor/cuda/cuda_blas.cc:1515] Unable to register cuBLAS factory: Attempting to register factory for plugin cuBLAS when one has already been registered
[COMPREHENSIVE] loaded Optuna best JSON for main_d256_b4_r2 from /home/rsadve1/scratch/Extended_UPAIR_Narval_b32m16_portable/optuna/clean_b32_prb8_d256_40k_smart_trueDMRS_u34610_1dmrs_stageB_main_d256_b4_r2_best_params.json
[ISO-CHUNK] variant: main_d256_b4_r2
[ISO-CHUNK] receiver: baseline_ls_lmmse
[ISO-CHUNK] num_users: 1
[ISO-CHUNK] ebno_db: -3.0
[ISO-CHUNK] chunk_idx: 34
[ISO-CHUNK] chunk_batches: 20
[ISO-CHUNK] receiver_microbatch_size: 8
[ISO-CHUNK] chunk_seed: 5051118
[ISO-CHUNK] checkpoint: /scratch/rsadve1/Extended_UPAIR_Narval_b32m16_portable/TWC_plots_comprehensive/runs_rx16/seed7/1dmrs/main_d256_b4_r2/checkpoints/best.weights.h5
[ISO-CHUNK] TF_GPU_ALLOCATOR: cuda_malloc_async
[ISO-CHUNK] output tag: main_d256_b4_r2_u1_baseline_ls_lmmse_ebnom3p0_chunk0034_m8_b20
[EVAL] receiver microbatching enabled: batch_size_eval=64 receiver_microbatch_size=8
WARNING:tensorflow:Model's `__init__()` arguments contain non-serializable objects. Please implement a `get_config()` method in the subclassed Model for proper saving and loading. Defaulting to empty config.
WARNING:tensorflow:Model's `__init__()` arguments contain non-serializable objects. Please implement a `get_config()` method in the subclassed Model for proper saving and loading. Defaulting to empty config.
[EVAL] loaded UPAIR checkpoint: /scratch/rsadve1/Extended_UPAIR_Narval_b32m16_portable/TWC_plots_comprehensive/runs_rx16/seed7/1dmrs/main_d256_b4_r2/checkpoints/best.weights.h5
[EVAL] skipping explicit NMSE channel-estimator calls for: baseline_ls_lmmse
[EVAL] instrumentation log_latency=True log_gpu_memory=True memory_cleanup_every_batches=1 memory_cleanup_every_microbatch=True stream_eval_microbatches=True compiled_receiver_error_counts=False receiver_call_jit_compile=False per_receiver_stopping=False target_bler_floor=1e-05 floor_num_frames=0 gpu_mem=0.09GiB peak=0.26GiB
[EVAL] receiver_call name=baseline_ls_lmmse mode=positional_y_no compiled_error_counts=False
[EVAL] progress num_users=1 Eb/N0=-3 dB batches=10/20 frame_err=baseline_ls_lmmse:1/640 elapsed=77.9s avg_batch=7.786s gpu_mem=0.09GiB peak=0.26GiB
[EVAL] progress num_users=1 Eb/N0=-3 dB batches=20/20 frame_err=baseline_ls_lmmse:3/1280 elapsed=155.9s avg_batch=7.796s gpu_mem=0.09GiB peak=0.26GiB
[EVAL] receiver=       baseline_ls_lmmse Eb/N0=-3.0 dB BER=1.27058e-04 BLER=2.34375e-03 NMSE=nan bit_err=   484/3809280  blk_err=    3/1280   batches=  20 stop=global_stop rx_time=113.51s rx_ms_batch=5675.6 rx_ms_frame=88.682 point_time=155.93s gpu_mem=0.09GiB peak=0.26GiB
[ISO-CHUNK] wrote: /home/rsadve1/scratch/Extended_UPAIR_Narval_b32m16_portable/_isolated_eval_chunks/main_d256_b4_r2_u1_baseline_ls_lmmse_ebnom3p0_chunk0034_m8_b20/chunk_result.csv
[ISO-CHUNK] DONE
[PIPELINE] status done=0 reason=continue chunks=35 batches=700 block_errors=77/100 next_chunk=35
2026-06-09 07:17:35.397064: E external/local_xla/xla/stream_executor/cuda/cuda_dnn.cc:9261] Unable to register cuDNN factory: Attempting to register factory for plugin cuDNN when one has already been registered
2026-06-09 07:17:35.397114: E external/local_xla/xla/stream_executor/cuda/cuda_fft.cc:607] Unable to register cuFFT factory: Attempting to register factory for plugin cuFFT when one has already been registered
2026-06-09 07:17:35.398147: E external/local_xla/xla/stream_executor/cuda/cuda_blas.cc:1515] Unable to register cuBLAS factory: Attempting to register factory for plugin cuBLAS when one has already been registered
[COMPREHENSIVE] loaded Optuna best JSON for main_d256_b4_r2 from /home/rsadve1/scratch/Extended_UPAIR_Narval_b32m16_portable/optuna/clean_b32_prb8_d256_40k_smart_trueDMRS_u34610_1dmrs_stageB_main_d256_b4_r2_best_params.json
[ISO-CHUNK] variant: main_d256_b4_r2
[ISO-CHUNK] receiver: baseline_ls_lmmse
[ISO-CHUNK] num_users: 1
[ISO-CHUNK] ebno_db: -3.0
[ISO-CHUNK] chunk_idx: 35
[ISO-CHUNK] chunk_batches: 20
[ISO-CHUNK] receiver_microbatch_size: 8
[ISO-CHUNK] chunk_seed: 5151121
[ISO-CHUNK] checkpoint: /scratch/rsadve1/Extended_UPAIR_Narval_b32m16_portable/TWC_plots_comprehensive/runs_rx16/seed7/1dmrs/main_d256_b4_r2/checkpoints/best.weights.h5
[ISO-CHUNK] TF_GPU_ALLOCATOR: cuda_malloc_async
[ISO-CHUNK] output tag: main_d256_b4_r2_u1_baseline_ls_lmmse_ebnom3p0_chunk0035_m8_b20
[EVAL] receiver microbatching enabled: batch_size_eval=64 receiver_microbatch_size=8
WARNING:tensorflow:Model's `__init__()` arguments contain non-serializable objects. Please implement a `get_config()` method in the subclassed Model for proper saving and loading. Defaulting to empty config.
WARNING:tensorflow:Model's `__init__()` arguments contain non-serializable objects. Please implement a `get_config()` method in the subclassed Model for proper saving and loading. Defaulting to empty config.
[EVAL] loaded UPAIR checkpoint: /scratch/rsadve1/Extended_UPAIR_Narval_b32m16_portable/TWC_plots_comprehensive/runs_rx16/seed7/1dmrs/main_d256_b4_r2/checkpoints/best.weights.h5
[EVAL] skipping explicit NMSE channel-estimator calls for: baseline_ls_lmmse
[EVAL] instrumentation log_latency=True log_gpu_memory=True memory_cleanup_every_batches=1 memory_cleanup_every_microbatch=True stream_eval_microbatches=True compiled_receiver_error_counts=False receiver_call_jit_compile=False per_receiver_stopping=False target_bler_floor=1e-05 floor_num_frames=0 gpu_mem=0.09GiB peak=0.26GiB
[EVAL] receiver_call name=baseline_ls_lmmse mode=positional_y_no compiled_error_counts=False
[EVAL] progress num_users=1 Eb/N0=-3 dB batches=10/20 frame_err=baseline_ls_lmmse:2/640 elapsed=77.4s avg_batch=7.737s gpu_mem=0.09GiB peak=0.26GiB
[EVAL] progress num_users=1 Eb/N0=-3 dB batches=20/20 frame_err=baseline_ls_lmmse:3/1280 elapsed=154.4s avg_batch=7.722s gpu_mem=0.09GiB peak=0.26GiB
[EVAL] receiver=       baseline_ls_lmmse Eb/N0=-3.0 dB BER=7.45548e-05 BLER=2.34375e-03 NMSE=nan bit_err=   284/3809280  blk_err=    3/1280   batches=  20 stop=global_stop rx_time=112.69s rx_ms_batch=5634.7 rx_ms_frame=88.043 point_time=154.45s gpu_mem=0.09GiB peak=0.26GiB
[ISO-CHUNK] wrote: /home/rsadve1/scratch/Extended_UPAIR_Narval_b32m16_portable/_isolated_eval_chunks/main_d256_b4_r2_u1_baseline_ls_lmmse_ebnom3p0_chunk0035_m8_b20/chunk_result.csv
[ISO-CHUNK] DONE
[PIPELINE] status done=0 reason=continue chunks=36 batches=720 block_errors=80/100 next_chunk=36
2026-06-09 07:20:43.404407: E external/local_xla/xla/stream_executor/cuda/cuda_dnn.cc:9261] Unable to register cuDNN factory: Attempting to register factory for plugin cuDNN when one has already been registered
2026-06-09 07:20:43.404442: E external/local_xla/xla/stream_executor/cuda/cuda_fft.cc:607] Unable to register cuFFT factory: Attempting to register factory for plugin cuFFT when one has already been registered
2026-06-09 07:20:43.405461: E external/local_xla/xla/stream_executor/cuda/cuda_blas.cc:1515] Unable to register cuBLAS factory: Attempting to register factory for plugin cuBLAS when one has already been registered
[COMPREHENSIVE] loaded Optuna best JSON for main_d256_b4_r2 from /home/rsadve1/scratch/Extended_UPAIR_Narval_b32m16_portable/optuna/clean_b32_prb8_d256_40k_smart_trueDMRS_u34610_1dmrs_stageB_main_d256_b4_r2_best_params.json
[ISO-CHUNK] variant: main_d256_b4_r2
[ISO-CHUNK] receiver: baseline_ls_lmmse
[ISO-CHUNK] num_users: 1
[ISO-CHUNK] ebno_db: -3.0
[ISO-CHUNK] chunk_idx: 36
[ISO-CHUNK] chunk_batches: 20
[ISO-CHUNK] receiver_microbatch_size: 8
[ISO-CHUNK] chunk_seed: 5251124
[ISO-CHUNK] checkpoint: /scratch/rsadve1/Extended_UPAIR_Narval_b32m16_portable/TWC_plots_comprehensive/runs_rx16/seed7/1dmrs/main_d256_b4_r2/checkpoints/best.weights.h5
[ISO-CHUNK] TF_GPU_ALLOCATOR: cuda_malloc_async
[ISO-CHUNK] output tag: main_d256_b4_r2_u1_baseline_ls_lmmse_ebnom3p0_chunk0036_m8_b20
[EVAL] receiver microbatching enabled: batch_size_eval=64 receiver_microbatch_size=8
WARNING:tensorflow:Model's `__init__()` arguments contain non-serializable objects. Please implement a `get_config()` method in the subclassed Model for proper saving and loading. Defaulting to empty config.
WARNING:tensorflow:Model's `__init__()` arguments contain non-serializable objects. Please implement a `get_config()` method in the subclassed Model for proper saving and loading. Defaulting to empty config.
[EVAL] loaded UPAIR checkpoint: /scratch/rsadve1/Extended_UPAIR_Narval_b32m16_portable/TWC_plots_comprehensive/runs_rx16/seed7/1dmrs/main_d256_b4_r2/checkpoints/best.weights.h5
[EVAL] skipping explicit NMSE channel-estimator calls for: baseline_ls_lmmse
[EVAL] instrumentation log_latency=True log_gpu_memory=True memory_cleanup_every_batches=1 memory_cleanup_every_microbatch=True stream_eval_microbatches=True compiled_receiver_error_counts=False receiver_call_jit_compile=False per_receiver_stopping=False target_bler_floor=1e-05 floor_num_frames=0 gpu_mem=0.09GiB peak=0.26GiB
[EVAL] receiver_call name=baseline_ls_lmmse mode=positional_y_no compiled_error_counts=False
[EVAL] progress num_users=1 Eb/N0=-3 dB batches=10/20 frame_err=baseline_ls_lmmse:1/640 elapsed=77.9s avg_batch=7.791s gpu_mem=0.09GiB peak=0.26GiB
[EVAL] progress num_users=1 Eb/N0=-3 dB batches=20/20 frame_err=baseline_ls_lmmse:3/1280 elapsed=155.9s avg_batch=7.795s gpu_mem=0.09GiB peak=0.26GiB
[EVAL] receiver=       baseline_ls_lmmse Eb/N0=-3.0 dB BER=1.87437e-04 BLER=2.34375e-03 NMSE=nan bit_err=   714/3809280  blk_err=    3/1280   batches=  20 stop=global_stop rx_time=113.71s rx_ms_batch=5685.4 rx_ms_frame=88.835 point_time=155.91s gpu_mem=0.09GiB peak=0.26GiB
[ISO-CHUNK] wrote: /home/rsadve1/scratch/Extended_UPAIR_Narval_b32m16_portable/_isolated_eval_chunks/main_d256_b4_r2_u1_baseline_ls_lmmse_ebnom3p0_chunk0036_m8_b20/chunk_result.csv
[ISO-CHUNK] DONE
[PIPELINE] status done=0 reason=continue chunks=37 batches=740 block_errors=83/100 next_chunk=37
2026-06-09 07:23:47.804125: E external/local_xla/xla/stream_executor/cuda/cuda_dnn.cc:9261] Unable to register cuDNN factory: Attempting to register factory for plugin cuDNN when one has already been registered
2026-06-09 07:23:47.804160: E external/local_xla/xla/stream_executor/cuda/cuda_fft.cc:607] Unable to register cuFFT factory: Attempting to register factory for plugin cuFFT when one has already been registered
2026-06-09 07:23:47.805196: E external/local_xla/xla/stream_executor/cuda/cuda_blas.cc:1515] Unable to register cuBLAS factory: Attempting to register factory for plugin cuBLAS when one has already been registered
[COMPREHENSIVE] loaded Optuna best JSON for main_d256_b4_r2 from /home/rsadve1/scratch/Extended_UPAIR_Narval_b32m16_portable/optuna/clean_b32_prb8_d256_40k_smart_trueDMRS_u34610_1dmrs_stageB_main_d256_b4_r2_best_params.json
[ISO-CHUNK] variant: main_d256_b4_r2
[ISO-CHUNK] receiver: baseline_ls_lmmse
[ISO-CHUNK] num_users: 1
[ISO-CHUNK] ebno_db: -3.0
[ISO-CHUNK] chunk_idx: 37
[ISO-CHUNK] chunk_batches: 20
[ISO-CHUNK] receiver_microbatch_size: 8
[ISO-CHUNK] chunk_seed: 5351127
[ISO-CHUNK] checkpoint: /scratch/rsadve1/Extended_UPAIR_Narval_b32m16_portable/TWC_plots_comprehensive/runs_rx16/seed7/1dmrs/main_d256_b4_r2/checkpoints/best.weights.h5
[ISO-CHUNK] TF_GPU_ALLOCATOR: cuda_malloc_async
[ISO-CHUNK] output tag: main_d256_b4_r2_u1_baseline_ls_lmmse_ebnom3p0_chunk0037_m8_b20
[EVAL] receiver microbatching enabled: batch_size_eval=64 receiver_microbatch_size=8
WARNING:tensorflow:Model's `__init__()` arguments contain non-serializable objects. Please implement a `get_config()` method in the subclassed Model for proper saving and loading. Defaulting to empty config.
WARNING:tensorflow:Model's `__init__()` arguments contain non-serializable objects. Please implement a `get_config()` method in the subclassed Model for proper saving and loading. Defaulting to empty config.
[EVAL] loaded UPAIR checkpoint: /scratch/rsadve1/Extended_UPAIR_Narval_b32m16_portable/TWC_plots_comprehensive/runs_rx16/seed7/1dmrs/main_d256_b4_r2/checkpoints/best.weights.h5
[EVAL] skipping explicit NMSE channel-estimator calls for: baseline_ls_lmmse
[EVAL] instrumentation log_latency=True log_gpu_memory=True memory_cleanup_every_batches=1 memory_cleanup_every_microbatch=True stream_eval_microbatches=True compiled_receiver_error_counts=False receiver_call_jit_compile=False per_receiver_stopping=False target_bler_floor=1e-05 floor_num_frames=0 gpu_mem=0.09GiB peak=0.26GiB
[EVAL] receiver_call name=baseline_ls_lmmse mode=positional_y_no compiled_error_counts=False
[EVAL] progress num_users=1 Eb/N0=-3 dB batches=10/20 frame_err=baseline_ls_lmmse:1/640 elapsed=78.2s avg_batch=7.819s gpu_mem=0.09GiB peak=0.26GiB
[EVAL] progress num_users=1 Eb/N0=-3 dB batches=20/20 frame_err=baseline_ls_lmmse:1/1280 elapsed=155.7s avg_batch=7.786s gpu_mem=0.09GiB peak=0.26GiB
[EVAL] receiver=       baseline_ls_lmmse Eb/N0=-3.0 dB BER=1.81137e-05 BLER=7.81250e-04 NMSE=nan bit_err=    69/3809280  blk_err=    1/1280   batches=  20 stop=global_stop rx_time=113.35s rx_ms_batch=5667.6 rx_ms_frame=88.557 point_time=155.72s gpu_mem=0.09GiB peak=0.26GiB
[ISO-CHUNK] wrote: /home/rsadve1/scratch/Extended_UPAIR_Narval_b32m16_portable/_isolated_eval_chunks/main_d256_b4_r2_u1_baseline_ls_lmmse_ebnom3p0_chunk0037_m8_b20/chunk_result.csv
[ISO-CHUNK] DONE
[PIPELINE] status done=0 reason=continue chunks=38 batches=760 block_errors=84/100 next_chunk=38
2026-06-09 07:26:51.177329: E external/local_xla/xla/stream_executor/cuda/cuda_dnn.cc:9261] Unable to register cuDNN factory: Attempting to register factory for plugin cuDNN when one has already been registered
2026-06-09 07:26:51.177360: E external/local_xla/xla/stream_executor/cuda/cuda_fft.cc:607] Unable to register cuFFT factory: Attempting to register factory for plugin cuFFT when one has already been registered
2026-06-09 07:26:51.178390: E external/local_xla/xla/stream_executor/cuda/cuda_blas.cc:1515] Unable to register cuBLAS factory: Attempting to register factory for plugin cuBLAS when one has already been registered
[COMPREHENSIVE] loaded Optuna best JSON for main_d256_b4_r2 from /home/rsadve1/scratch/Extended_UPAIR_Narval_b32m16_portable/optuna/clean_b32_prb8_d256_40k_smart_trueDMRS_u34610_1dmrs_stageB_main_d256_b4_r2_best_params.json
[ISO-CHUNK] variant: main_d256_b4_r2
[ISO-CHUNK] receiver: baseline_ls_lmmse
[ISO-CHUNK] num_users: 1
[ISO-CHUNK] ebno_db: -3.0
[ISO-CHUNK] chunk_idx: 38
[ISO-CHUNK] chunk_batches: 20
[ISO-CHUNK] receiver_microbatch_size: 8
[ISO-CHUNK] chunk_seed: 5451130
[ISO-CHUNK] checkpoint: /scratch/rsadve1/Extended_UPAIR_Narval_b32m16_portable/TWC_plots_comprehensive/runs_rx16/seed7/1dmrs/main_d256_b4_r2/checkpoints/best.weights.h5
[ISO-CHUNK] TF_GPU_ALLOCATOR: cuda_malloc_async
[ISO-CHUNK] output tag: main_d256_b4_r2_u1_baseline_ls_lmmse_ebnom3p0_chunk0038_m8_b20
[EVAL] receiver microbatching enabled: batch_size_eval=64 receiver_microbatch_size=8
WARNING:tensorflow:Model's `__init__()` arguments contain non-serializable objects. Please implement a `get_config()` method in the subclassed Model for proper saving and loading. Defaulting to empty config.
WARNING:tensorflow:Model's `__init__()` arguments contain non-serializable objects. Please implement a `get_config()` method in the subclassed Model for proper saving and loading. Defaulting to empty config.
[EVAL] loaded UPAIR checkpoint: /scratch/rsadve1/Extended_UPAIR_Narval_b32m16_portable/TWC_plots_comprehensive/runs_rx16/seed7/1dmrs/main_d256_b4_r2/checkpoints/best.weights.h5
[EVAL] skipping explicit NMSE channel-estimator calls for: baseline_ls_lmmse
[EVAL] instrumentation log_latency=True log_gpu_memory=True memory_cleanup_every_batches=1 memory_cleanup_every_microbatch=True stream_eval_microbatches=True compiled_receiver_error_counts=False receiver_call_jit_compile=False per_receiver_stopping=False target_bler_floor=1e-05 floor_num_frames=0 gpu_mem=0.09GiB peak=0.26GiB
[EVAL] receiver_call name=baseline_ls_lmmse mode=positional_y_no compiled_error_counts=False
[EVAL] progress num_users=1 Eb/N0=-3 dB batches=10/20 frame_err=baseline_ls_lmmse:0/640 elapsed=78.3s avg_batch=7.832s gpu_mem=0.09GiB peak=0.26GiB
[EVAL] progress num_users=1 Eb/N0=-3 dB batches=20/20 frame_err=baseline_ls_lmmse:1/1280 elapsed=156.4s avg_batch=7.818s gpu_mem=0.09GiB peak=0.26GiB
[EVAL] receiver=       baseline_ls_lmmse Eb/N0=-3.0 dB BER=7.08795e-06 BLER=7.81250e-04 NMSE=nan bit_err=    27/3809280  blk_err=    1/1280   batches=  20 stop=global_stop rx_time=113.86s rx_ms_batch=5693.1 rx_ms_frame=88.955 point_time=156.36s gpu_mem=0.09GiB peak=0.26GiB
[ISO-CHUNK] wrote: /home/rsadve1/scratch/Extended_UPAIR_Narval_b32m16_portable/_isolated_eval_chunks/main_d256_b4_r2_u1_baseline_ls_lmmse_ebnom3p0_chunk0038_m8_b20/chunk_result.csv
[ISO-CHUNK] DONE
[PIPELINE] status done=0 reason=continue chunks=39 batches=780 block_errors=85/100 next_chunk=39
2026-06-09 07:29:53.757128: E external/local_xla/xla/stream_executor/cuda/cuda_dnn.cc:9261] Unable to register cuDNN factory: Attempting to register factory for plugin cuDNN when one has already been registered
2026-06-09 07:29:53.757170: E external/local_xla/xla/stream_executor/cuda/cuda_fft.cc:607] Unable to register cuFFT factory: Attempting to register factory for plugin cuFFT when one has already been registered
2026-06-09 07:29:53.758278: E external/local_xla/xla/stream_executor/cuda/cuda_blas.cc:1515] Unable to register cuBLAS factory: Attempting to register factory for plugin cuBLAS when one has already been registered
[COMPREHENSIVE] loaded Optuna best JSON for main_d256_b4_r2 from /home/rsadve1/scratch/Extended_UPAIR_Narval_b32m16_portable/optuna/clean_b32_prb8_d256_40k_smart_trueDMRS_u34610_1dmrs_stageB_main_d256_b4_r2_best_params.json
[ISO-CHUNK] variant: main_d256_b4_r2
[ISO-CHUNK] receiver: baseline_ls_lmmse
[ISO-CHUNK] num_users: 1
[ISO-CHUNK] ebno_db: -3.0
[ISO-CHUNK] chunk_idx: 39
[ISO-CHUNK] chunk_batches: 20
[ISO-CHUNK] receiver_microbatch_size: 8
[ISO-CHUNK] chunk_seed: 5551133
[ISO-CHUNK] checkpoint: /scratch/rsadve1/Extended_UPAIR_Narval_b32m16_portable/TWC_plots_comprehensive/runs_rx16/seed7/1dmrs/main_d256_b4_r2/checkpoints/best.weights.h5
[ISO-CHUNK] TF_GPU_ALLOCATOR: cuda_malloc_async
[ISO-CHUNK] output tag: main_d256_b4_r2_u1_baseline_ls_lmmse_ebnom3p0_chunk0039_m8_b20
[EVAL] receiver microbatching enabled: batch_size_eval=64 receiver_microbatch_size=8
WARNING:tensorflow:Model's `__init__()` arguments contain non-serializable objects. Please implement a `get_config()` method in the subclassed Model for proper saving and loading. Defaulting to empty config.
WARNING:tensorflow:Model's `__init__()` arguments contain non-serializable objects. Please implement a `get_config()` method in the subclassed Model for proper saving and loading. Defaulting to empty config.
[EVAL] loaded UPAIR checkpoint: /scratch/rsadve1/Extended_UPAIR_Narval_b32m16_portable/TWC_plots_comprehensive/runs_rx16/seed7/1dmrs/main_d256_b4_r2/checkpoints/best.weights.h5
[EVAL] skipping explicit NMSE channel-estimator calls for: baseline_ls_lmmse
[EVAL] instrumentation log_latency=True log_gpu_memory=True memory_cleanup_every_batches=1 memory_cleanup_every_microbatch=True stream_eval_microbatches=True compiled_receiver_error_counts=False receiver_call_jit_compile=False per_receiver_stopping=False target_bler_floor=1e-05 floor_num_frames=0 gpu_mem=0.09GiB peak=0.26GiB
[EVAL] receiver_call name=baseline_ls_lmmse mode=positional_y_no compiled_error_counts=False
[EVAL] progress num_users=1 Eb/N0=-3 dB batches=10/20 frame_err=baseline_ls_lmmse:0/640 elapsed=78.7s avg_batch=7.875s gpu_mem=0.09GiB peak=0.26GiB
[EVAL] progress num_users=1 Eb/N0=-3 dB batches=20/20 frame_err=baseline_ls_lmmse:1/1280 elapsed=156.7s avg_batch=7.835s gpu_mem=0.09GiB peak=0.26GiB
[EVAL] receiver=       baseline_ls_lmmse Eb/N0=-3.0 dB BER=2.88768e-06 BLER=7.81250e-04 NMSE=nan bit_err=    11/3809280  blk_err=    1/1280   batches=  20 stop=global_stop rx_time=114.02s rx_ms_batch=5700.8 rx_ms_frame=89.075 point_time=156.70s gpu_mem=0.09GiB peak=0.26GiB
[ISO-CHUNK] wrote: /home/rsadve1/scratch/Extended_UPAIR_Narval_b32m16_portable/_isolated_eval_chunks/main_d256_b4_r2_u1_baseline_ls_lmmse_ebnom3p0_chunk0039_m8_b20/chunk_result.csv
[ISO-CHUNK] DONE
[PIPELINE] status done=0 reason=continue chunks=40 batches=800 block_errors=86/100 next_chunk=40
2026-06-09 07:33:04.207144: E external/local_xla/xla/stream_executor/cuda/cuda_dnn.cc:9261] Unable to register cuDNN factory: Attempting to register factory for plugin cuDNN when one has already been registered
2026-06-09 07:33:04.207187: E external/local_xla/xla/stream_executor/cuda/cuda_fft.cc:607] Unable to register cuFFT factory: Attempting to register factory for plugin cuFFT when one has already been registered
2026-06-09 07:33:04.208228: E external/local_xla/xla/stream_executor/cuda/cuda_blas.cc:1515] Unable to register cuBLAS factory: Attempting to register factory for plugin cuBLAS when one has already been registered
[COMPREHENSIVE] loaded Optuna best JSON for main_d256_b4_r2 from /home/rsadve1/scratch/Extended_UPAIR_Narval_b32m16_portable/optuna/clean_b32_prb8_d256_40k_smart_trueDMRS_u34610_1dmrs_stageB_main_d256_b4_r2_best_params.json
[ISO-CHUNK] variant: main_d256_b4_r2
[ISO-CHUNK] receiver: baseline_ls_lmmse
[ISO-CHUNK] num_users: 1
[ISO-CHUNK] ebno_db: -3.0
[ISO-CHUNK] chunk_idx: 40
[ISO-CHUNK] chunk_batches: 20
[ISO-CHUNK] receiver_microbatch_size: 8
[ISO-CHUNK] chunk_seed: 5651136
[ISO-CHUNK] checkpoint: /scratch/rsadve1/Extended_UPAIR_Narval_b32m16_portable/TWC_plots_comprehensive/runs_rx16/seed7/1dmrs/main_d256_b4_r2/checkpoints/best.weights.h5
[ISO-CHUNK] TF_GPU_ALLOCATOR: cuda_malloc_async
[ISO-CHUNK] output tag: main_d256_b4_r2_u1_baseline_ls_lmmse_ebnom3p0_chunk0040_m8_b20
[EVAL] receiver microbatching enabled: batch_size_eval=64 receiver_microbatch_size=8
WARNING:tensorflow:Model's `__init__()` arguments contain non-serializable objects. Please implement a `get_config()` method in the subclassed Model for proper saving and loading. Defaulting to empty config.
WARNING:tensorflow:Model's `__init__()` arguments contain non-serializable objects. Please implement a `get_config()` method in the subclassed Model for proper saving and loading. Defaulting to empty config.
[EVAL] loaded UPAIR checkpoint: /scratch/rsadve1/Extended_UPAIR_Narval_b32m16_portable/TWC_plots_comprehensive/runs_rx16/seed7/1dmrs/main_d256_b4_r2/checkpoints/best.weights.h5
[EVAL] skipping explicit NMSE channel-estimator calls for: baseline_ls_lmmse
[EVAL] instrumentation log_latency=True log_gpu_memory=True memory_cleanup_every_batches=1 memory_cleanup_every_microbatch=True stream_eval_microbatches=True compiled_receiver_error_counts=False receiver_call_jit_compile=False per_receiver_stopping=False target_bler_floor=1e-05 floor_num_frames=0 gpu_mem=0.09GiB peak=0.26GiB
[EVAL] receiver_call name=baseline_ls_lmmse mode=positional_y_no compiled_error_counts=False
[EVAL] progress num_users=1 Eb/N0=-3 dB batches=10/20 frame_err=baseline_ls_lmmse:1/640 elapsed=78.4s avg_batch=7.835s gpu_mem=0.09GiB peak=0.26GiB
[EVAL] progress num_users=1 Eb/N0=-3 dB batches=20/20 frame_err=baseline_ls_lmmse:1/1280 elapsed=156.1s avg_batch=7.806s gpu_mem=0.09GiB peak=0.26GiB
[EVAL] receiver=       baseline_ls_lmmse Eb/N0=-3.0 dB BER=7.40297e-05 BLER=7.81250e-04 NMSE=nan bit_err=   282/3809280  blk_err=    1/1280   batches=  20 stop=global_stop rx_time=113.78s rx_ms_batch=5689.0 rx_ms_frame=88.890 point_time=156.12s gpu_mem=0.09GiB peak=0.26GiB
[ISO-CHUNK] wrote: /home/rsadve1/scratch/Extended_UPAIR_Narval_b32m16_portable/_isolated_eval_chunks/main_d256_b4_r2_u1_baseline_ls_lmmse_ebnom3p0_chunk0040_m8_b20/chunk_result.csv
[ISO-CHUNK] DONE
[PIPELINE] status done=0 reason=continue chunks=41 batches=820 block_errors=87/100 next_chunk=41
2026-06-09 07:36:14.856477: E external/local_xla/xla/stream_executor/cuda/cuda_dnn.cc:9261] Unable to register cuDNN factory: Attempting to register factory for plugin cuDNN when one has already been registered
2026-06-09 07:36:14.856522: E external/local_xla/xla/stream_executor/cuda/cuda_fft.cc:607] Unable to register cuFFT factory: Attempting to register factory for plugin cuFFT when one has already been registered
2026-06-09 07:36:14.857570: E external/local_xla/xla/stream_executor/cuda/cuda_blas.cc:1515] Unable to register cuBLAS factory: Attempting to register factory for plugin cuBLAS when one has already been registered
[COMPREHENSIVE] loaded Optuna best JSON for main_d256_b4_r2 from /home/rsadve1/scratch/Extended_UPAIR_Narval_b32m16_portable/optuna/clean_b32_prb8_d256_40k_smart_trueDMRS_u34610_1dmrs_stageB_main_d256_b4_r2_best_params.json
[ISO-CHUNK] variant: main_d256_b4_r2
[ISO-CHUNK] receiver: baseline_ls_lmmse
[ISO-CHUNK] num_users: 1
[ISO-CHUNK] ebno_db: -3.0
[ISO-CHUNK] chunk_idx: 41
[ISO-CHUNK] chunk_batches: 20
[ISO-CHUNK] receiver_microbatch_size: 8
[ISO-CHUNK] chunk_seed: 5751139
[ISO-CHUNK] checkpoint: /scratch/rsadve1/Extended_UPAIR_Narval_b32m16_portable/TWC_plots_comprehensive/runs_rx16/seed7/1dmrs/main_d256_b4_r2/checkpoints/best.weights.h5
[ISO-CHUNK] TF_GPU_ALLOCATOR: cuda_malloc_async
[ISO-CHUNK] output tag: main_d256_b4_r2_u1_baseline_ls_lmmse_ebnom3p0_chunk0041_m8_b20
[EVAL] receiver microbatching enabled: batch_size_eval=64 receiver_microbatch_size=8
WARNING:tensorflow:Model's `__init__()` arguments contain non-serializable objects. Please implement a `get_config()` method in the subclassed Model for proper saving and loading. Defaulting to empty config.
WARNING:tensorflow:Model's `__init__()` arguments contain non-serializable objects. Please implement a `get_config()` method in the subclassed Model for proper saving and loading. Defaulting to empty config.
[EVAL] loaded UPAIR checkpoint: /scratch/rsadve1/Extended_UPAIR_Narval_b32m16_portable/TWC_plots_comprehensive/runs_rx16/seed7/1dmrs/main_d256_b4_r2/checkpoints/best.weights.h5
[EVAL] skipping explicit NMSE channel-estimator calls for: baseline_ls_lmmse
[EVAL] instrumentation log_latency=True log_gpu_memory=True memory_cleanup_every_batches=1 memory_cleanup_every_microbatch=True stream_eval_microbatches=True compiled_receiver_error_counts=False receiver_call_jit_compile=False per_receiver_stopping=False target_bler_floor=1e-05 floor_num_frames=0 gpu_mem=0.09GiB peak=0.26GiB
[EVAL] receiver_call name=baseline_ls_lmmse mode=positional_y_no compiled_error_counts=False
[EVAL] progress num_users=1 Eb/N0=-3 dB batches=10/20 frame_err=baseline_ls_lmmse:0/640 elapsed=78.3s avg_batch=7.825s gpu_mem=0.09GiB peak=0.26GiB
[EVAL] progress num_users=1 Eb/N0=-3 dB batches=20/20 frame_err=baseline_ls_lmmse:2/1280 elapsed=156.3s avg_batch=7.816s gpu_mem=0.09GiB peak=0.26GiB
[EVAL] receiver=       baseline_ls_lmmse Eb/N0=-3.0 dB BER=5.90663e-05 BLER=1.56250e-03 NMSE=nan bit_err=   225/3809280  blk_err=    2/1280   batches=  20 stop=global_stop rx_time=113.63s rx_ms_batch=5681.6 rx_ms_frame=88.776 point_time=156.32s gpu_mem=0.09GiB peak=0.26GiB
[ISO-CHUNK] wrote: /home/rsadve1/scratch/Extended_UPAIR_Narval_b32m16_portable/_isolated_eval_chunks/main_d256_b4_r2_u1_baseline_ls_lmmse_ebnom3p0_chunk0041_m8_b20/chunk_result.csv
[ISO-CHUNK] DONE
[PIPELINE] status done=0 reason=continue chunks=42 batches=840 block_errors=89/100 next_chunk=42
2026-06-09 07:39:21.257667: E external/local_xla/xla/stream_executor/cuda/cuda_dnn.cc:9261] Unable to register cuDNN factory: Attempting to register factory for plugin cuDNN when one has already been registered
2026-06-09 07:39:21.257702: E external/local_xla/xla/stream_executor/cuda/cuda_fft.cc:607] Unable to register cuFFT factory: Attempting to register factory for plugin cuFFT when one has already been registered
2026-06-09 07:39:21.258748: E external/local_xla/xla/stream_executor/cuda/cuda_blas.cc:1515] Unable to register cuBLAS factory: Attempting to register factory for plugin cuBLAS when one has already been registered
[COMPREHENSIVE] loaded Optuna best JSON for main_d256_b4_r2 from /home/rsadve1/scratch/Extended_UPAIR_Narval_b32m16_portable/optuna/clean_b32_prb8_d256_40k_smart_trueDMRS_u34610_1dmrs_stageB_main_d256_b4_r2_best_params.json
[ISO-CHUNK] variant: main_d256_b4_r2
[ISO-CHUNK] receiver: baseline_ls_lmmse
[ISO-CHUNK] num_users: 1
[ISO-CHUNK] ebno_db: -3.0
[ISO-CHUNK] chunk_idx: 42
[ISO-CHUNK] chunk_batches: 20
[ISO-CHUNK] receiver_microbatch_size: 8
[ISO-CHUNK] chunk_seed: 5851142
[ISO-CHUNK] checkpoint: /scratch/rsadve1/Extended_UPAIR_Narval_b32m16_portable/TWC_plots_comprehensive/runs_rx16/seed7/1dmrs/main_d256_b4_r2/checkpoints/best.weights.h5
[ISO-CHUNK] TF_GPU_ALLOCATOR: cuda_malloc_async
[ISO-CHUNK] output tag: main_d256_b4_r2_u1_baseline_ls_lmmse_ebnom3p0_chunk0042_m8_b20
[EVAL] receiver microbatching enabled: batch_size_eval=64 receiver_microbatch_size=8
WARNING:tensorflow:Model's `__init__()` arguments contain non-serializable objects. Please implement a `get_config()` method in the subclassed Model for proper saving and loading. Defaulting to empty config.
WARNING:tensorflow:Model's `__init__()` arguments contain non-serializable objects. Please implement a `get_config()` method in the subclassed Model for proper saving and loading. Defaulting to empty config.
[EVAL] loaded UPAIR checkpoint: /scratch/rsadve1/Extended_UPAIR_Narval_b32m16_portable/TWC_plots_comprehensive/runs_rx16/seed7/1dmrs/main_d256_b4_r2/checkpoints/best.weights.h5
[EVAL] skipping explicit NMSE channel-estimator calls for: baseline_ls_lmmse
[EVAL] instrumentation log_latency=True log_gpu_memory=True memory_cleanup_every_batches=1 memory_cleanup_every_microbatch=True stream_eval_microbatches=True compiled_receiver_error_counts=False receiver_call_jit_compile=False per_receiver_stopping=False target_bler_floor=1e-05 floor_num_frames=0 gpu_mem=0.09GiB peak=0.26GiB
[EVAL] receiver_call name=baseline_ls_lmmse mode=positional_y_no compiled_error_counts=False
[EVAL] progress num_users=1 Eb/N0=-3 dB batches=10/20 frame_err=baseline_ls_lmmse:1/640 elapsed=78.0s avg_batch=7.797s gpu_mem=0.09GiB peak=0.26GiB
[EVAL] progress num_users=1 Eb/N0=-3 dB batches=20/20 frame_err=baseline_ls_lmmse:1/1280 elapsed=155.7s avg_batch=7.786s gpu_mem=0.09GiB peak=0.26GiB
[EVAL] receiver=       baseline_ls_lmmse Eb/N0=-3.0 dB BER=7.87550e-07 BLER=7.81250e-04 NMSE=nan bit_err=     3/3809280  blk_err=    1/1280   batches=  20 stop=global_stop rx_time=113.20s rx_ms_batch=5660.2 rx_ms_frame=88.440 point_time=155.72s gpu_mem=0.09GiB peak=0.26GiB
[ISO-CHUNK] wrote: /home/rsadve1/scratch/Extended_UPAIR_Narval_b32m16_portable/_isolated_eval_chunks/main_d256_b4_r2_u1_baseline_ls_lmmse_ebnom3p0_chunk0042_m8_b20/chunk_result.csv
[ISO-CHUNK] DONE
[PIPELINE] status done=0 reason=continue chunks=43 batches=860 block_errors=90/100 next_chunk=43
2026-06-09 07:42:23.673718: E external/local_xla/xla/stream_executor/cuda/cuda_dnn.cc:9261] Unable to register cuDNN factory: Attempting to register factory for plugin cuDNN when one has already been registered
2026-06-09 07:42:23.673751: E external/local_xla/xla/stream_executor/cuda/cuda_fft.cc:607] Unable to register cuFFT factory: Attempting to register factory for plugin cuFFT when one has already been registered
2026-06-09 07:42:23.674784: E external/local_xla/xla/stream_executor/cuda/cuda_blas.cc:1515] Unable to register cuBLAS factory: Attempting to register factory for plugin cuBLAS when one has already been registered
[COMPREHENSIVE] loaded Optuna best JSON for main_d256_b4_r2 from /home/rsadve1/scratch/Extended_UPAIR_Narval_b32m16_portable/optuna/clean_b32_prb8_d256_40k_smart_trueDMRS_u34610_1dmrs_stageB_main_d256_b4_r2_best_params.json
[ISO-CHUNK] variant: main_d256_b4_r2
[ISO-CHUNK] receiver: baseline_ls_lmmse
[ISO-CHUNK] num_users: 1
[ISO-CHUNK] ebno_db: -3.0
[ISO-CHUNK] chunk_idx: 43
[ISO-CHUNK] chunk_batches: 20
[ISO-CHUNK] receiver_microbatch_size: 8
[ISO-CHUNK] chunk_seed: 5951145
[ISO-CHUNK] checkpoint: /scratch/rsadve1/Extended_UPAIR_Narval_b32m16_portable/TWC_plots_comprehensive/runs_rx16/seed7/1dmrs/main_d256_b4_r2/checkpoints/best.weights.h5
[ISO-CHUNK] TF_GPU_ALLOCATOR: cuda_malloc_async
[ISO-CHUNK] output tag: main_d256_b4_r2_u1_baseline_ls_lmmse_ebnom3p0_chunk0043_m8_b20
[EVAL] receiver microbatching enabled: batch_size_eval=64 receiver_microbatch_size=8
WARNING:tensorflow:Model's `__init__()` arguments contain non-serializable objects. Please implement a `get_config()` method in the subclassed Model for proper saving and loading. Defaulting to empty config.
WARNING:tensorflow:Model's `__init__()` arguments contain non-serializable objects. Please implement a `get_config()` method in the subclassed Model for proper saving and loading. Defaulting to empty config.
[EVAL] loaded UPAIR checkpoint: /scratch/rsadve1/Extended_UPAIR_Narval_b32m16_portable/TWC_plots_comprehensive/runs_rx16/seed7/1dmrs/main_d256_b4_r2/checkpoints/best.weights.h5
[EVAL] skipping explicit NMSE channel-estimator calls for: baseline_ls_lmmse
[EVAL] instrumentation log_latency=True log_gpu_memory=True memory_cleanup_every_batches=1 memory_cleanup_every_microbatch=True stream_eval_microbatches=True compiled_receiver_error_counts=False receiver_call_jit_compile=False per_receiver_stopping=False target_bler_floor=1e-05 floor_num_frames=0 gpu_mem=0.09GiB peak=0.26GiB
[EVAL] receiver_call name=baseline_ls_lmmse mode=positional_y_no compiled_error_counts=False
[EVAL] progress num_users=1 Eb/N0=-3 dB batches=10/20 frame_err=baseline_ls_lmmse:0/640 elapsed=78.4s avg_batch=7.841s gpu_mem=0.09GiB peak=0.26GiB
[EVAL] progress num_users=1 Eb/N0=-3 dB batches=20/20 frame_err=baseline_ls_lmmse:3/1280 elapsed=156.8s avg_batch=7.838s gpu_mem=0.09GiB peak=0.26GiB
[EVAL] receiver=       baseline_ls_lmmse Eb/N0=-3.0 dB BER=1.36509e-05 BLER=2.34375e-03 NMSE=nan bit_err=    52/3809280  blk_err=    3/1280   batches=  20 stop=global_stop rx_time=114.32s rx_ms_batch=5715.9 rx_ms_frame=89.312 point_time=156.76s gpu_mem=0.09GiB peak=0.26GiB
[ISO-CHUNK] wrote: /home/rsadve1/scratch/Extended_UPAIR_Narval_b32m16_portable/_isolated_eval_chunks/main_d256_b4_r2_u1_baseline_ls_lmmse_ebnom3p0_chunk0043_m8_b20/chunk_result.csv
[ISO-CHUNK] DONE
[PIPELINE] status done=0 reason=continue chunks=44 batches=880 block_errors=93/100 next_chunk=44
2026-06-09 07:45:29.024682: E external/local_xla/xla/stream_executor/cuda/cuda_dnn.cc:9261] Unable to register cuDNN factory: Attempting to register factory for plugin cuDNN when one has already been registered
2026-06-09 07:45:29.024723: E external/local_xla/xla/stream_executor/cuda/cuda_fft.cc:607] Unable to register cuFFT factory: Attempting to register factory for plugin cuFFT when one has already been registered
2026-06-09 07:45:29.025811: E external/local_xla/xla/stream_executor/cuda/cuda_blas.cc:1515] Unable to register cuBLAS factory: Attempting to register factory for plugin cuBLAS when one has already been registered
[COMPREHENSIVE] loaded Optuna best JSON for main_d256_b4_r2 from /home/rsadve1/scratch/Extended_UPAIR_Narval_b32m16_portable/optuna/clean_b32_prb8_d256_40k_smart_trueDMRS_u34610_1dmrs_stageB_main_d256_b4_r2_best_params.json
[ISO-CHUNK] variant: main_d256_b4_r2
[ISO-CHUNK] receiver: baseline_ls_lmmse
[ISO-CHUNK] num_users: 1
[ISO-CHUNK] ebno_db: -3.0
[ISO-CHUNK] chunk_idx: 44
[ISO-CHUNK] chunk_batches: 20
[ISO-CHUNK] receiver_microbatch_size: 8
[ISO-CHUNK] chunk_seed: 6051148
[ISO-CHUNK] checkpoint: /scratch/rsadve1/Extended_UPAIR_Narval_b32m16_portable/TWC_plots_comprehensive/runs_rx16/seed7/1dmrs/main_d256_b4_r2/checkpoints/best.weights.h5
[ISO-CHUNK] TF_GPU_ALLOCATOR: cuda_malloc_async
[ISO-CHUNK] output tag: main_d256_b4_r2_u1_baseline_ls_lmmse_ebnom3p0_chunk0044_m8_b20
[EVAL] receiver microbatching enabled: batch_size_eval=64 receiver_microbatch_size=8
WARNING:tensorflow:Model's `__init__()` arguments contain non-serializable objects. Please implement a `get_config()` method in the subclassed Model for proper saving and loading. Defaulting to empty config.
WARNING:tensorflow:Model's `__init__()` arguments contain non-serializable objects. Please implement a `get_config()` method in the subclassed Model for proper saving and loading. Defaulting to empty config.
[EVAL] loaded UPAIR checkpoint: /scratch/rsadve1/Extended_UPAIR_Narval_b32m16_portable/TWC_plots_comprehensive/runs_rx16/seed7/1dmrs/main_d256_b4_r2/checkpoints/best.weights.h5
[EVAL] skipping explicit NMSE channel-estimator calls for: baseline_ls_lmmse
[EVAL] instrumentation log_latency=True log_gpu_memory=True memory_cleanup_every_batches=1 memory_cleanup_every_microbatch=True stream_eval_microbatches=True compiled_receiver_error_counts=False receiver_call_jit_compile=False per_receiver_stopping=False target_bler_floor=1e-05 floor_num_frames=0 gpu_mem=0.09GiB peak=0.26GiB
[EVAL] receiver_call name=baseline_ls_lmmse mode=positional_y_no compiled_error_counts=False
[EVAL] progress num_users=1 Eb/N0=-3 dB batches=10/20 frame_err=baseline_ls_lmmse:0/640 elapsed=78.5s avg_batch=7.849s gpu_mem=0.09GiB peak=0.26GiB
[EVAL] progress num_users=1 Eb/N0=-3 dB batches=20/20 frame_err=baseline_ls_lmmse:3/1280 elapsed=156.4s avg_batch=7.821s gpu_mem=0.09GiB peak=0.26GiB
[EVAL] receiver=       baseline_ls_lmmse Eb/N0=-3.0 dB BER=1.44647e-04 BLER=2.34375e-03 NMSE=nan bit_err=   551/3809280  blk_err=    3/1280   batches=  20 stop=global_stop rx_time=113.83s rx_ms_batch=5691.3 rx_ms_frame=88.927 point_time=156.43s gpu_mem=0.09GiB peak=0.26GiB
[ISO-CHUNK] wrote: /home/rsadve1/scratch/Extended_UPAIR_Narval_b32m16_portable/_isolated_eval_chunks/main_d256_b4_r2_u1_baseline_ls_lmmse_ebnom3p0_chunk0044_m8_b20/chunk_result.csv
[ISO-CHUNK] DONE
[PIPELINE] status done=0 reason=continue chunks=45 batches=900 block_errors=96/100 next_chunk=45
2026-06-09 07:48:34.821850: E external/local_xla/xla/stream_executor/cuda/cuda_dnn.cc:9261] Unable to register cuDNN factory: Attempting to register factory for plugin cuDNN when one has already been registered
2026-06-09 07:48:34.821892: E external/local_xla/xla/stream_executor/cuda/cuda_fft.cc:607] Unable to register cuFFT factory: Attempting to register factory for plugin cuFFT when one has already been registered
2026-06-09 07:48:34.822917: E external/local_xla/xla/stream_executor/cuda/cuda_blas.cc:1515] Unable to register cuBLAS factory: Attempting to register factory for plugin cuBLAS when one has already been registered
[COMPREHENSIVE] loaded Optuna best JSON for main_d256_b4_r2 from /home/rsadve1/scratch/Extended_UPAIR_Narval_b32m16_portable/optuna/clean_b32_prb8_d256_40k_smart_trueDMRS_u34610_1dmrs_stageB_main_d256_b4_r2_best_params.json
[ISO-CHUNK] variant: main_d256_b4_r2
[ISO-CHUNK] receiver: baseline_ls_lmmse
[ISO-CHUNK] num_users: 1
[ISO-CHUNK] ebno_db: -3.0
[ISO-CHUNK] chunk_idx: 45
[ISO-CHUNK] chunk_batches: 20
[ISO-CHUNK] receiver_microbatch_size: 8
[ISO-CHUNK] chunk_seed: 6151151
[ISO-CHUNK] checkpoint: /scratch/rsadve1/Extended_UPAIR_Narval_b32m16_portable/TWC_plots_comprehensive/runs_rx16/seed7/1dmrs/main_d256_b4_r2/checkpoints/best.weights.h5
[ISO-CHUNK] TF_GPU_ALLOCATOR: cuda_malloc_async
[ISO-CHUNK] output tag: main_d256_b4_r2_u1_baseline_ls_lmmse_ebnom3p0_chunk0045_m8_b20
[EVAL] receiver microbatching enabled: batch_size_eval=64 receiver_microbatch_size=8
WARNING:tensorflow:Model's `__init__()` arguments contain non-serializable objects. Please implement a `get_config()` method in the subclassed Model for proper saving and loading. Defaulting to empty config.
WARNING:tensorflow:Model's `__init__()` arguments contain non-serializable objects. Please implement a `get_config()` method in the subclassed Model for proper saving and loading. Defaulting to empty config.
[EVAL] loaded UPAIR checkpoint: /scratch/rsadve1/Extended_UPAIR_Narval_b32m16_portable/TWC_plots_comprehensive/runs_rx16/seed7/1dmrs/main_d256_b4_r2/checkpoints/best.weights.h5
[EVAL] skipping explicit NMSE channel-estimator calls for: baseline_ls_lmmse
[EVAL] instrumentation log_latency=True log_gpu_memory=True memory_cleanup_every_batches=1 memory_cleanup_every_microbatch=True stream_eval_microbatches=True compiled_receiver_error_counts=False receiver_call_jit_compile=False per_receiver_stopping=False target_bler_floor=1e-05 floor_num_frames=0 gpu_mem=0.09GiB peak=0.26GiB
[EVAL] receiver_call name=baseline_ls_lmmse mode=positional_y_no compiled_error_counts=False
[EVAL] progress num_users=1 Eb/N0=-3 dB batches=10/20 frame_err=baseline_ls_lmmse:1/640 elapsed=78.3s avg_batch=7.831s gpu_mem=0.09GiB peak=0.26GiB
[EVAL] progress num_users=1 Eb/N0=-3 dB batches=20/20 frame_err=baseline_ls_lmmse:1/1280 elapsed=156.1s avg_batch=7.804s gpu_mem=0.09GiB peak=0.26GiB
[EVAL] receiver=       baseline_ls_lmmse Eb/N0=-3.0 dB BER=2.62517e-07 BLER=7.81250e-04 NMSE=nan bit_err=     1/3809280  blk_err=    1/1280   batches=  20 stop=global_stop rx_time=113.67s rx_ms_batch=5683.4 rx_ms_frame=88.803 point_time=156.09s gpu_mem=0.09GiB peak=0.26GiB
[ISO-CHUNK] wrote: /home/rsadve1/scratch/Extended_UPAIR_Narval_b32m16_portable/_isolated_eval_chunks/main_d256_b4_r2_u1_baseline_ls_lmmse_ebnom3p0_chunk0045_m8_b20/chunk_result.csv
[ISO-CHUNK] DONE
[PIPELINE] status done=0 reason=continue chunks=46 batches=920 block_errors=97/100 next_chunk=46
2026-06-09 07:51:39.395490: E external/local_xla/xla/stream_executor/cuda/cuda_dnn.cc:9261] Unable to register cuDNN factory: Attempting to register factory for plugin cuDNN when one has already been registered
2026-06-09 07:51:39.395534: E external/local_xla/xla/stream_executor/cuda/cuda_fft.cc:607] Unable to register cuFFT factory: Attempting to register factory for plugin cuFFT when one has already been registered
2026-06-09 07:51:39.396571: E external/local_xla/xla/stream_executor/cuda/cuda_blas.cc:1515] Unable to register cuBLAS factory: Attempting to register factory for plugin cuBLAS when one has already been registered
[COMPREHENSIVE] loaded Optuna best JSON for main_d256_b4_r2 from /home/rsadve1/scratch/Extended_UPAIR_Narval_b32m16_portable/optuna/clean_b32_prb8_d256_40k_smart_trueDMRS_u34610_1dmrs_stageB_main_d256_b4_r2_best_params.json
[ISO-CHUNK] variant: main_d256_b4_r2
[ISO-CHUNK] receiver: baseline_ls_lmmse
[ISO-CHUNK] num_users: 1
[ISO-CHUNK] ebno_db: -3.0
[ISO-CHUNK] chunk_idx: 46
[ISO-CHUNK] chunk_batches: 20
[ISO-CHUNK] receiver_microbatch_size: 8
[ISO-CHUNK] chunk_seed: 6251154
[ISO-CHUNK] checkpoint: /scratch/rsadve1/Extended_UPAIR_Narval_b32m16_portable/TWC_plots_comprehensive/runs_rx16/seed7/1dmrs/main_d256_b4_r2/checkpoints/best.weights.h5
[ISO-CHUNK] TF_GPU_ALLOCATOR: cuda_malloc_async
[ISO-CHUNK] output tag: main_d256_b4_r2_u1_baseline_ls_lmmse_ebnom3p0_chunk0046_m8_b20
[EVAL] receiver microbatching enabled: batch_size_eval=64 receiver_microbatch_size=8
WARNING:tensorflow:Model's `__init__()` arguments contain non-serializable objects. Please implement a `get_config()` method in the subclassed Model for proper saving and loading. Defaulting to empty config.
WARNING:tensorflow:Model's `__init__()` arguments contain non-serializable objects. Please implement a `get_config()` method in the subclassed Model for proper saving and loading. Defaulting to empty config.
[EVAL] loaded UPAIR checkpoint: /scratch/rsadve1/Extended_UPAIR_Narval_b32m16_portable/TWC_plots_comprehensive/runs_rx16/seed7/1dmrs/main_d256_b4_r2/checkpoints/best.weights.h5
[EVAL] skipping explicit NMSE channel-estimator calls for: baseline_ls_lmmse
[EVAL] instrumentation log_latency=True log_gpu_memory=True memory_cleanup_every_batches=1 memory_cleanup_every_microbatch=True stream_eval_microbatches=True compiled_receiver_error_counts=False receiver_call_jit_compile=False per_receiver_stopping=False target_bler_floor=1e-05 floor_num_frames=0 gpu_mem=0.09GiB peak=0.26GiB
[EVAL] receiver_call name=baseline_ls_lmmse mode=positional_y_no compiled_error_counts=False
[EVAL] progress num_users=1 Eb/N0=-3 dB batches=10/20 frame_err=baseline_ls_lmmse:0/640 elapsed=77.7s avg_batch=7.768s gpu_mem=0.09GiB peak=0.26GiB
[EVAL] progress num_users=1 Eb/N0=-3 dB batches=20/20 frame_err=baseline_ls_lmmse:0/1280 elapsed=154.8s avg_batch=7.741s gpu_mem=0.09GiB peak=0.26GiB
[EVAL] receiver=       baseline_ls_lmmse Eb/N0=-3.0 dB BER=0.00000e+00 BLER=0.00000e+00 NMSE=nan bit_err=     0/3809280  blk_err=    0/1280   batches=  20 stop=global_stop bler_ub=2.344e-03 rx_time=112.66s rx_ms_batch=5633.2 rx_ms_frame=88.019 point_time=154.81s gpu_mem=0.09GiB peak=0.26GiB
[ISO-CHUNK] wrote: /home/rsadve1/scratch/Extended_UPAIR_Narval_b32m16_portable/_isolated_eval_chunks/main_d256_b4_r2_u1_baseline_ls_lmmse_ebnom3p0_chunk0046_m8_b20/chunk_result.csv
[ISO-CHUNK] DONE
[PIPELINE] status done=0 reason=continue chunks=47 batches=940 block_errors=97/100 next_chunk=47
2026-06-09 07:54:40.129007: E external/local_xla/xla/stream_executor/cuda/cuda_dnn.cc:9261] Unable to register cuDNN factory: Attempting to register factory for plugin cuDNN when one has already been registered
2026-06-09 07:54:40.129047: E external/local_xla/xla/stream_executor/cuda/cuda_fft.cc:607] Unable to register cuFFT factory: Attempting to register factory for plugin cuFFT when one has already been registered
2026-06-09 07:54:40.130075: E external/local_xla/xla/stream_executor/cuda/cuda_blas.cc:1515] Unable to register cuBLAS factory: Attempting to register factory for plugin cuBLAS when one has already been registered
[COMPREHENSIVE] loaded Optuna best JSON for main_d256_b4_r2 from /home/rsadve1/scratch/Extended_UPAIR_Narval_b32m16_portable/optuna/clean_b32_prb8_d256_40k_smart_trueDMRS_u34610_1dmrs_stageB_main_d256_b4_r2_best_params.json
[ISO-CHUNK] variant: main_d256_b4_r2
[ISO-CHUNK] receiver: baseline_ls_lmmse
[ISO-CHUNK] num_users: 1
[ISO-CHUNK] ebno_db: -3.0
[ISO-CHUNK] chunk_idx: 47
[ISO-CHUNK] chunk_batches: 20
[ISO-CHUNK] receiver_microbatch_size: 8
[ISO-CHUNK] chunk_seed: 6351157
[ISO-CHUNK] checkpoint: /scratch/rsadve1/Extended_UPAIR_Narval_b32m16_portable/TWC_plots_comprehensive/runs_rx16/seed7/1dmrs/main_d256_b4_r2/checkpoints/best.weights.h5
[ISO-CHUNK] TF_GPU_ALLOCATOR: cuda_malloc_async
[ISO-CHUNK] output tag: main_d256_b4_r2_u1_baseline_ls_lmmse_ebnom3p0_chunk0047_m8_b20
[EVAL] receiver microbatching enabled: batch_size_eval=64 receiver_microbatch_size=8
WARNING:tensorflow:Model's `__init__()` arguments contain non-serializable objects. Please implement a `get_config()` method in the subclassed Model for proper saving and loading. Defaulting to empty config.
WARNING:tensorflow:Model's `__init__()` arguments contain non-serializable objects. Please implement a `get_config()` method in the subclassed Model for proper saving and loading. Defaulting to empty config.
[EVAL] loaded UPAIR checkpoint: /scratch/rsadve1/Extended_UPAIR_Narval_b32m16_portable/TWC_plots_comprehensive/runs_rx16/seed7/1dmrs/main_d256_b4_r2/checkpoints/best.weights.h5
[EVAL] skipping explicit NMSE channel-estimator calls for: baseline_ls_lmmse
[EVAL] instrumentation log_latency=True log_gpu_memory=True memory_cleanup_every_batches=1 memory_cleanup_every_microbatch=True stream_eval_microbatches=True compiled_receiver_error_counts=False receiver_call_jit_compile=False per_receiver_stopping=False target_bler_floor=1e-05 floor_num_frames=0 gpu_mem=0.09GiB peak=0.26GiB
[EVAL] receiver_call name=baseline_ls_lmmse mode=positional_y_no compiled_error_counts=False
[EVAL] progress num_users=1 Eb/N0=-3 dB batches=10/20 frame_err=baseline_ls_lmmse:1/640 elapsed=77.7s avg_batch=7.767s gpu_mem=0.09GiB peak=0.26GiB
[EVAL] progress num_users=1 Eb/N0=-3 dB batches=20/20 frame_err=baseline_ls_lmmse:2/1280 elapsed=155.3s avg_batch=7.766s gpu_mem=0.09GiB peak=0.26GiB
[EVAL] receiver=       baseline_ls_lmmse Eb/N0=-3.0 dB BER=8.29553e-05 BLER=1.56250e-03 NMSE=nan bit_err=   316/3809280  blk_err=    2/1280   batches=  20 stop=global_stop rx_time=113.06s rx_ms_batch=5653.0 rx_ms_frame=88.327 point_time=155.31s gpu_mem=0.09GiB peak=0.26GiB
[ISO-CHUNK] wrote: /home/rsadve1/scratch/Extended_UPAIR_Narval_b32m16_portable/_isolated_eval_chunks/main_d256_b4_r2_u1_baseline_ls_lmmse_ebnom3p0_chunk0047_m8_b20/chunk_result.csv
[ISO-CHUNK] DONE
[PIPELINE] status done=0 reason=continue chunks=48 batches=960 block_errors=99/100 next_chunk=48
2026-06-09 07:57:42.159513: E external/local_xla/xla/stream_executor/cuda/cuda_dnn.cc:9261] Unable to register cuDNN factory: Attempting to register factory for plugin cuDNN when one has already been registered
2026-06-09 07:57:42.159556: E external/local_xla/xla/stream_executor/cuda/cuda_fft.cc:607] Unable to register cuFFT factory: Attempting to register factory for plugin cuFFT when one has already been registered
2026-06-09 07:57:42.160633: E external/local_xla/xla/stream_executor/cuda/cuda_blas.cc:1515] Unable to register cuBLAS factory: Attempting to register factory for plugin cuBLAS when one has already been registered
[COMPREHENSIVE] loaded Optuna best JSON for main_d256_b4_r2 from /home/rsadve1/scratch/Extended_UPAIR_Narval_b32m16_portable/optuna/clean_b32_prb8_d256_40k_smart_trueDMRS_u34610_1dmrs_stageB_main_d256_b4_r2_best_params.json
[ISO-CHUNK] variant: main_d256_b4_r2
[ISO-CHUNK] receiver: baseline_ls_lmmse
[ISO-CHUNK] num_users: 1
[ISO-CHUNK] ebno_db: -3.0
[ISO-CHUNK] chunk_idx: 48
[ISO-CHUNK] chunk_batches: 20
[ISO-CHUNK] receiver_microbatch_size: 8
[ISO-CHUNK] chunk_seed: 6451160
[ISO-CHUNK] checkpoint: /scratch/rsadve1/Extended_UPAIR_Narval_b32m16_portable/TWC_plots_comprehensive/runs_rx16/seed7/1dmrs/main_d256_b4_r2/checkpoints/best.weights.h5
[ISO-CHUNK] TF_GPU_ALLOCATOR: cuda_malloc_async
[ISO-CHUNK] output tag: main_d256_b4_r2_u1_baseline_ls_lmmse_ebnom3p0_chunk0048_m8_b20
[EVAL] receiver microbatching enabled: batch_size_eval=64 receiver_microbatch_size=8
WARNING:tensorflow:Model's `__init__()` arguments contain non-serializable objects. Please implement a `get_config()` method in the subclassed Model for proper saving and loading. Defaulting to empty config.
WARNING:tensorflow:Model's `__init__()` arguments contain non-serializable objects. Please implement a `get_config()` method in the subclassed Model for proper saving and loading. Defaulting to empty config.
[EVAL] loaded UPAIR checkpoint: /scratch/rsadve1/Extended_UPAIR_Narval_b32m16_portable/TWC_plots_comprehensive/runs_rx16/seed7/1dmrs/main_d256_b4_r2/checkpoints/best.weights.h5
[EVAL] skipping explicit NMSE channel-estimator calls for: baseline_ls_lmmse
[EVAL] instrumentation log_latency=True log_gpu_memory=True memory_cleanup_every_batches=1 memory_cleanup_every_microbatch=True stream_eval_microbatches=True compiled_receiver_error_counts=False receiver_call_jit_compile=False per_receiver_stopping=False target_bler_floor=1e-05 floor_num_frames=0 gpu_mem=0.09GiB peak=0.26GiB
[EVAL] receiver_call name=baseline_ls_lmmse mode=positional_y_no compiled_error_counts=False
[EVAL] progress num_users=1 Eb/N0=-3 dB batches=10/20 frame_err=baseline_ls_lmmse:2/640 elapsed=77.5s avg_batch=7.751s gpu_mem=0.09GiB peak=0.26GiB
[EVAL] progress num_users=1 Eb/N0=-3 dB batches=20/20 frame_err=baseline_ls_lmmse:3/1280 elapsed=155.1s avg_batch=7.755s gpu_mem=0.09GiB peak=0.26GiB
[EVAL] receiver=       baseline_ls_lmmse Eb/N0=-3.0 dB BER=1.39134e-05 BLER=2.34375e-03 NMSE=nan bit_err=    53/3809280  blk_err=    3/1280   batches=  20 stop=global_stop rx_time=113.03s rx_ms_batch=5651.6 rx_ms_frame=88.306 point_time=155.11s gpu_mem=0.09GiB peak=0.26GiB
[ISO-CHUNK] wrote: /home/rsadve1/scratch/Extended_UPAIR_Narval_b32m16_portable/_isolated_eval_chunks/main_d256_b4_r2_u1_baseline_ls_lmmse_ebnom3p0_chunk0048_m8_b20/chunk_result.csv
[ISO-CHUNK] DONE
[PIPELINE] status done=1 reason=target_block_errors chunks=49 batches=980 block_errors=102/100 next_chunk=-1
[ISO-MERGE] chunks: 49
[ISO-MERGE] rows: 1
[ISO-MERGE] wrote: /home/rsadve1/scratch/Extended_UPAIR_Narval_b32m16_portable/_isolated_eval_chunks/merged_main_d256_b4_r2_u1_baseline_ls_lmmse_em3.csv
[ISO-MERGE] wrote: /home/rsadve1/scratch/Extended_UPAIR_Narval_b32m16_portable/_isolated_eval_chunks/merged_main_d256_b4_r2_u1_baseline_ls_lmmse_em3.summary.json
         receiver         variant dmrs_case  seed  training_seed  num_users  ebno_db  num_chunks                                                                                                                            chunk_indices  bit_errors  num_bits  block_errors  num_blocks  num_batches_run  point_elapsed_s  data_elapsed_s  receiver_elapsed_s     ber     bler  nmse       mc_stop_reason  target_bler_floor  bler_zero_error_upper_bound  ber_zero_error_upper_bound  receiver_ms_per_batch  receiver_ms_per_frame  reliable_ber  reliable_bler
baseline_ls_lmmse main_d256_b4_r2     1dmrs     7              7          1     -3.0          49 0,1,2,3,4,5,6,7,8,9,10,11,12,13,14,15,16,17,18,19,20,21,22,23,24,25,26,27,28,29,30,31,32,33,34,35,36,37,38,39,40,41,42,43,44,45,46,47,48        7409 186654720           102       62720              980      7618.198251     1154.865978         5546.147256 0.00004 0.001626   NaN isolated_chunk_merge                NaN                          NaN                         NaN            5659.333935              88.427093          True           True

--------------------------------------------------------------------------------
[PIPELINE] eval point variant=main_d256_b4_r2 receiver=baseline_ls_lmmse U=1 Eb/N0=-2
--------------------------------------------------------------------------------
[PIPELINE] status done=0 reason=continue chunks=0 batches=0 block_errors=0/100 next_chunk=0
2026-06-09 08:00:46.543074: E external/local_xla/xla/stream_executor/cuda/cuda_dnn.cc:9261] Unable to register cuDNN factory: Attempting to register factory for plugin cuDNN when one has already been registered
2026-06-09 08:00:46.543110: E external/local_xla/xla/stream_executor/cuda/cuda_fft.cc:607] Unable to register cuFFT factory: Attempting to register factory for plugin cuFFT when one has already been registered
2026-06-09 08:00:46.544161: E external/local_xla/xla/stream_executor/cuda/cuda_blas.cc:1515] Unable to register cuBLAS factory: Attempting to register factory for plugin cuBLAS when one has already been registered
[COMPREHENSIVE] loaded Optuna best JSON for main_d256_b4_r2 from /home/rsadve1/scratch/Extended_UPAIR_Narval_b32m16_portable/optuna/clean_b32_prb8_d256_40k_smart_trueDMRS_u34610_1dmrs_stageB_main_d256_b4_r2_best_params.json
[ISO-CHUNK] variant: main_d256_b4_r2
[ISO-CHUNK] receiver: baseline_ls_lmmse
[ISO-CHUNK] num_users: 1
[ISO-CHUNK] ebno_db: -2.0
[ISO-CHUNK] chunk_idx: 0
[ISO-CHUNK] chunk_batches: 20
[ISO-CHUNK] receiver_microbatch_size: 8
[ISO-CHUNK] chunk_seed: 1668016
[ISO-CHUNK] checkpoint: /scratch/rsadve1/Extended_UPAIR_Narval_b32m16_portable/TWC_plots_comprehensive/runs_rx16/seed7/1dmrs/main_d256_b4_r2/checkpoints/best.weights.h5
[ISO-CHUNK] TF_GPU_ALLOCATOR: cuda_malloc_async
[ISO-CHUNK] output tag: main_d256_b4_r2_u1_baseline_ls_lmmse_ebnom2p0_chunk0000_m8_b20
[EVAL] receiver microbatching enabled: batch_size_eval=64 receiver_microbatch_size=8
WARNING:tensorflow:Model's `__init__()` arguments contain non-serializable objects. Please implement a `get_config()` method in the subclassed Model for proper saving and loading. Defaulting to empty config.
WARNING:tensorflow:Model's `__init__()` arguments contain non-serializable objects. Please implement a `get_config()` method in the subclassed Model for proper saving and loading. Defaulting to empty config.
[EVAL] loaded UPAIR checkpoint: /scratch/rsadve1/Extended_UPAIR_Narval_b32m16_portable/TWC_plots_comprehensive/runs_rx16/seed7/1dmrs/main_d256_b4_r2/checkpoints/best.weights.h5
[EVAL] skipping explicit NMSE channel-estimator calls for: baseline_ls_lmmse
[EVAL] instrumentation log_latency=True log_gpu_memory=True memory_cleanup_every_batches=1 memory_cleanup_every_microbatch=True stream_eval_microbatches=True compiled_receiver_error_counts=False receiver_call_jit_compile=False per_receiver_stopping=False target_bler_floor=1e-05 floor_num_frames=0 gpu_mem=0.09GiB peak=0.26GiB
[EVAL] receiver_call name=baseline_ls_lmmse mode=positional_y_no compiled_error_counts=False
[EVAL] progress num_users=1 Eb/N0=-2 dB batches=10/20 frame_err=baseline_ls_lmmse:0/640 elapsed=78.1s avg_batch=7.806s gpu_mem=0.09GiB peak=0.26GiB
[EVAL] progress num_users=1 Eb/N0=-2 dB batches=20/20 frame_err=baseline_ls_lmmse:0/1280 elapsed=155.6s avg_batch=7.782s gpu_mem=0.09GiB peak=0.26GiB
[EVAL] receiver=       baseline_ls_lmmse Eb/N0=-2.0 dB BER=0.00000e+00 BLER=0.00000e+00 NMSE=nan bit_err=     0/3809280  blk_err=    0/1280   batches=  20 stop=global_stop bler_ub=2.344e-03 rx_time=113.29s rx_ms_batch=5664.6 rx_ms_frame=88.510 point_time=155.64s gpu_mem=0.09GiB peak=0.26GiB
[ISO-CHUNK] wrote: /home/rsadve1/scratch/Extended_UPAIR_Narval_b32m16_portable/_isolated_eval_chunks/main_d256_b4_r2_u1_baseline_ls_lmmse_ebnom2p0_chunk0000_m8_b20/chunk_result.csv
[ISO-CHUNK] DONE
[PIPELINE] status done=0 reason=continue chunks=1 batches=20 block_errors=0/100 next_chunk=1
2026-06-09 08:03:55.905278: E external/local_xla/xla/stream_executor/cuda/cuda_dnn.cc:9261] Unable to register cuDNN factory: Attempting to register factory for plugin cuDNN when one has already been registered
2026-06-09 08:03:55.905313: E external/local_xla/xla/stream_executor/cuda/cuda_fft.cc:607] Unable to register cuFFT factory: Attempting to register factory for plugin cuFFT when one has already been registered
2026-06-09 08:03:55.906341: E external/local_xla/xla/stream_executor/cuda/cuda_blas.cc:1515] Unable to register cuBLAS factory: Attempting to register factory for plugin cuBLAS when one has already been registered
[COMPREHENSIVE] loaded Optuna best JSON for main_d256_b4_r2 from /home/rsadve1/scratch/Extended_UPAIR_Narval_b32m16_portable/optuna/clean_b32_prb8_d256_40k_smart_trueDMRS_u34610_1dmrs_stageB_main_d256_b4_r2_best_params.json
[ISO-CHUNK] variant: main_d256_b4_r2
[ISO-CHUNK] receiver: baseline_ls_lmmse
[ISO-CHUNK] num_users: 1
[ISO-CHUNK] ebno_db: -2.0
[ISO-CHUNK] chunk_idx: 1
[ISO-CHUNK] chunk_batches: 20
[ISO-CHUNK] receiver_microbatch_size: 8
[ISO-CHUNK] chunk_seed: 1768019
[ISO-CHUNK] checkpoint: /scratch/rsadve1/Extended_UPAIR_Narval_b32m16_portable/TWC_plots_comprehensive/runs_rx16/seed7/1dmrs/main_d256_b4_r2/checkpoints/best.weights.h5
[ISO-CHUNK] TF_GPU_ALLOCATOR: cuda_malloc_async
[ISO-CHUNK] output tag: main_d256_b4_r2_u1_baseline_ls_lmmse_ebnom2p0_chunk0001_m8_b20
[EVAL] receiver microbatching enabled: batch_size_eval=64 receiver_microbatch_size=8
WARNING:tensorflow:Model's `__init__()` arguments contain non-serializable objects. Please implement a `get_config()` method in the subclassed Model for proper saving and loading. Defaulting to empty config.
WARNING:tensorflow:Model's `__init__()` arguments contain non-serializable objects. Please implement a `get_config()` method in the subclassed Model for proper saving and loading. Defaulting to empty config.
[EVAL] loaded UPAIR checkpoint: /scratch/rsadve1/Extended_UPAIR_Narval_b32m16_portable/TWC_plots_comprehensive/runs_rx16/seed7/1dmrs/main_d256_b4_r2/checkpoints/best.weights.h5
[EVAL] skipping explicit NMSE channel-estimator calls for: baseline_ls_lmmse
[EVAL] instrumentation log_latency=True log_gpu_memory=True memory_cleanup_every_batches=1 memory_cleanup_every_microbatch=True stream_eval_microbatches=True compiled_receiver_error_counts=False receiver_call_jit_compile=False per_receiver_stopping=False target_bler_floor=1e-05 floor_num_frames=0 gpu_mem=0.09GiB peak=0.26GiB
[EVAL] receiver_call name=baseline_ls_lmmse mode=positional_y_no compiled_error_counts=False
[EVAL] progress num_users=1 Eb/N0=-2 dB batches=10/20 frame_err=baseline_ls_lmmse:0/640 elapsed=78.4s avg_batch=7.836s gpu_mem=0.09GiB peak=0.26GiB
[EVAL] progress num_users=1 Eb/N0=-2 dB batches=20/20 frame_err=baseline_ls_lmmse:0/1280 elapsed=156.2s avg_batch=7.811s gpu_mem=0.09GiB peak=0.26GiB
[EVAL] receiver=       baseline_ls_lmmse Eb/N0=-2.0 dB BER=0.00000e+00 BLER=0.00000e+00 NMSE=nan bit_err=     0/3809280  blk_err=    0/1280   batches=  20 stop=global_stop bler_ub=2.344e-03 rx_time=113.79s rx_ms_batch=5689.7 rx_ms_frame=88.901 point_time=156.23s gpu_mem=0.09GiB peak=0.26GiB
[ISO-CHUNK] wrote: /home/rsadve1/scratch/Extended_UPAIR_Narval_b32m16_portable/_isolated_eval_chunks/main_d256_b4_r2_u1_baseline_ls_lmmse_ebnom2p0_chunk0001_m8_b20/chunk_result.csv
[ISO-CHUNK] DONE
[PIPELINE] status done=0 reason=continue chunks=2 batches=40 block_errors=0/100 next_chunk=2
2026-06-09 08:07:00.195758: E external/local_xla/xla/stream_executor/cuda/cuda_dnn.cc:9261] Unable to register cuDNN factory: Attempting to register factory for plugin cuDNN when one has already been registered
2026-06-09 08:07:00.195806: E external/local_xla/xla/stream_executor/cuda/cuda_fft.cc:607] Unable to register cuFFT factory: Attempting to register factory for plugin cuFFT when one has already been registered
2026-06-09 08:07:00.196865: E external/local_xla/xla/stream_executor/cuda/cuda_blas.cc:1515] Unable to register cuBLAS factory: Attempting to register factory for plugin cuBLAS when one has already been registered
[COMPREHENSIVE] loaded Optuna best JSON for main_d256_b4_r2 from /home/rsadve1/scratch/Extended_UPAIR_Narval_b32m16_portable/optuna/clean_b32_prb8_d256_40k_smart_trueDMRS_u34610_1dmrs_stageB_main_d256_b4_r2_best_params.json
[ISO-CHUNK] variant: main_d256_b4_r2
[ISO-CHUNK] receiver: baseline_ls_lmmse
[ISO-CHUNK] num_users: 1
[ISO-CHUNK] ebno_db: -2.0
[ISO-CHUNK] chunk_idx: 2
[ISO-CHUNK] chunk_batches: 20
[ISO-CHUNK] receiver_microbatch_size: 8
[ISO-CHUNK] chunk_seed: 1868022
[ISO-CHUNK] checkpoint: /scratch/rsadve1/Extended_UPAIR_Narval_b32m16_portable/TWC_plots_comprehensive/runs_rx16/seed7/1dmrs/main_d256_b4_r2/checkpoints/best.weights.h5
[ISO-CHUNK] TF_GPU_ALLOCATOR: cuda_malloc_async
[ISO-CHUNK] output tag: main_d256_b4_r2_u1_baseline_ls_lmmse_ebnom2p0_chunk0002_m8_b20
[EVAL] receiver microbatching enabled: batch_size_eval=64 receiver_microbatch_size=8
WARNING:tensorflow:Model's `__init__()` arguments contain non-serializable objects. Please implement a `get_config()` method in the subclassed Model for proper saving and loading. Defaulting to empty config.
WARNING:tensorflow:Model's `__init__()` arguments contain non-serializable objects. Please implement a `get_config()` method in the subclassed Model for proper saving and loading. Defaulting to empty config.
[EVAL] loaded UPAIR checkpoint: /scratch/rsadve1/Extended_UPAIR_Narval_b32m16_portable/TWC_plots_comprehensive/runs_rx16/seed7/1dmrs/main_d256_b4_r2/checkpoints/best.weights.h5
[EVAL] skipping explicit NMSE channel-estimator calls for: baseline_ls_lmmse
[EVAL] instrumentation log_latency=True log_gpu_memory=True memory_cleanup_every_batches=1 memory_cleanup_every_microbatch=True stream_eval_microbatches=True compiled_receiver_error_counts=False receiver_call_jit_compile=False per_receiver_stopping=False target_bler_floor=1e-05 floor_num_frames=0 gpu_mem=0.09GiB peak=0.26GiB
[EVAL] receiver_call name=baseline_ls_lmmse mode=positional_y_no compiled_error_counts=False
[EVAL] progress num_users=1 Eb/N0=-2 dB batches=10/20 frame_err=baseline_ls_lmmse:0/640 elapsed=78.2s avg_batch=7.820s gpu_mem=0.09GiB peak=0.26GiB
[EVAL] progress num_users=1 Eb/N0=-2 dB batches=20/20 frame_err=baseline_ls_lmmse:0/1280 elapsed=156.2s avg_batch=7.808s gpu_mem=0.09GiB peak=0.26GiB
[EVAL] receiver=       baseline_ls_lmmse Eb/N0=-2.0 dB BER=0.00000e+00 BLER=0.00000e+00 NMSE=nan bit_err=     0/3809280  blk_err=    0/1280   batches=  20 stop=global_stop bler_ub=2.344e-03 rx_time=113.70s rx_ms_batch=5684.8 rx_ms_frame=88.825 point_time=156.15s gpu_mem=0.09GiB peak=0.26GiB
[ISO-CHUNK] wrote: /home/rsadve1/scratch/Extended_UPAIR_Narval_b32m16_portable/_isolated_eval_chunks/main_d256_b4_r2_u1_baseline_ls_lmmse_ebnom2p0_chunk0002_m8_b20/chunk_result.csv
[ISO-CHUNK] DONE
[PIPELINE] status done=0 reason=continue chunks=3 batches=60 block_errors=0/100 next_chunk=3
2026-06-09 08:10:01.831984: E external/local_xla/xla/stream_executor/cuda/cuda_dnn.cc:9261] Unable to register cuDNN factory: Attempting to register factory for plugin cuDNN when one has already been registered
2026-06-09 08:10:01.832022: E external/local_xla/xla/stream_executor/cuda/cuda_fft.cc:607] Unable to register cuFFT factory: Attempting to register factory for plugin cuFFT when one has already been registered
2026-06-09 08:10:01.833078: E external/local_xla/xla/stream_executor/cuda/cuda_blas.cc:1515] Unable to register cuBLAS factory: Attempting to register factory for plugin cuBLAS when one has already been registered
[COMPREHENSIVE] loaded Optuna best JSON for main_d256_b4_r2 from /home/rsadve1/scratch/Extended_UPAIR_Narval_b32m16_portable/optuna/clean_b32_prb8_d256_40k_smart_trueDMRS_u34610_1dmrs_stageB_main_d256_b4_r2_best_params.json
[ISO-CHUNK] variant: main_d256_b4_r2
[ISO-CHUNK] receiver: baseline_ls_lmmse
[ISO-CHUNK] num_users: 1
[ISO-CHUNK] ebno_db: -2.0
[ISO-CHUNK] chunk_idx: 3
[ISO-CHUNK] chunk_batches: 20
[ISO-CHUNK] receiver_microbatch_size: 8
[ISO-CHUNK] chunk_seed: 1968025
[ISO-CHUNK] checkpoint: /scratch/rsadve1/Extended_UPAIR_Narval_b32m16_portable/TWC_plots_comprehensive/runs_rx16/seed7/1dmrs/main_d256_b4_r2/checkpoints/best.weights.h5
[ISO-CHUNK] TF_GPU_ALLOCATOR: cuda_malloc_async
[ISO-CHUNK] output tag: main_d256_b4_r2_u1_baseline_ls_lmmse_ebnom2p0_chunk0003_m8_b20
[EVAL] receiver microbatching enabled: batch_size_eval=64 receiver_microbatch_size=8
WARNING:tensorflow:Model's `__init__()` arguments contain non-serializable objects. Please implement a `get_config()` method in the subclassed Model for proper saving and loading. Defaulting to empty config.
WARNING:tensorflow:Model's `__init__()` arguments contain non-serializable objects. Please implement a `get_config()` method in the subclassed Model for proper saving and loading. Defaulting to empty config.
[EVAL] loaded UPAIR checkpoint: /scratch/rsadve1/Extended_UPAIR_Narval_b32m16_portable/TWC_plots_comprehensive/runs_rx16/seed7/1dmrs/main_d256_b4_r2/checkpoints/best.weights.h5
[EVAL] skipping explicit NMSE channel-estimator calls for: baseline_ls_lmmse
[EVAL] instrumentation log_latency=True log_gpu_memory=True memory_cleanup_every_batches=1 memory_cleanup_every_microbatch=True stream_eval_microbatches=True compiled_receiver_error_counts=False receiver_call_jit_compile=False per_receiver_stopping=False target_bler_floor=1e-05 floor_num_frames=0 gpu_mem=0.09GiB peak=0.26GiB
[EVAL] receiver_call name=baseline_ls_lmmse mode=positional_y_no compiled_error_counts=False
[EVAL] progress num_users=1 Eb/N0=-2 dB batches=10/20 frame_err=baseline_ls_lmmse:0/640 elapsed=78.4s avg_batch=7.843s gpu_mem=0.09GiB peak=0.26GiB
[EVAL] progress num_users=1 Eb/N0=-2 dB batches=20/20 frame_err=baseline_ls_lmmse:0/1280 elapsed=156.7s avg_batch=7.835s gpu_mem=0.09GiB peak=0.26GiB
[EVAL] receiver=       baseline_ls_lmmse Eb/N0=-2.0 dB BER=0.00000e+00 BLER=0.00000e+00 NMSE=nan bit_err=     0/3809280  blk_err=    0/1280   batches=  20 stop=global_stop bler_ub=2.344e-03 rx_time=114.45s rx_ms_batch=5722.6 rx_ms_frame=89.415 point_time=156.70s gpu_mem=0.09GiB peak=0.26GiB
[ISO-CHUNK] wrote: /home/rsadve1/scratch/Extended_UPAIR_Narval_b32m16_portable/_isolated_eval_chunks/main_d256_b4_r2_u1_baseline_ls_lmmse_ebnom2p0_chunk0003_m8_b20/chunk_result.csv
[ISO-CHUNK] DONE
[PIPELINE] status done=0 reason=continue chunks=4 batches=80 block_errors=0/100 next_chunk=4
2026-06-09 08:13:05.227626: E external/local_xla/xla/stream_executor/cuda/cuda_dnn.cc:9261] Unable to register cuDNN factory: Attempting to register factory for plugin cuDNN when one has already been registered
2026-06-09 08:13:05.227667: E external/local_xla/xla/stream_executor/cuda/cuda_fft.cc:607] Unable to register cuFFT factory: Attempting to register factory for plugin cuFFT when one has already been registered
2026-06-09 08:13:05.228741: E external/local_xla/xla/stream_executor/cuda/cuda_blas.cc:1515] Unable to register cuBLAS factory: Attempting to register factory for plugin cuBLAS when one has already been registered
[COMPREHENSIVE] loaded Optuna best JSON for main_d256_b4_r2 from /home/rsadve1/scratch/Extended_UPAIR_Narval_b32m16_portable/optuna/clean_b32_prb8_d256_40k_smart_trueDMRS_u34610_1dmrs_stageB_main_d256_b4_r2_best_params.json
[ISO-CHUNK] variant: main_d256_b4_r2
[ISO-CHUNK] receiver: baseline_ls_lmmse
[ISO-CHUNK] num_users: 1
[ISO-CHUNK] ebno_db: -2.0
[ISO-CHUNK] chunk_idx: 4
[ISO-CHUNK] chunk_batches: 20
[ISO-CHUNK] receiver_microbatch_size: 8
[ISO-CHUNK] chunk_seed: 2068028
[ISO-CHUNK] checkpoint: /scratch/rsadve1/Extended_UPAIR_Narval_b32m16_portable/TWC_plots_comprehensive/runs_rx16/seed7/1dmrs/main_d256_b4_r2/checkpoints/best.weights.h5
[ISO-CHUNK] TF_GPU_ALLOCATOR: cuda_malloc_async
[ISO-CHUNK] output tag: main_d256_b4_r2_u1_baseline_ls_lmmse_ebnom2p0_chunk0004_m8_b20
[EVAL] receiver microbatching enabled: batch_size_eval=64 receiver_microbatch_size=8
WARNING:tensorflow:Model's `__init__()` arguments contain non-serializable objects. Please implement a `get_config()` method in the subclassed Model for proper saving and loading. Defaulting to empty config.
WARNING:tensorflow:Model's `__init__()` arguments contain non-serializable objects. Please implement a `get_config()` method in the subclassed Model for proper saving and loading. Defaulting to empty config.
[EVAL] loaded UPAIR checkpoint: /scratch/rsadve1/Extended_UPAIR_Narval_b32m16_portable/TWC_plots_comprehensive/runs_rx16/seed7/1dmrs/main_d256_b4_r2/checkpoints/best.weights.h5
[EVAL] skipping explicit NMSE channel-estimator calls for: baseline_ls_lmmse
[EVAL] instrumentation log_latency=True log_gpu_memory=True memory_cleanup_every_batches=1 memory_cleanup_every_microbatch=True stream_eval_microbatches=True compiled_receiver_error_counts=False receiver_call_jit_compile=False per_receiver_stopping=False target_bler_floor=1e-05 floor_num_frames=0 gpu_mem=0.09GiB peak=0.26GiB
[EVAL] receiver_call name=baseline_ls_lmmse mode=positional_y_no compiled_error_counts=False
[EVAL] progress num_users=1 Eb/N0=-2 dB batches=10/20 frame_err=baseline_ls_lmmse:0/640 elapsed=78.2s avg_batch=7.816s gpu_mem=0.09GiB peak=0.26GiB
[EVAL] progress num_users=1 Eb/N0=-2 dB batches=20/20 frame_err=baseline_ls_lmmse:0/1280 elapsed=155.8s avg_batch=7.789s gpu_mem=0.09GiB peak=0.26GiB
[EVAL] receiver=       baseline_ls_lmmse Eb/N0=-2.0 dB BER=0.00000e+00 BLER=0.00000e+00 NMSE=nan bit_err=     0/3809280  blk_err=    0/1280   batches=  20 stop=global_stop bler_ub=2.344e-03 rx_time=113.36s rx_ms_batch=5667.9 rx_ms_frame=88.561 point_time=155.78s gpu_mem=0.09GiB peak=0.26GiB
[ISO-CHUNK] wrote: /home/rsadve1/scratch/Extended_UPAIR_Narval_b32m16_portable/_isolated_eval_chunks/main_d256_b4_r2_u1_baseline_ls_lmmse_ebnom2p0_chunk0004_m8_b20/chunk_result.csv
[ISO-CHUNK] DONE
[PIPELINE] status done=0 reason=continue chunks=5 batches=100 block_errors=0/100 next_chunk=5
2026-06-09 08:16:11.275121: E external/local_xla/xla/stream_executor/cuda/cuda_dnn.cc:9261] Unable to register cuDNN factory: Attempting to register factory for plugin cuDNN when one has already been registered
2026-06-09 08:16:11.275156: E external/local_xla/xla/stream_executor/cuda/cuda_fft.cc:607] Unable to register cuFFT factory: Attempting to register factory for plugin cuFFT when one has already been registered
2026-06-09 08:16:11.276169: E external/local_xla/xla/stream_executor/cuda/cuda_blas.cc:1515] Unable to register cuBLAS factory: Attempting to register factory for plugin cuBLAS when one has already been registered
[COMPREHENSIVE] loaded Optuna best JSON for main_d256_b4_r2 from /home/rsadve1/scratch/Extended_UPAIR_Narval_b32m16_portable/optuna/clean_b32_prb8_d256_40k_smart_trueDMRS_u34610_1dmrs_stageB_main_d256_b4_r2_best_params.json
[ISO-CHUNK] variant: main_d256_b4_r2
[ISO-CHUNK] receiver: baseline_ls_lmmse
[ISO-CHUNK] num_users: 1
[ISO-CHUNK] ebno_db: -2.0
[ISO-CHUNK] chunk_idx: 5
[ISO-CHUNK] chunk_batches: 20
[ISO-CHUNK] receiver_microbatch_size: 8
[ISO-CHUNK] chunk_seed: 2168031
[ISO-CHUNK] checkpoint: /scratch/rsadve1/Extended_UPAIR_Narval_b32m16_portable/TWC_plots_comprehensive/runs_rx16/seed7/1dmrs/main_d256_b4_r2/checkpoints/best.weights.h5
[ISO-CHUNK] TF_GPU_ALLOCATOR: cuda_malloc_async
[ISO-CHUNK] output tag: main_d256_b4_r2_u1_baseline_ls_lmmse_ebnom2p0_chunk0005_m8_b20
[EVAL] receiver microbatching enabled: batch_size_eval=64 receiver_microbatch_size=8
WARNING:tensorflow:Model's `__init__()` arguments contain non-serializable objects. Please implement a `get_config()` method in the subclassed Model for proper saving and loading. Defaulting to empty config.
WARNING:tensorflow:Model's `__init__()` arguments contain non-serializable objects. Please implement a `get_config()` method in the subclassed Model for proper saving and loading. Defaulting to empty config.
[EVAL] loaded UPAIR checkpoint: /scratch/rsadve1/Extended_UPAIR_Narval_b32m16_portable/TWC_plots_comprehensive/runs_rx16/seed7/1dmrs/main_d256_b4_r2/checkpoints/best.weights.h5
[EVAL] skipping explicit NMSE channel-estimator calls for: baseline_ls_lmmse
[EVAL] instrumentation log_latency=True log_gpu_memory=True memory_cleanup_every_batches=1 memory_cleanup_every_microbatch=True stream_eval_microbatches=True compiled_receiver_error_counts=False receiver_call_jit_compile=False per_receiver_stopping=False target_bler_floor=1e-05 floor_num_frames=0 gpu_mem=0.09GiB peak=0.26GiB
[EVAL] receiver_call name=baseline_ls_lmmse mode=positional_y_no compiled_error_counts=False
[EVAL] progress num_users=1 Eb/N0=-2 dB batches=10/20 frame_err=baseline_ls_lmmse:0/640 elapsed=76.7s avg_batch=7.669s gpu_mem=0.09GiB peak=0.26GiB
[EVAL] progress num_users=1 Eb/N0=-2 dB batches=20/20 frame_err=baseline_ls_lmmse:0/1280 elapsed=153.9s avg_batch=7.693s gpu_mem=0.09GiB peak=0.26GiB
[EVAL] receiver=       baseline_ls_lmmse Eb/N0=-2.0 dB BER=0.00000e+00 BLER=0.00000e+00 NMSE=nan bit_err=     0/3809280  blk_err=    0/1280   batches=  20 stop=global_stop bler_ub=2.344e-03 rx_time=112.63s rx_ms_batch=5631.4 rx_ms_frame=87.990 point_time=153.87s gpu_mem=0.09GiB peak=0.26GiB
[ISO-CHUNK] wrote: /home/rsadve1/scratch/Extended_UPAIR_Narval_b32m16_portable/_isolated_eval_chunks/main_d256_b4_r2_u1_baseline_ls_lmmse_ebnom2p0_chunk0005_m8_b20/chunk_result.csv
[ISO-CHUNK] DONE
[PIPELINE] status done=0 reason=continue chunks=6 batches=120 block_errors=0/100 next_chunk=6
2026-06-09 08:19:18.330141: E external/local_xla/xla/stream_executor/cuda/cuda_dnn.cc:9261] Unable to register cuDNN factory: Attempting to register factory for plugin cuDNN when one has already been registered
2026-06-09 08:19:18.330182: E external/local_xla/xla/stream_executor/cuda/cuda_fft.cc:607] Unable to register cuFFT factory: Attempting to register factory for plugin cuFFT when one has already been registered
2026-06-09 08:19:18.331241: E external/local_xla/xla/stream_executor/cuda/cuda_blas.cc:1515] Unable to register cuBLAS factory: Attempting to register factory for plugin cuBLAS when one has already been registered
[COMPREHENSIVE] loaded Optuna best JSON for main_d256_b4_r2 from /home/rsadve1/scratch/Extended_UPAIR_Narval_b32m16_portable/optuna/clean_b32_prb8_d256_40k_smart_trueDMRS_u34610_1dmrs_stageB_main_d256_b4_r2_best_params.json
[ISO-CHUNK] variant: main_d256_b4_r2
[ISO-CHUNK] receiver: baseline_ls_lmmse
[ISO-CHUNK] num_users: 1
[ISO-CHUNK] ebno_db: -2.0
[ISO-CHUNK] chunk_idx: 6
[ISO-CHUNK] chunk_batches: 20
[ISO-CHUNK] receiver_microbatch_size: 8
[ISO-CHUNK] chunk_seed: 2268034
[ISO-CHUNK] checkpoint: /scratch/rsadve1/Extended_UPAIR_Narval_b32m16_portable/TWC_plots_comprehensive/runs_rx16/seed7/1dmrs/main_d256_b4_r2/checkpoints/best.weights.h5
[ISO-CHUNK] TF_GPU_ALLOCATOR: cuda_malloc_async
[ISO-CHUNK] output tag: main_d256_b4_r2_u1_baseline_ls_lmmse_ebnom2p0_chunk0006_m8_b20
[EVAL] receiver microbatching enabled: batch_size_eval=64 receiver_microbatch_size=8
WARNING:tensorflow:Model's `__init__()` arguments contain non-serializable objects. Please implement a `get_config()` method in the subclassed Model for proper saving and loading. Defaulting to empty config.
WARNING:tensorflow:Model's `__init__()` arguments contain non-serializable objects. Please implement a `get_config()` method in the subclassed Model for proper saving and loading. Defaulting to empty config.
[EVAL] loaded UPAIR checkpoint: /scratch/rsadve1/Extended_UPAIR_Narval_b32m16_portable/TWC_plots_comprehensive/runs_rx16/seed7/1dmrs/main_d256_b4_r2/checkpoints/best.weights.h5
[EVAL] skipping explicit NMSE channel-estimator calls for: baseline_ls_lmmse
[EVAL] instrumentation log_latency=True log_gpu_memory=True memory_cleanup_every_batches=1 memory_cleanup_every_microbatch=True stream_eval_microbatches=True compiled_receiver_error_counts=False receiver_call_jit_compile=False per_receiver_stopping=False target_bler_floor=1e-05 floor_num_frames=0 gpu_mem=0.09GiB peak=0.26GiB
[EVAL] receiver_call name=baseline_ls_lmmse mode=positional_y_no compiled_error_counts=False
[EVAL] progress num_users=1 Eb/N0=-2 dB batches=10/20 frame_err=baseline_ls_lmmse:0/640 elapsed=78.3s avg_batch=7.827s gpu_mem=0.09GiB peak=0.26GiB
[EVAL] progress num_users=1 Eb/N0=-2 dB batches=20/20 frame_err=baseline_ls_lmmse:0/1280 elapsed=156.4s avg_batch=7.820s gpu_mem=0.09GiB peak=0.26GiB
[EVAL] receiver=       baseline_ls_lmmse Eb/N0=-2.0 dB BER=0.00000e+00 BLER=0.00000e+00 NMSE=nan bit_err=     0/3809280  blk_err=    0/1280   batches=  20 stop=global_stop bler_ub=2.344e-03 rx_time=113.76s rx_ms_batch=5688.2 rx_ms_frame=88.878 point_time=156.40s gpu_mem=0.09GiB peak=0.26GiB
[ISO-CHUNK] wrote: /home/rsadve1/scratch/Extended_UPAIR_Narval_b32m16_portable/_isolated_eval_chunks/main_d256_b4_r2_u1_baseline_ls_lmmse_ebnom2p0_chunk0006_m8_b20/chunk_result.csv
[ISO-CHUNK] DONE
[PIPELINE] status done=0 reason=continue chunks=7 batches=140 block_errors=0/100 next_chunk=7
2026-06-09 08:22:22.569913: E external/local_xla/xla/stream_executor/cuda/cuda_dnn.cc:9261] Unable to register cuDNN factory: Attempting to register factory for plugin cuDNN when one has already been registered
2026-06-09 08:22:22.569952: E external/local_xla/xla/stream_executor/cuda/cuda_fft.cc:607] Unable to register cuFFT factory: Attempting to register factory for plugin cuFFT when one has already been registered
2026-06-09 08:22:22.570990: E external/local_xla/xla/stream_executor/cuda/cuda_blas.cc:1515] Unable to register cuBLAS factory: Attempting to register factory for plugin cuBLAS when one has already been registered
[COMPREHENSIVE] loaded Optuna best JSON for main_d256_b4_r2 from /home/rsadve1/scratch/Extended_UPAIR_Narval_b32m16_portable/optuna/clean_b32_prb8_d256_40k_smart_trueDMRS_u34610_1dmrs_stageB_main_d256_b4_r2_best_params.json
[ISO-CHUNK] variant: main_d256_b4_r2
[ISO-CHUNK] receiver: baseline_ls_lmmse
[ISO-CHUNK] num_users: 1
[ISO-CHUNK] ebno_db: -2.0
[ISO-CHUNK] chunk_idx: 7
[ISO-CHUNK] chunk_batches: 20
[ISO-CHUNK] receiver_microbatch_size: 8
[ISO-CHUNK] chunk_seed: 2368037
[ISO-CHUNK] checkpoint: /scratch/rsadve1/Extended_UPAIR_Narval_b32m16_portable/TWC_plots_comprehensive/runs_rx16/seed7/1dmrs/main_d256_b4_r2/checkpoints/best.weights.h5
[ISO-CHUNK] TF_GPU_ALLOCATOR: cuda_malloc_async
[ISO-CHUNK] output tag: main_d256_b4_r2_u1_baseline_ls_lmmse_ebnom2p0_chunk0007_m8_b20
[EVAL] receiver microbatching enabled: batch_size_eval=64 receiver_microbatch_size=8
WARNING:tensorflow:Model's `__init__()` arguments contain non-serializable objects. Please implement a `get_config()` method in the subclassed Model for proper saving and loading. Defaulting to empty config.
WARNING:tensorflow:Model's `__init__()` arguments contain non-serializable objects. Please implement a `get_config()` method in the subclassed Model for proper saving and loading. Defaulting to empty config.
[EVAL] loaded UPAIR checkpoint: /scratch/rsadve1/Extended_UPAIR_Narval_b32m16_portable/TWC_plots_comprehensive/runs_rx16/seed7/1dmrs/main_d256_b4_r2/checkpoints/best.weights.h5
[EVAL] skipping explicit NMSE channel-estimator calls for: baseline_ls_lmmse
[EVAL] instrumentation log_latency=True log_gpu_memory=True memory_cleanup_every_batches=1 memory_cleanup_every_microbatch=True stream_eval_microbatches=True compiled_receiver_error_counts=False receiver_call_jit_compile=False per_receiver_stopping=False target_bler_floor=1e-05 floor_num_frames=0 gpu_mem=0.09GiB peak=0.26GiB
[EVAL] receiver_call name=baseline_ls_lmmse mode=positional_y_no compiled_error_counts=False
[EVAL] progress num_users=1 Eb/N0=-2 dB batches=10/20 frame_err=baseline_ls_lmmse:0/640 elapsed=77.6s avg_batch=7.765s gpu_mem=0.09GiB peak=0.26GiB
[EVAL] progress num_users=1 Eb/N0=-2 dB batches=20/20 frame_err=baseline_ls_lmmse:0/1280 elapsed=155.4s avg_batch=7.770s gpu_mem=0.09GiB peak=0.26GiB
[EVAL] receiver=       baseline_ls_lmmse Eb/N0=-2.0 dB BER=0.00000e+00 BLER=0.00000e+00 NMSE=nan bit_err=     0/3809280  blk_err=    0/1280   batches=  20 stop=global_stop bler_ub=2.344e-03 rx_time=113.30s rx_ms_batch=5665.2 rx_ms_frame=88.518 point_time=155.39s gpu_mem=0.09GiB peak=0.26GiB
[ISO-CHUNK] wrote: /home/rsadve1/scratch/Extended_UPAIR_Narval_b32m16_portable/_isolated_eval_chunks/main_d256_b4_r2_u1_baseline_ls_lmmse_ebnom2p0_chunk0007_m8_b20/chunk_result.csv
[ISO-CHUNK] DONE
[PIPELINE] status done=0 reason=continue chunks=8 batches=160 block_errors=0/100 next_chunk=8
2026-06-09 08:25:27.355495: E external/local_xla/xla/stream_executor/cuda/cuda_dnn.cc:9261] Unable to register cuDNN factory: Attempting to register factory for plugin cuDNN when one has already been registered
2026-06-09 08:25:27.355534: E external/local_xla/xla/stream_executor/cuda/cuda_fft.cc:607] Unable to register cuFFT factory: Attempting to register factory for plugin cuFFT when one has already been registered
2026-06-09 08:25:27.356637: E external/local_xla/xla/stream_executor/cuda/cuda_blas.cc:1515] Unable to register cuBLAS factory: Attempting to register factory for plugin cuBLAS when one has already been registered
[COMPREHENSIVE] loaded Optuna best JSON for main_d256_b4_r2 from /home/rsadve1/scratch/Extended_UPAIR_Narval_b32m16_portable/optuna/clean_b32_prb8_d256_40k_smart_trueDMRS_u34610_1dmrs_stageB_main_d256_b4_r2_best_params.json
[ISO-CHUNK] variant: main_d256_b4_r2
[ISO-CHUNK] receiver: baseline_ls_lmmse
[ISO-CHUNK] num_users: 1
[ISO-CHUNK] ebno_db: -2.0
[ISO-CHUNK] chunk_idx: 8
[ISO-CHUNK] chunk_batches: 20
[ISO-CHUNK] receiver_microbatch_size: 8
[ISO-CHUNK] chunk_seed: 2468040
[ISO-CHUNK] checkpoint: /scratch/rsadve1/Extended_UPAIR_Narval_b32m16_portable/TWC_plots_comprehensive/runs_rx16/seed7/1dmrs/main_d256_b4_r2/checkpoints/best.weights.h5
[ISO-CHUNK] TF_GPU_ALLOCATOR: cuda_malloc_async
[ISO-CHUNK] output tag: main_d256_b4_r2_u1_baseline_ls_lmmse_ebnom2p0_chunk0008_m8_b20
[EVAL] receiver microbatching enabled: batch_size_eval=64 receiver_microbatch_size=8
WARNING:tensorflow:Model's `__init__()` arguments contain non-serializable objects. Please implement a `get_config()` method in the subclassed Model for proper saving and loading. Defaulting to empty config.
WARNING:tensorflow:Model's `__init__()` arguments contain non-serializable objects. Please implement a `get_config()` method in the subclassed Model for proper saving and loading. Defaulting to empty config.
[EVAL] loaded UPAIR checkpoint: /scratch/rsadve1/Extended_UPAIR_Narval_b32m16_portable/TWC_plots_comprehensive/runs_rx16/seed7/1dmrs/main_d256_b4_r2/checkpoints/best.weights.h5
[EVAL] skipping explicit NMSE channel-estimator calls for: baseline_ls_lmmse
[EVAL] instrumentation log_latency=True log_gpu_memory=True memory_cleanup_every_batches=1 memory_cleanup_every_microbatch=True stream_eval_microbatches=True compiled_receiver_error_counts=False receiver_call_jit_compile=False per_receiver_stopping=False target_bler_floor=1e-05 floor_num_frames=0 gpu_mem=0.09GiB peak=0.26GiB
[EVAL] receiver_call name=baseline_ls_lmmse mode=positional_y_no compiled_error_counts=False
[EVAL] progress num_users=1 Eb/N0=-2 dB batches=10/20 frame_err=baseline_ls_lmmse:0/640 elapsed=77.9s avg_batch=7.792s gpu_mem=0.09GiB peak=0.26GiB
[EVAL] progress num_users=1 Eb/N0=-2 dB batches=20/20 frame_err=baseline_ls_lmmse:0/1280 elapsed=155.4s avg_batch=7.769s gpu_mem=0.09GiB peak=0.26GiB
[EVAL] receiver=       baseline_ls_lmmse Eb/N0=-2.0 dB BER=0.00000e+00 BLER=0.00000e+00 NMSE=nan bit_err=     0/3809280  blk_err=    0/1280   batches=  20 stop=global_stop bler_ub=2.344e-03 rx_time=113.00s rx_ms_batch=5650.0 rx_ms_frame=88.282 point_time=155.39s gpu_mem=0.09GiB peak=0.26GiB
[ISO-CHUNK] wrote: /home/rsadve1/scratch/Extended_UPAIR_Narval_b32m16_portable/_isolated_eval_chunks/main_d256_b4_r2_u1_baseline_ls_lmmse_ebnom2p0_chunk0008_m8_b20/chunk_result.csv
[ISO-CHUNK] DONE
[PIPELINE] status done=0 reason=continue chunks=9 batches=180 block_errors=0/100 next_chunk=9
2026-06-09 08:28:30.626799: E external/local_xla/xla/stream_executor/cuda/cuda_dnn.cc:9261] Unable to register cuDNN factory: Attempting to register factory for plugin cuDNN when one has already been registered
2026-06-09 08:28:30.626836: E external/local_xla/xla/stream_executor/cuda/cuda_fft.cc:607] Unable to register cuFFT factory: Attempting to register factory for plugin cuFFT when one has already been registered
2026-06-09 08:28:30.627931: E external/local_xla/xla/stream_executor/cuda/cuda_blas.cc:1515] Unable to register cuBLAS factory: Attempting to register factory for plugin cuBLAS when one has already been registered
[COMPREHENSIVE] loaded Optuna best JSON for main_d256_b4_r2 from /home/rsadve1/scratch/Extended_UPAIR_Narval_b32m16_portable/optuna/clean_b32_prb8_d256_40k_smart_trueDMRS_u34610_1dmrs_stageB_main_d256_b4_r2_best_params.json
[ISO-CHUNK] variant: main_d256_b4_r2
[ISO-CHUNK] receiver: baseline_ls_lmmse
[ISO-CHUNK] num_users: 1
[ISO-CHUNK] ebno_db: -2.0
[ISO-CHUNK] chunk_idx: 9
[ISO-CHUNK] chunk_batches: 20
[ISO-CHUNK] receiver_microbatch_size: 8
[ISO-CHUNK] chunk_seed: 2568043
[ISO-CHUNK] checkpoint: /scratch/rsadve1/Extended_UPAIR_Narval_b32m16_portable/TWC_plots_comprehensive/runs_rx16/seed7/1dmrs/main_d256_b4_r2/checkpoints/best.weights.h5
[ISO-CHUNK] TF_GPU_ALLOCATOR: cuda_malloc_async
[ISO-CHUNK] output tag: main_d256_b4_r2_u1_baseline_ls_lmmse_ebnom2p0_chunk0009_m8_b20
[EVAL] receiver microbatching enabled: batch_size_eval=64 receiver_microbatch_size=8
WARNING:tensorflow:Model's `__init__()` arguments contain non-serializable objects. Please implement a `get_config()` method in the subclassed Model for proper saving and loading. Defaulting to empty config.
WARNING:tensorflow:Model's `__init__()` arguments contain non-serializable objects. Please implement a `get_config()` method in the subclassed Model for proper saving and loading. Defaulting to empty config.
[EVAL] loaded UPAIR checkpoint: /scratch/rsadve1/Extended_UPAIR_Narval_b32m16_portable/TWC_plots_comprehensive/runs_rx16/seed7/1dmrs/main_d256_b4_r2/checkpoints/best.weights.h5
[EVAL] skipping explicit NMSE channel-estimator calls for: baseline_ls_lmmse
[EVAL] instrumentation log_latency=True log_gpu_memory=True memory_cleanup_every_batches=1 memory_cleanup_every_microbatch=True stream_eval_microbatches=True compiled_receiver_error_counts=False receiver_call_jit_compile=False per_receiver_stopping=False target_bler_floor=1e-05 floor_num_frames=0 gpu_mem=0.09GiB peak=0.26GiB
[EVAL] receiver_call name=baseline_ls_lmmse mode=positional_y_no compiled_error_counts=False
[EVAL] progress num_users=1 Eb/N0=-2 dB batches=10/20 frame_err=baseline_ls_lmmse:0/640 elapsed=77.4s avg_batch=7.735s gpu_mem=0.09GiB peak=0.26GiB
[EVAL] progress num_users=1 Eb/N0=-2 dB batches=20/20 frame_err=baseline_ls_lmmse:0/1280 elapsed=154.7s avg_batch=7.737s gpu_mem=0.09GiB peak=0.26GiB
[EVAL] receiver=       baseline_ls_lmmse Eb/N0=-2.0 dB BER=0.00000e+00 BLER=0.00000e+00 NMSE=nan bit_err=     0/3809280  blk_err=    0/1280   batches=  20 stop=global_stop bler_ub=2.344e-03 rx_time=112.68s rx_ms_batch=5633.9 rx_ms_frame=88.030 point_time=154.74s gpu_mem=0.09GiB peak=0.26GiB
[ISO-CHUNK] wrote: /home/rsadve1/scratch/Extended_UPAIR_Narval_b32m16_portable/_isolated_eval_chunks/main_d256_b4_r2_u1_baseline_ls_lmmse_ebnom2p0_chunk0009_m8_b20/chunk_result.csv
[ISO-CHUNK] DONE
[PIPELINE] status done=0 reason=continue chunks=10 batches=200 block_errors=0/100 next_chunk=10
2026-06-09 08:31:32.580513: E external/local_xla/xla/stream_executor/cuda/cuda_dnn.cc:9261] Unable to register cuDNN factory: Attempting to register factory for plugin cuDNN when one has already been registered
2026-06-09 08:31:32.580549: E external/local_xla/xla/stream_executor/cuda/cuda_fft.cc:607] Unable to register cuFFT factory: Attempting to register factory for plugin cuFFT when one has already been registered
2026-06-09 08:31:32.581618: E external/local_xla/xla/stream_executor/cuda/cuda_blas.cc:1515] Unable to register cuBLAS factory: Attempting to register factory for plugin cuBLAS when one has already been registered
[COMPREHENSIVE] loaded Optuna best JSON for main_d256_b4_r2 from /home/rsadve1/scratch/Extended_UPAIR_Narval_b32m16_portable/optuna/clean_b32_prb8_d256_40k_smart_trueDMRS_u34610_1dmrs_stageB_main_d256_b4_r2_best_params.json
[ISO-CHUNK] variant: main_d256_b4_r2
[ISO-CHUNK] receiver: baseline_ls_lmmse
[ISO-CHUNK] num_users: 1
[ISO-CHUNK] ebno_db: -2.0
[ISO-CHUNK] chunk_idx: 10
[ISO-CHUNK] chunk_batches: 20
[ISO-CHUNK] receiver_microbatch_size: 8
[ISO-CHUNK] chunk_seed: 2668046
[ISO-CHUNK] checkpoint: /scratch/rsadve1/Extended_UPAIR_Narval_b32m16_portable/TWC_plots_comprehensive/runs_rx16/seed7/1dmrs/main_d256_b4_r2/checkpoints/best.weights.h5
[ISO-CHUNK] TF_GPU_ALLOCATOR: cuda_malloc_async
[ISO-CHUNK] output tag: main_d256_b4_r2_u1_baseline_ls_lmmse_ebnom2p0_chunk0010_m8_b20
[EVAL] receiver microbatching enabled: batch_size_eval=64 receiver_microbatch_size=8
WARNING:tensorflow:Model's `__init__()` arguments contain non-serializable objects. Please implement a `get_config()` method in the subclassed Model for proper saving and loading. Defaulting to empty config.
WARNING:tensorflow:Model's `__init__()` arguments contain non-serializable objects. Please implement a `get_config()` method in the subclassed Model for proper saving and loading. Defaulting to empty config.
[EVAL] loaded UPAIR checkpoint: /scratch/rsadve1/Extended_UPAIR_Narval_b32m16_portable/TWC_plots_comprehensive/runs_rx16/seed7/1dmrs/main_d256_b4_r2/checkpoints/best.weights.h5
[EVAL] skipping explicit NMSE channel-estimator calls for: baseline_ls_lmmse
[EVAL] instrumentation log_latency=True log_gpu_memory=True memory_cleanup_every_batches=1 memory_cleanup_every_microbatch=True stream_eval_microbatches=True compiled_receiver_error_counts=False receiver_call_jit_compile=False per_receiver_stopping=False target_bler_floor=1e-05 floor_num_frames=0 gpu_mem=0.09GiB peak=0.26GiB
[EVAL] receiver_call name=baseline_ls_lmmse mode=positional_y_no compiled_error_counts=False
[EVAL] progress num_users=1 Eb/N0=-2 dB batches=10/20 frame_err=baseline_ls_lmmse:0/640 elapsed=77.8s avg_batch=7.780s gpu_mem=0.09GiB peak=0.26GiB
[EVAL] progress num_users=1 Eb/N0=-2 dB batches=20/20 frame_err=baseline_ls_lmmse:0/1280 elapsed=155.2s avg_batch=7.762s gpu_mem=0.09GiB peak=0.26GiB
[EVAL] receiver=       baseline_ls_lmmse Eb/N0=-2.0 dB BER=0.00000e+00 BLER=0.00000e+00 NMSE=nan bit_err=     0/3809280  blk_err=    0/1280   batches=  20 stop=global_stop bler_ub=2.344e-03 rx_time=113.23s rx_ms_batch=5661.6 rx_ms_frame=88.463 point_time=155.24s gpu_mem=0.09GiB peak=0.26GiB
[ISO-CHUNK] wrote: /home/rsadve1/scratch/Extended_UPAIR_Narval_b32m16_portable/_isolated_eval_chunks/main_d256_b4_r2_u1_baseline_ls_lmmse_ebnom2p0_chunk0010_m8_b20/chunk_result.csv
[ISO-CHUNK] DONE
[PIPELINE] status done=0 reason=continue chunks=11 batches=220 block_errors=0/100 next_chunk=11
2026-06-09 08:34:43.234286: E external/local_xla/xla/stream_executor/cuda/cuda_dnn.cc:9261] Unable to register cuDNN factory: Attempting to register factory for plugin cuDNN when one has already been registered
2026-06-09 08:34:43.234322: E external/local_xla/xla/stream_executor/cuda/cuda_fft.cc:607] Unable to register cuFFT factory: Attempting to register factory for plugin cuFFT when one has already been registered
2026-06-09 08:34:43.235363: E external/local_xla/xla/stream_executor/cuda/cuda_blas.cc:1515] Unable to register cuBLAS factory: Attempting to register factory for plugin cuBLAS when one has already been registered
[COMPREHENSIVE] loaded Optuna best JSON for main_d256_b4_r2 from /home/rsadve1/scratch/Extended_UPAIR_Narval_b32m16_portable/optuna/clean_b32_prb8_d256_40k_smart_trueDMRS_u34610_1dmrs_stageB_main_d256_b4_r2_best_params.json
[ISO-CHUNK] variant: main_d256_b4_r2
[ISO-CHUNK] receiver: baseline_ls_lmmse
[ISO-CHUNK] num_users: 1
[ISO-CHUNK] ebno_db: -2.0
[ISO-CHUNK] chunk_idx: 11
[ISO-CHUNK] chunk_batches: 20
[ISO-CHUNK] receiver_microbatch_size: 8
[ISO-CHUNK] chunk_seed: 2768049
[ISO-CHUNK] checkpoint: /scratch/rsadve1/Extended_UPAIR_Narval_b32m16_portable/TWC_plots_comprehensive/runs_rx16/seed7/1dmrs/main_d256_b4_r2/checkpoints/best.weights.h5
[ISO-CHUNK] TF_GPU_ALLOCATOR: cuda_malloc_async
[ISO-CHUNK] output tag: main_d256_b4_r2_u1_baseline_ls_lmmse_ebnom2p0_chunk0011_m8_b20
[EVAL] receiver microbatching enabled: batch_size_eval=64 receiver_microbatch_size=8
WARNING:tensorflow:Model's `__init__()` arguments contain non-serializable objects. Please implement a `get_config()` method in the subclassed Model for proper saving and loading. Defaulting to empty config.
WARNING:tensorflow:Model's `__init__()` arguments contain non-serializable objects. Please implement a `get_config()` method in the subclassed Model for proper saving and loading. Defaulting to empty config.
[EVAL] loaded UPAIR checkpoint: /scratch/rsadve1/Extended_UPAIR_Narval_b32m16_portable/TWC_plots_comprehensive/runs_rx16/seed7/1dmrs/main_d256_b4_r2/checkpoints/best.weights.h5
[EVAL] skipping explicit NMSE channel-estimator calls for: baseline_ls_lmmse
[EVAL] instrumentation log_latency=True log_gpu_memory=True memory_cleanup_every_batches=1 memory_cleanup_every_microbatch=True stream_eval_microbatches=True compiled_receiver_error_counts=False receiver_call_jit_compile=False per_receiver_stopping=False target_bler_floor=1e-05 floor_num_frames=0 gpu_mem=0.09GiB peak=0.26GiB
[EVAL] receiver_call name=baseline_ls_lmmse mode=positional_y_no compiled_error_counts=False
[EVAL] progress num_users=1 Eb/N0=-2 dB batches=10/20 frame_err=baseline_ls_lmmse:0/640 elapsed=78.8s avg_batch=7.879s gpu_mem=0.09GiB peak=0.26GiB
[EVAL] progress num_users=1 Eb/N0=-2 dB batches=20/20 frame_err=baseline_ls_lmmse:0/1280 elapsed=156.9s avg_batch=7.846s gpu_mem=0.09GiB peak=0.26GiB
[EVAL] receiver=       baseline_ls_lmmse Eb/N0=-2.0 dB BER=0.00000e+00 BLER=0.00000e+00 NMSE=nan bit_err=     0/3809280  blk_err=    0/1280   batches=  20 stop=global_stop bler_ub=2.344e-03 rx_time=114.20s rx_ms_batch=5710.1 rx_ms_frame=89.221 point_time=156.92s gpu_mem=0.09GiB peak=0.26GiB
[ISO-CHUNK] wrote: /home/rsadve1/scratch/Extended_UPAIR_Narval_b32m16_portable/_isolated_eval_chunks/main_d256_b4_r2_u1_baseline_ls_lmmse_ebnom2p0_chunk0011_m8_b20/chunk_result.csv
[ISO-CHUNK] DONE
[PIPELINE] status done=0 reason=continue chunks=12 batches=240 block_errors=0/100 next_chunk=12
2026-06-09 08:37:48.244309: E external/local_xla/xla/stream_executor/cuda/cuda_dnn.cc:9261] Unable to register cuDNN factory: Attempting to register factory for plugin cuDNN when one has already been registered
2026-06-09 08:37:48.244349: E external/local_xla/xla/stream_executor/cuda/cuda_fft.cc:607] Unable to register cuFFT factory: Attempting to register factory for plugin cuFFT when one has already been registered
2026-06-09 08:37:48.245436: E external/local_xla/xla/stream_executor/cuda/cuda_blas.cc:1515] Unable to register cuBLAS factory: Attempting to register factory for plugin cuBLAS when one has already been registered
[COMPREHENSIVE] loaded Optuna best JSON for main_d256_b4_r2 from /home/rsadve1/scratch/Extended_UPAIR_Narval_b32m16_portable/optuna/clean_b32_prb8_d256_40k_smart_trueDMRS_u34610_1dmrs_stageB_main_d256_b4_r2_best_params.json
[ISO-CHUNK] variant: main_d256_b4_r2
[ISO-CHUNK] receiver: baseline_ls_lmmse
[ISO-CHUNK] num_users: 1
[ISO-CHUNK] ebno_db: -2.0
[ISO-CHUNK] chunk_idx: 12
[ISO-CHUNK] chunk_batches: 20
[ISO-CHUNK] receiver_microbatch_size: 8
[ISO-CHUNK] chunk_seed: 2868052
[ISO-CHUNK] checkpoint: /scratch/rsadve1/Extended_UPAIR_Narval_b32m16_portable/TWC_plots_comprehensive/runs_rx16/seed7/1dmrs/main_d256_b4_r2/checkpoints/best.weights.h5
[ISO-CHUNK] TF_GPU_ALLOCATOR: cuda_malloc_async
[ISO-CHUNK] output tag: main_d256_b4_r2_u1_baseline_ls_lmmse_ebnom2p0_chunk0012_m8_b20
[EVAL] receiver microbatching enabled: batch_size_eval=64 receiver_microbatch_size=8
WARNING:tensorflow:Model's `__init__()` arguments contain non-serializable objects. Please implement a `get_config()` method in the subclassed Model for proper saving and loading. Defaulting to empty config.
WARNING:tensorflow:Model's `__init__()` arguments contain non-serializable objects. Please implement a `get_config()` method in the subclassed Model for proper saving and loading. Defaulting to empty config.
[EVAL] loaded UPAIR checkpoint: /scratch/rsadve1/Extended_UPAIR_Narval_b32m16_portable/TWC_plots_comprehensive/runs_rx16/seed7/1dmrs/main_d256_b4_r2/checkpoints/best.weights.h5
[EVAL] skipping explicit NMSE channel-estimator calls for: baseline_ls_lmmse
[EVAL] instrumentation log_latency=True log_gpu_memory=True memory_cleanup_every_batches=1 memory_cleanup_every_microbatch=True stream_eval_microbatches=True compiled_receiver_error_counts=False receiver_call_jit_compile=False per_receiver_stopping=False target_bler_floor=1e-05 floor_num_frames=0 gpu_mem=0.09GiB peak=0.26GiB
[EVAL] receiver_call name=baseline_ls_lmmse mode=positional_y_no compiled_error_counts=False
[EVAL] progress num_users=1 Eb/N0=-2 dB batches=10/20 frame_err=baseline_ls_lmmse:0/640 elapsed=78.3s avg_batch=7.829s gpu_mem=0.09GiB peak=0.26GiB
[EVAL] progress num_users=1 Eb/N0=-2 dB batches=20/20 frame_err=baseline_ls_lmmse:0/1280 elapsed=156.1s avg_batch=7.806s gpu_mem=0.09GiB peak=0.26GiB
[EVAL] receiver=       baseline_ls_lmmse Eb/N0=-2.0 dB BER=0.00000e+00 BLER=0.00000e+00 NMSE=nan bit_err=     0/3809280  blk_err=    0/1280   batches=  20 stop=global_stop bler_ub=2.344e-03 rx_time=113.56s rx_ms_batch=5678.1 rx_ms_frame=88.720 point_time=156.13s gpu_mem=0.09GiB peak=0.26GiB
[ISO-CHUNK] wrote: /home/rsadve1/scratch/Extended_UPAIR_Narval_b32m16_portable/_isolated_eval_chunks/main_d256_b4_r2_u1_baseline_ls_lmmse_ebnom2p0_chunk0012_m8_b20/chunk_result.csv
[ISO-CHUNK] DONE
[PIPELINE] status done=0 reason=continue chunks=13 batches=260 block_errors=0/100 next_chunk=13
2026-06-09 08:40:52.434186: E external/local_xla/xla/stream_executor/cuda/cuda_dnn.cc:9261] Unable to register cuDNN factory: Attempting to register factory for plugin cuDNN when one has already been registered
2026-06-09 08:40:52.434216: E external/local_xla/xla/stream_executor/cuda/cuda_fft.cc:607] Unable to register cuFFT factory: Attempting to register factory for plugin cuFFT when one has already been registered
2026-06-09 08:40:52.435238: E external/local_xla/xla/stream_executor/cuda/cuda_blas.cc:1515] Unable to register cuBLAS factory: Attempting to register factory for plugin cuBLAS when one has already been registered
[COMPREHENSIVE] loaded Optuna best JSON for main_d256_b4_r2 from /home/rsadve1/scratch/Extended_UPAIR_Narval_b32m16_portable/optuna/clean_b32_prb8_d256_40k_smart_trueDMRS_u34610_1dmrs_stageB_main_d256_b4_r2_best_params.json
[ISO-CHUNK] variant: main_d256_b4_r2
[ISO-CHUNK] receiver: baseline_ls_lmmse
[ISO-CHUNK] num_users: 1
[ISO-CHUNK] ebno_db: -2.0
[ISO-CHUNK] chunk_idx: 13
[ISO-CHUNK] chunk_batches: 20
[ISO-CHUNK] receiver_microbatch_size: 8
[ISO-CHUNK] chunk_seed: 2968055
[ISO-CHUNK] checkpoint: /scratch/rsadve1/Extended_UPAIR_Narval_b32m16_portable/TWC_plots_comprehensive/runs_rx16/seed7/1dmrs/main_d256_b4_r2/checkpoints/best.weights.h5
[ISO-CHUNK] TF_GPU_ALLOCATOR: cuda_malloc_async
[ISO-CHUNK] output tag: main_d256_b4_r2_u1_baseline_ls_lmmse_ebnom2p0_chunk0013_m8_b20
[EVAL] receiver microbatching enabled: batch_size_eval=64 receiver_microbatch_size=8
WARNING:tensorflow:Model's `__init__()` arguments contain non-serializable objects. Please implement a `get_config()` method in the subclassed Model for proper saving and loading. Defaulting to empty config.
WARNING:tensorflow:Model's `__init__()` arguments contain non-serializable objects. Please implement a `get_config()` method in the subclassed Model for proper saving and loading. Defaulting to empty config.
[EVAL] loaded UPAIR checkpoint: /scratch/rsadve1/Extended_UPAIR_Narval_b32m16_portable/TWC_plots_comprehensive/runs_rx16/seed7/1dmrs/main_d256_b4_r2/checkpoints/best.weights.h5
[EVAL] skipping explicit NMSE channel-estimator calls for: baseline_ls_lmmse
[EVAL] instrumentation log_latency=True log_gpu_memory=True memory_cleanup_every_batches=1 memory_cleanup_every_microbatch=True stream_eval_microbatches=True compiled_receiver_error_counts=False receiver_call_jit_compile=False per_receiver_stopping=False target_bler_floor=1e-05 floor_num_frames=0 gpu_mem=0.09GiB peak=0.26GiB
[EVAL] receiver_call name=baseline_ls_lmmse mode=positional_y_no compiled_error_counts=False
[EVAL] progress num_users=1 Eb/N0=-2 dB batches=10/20 frame_err=baseline_ls_lmmse:0/640 elapsed=78.8s avg_batch=7.882s gpu_mem=0.09GiB peak=0.26GiB
[EVAL] progress num_users=1 Eb/N0=-2 dB batches=20/20 frame_err=baseline_ls_lmmse:0/1280 elapsed=157.5s avg_batch=7.876s gpu_mem=0.09GiB peak=0.26GiB
[EVAL] receiver=       baseline_ls_lmmse Eb/N0=-2.0 dB BER=0.00000e+00 BLER=0.00000e+00 NMSE=nan bit_err=     0/3809280  blk_err=    0/1280   batches=  20 stop=global_stop bler_ub=2.344e-03 rx_time=114.74s rx_ms_batch=5737.0 rx_ms_frame=89.640 point_time=157.52s gpu_mem=0.09GiB peak=0.26GiB
[ISO-CHUNK] wrote: /home/rsadve1/scratch/Extended_UPAIR_Narval_b32m16_portable/_isolated_eval_chunks/main_d256_b4_r2_u1_baseline_ls_lmmse_ebnom2p0_chunk0013_m8_b20/chunk_result.csv
[ISO-CHUNK] DONE
[PIPELINE] status done=0 reason=continue chunks=14 batches=280 block_errors=0/100 next_chunk=14
2026-06-09 08:44:02.820660: E external/local_xla/xla/stream_executor/cuda/cuda_dnn.cc:9261] Unable to register cuDNN factory: Attempting to register factory for plugin cuDNN when one has already been registered
2026-06-09 08:44:02.820697: E external/local_xla/xla/stream_executor/cuda/cuda_fft.cc:607] Unable to register cuFFT factory: Attempting to register factory for plugin cuFFT when one has already been registered
2026-06-09 08:44:02.821769: E external/local_xla/xla/stream_executor/cuda/cuda_blas.cc:1515] Unable to register cuBLAS factory: Attempting to register factory for plugin cuBLAS when one has already been registered
[COMPREHENSIVE] loaded Optuna best JSON for main_d256_b4_r2 from /home/rsadve1/scratch/Extended_UPAIR_Narval_b32m16_portable/optuna/clean_b32_prb8_d256_40k_smart_trueDMRS_u34610_1dmrs_stageB_main_d256_b4_r2_best_params.json
[ISO-CHUNK] variant: main_d256_b4_r2
[ISO-CHUNK] receiver: baseline_ls_lmmse
[ISO-CHUNK] num_users: 1
[ISO-CHUNK] ebno_db: -2.0
[ISO-CHUNK] chunk_idx: 14
[ISO-CHUNK] chunk_batches: 20
[ISO-CHUNK] receiver_microbatch_size: 8
[ISO-CHUNK] chunk_seed: 3068058
[ISO-CHUNK] checkpoint: /scratch/rsadve1/Extended_UPAIR_Narval_b32m16_portable/TWC_plots_comprehensive/runs_rx16/seed7/1dmrs/main_d256_b4_r2/checkpoints/best.weights.h5
[ISO-CHUNK] TF_GPU_ALLOCATOR: cuda_malloc_async
[ISO-CHUNK] output tag: main_d256_b4_r2_u1_baseline_ls_lmmse_ebnom2p0_chunk0014_m8_b20
[EVAL] receiver microbatching enabled: batch_size_eval=64 receiver_microbatch_size=8
WARNING:tensorflow:Model's `__init__()` arguments contain non-serializable objects. Please implement a `get_config()` method in the subclassed Model for proper saving and loading. Defaulting to empty config.
WARNING:tensorflow:Model's `__init__()` arguments contain non-serializable objects. Please implement a `get_config()` method in the subclassed Model for proper saving and loading. Defaulting to empty config.
[EVAL] loaded UPAIR checkpoint: /scratch/rsadve1/Extended_UPAIR_Narval_b32m16_portable/TWC_plots_comprehensive/runs_rx16/seed7/1dmrs/main_d256_b4_r2/checkpoints/best.weights.h5
[EVAL] skipping explicit NMSE channel-estimator calls for: baseline_ls_lmmse
[EVAL] instrumentation log_latency=True log_gpu_memory=True memory_cleanup_every_batches=1 memory_cleanup_every_microbatch=True stream_eval_microbatches=True compiled_receiver_error_counts=False receiver_call_jit_compile=False per_receiver_stopping=False target_bler_floor=1e-05 floor_num_frames=0 gpu_mem=0.09GiB peak=0.26GiB
[EVAL] receiver_call name=baseline_ls_lmmse mode=positional_y_no compiled_error_counts=False
[EVAL] progress num_users=1 Eb/N0=-2 dB batches=10/20 frame_err=baseline_ls_lmmse:0/640 elapsed=77.7s avg_batch=7.765s gpu_mem=0.09GiB peak=0.26GiB
[EVAL] progress num_users=1 Eb/N0=-2 dB batches=20/20 frame_err=baseline_ls_lmmse:0/1280 elapsed=155.0s avg_batch=7.752s gpu_mem=0.09GiB peak=0.26GiB
[EVAL] receiver=       baseline_ls_lmmse Eb/N0=-2.0 dB BER=0.00000e+00 BLER=0.00000e+00 NMSE=nan bit_err=     0/3809280  blk_err=    0/1280   batches=  20 stop=global_stop bler_ub=2.344e-03 rx_time=112.95s rx_ms_batch=5647.6 rx_ms_frame=88.244 point_time=155.04s gpu_mem=0.09GiB peak=0.26GiB
[ISO-CHUNK] wrote: /home/rsadve1/scratch/Extended_UPAIR_Narval_b32m16_portable/_isolated_eval_chunks/main_d256_b4_r2_u1_baseline_ls_lmmse_ebnom2p0_chunk0014_m8_b20/chunk_result.csv
[ISO-CHUNK] DONE
[PIPELINE] status done=0 reason=continue chunks=15 batches=300 block_errors=0/100 next_chunk=15
2026-06-09 08:47:04.950651: E external/local_xla/xla/stream_executor/cuda/cuda_dnn.cc:9261] Unable to register cuDNN factory: Attempting to register factory for plugin cuDNN when one has already been registered
2026-06-09 08:47:04.950694: E external/local_xla/xla/stream_executor/cuda/cuda_fft.cc:607] Unable to register cuFFT factory: Attempting to register factory for plugin cuFFT when one has already been registered
2026-06-09 08:47:04.951747: E external/local_xla/xla/stream_executor/cuda/cuda_blas.cc:1515] Unable to register cuBLAS factory: Attempting to register factory for plugin cuBLAS when one has already been registered
[COMPREHENSIVE] loaded Optuna best JSON for main_d256_b4_r2 from /home/rsadve1/scratch/Extended_UPAIR_Narval_b32m16_portable/optuna/clean_b32_prb8_d256_40k_smart_trueDMRS_u34610_1dmrs_stageB_main_d256_b4_r2_best_params.json
[ISO-CHUNK] variant: main_d256_b4_r2
[ISO-CHUNK] receiver: baseline_ls_lmmse
[ISO-CHUNK] num_users: 1
[ISO-CHUNK] ebno_db: -2.0
[ISO-CHUNK] chunk_idx: 15
[ISO-CHUNK] chunk_batches: 20
[ISO-CHUNK] receiver_microbatch_size: 8
[ISO-CHUNK] chunk_seed: 3168061
[ISO-CHUNK] checkpoint: /scratch/rsadve1/Extended_UPAIR_Narval_b32m16_portable/TWC_plots_comprehensive/runs_rx16/seed7/1dmrs/main_d256_b4_r2/checkpoints/best.weights.h5
[ISO-CHUNK] TF_GPU_ALLOCATOR: cuda_malloc_async
[ISO-CHUNK] output tag: main_d256_b4_r2_u1_baseline_ls_lmmse_ebnom2p0_chunk0015_m8_b20
[EVAL] receiver microbatching enabled: batch_size_eval=64 receiver_microbatch_size=8
WARNING:tensorflow:Model's `__init__()` arguments contain non-serializable objects. Please implement a `get_config()` method in the subclassed Model for proper saving and loading. Defaulting to empty config.
WARNING:tensorflow:Model's `__init__()` arguments contain non-serializable objects. Please implement a `get_config()` method in the subclassed Model for proper saving and loading. Defaulting to empty config.
[EVAL] loaded UPAIR checkpoint: /scratch/rsadve1/Extended_UPAIR_Narval_b32m16_portable/TWC_plots_comprehensive/runs_rx16/seed7/1dmrs/main_d256_b4_r2/checkpoints/best.weights.h5
[EVAL] skipping explicit NMSE channel-estimator calls for: baseline_ls_lmmse
[EVAL] instrumentation log_latency=True log_gpu_memory=True memory_cleanup_every_batches=1 memory_cleanup_every_microbatch=True stream_eval_microbatches=True compiled_receiver_error_counts=False receiver_call_jit_compile=False per_receiver_stopping=False target_bler_floor=1e-05 floor_num_frames=0 gpu_mem=0.09GiB peak=0.26GiB
[EVAL] receiver_call name=baseline_ls_lmmse mode=positional_y_no compiled_error_counts=False
[EVAL] progress num_users=1 Eb/N0=-2 dB batches=10/20 frame_err=baseline_ls_lmmse:0/640 elapsed=78.0s avg_batch=7.801s gpu_mem=0.09GiB peak=0.26GiB
[EVAL] progress num_users=1 Eb/N0=-2 dB batches=20/20 frame_err=baseline_ls_lmmse:0/1280 elapsed=155.4s avg_batch=7.768s gpu_mem=0.09GiB peak=0.26GiB
[EVAL] receiver=       baseline_ls_lmmse Eb/N0=-2.0 dB BER=0.00000e+00 BLER=0.00000e+00 NMSE=nan bit_err=     0/3809280  blk_err=    0/1280   batches=  20 stop=global_stop bler_ub=2.344e-03 rx_time=112.97s rx_ms_batch=5648.5 rx_ms_frame=88.258 point_time=155.36s gpu_mem=0.09GiB peak=0.26GiB
[ISO-CHUNK] wrote: /home/rsadve1/scratch/Extended_UPAIR_Narval_b32m16_portable/_isolated_eval_chunks/main_d256_b4_r2_u1_baseline_ls_lmmse_ebnom2p0_chunk0015_m8_b20/chunk_result.csv
[ISO-CHUNK] DONE
[PIPELINE] status done=0 reason=continue chunks=16 batches=320 block_errors=0/100 next_chunk=16
2026-06-09 08:50:11.568654: E external/local_xla/xla/stream_executor/cuda/cuda_dnn.cc:9261] Unable to register cuDNN factory: Attempting to register factory for plugin cuDNN when one has already been registered
2026-06-09 08:50:11.568687: E external/local_xla/xla/stream_executor/cuda/cuda_fft.cc:607] Unable to register cuFFT factory: Attempting to register factory for plugin cuFFT when one has already been registered
2026-06-09 08:50:11.569719: E external/local_xla/xla/stream_executor/cuda/cuda_blas.cc:1515] Unable to register cuBLAS factory: Attempting to register factory for plugin cuBLAS when one has already been registered
[COMPREHENSIVE] loaded Optuna best JSON for main_d256_b4_r2 from /home/rsadve1/scratch/Extended_UPAIR_Narval_b32m16_portable/optuna/clean_b32_prb8_d256_40k_smart_trueDMRS_u34610_1dmrs_stageB_main_d256_b4_r2_best_params.json
[ISO-CHUNK] variant: main_d256_b4_r2
[ISO-CHUNK] receiver: baseline_ls_lmmse
[ISO-CHUNK] num_users: 1
[ISO-CHUNK] ebno_db: -2.0
[ISO-CHUNK] chunk_idx: 16
[ISO-CHUNK] chunk_batches: 20
[ISO-CHUNK] receiver_microbatch_size: 8
[ISO-CHUNK] chunk_seed: 3268064
[ISO-CHUNK] checkpoint: /scratch/rsadve1/Extended_UPAIR_Narval_b32m16_portable/TWC_plots_comprehensive/runs_rx16/seed7/1dmrs/main_d256_b4_r2/checkpoints/best.weights.h5
[ISO-CHUNK] TF_GPU_ALLOCATOR: cuda_malloc_async
[ISO-CHUNK] output tag: main_d256_b4_r2_u1_baseline_ls_lmmse_ebnom2p0_chunk0016_m8_b20
[EVAL] receiver microbatching enabled: batch_size_eval=64 receiver_microbatch_size=8
WARNING:tensorflow:Model's `__init__()` arguments contain non-serializable objects. Please implement a `get_config()` method in the subclassed Model for proper saving and loading. Defaulting to empty config.
WARNING:tensorflow:Model's `__init__()` arguments contain non-serializable objects. Please implement a `get_config()` method in the subclassed Model for proper saving and loading. Defaulting to empty config.
[EVAL] loaded UPAIR checkpoint: /scratch/rsadve1/Extended_UPAIR_Narval_b32m16_portable/TWC_plots_comprehensive/runs_rx16/seed7/1dmrs/main_d256_b4_r2/checkpoints/best.weights.h5
[EVAL] skipping explicit NMSE channel-estimator calls for: baseline_ls_lmmse
[EVAL] instrumentation log_latency=True log_gpu_memory=True memory_cleanup_every_batches=1 memory_cleanup_every_microbatch=True stream_eval_microbatches=True compiled_receiver_error_counts=False receiver_call_jit_compile=False per_receiver_stopping=False target_bler_floor=1e-05 floor_num_frames=0 gpu_mem=0.09GiB peak=0.26GiB
[EVAL] receiver_call name=baseline_ls_lmmse mode=positional_y_no compiled_error_counts=False
[EVAL] progress num_users=1 Eb/N0=-2 dB batches=10/20 frame_err=baseline_ls_lmmse:0/640 elapsed=77.4s avg_batch=7.744s gpu_mem=0.09GiB peak=0.26GiB
[EVAL] progress num_users=1 Eb/N0=-2 dB batches=20/20 frame_err=baseline_ls_lmmse:0/1280 elapsed=154.9s avg_batch=7.746s gpu_mem=0.09GiB peak=0.26GiB
[EVAL] receiver=       baseline_ls_lmmse Eb/N0=-2.0 dB BER=0.00000e+00 BLER=0.00000e+00 NMSE=nan bit_err=     0/3809280  blk_err=    0/1280   batches=  20 stop=global_stop bler_ub=2.344e-03 rx_time=113.28s rx_ms_batch=5664.2 rx_ms_frame=88.503 point_time=154.92s gpu_mem=0.09GiB peak=0.26GiB
[ISO-CHUNK] wrote: /home/rsadve1/scratch/Extended_UPAIR_Narval_b32m16_portable/_isolated_eval_chunks/main_d256_b4_r2_u1_baseline_ls_lmmse_ebnom2p0_chunk0016_m8_b20/chunk_result.csv
[ISO-CHUNK] DONE
[PIPELINE] status done=0 reason=continue chunks=17 batches=340 block_errors=0/100 next_chunk=17
2026-06-09 08:53:17.017131: E external/local_xla/xla/stream_executor/cuda/cuda_dnn.cc:9261] Unable to register cuDNN factory: Attempting to register factory for plugin cuDNN when one has already been registered
2026-06-09 08:53:17.017162: E external/local_xla/xla/stream_executor/cuda/cuda_fft.cc:607] Unable to register cuFFT factory: Attempting to register factory for plugin cuFFT when one has already been registered
2026-06-09 08:53:17.018192: E external/local_xla/xla/stream_executor/cuda/cuda_blas.cc:1515] Unable to register cuBLAS factory: Attempting to register factory for plugin cuBLAS when one has already been registered
[COMPREHENSIVE] loaded Optuna best JSON for main_d256_b4_r2 from /home/rsadve1/scratch/Extended_UPAIR_Narval_b32m16_portable/optuna/clean_b32_prb8_d256_40k_smart_trueDMRS_u34610_1dmrs_stageB_main_d256_b4_r2_best_params.json
[ISO-CHUNK] variant: main_d256_b4_r2
[ISO-CHUNK] receiver: baseline_ls_lmmse
[ISO-CHUNK] num_users: 1
[ISO-CHUNK] ebno_db: -2.0
[ISO-CHUNK] chunk_idx: 17
[ISO-CHUNK] chunk_batches: 20
[ISO-CHUNK] receiver_microbatch_size: 8
[ISO-CHUNK] chunk_seed: 3368067
[ISO-CHUNK] checkpoint: /scratch/rsadve1/Extended_UPAIR_Narval_b32m16_portable/TWC_plots_comprehensive/runs_rx16/seed7/1dmrs/main_d256_b4_r2/checkpoints/best.weights.h5
[ISO-CHUNK] TF_GPU_ALLOCATOR: cuda_malloc_async
[ISO-CHUNK] output tag: main_d256_b4_r2_u1_baseline_ls_lmmse_ebnom2p0_chunk0017_m8_b20
[EVAL] receiver microbatching enabled: batch_size_eval=64 receiver_microbatch_size=8
WARNING:tensorflow:Model's `__init__()` arguments contain non-serializable objects. Please implement a `get_config()` method in the subclassed Model for proper saving and loading. Defaulting to empty config.
WARNING:tensorflow:Model's `__init__()` arguments contain non-serializable objects. Please implement a `get_config()` method in the subclassed Model for proper saving and loading. Defaulting to empty config.
[EVAL] loaded UPAIR checkpoint: /scratch/rsadve1/Extended_UPAIR_Narval_b32m16_portable/TWC_plots_comprehensive/runs_rx16/seed7/1dmrs/main_d256_b4_r2/checkpoints/best.weights.h5
[EVAL] skipping explicit NMSE channel-estimator calls for: baseline_ls_lmmse
[EVAL] instrumentation log_latency=True log_gpu_memory=True memory_cleanup_every_batches=1 memory_cleanup_every_microbatch=True stream_eval_microbatches=True compiled_receiver_error_counts=False receiver_call_jit_compile=False per_receiver_stopping=False target_bler_floor=1e-05 floor_num_frames=0 gpu_mem=0.09GiB peak=0.26GiB
[EVAL] receiver_call name=baseline_ls_lmmse mode=positional_y_no compiled_error_counts=False
[EVAL] progress num_users=1 Eb/N0=-2 dB batches=10/20 frame_err=baseline_ls_lmmse:0/640 elapsed=77.3s avg_batch=7.728s gpu_mem=0.09GiB peak=0.26GiB
[EVAL] progress num_users=1 Eb/N0=-2 dB batches=20/20 frame_err=baseline_ls_lmmse:0/1280 elapsed=153.8s avg_batch=7.691s gpu_mem=0.09GiB peak=0.26GiB
[EVAL] receiver=       baseline_ls_lmmse Eb/N0=-2.0 dB BER=0.00000e+00 BLER=0.00000e+00 NMSE=nan bit_err=     0/3809280  blk_err=    0/1280   batches=  20 stop=global_stop bler_ub=2.344e-03 rx_time=112.05s rx_ms_batch=5602.3 rx_ms_frame=87.536 point_time=153.81s gpu_mem=0.09GiB peak=0.26GiB
[ISO-CHUNK] wrote: /home/rsadve1/scratch/Extended_UPAIR_Narval_b32m16_portable/_isolated_eval_chunks/main_d256_b4_r2_u1_baseline_ls_lmmse_ebnom2p0_chunk0017_m8_b20/chunk_result.csv
[ISO-CHUNK] DONE
[PIPELINE] status done=0 reason=continue chunks=18 batches=360 block_errors=0/100 next_chunk=18
2026-06-09 08:56:20.959783: E external/local_xla/xla/stream_executor/cuda/cuda_dnn.cc:9261] Unable to register cuDNN factory: Attempting to register factory for plugin cuDNN when one has already been registered
2026-06-09 08:56:20.959815: E external/local_xla/xla/stream_executor/cuda/cuda_fft.cc:607] Unable to register cuFFT factory: Attempting to register factory for plugin cuFFT when one has already been registered
2026-06-09 08:56:20.960870: E external/local_xla/xla/stream_executor/cuda/cuda_blas.cc:1515] Unable to register cuBLAS factory: Attempting to register factory for plugin cuBLAS when one has already been registered
[COMPREHENSIVE] loaded Optuna best JSON for main_d256_b4_r2 from /home/rsadve1/scratch/Extended_UPAIR_Narval_b32m16_portable/optuna/clean_b32_prb8_d256_40k_smart_trueDMRS_u34610_1dmrs_stageB_main_d256_b4_r2_best_params.json
[ISO-CHUNK] variant: main_d256_b4_r2
[ISO-CHUNK] receiver: baseline_ls_lmmse
[ISO-CHUNK] num_users: 1
[ISO-CHUNK] ebno_db: -2.0
[ISO-CHUNK] chunk_idx: 18
[ISO-CHUNK] chunk_batches: 20
[ISO-CHUNK] receiver_microbatch_size: 8
[ISO-CHUNK] chunk_seed: 3468070
[ISO-CHUNK] checkpoint: /scratch/rsadve1/Extended_UPAIR_Narval_b32m16_portable/TWC_plots_comprehensive/runs_rx16/seed7/1dmrs/main_d256_b4_r2/checkpoints/best.weights.h5
[ISO-CHUNK] TF_GPU_ALLOCATOR: cuda_malloc_async
[ISO-CHUNK] output tag: main_d256_b4_r2_u1_baseline_ls_lmmse_ebnom2p0_chunk0018_m8_b20
[EVAL] receiver microbatching enabled: batch_size_eval=64 receiver_microbatch_size=8
WARNING:tensorflow:Model's `__init__()` arguments contain non-serializable objects. Please implement a `get_config()` method in the subclassed Model for proper saving and loading. Defaulting to empty config.
WARNING:tensorflow:Model's `__init__()` arguments contain non-serializable objects. Please implement a `get_config()` method in the subclassed Model for proper saving and loading. Defaulting to empty config.
[EVAL] loaded UPAIR checkpoint: /scratch/rsadve1/Extended_UPAIR_Narval_b32m16_portable/TWC_plots_comprehensive/runs_rx16/seed7/1dmrs/main_d256_b4_r2/checkpoints/best.weights.h5
[EVAL] skipping explicit NMSE channel-estimator calls for: baseline_ls_lmmse
[EVAL] instrumentation log_latency=True log_gpu_memory=True memory_cleanup_every_batches=1 memory_cleanup_every_microbatch=True stream_eval_microbatches=True compiled_receiver_error_counts=False receiver_call_jit_compile=False per_receiver_stopping=False target_bler_floor=1e-05 floor_num_frames=0 gpu_mem=0.09GiB peak=0.26GiB
[EVAL] receiver_call name=baseline_ls_lmmse mode=positional_y_no compiled_error_counts=False
[EVAL] progress num_users=1 Eb/N0=-2 dB batches=10/20 frame_err=baseline_ls_lmmse:0/640 elapsed=77.0s avg_batch=7.697s gpu_mem=0.09GiB peak=0.26GiB
[EVAL] progress num_users=1 Eb/N0=-2 dB batches=20/20 frame_err=baseline_ls_lmmse:0/1280 elapsed=154.2s avg_batch=7.711s gpu_mem=0.09GiB peak=0.26GiB
[EVAL] receiver=       baseline_ls_lmmse Eb/N0=-2.0 dB BER=0.00000e+00 BLER=0.00000e+00 NMSE=nan bit_err=     0/3809280  blk_err=    0/1280   batches=  20 stop=global_stop bler_ub=2.344e-03 rx_time=112.16s rx_ms_batch=5608.0 rx_ms_frame=87.624 point_time=154.22s gpu_mem=0.09GiB peak=0.26GiB
[ISO-CHUNK] wrote: /home/rsadve1/scratch/Extended_UPAIR_Narval_b32m16_portable/_isolated_eval_chunks/main_d256_b4_r2_u1_baseline_ls_lmmse_ebnom2p0_chunk0018_m8_b20/chunk_result.csv
[ISO-CHUNK] DONE
[PIPELINE] status done=0 reason=continue chunks=19 batches=380 block_errors=0/100 next_chunk=19
2026-06-09 08:59:20.047988: E external/local_xla/xla/stream_executor/cuda/cuda_dnn.cc:9261] Unable to register cuDNN factory: Attempting to register factory for plugin cuDNN when one has already been registered
2026-06-09 08:59:20.048029: E external/local_xla/xla/stream_executor/cuda/cuda_fft.cc:607] Unable to register cuFFT factory: Attempting to register factory for plugin cuFFT when one has already been registered
2026-06-09 08:59:20.049077: E external/local_xla/xla/stream_executor/cuda/cuda_blas.cc:1515] Unable to register cuBLAS factory: Attempting to register factory for plugin cuBLAS when one has already been registered
[COMPREHENSIVE] loaded Optuna best JSON for main_d256_b4_r2 from /home/rsadve1/scratch/Extended_UPAIR_Narval_b32m16_portable/optuna/clean_b32_prb8_d256_40k_smart_trueDMRS_u34610_1dmrs_stageB_main_d256_b4_r2_best_params.json
[ISO-CHUNK] variant: main_d256_b4_r2
[ISO-CHUNK] receiver: baseline_ls_lmmse
[ISO-CHUNK] num_users: 1
[ISO-CHUNK] ebno_db: -2.0
[ISO-CHUNK] chunk_idx: 19
[ISO-CHUNK] chunk_batches: 20
[ISO-CHUNK] receiver_microbatch_size: 8
[ISO-CHUNK] chunk_seed: 3568073
[ISO-CHUNK] checkpoint: /scratch/rsadve1/Extended_UPAIR_Narval_b32m16_portable/TWC_plots_comprehensive/runs_rx16/seed7/1dmrs/main_d256_b4_r2/checkpoints/best.weights.h5
[ISO-CHUNK] TF_GPU_ALLOCATOR: cuda_malloc_async
[ISO-CHUNK] output tag: main_d256_b4_r2_u1_baseline_ls_lmmse_ebnom2p0_chunk0019_m8_b20
[EVAL] receiver microbatching enabled: batch_size_eval=64 receiver_microbatch_size=8
WARNING:tensorflow:Model's `__init__()` arguments contain non-serializable objects. Please implement a `get_config()` method in the subclassed Model for proper saving and loading. Defaulting to empty config.
WARNING:tensorflow:Model's `__init__()` arguments contain non-serializable objects. Please implement a `get_config()` method in the subclassed Model for proper saving and loading. Defaulting to empty config.
[EVAL] loaded UPAIR checkpoint: /scratch/rsadve1/Extended_UPAIR_Narval_b32m16_portable/TWC_plots_comprehensive/runs_rx16/seed7/1dmrs/main_d256_b4_r2/checkpoints/best.weights.h5
[EVAL] skipping explicit NMSE channel-estimator calls for: baseline_ls_lmmse
[EVAL] instrumentation log_latency=True log_gpu_memory=True memory_cleanup_every_batches=1 memory_cleanup_every_microbatch=True stream_eval_microbatches=True compiled_receiver_error_counts=False receiver_call_jit_compile=False per_receiver_stopping=False target_bler_floor=1e-05 floor_num_frames=0 gpu_mem=0.09GiB peak=0.26GiB
[EVAL] receiver_call name=baseline_ls_lmmse mode=positional_y_no compiled_error_counts=False
[EVAL] progress num_users=1 Eb/N0=-2 dB batches=10/20 frame_err=baseline_ls_lmmse:0/640 elapsed=80.8s avg_batch=8.077s gpu_mem=0.09GiB peak=0.26GiB
[EVAL] progress num_users=1 Eb/N0=-2 dB batches=20/20 frame_err=baseline_ls_lmmse:0/1280 elapsed=161.8s avg_batch=8.092s gpu_mem=0.09GiB peak=0.26GiB
[EVAL] receiver=       baseline_ls_lmmse Eb/N0=-2.0 dB BER=0.00000e+00 BLER=0.00000e+00 NMSE=nan bit_err=     0/3809280  blk_err=    0/1280   batches=  20 stop=global_stop bler_ub=2.344e-03 rx_time=116.70s rx_ms_batch=5835.0 rx_ms_frame=91.172 point_time=161.85s gpu_mem=0.09GiB peak=0.26GiB
[ISO-CHUNK] wrote: /home/rsadve1/scratch/Extended_UPAIR_Narval_b32m16_portable/_isolated_eval_chunks/main_d256_b4_r2_u1_baseline_ls_lmmse_ebnom2p0_chunk0019_m8_b20/chunk_result.csv
[ISO-CHUNK] DONE
[PIPELINE] status done=0 reason=continue chunks=20 batches=400 block_errors=0/100 next_chunk=20
2026-06-09 09:02:33.676007: E external/local_xla/xla/stream_executor/cuda/cuda_dnn.cc:9261] Unable to register cuDNN factory: Attempting to register factory for plugin cuDNN when one has already been registered
2026-06-09 09:02:33.676043: E external/local_xla/xla/stream_executor/cuda/cuda_fft.cc:607] Unable to register cuFFT factory: Attempting to register factory for plugin cuFFT when one has already been registered
2026-06-09 09:02:33.677090: E external/local_xla/xla/stream_executor/cuda/cuda_blas.cc:1515] Unable to register cuBLAS factory: Attempting to register factory for plugin cuBLAS when one has already been registered
[COMPREHENSIVE] loaded Optuna best JSON for main_d256_b4_r2 from /home/rsadve1/scratch/Extended_UPAIR_Narval_b32m16_portable/optuna/clean_b32_prb8_d256_40k_smart_trueDMRS_u34610_1dmrs_stageB_main_d256_b4_r2_best_params.json
[ISO-CHUNK] variant: main_d256_b4_r2
[ISO-CHUNK] receiver: baseline_ls_lmmse
[ISO-CHUNK] num_users: 1
[ISO-CHUNK] ebno_db: -2.0
[ISO-CHUNK] chunk_idx: 20
[ISO-CHUNK] chunk_batches: 20
[ISO-CHUNK] receiver_microbatch_size: 8
[ISO-CHUNK] chunk_seed: 3668076
[ISO-CHUNK] checkpoint: /scratch/rsadve1/Extended_UPAIR_Narval_b32m16_portable/TWC_plots_comprehensive/runs_rx16/seed7/1dmrs/main_d256_b4_r2/checkpoints/best.weights.h5
[ISO-CHUNK] TF_GPU_ALLOCATOR: cuda_malloc_async
[ISO-CHUNK] output tag: main_d256_b4_r2_u1_baseline_ls_lmmse_ebnom2p0_chunk0020_m8_b20
[EVAL] receiver microbatching enabled: batch_size_eval=64 receiver_microbatch_size=8
WARNING:tensorflow:Model's `__init__()` arguments contain non-serializable objects. Please implement a `get_config()` method in the subclassed Model for proper saving and loading. Defaulting to empty config.
WARNING:tensorflow:Model's `__init__()` arguments contain non-serializable objects. Please implement a `get_config()` method in the subclassed Model for proper saving and loading. Defaulting to empty config.
[EVAL] loaded UPAIR checkpoint: /scratch/rsadve1/Extended_UPAIR_Narval_b32m16_portable/TWC_plots_comprehensive/runs_rx16/seed7/1dmrs/main_d256_b4_r2/checkpoints/best.weights.h5
[EVAL] skipping explicit NMSE channel-estimator calls for: baseline_ls_lmmse
[EVAL] instrumentation log_latency=True log_gpu_memory=True memory_cleanup_every_batches=1 memory_cleanup_every_microbatch=True stream_eval_microbatches=True compiled_receiver_error_counts=False receiver_call_jit_compile=False per_receiver_stopping=False target_bler_floor=1e-05 floor_num_frames=0 gpu_mem=0.09GiB peak=0.26GiB
[EVAL] receiver_call name=baseline_ls_lmmse mode=positional_y_no compiled_error_counts=False
[EVAL] progress num_users=1 Eb/N0=-2 dB batches=10/20 frame_err=baseline_ls_lmmse:1/640 elapsed=82.1s avg_batch=8.205s gpu_mem=0.09GiB peak=0.26GiB
[EVAL] progress num_users=1 Eb/N0=-2 dB batches=20/20 frame_err=baseline_ls_lmmse:1/1280 elapsed=164.2s avg_batch=8.210s gpu_mem=0.09GiB peak=0.26GiB
[EVAL] receiver=       baseline_ls_lmmse Eb/N0=-2.0 dB BER=7.87550e-07 BLER=7.81250e-04 NMSE=nan bit_err=     3/3809280  blk_err=    1/1280   batches=  20 stop=global_stop rx_time=117.79s rx_ms_batch=5889.4 rx_ms_frame=92.022 point_time=164.20s gpu_mem=0.09GiB peak=0.26GiB
[ISO-CHUNK] wrote: /home/rsadve1/scratch/Extended_UPAIR_Narval_b32m16_portable/_isolated_eval_chunks/main_d256_b4_r2_u1_baseline_ls_lmmse_ebnom2p0_chunk0020_m8_b20/chunk_result.csv
[ISO-CHUNK] DONE
[PIPELINE] status done=0 reason=continue chunks=21 batches=420 block_errors=1/100 next_chunk=21
2026-06-09 09:05:51.877446: E external/local_xla/xla/stream_executor/cuda/cuda_dnn.cc:9261] Unable to register cuDNN factory: Attempting to register factory for plugin cuDNN when one has already been registered
2026-06-09 09:05:51.877479: E external/local_xla/xla/stream_executor/cuda/cuda_fft.cc:607] Unable to register cuFFT factory: Attempting to register factory for plugin cuFFT when one has already been registered
2026-06-09 09:05:51.878534: E external/local_xla/xla/stream_executor/cuda/cuda_blas.cc:1515] Unable to register cuBLAS factory: Attempting to register factory for plugin cuBLAS when one has already been registered
[COMPREHENSIVE] loaded Optuna best JSON for main_d256_b4_r2 from /home/rsadve1/scratch/Extended_UPAIR_Narval_b32m16_portable/optuna/clean_b32_prb8_d256_40k_smart_trueDMRS_u34610_1dmrs_stageB_main_d256_b4_r2_best_params.json
[ISO-CHUNK] variant: main_d256_b4_r2
[ISO-CHUNK] receiver: baseline_ls_lmmse
[ISO-CHUNK] num_users: 1
[ISO-CHUNK] ebno_db: -2.0
[ISO-CHUNK] chunk_idx: 21
[ISO-CHUNK] chunk_batches: 20
[ISO-CHUNK] receiver_microbatch_size: 8
[ISO-CHUNK] chunk_seed: 3768079
[ISO-CHUNK] checkpoint: /scratch/rsadve1/Extended_UPAIR_Narval_b32m16_portable/TWC_plots_comprehensive/runs_rx16/seed7/1dmrs/main_d256_b4_r2/checkpoints/best.weights.h5
[ISO-CHUNK] TF_GPU_ALLOCATOR: cuda_malloc_async
[ISO-CHUNK] output tag: main_d256_b4_r2_u1_baseline_ls_lmmse_ebnom2p0_chunk0021_m8_b20
[EVAL] receiver microbatching enabled: batch_size_eval=64 receiver_microbatch_size=8
WARNING:tensorflow:Model's `__init__()` arguments contain non-serializable objects. Please implement a `get_config()` method in the subclassed Model for proper saving and loading. Defaulting to empty config.
WARNING:tensorflow:Model's `__init__()` arguments contain non-serializable objects. Please implement a `get_config()` method in the subclassed Model for proper saving and loading. Defaulting to empty config.
[EVAL] loaded UPAIR checkpoint: /scratch/rsadve1/Extended_UPAIR_Narval_b32m16_portable/TWC_plots_comprehensive/runs_rx16/seed7/1dmrs/main_d256_b4_r2/checkpoints/best.weights.h5
[EVAL] skipping explicit NMSE channel-estimator calls for: baseline_ls_lmmse
[EVAL] instrumentation log_latency=True log_gpu_memory=True memory_cleanup_every_batches=1 memory_cleanup_every_microbatch=True stream_eval_microbatches=True compiled_receiver_error_counts=False receiver_call_jit_compile=False per_receiver_stopping=False target_bler_floor=1e-05 floor_num_frames=0 gpu_mem=0.09GiB peak=0.26GiB
[EVAL] receiver_call name=baseline_ls_lmmse mode=positional_y_no compiled_error_counts=False
[EVAL] progress num_users=1 Eb/N0=-2 dB batches=10/20 frame_err=baseline_ls_lmmse:0/640 elapsed=82.3s avg_batch=8.234s gpu_mem=0.09GiB peak=0.26GiB
[EVAL] progress num_users=1 Eb/N0=-2 dB batches=20/20 frame_err=baseline_ls_lmmse:0/1280 elapsed=164.2s avg_batch=8.210s gpu_mem=0.09GiB peak=0.26GiB
[EVAL] receiver=       baseline_ls_lmmse Eb/N0=-2.0 dB BER=0.00000e+00 BLER=0.00000e+00 NMSE=nan bit_err=     0/3809280  blk_err=    0/1280   batches=  20 stop=global_stop bler_ub=2.344e-03 rx_time=117.68s rx_ms_batch=5883.9 rx_ms_frame=91.935 point_time=164.20s gpu_mem=0.09GiB peak=0.26GiB
[ISO-CHUNK] wrote: /home/rsadve1/scratch/Extended_UPAIR_Narval_b32m16_portable/_isolated_eval_chunks/main_d256_b4_r2_u1_baseline_ls_lmmse_ebnom2p0_chunk0021_m8_b20/chunk_result.csv
[ISO-CHUNK] DONE
[PIPELINE] status done=0 reason=continue chunks=22 batches=440 block_errors=1/100 next_chunk=22
2026-06-09 09:09:15.271143: E external/local_xla/xla/stream_executor/cuda/cuda_dnn.cc:9261] Unable to register cuDNN factory: Attempting to register factory for plugin cuDNN when one has already been registered
2026-06-09 09:09:15.271184: E external/local_xla/xla/stream_executor/cuda/cuda_fft.cc:607] Unable to register cuFFT factory: Attempting to register factory for plugin cuFFT when one has already been registered
2026-06-09 09:09:15.272224: E external/local_xla/xla/stream_executor/cuda/cuda_blas.cc:1515] Unable to register cuBLAS factory: Attempting to register factory for plugin cuBLAS when one has already been registered
[COMPREHENSIVE] loaded Optuna best JSON for main_d256_b4_r2 from /home/rsadve1/scratch/Extended_UPAIR_Narval_b32m16_portable/optuna/clean_b32_prb8_d256_40k_smart_trueDMRS_u34610_1dmrs_stageB_main_d256_b4_r2_best_params.json
[ISO-CHUNK] variant: main_d256_b4_r2
[ISO-CHUNK] receiver: baseline_ls_lmmse
[ISO-CHUNK] num_users: 1
[ISO-CHUNK] ebno_db: -2.0
[ISO-CHUNK] chunk_idx: 22
[ISO-CHUNK] chunk_batches: 20
[ISO-CHUNK] receiver_microbatch_size: 8
[ISO-CHUNK] chunk_seed: 3868082
[ISO-CHUNK] checkpoint: /scratch/rsadve1/Extended_UPAIR_Narval_b32m16_portable/TWC_plots_comprehensive/runs_rx16/seed7/1dmrs/main_d256_b4_r2/checkpoints/best.weights.h5
[ISO-CHUNK] TF_GPU_ALLOCATOR: cuda_malloc_async
[ISO-CHUNK] output tag: main_d256_b4_r2_u1_baseline_ls_lmmse_ebnom2p0_chunk0022_m8_b20
[EVAL] receiver microbatching enabled: batch_size_eval=64 receiver_microbatch_size=8
WARNING:tensorflow:Model's `__init__()` arguments contain non-serializable objects. Please implement a `get_config()` method in the subclassed Model for proper saving and loading. Defaulting to empty config.
WARNING:tensorflow:Model's `__init__()` arguments contain non-serializable objects. Please implement a `get_config()` method in the subclassed Model for proper saving and loading. Defaulting to empty config.
[EVAL] loaded UPAIR checkpoint: /scratch/rsadve1/Extended_UPAIR_Narval_b32m16_portable/TWC_plots_comprehensive/runs_rx16/seed7/1dmrs/main_d256_b4_r2/checkpoints/best.weights.h5
[EVAL] skipping explicit NMSE channel-estimator calls for: baseline_ls_lmmse
[EVAL] instrumentation log_latency=True log_gpu_memory=True memory_cleanup_every_batches=1 memory_cleanup_every_microbatch=True stream_eval_microbatches=True compiled_receiver_error_counts=False receiver_call_jit_compile=False per_receiver_stopping=False target_bler_floor=1e-05 floor_num_frames=0 gpu_mem=0.09GiB peak=0.26GiB
[EVAL] receiver_call name=baseline_ls_lmmse mode=positional_y_no compiled_error_counts=False
[EVAL] progress num_users=1 Eb/N0=-2 dB batches=10/20 frame_err=baseline_ls_lmmse:0/640 elapsed=82.3s avg_batch=8.226s gpu_mem=0.09GiB peak=0.26GiB
[EVAL] progress num_users=1 Eb/N0=-2 dB batches=20/20 frame_err=baseline_ls_lmmse:0/1280 elapsed=164.5s avg_batch=8.224s gpu_mem=0.09GiB peak=0.26GiB
[EVAL] receiver=       baseline_ls_lmmse Eb/N0=-2.0 dB BER=0.00000e+00 BLER=0.00000e+00 NMSE=nan bit_err=     0/3809280  blk_err=    0/1280   batches=  20 stop=global_stop bler_ub=2.344e-03 rx_time=117.92s rx_ms_batch=5896.1 rx_ms_frame=92.127 point_time=164.48s gpu_mem=0.09GiB peak=0.26GiB
[ISO-CHUNK] wrote: /home/rsadve1/scratch/Extended_UPAIR_Narval_b32m16_portable/_isolated_eval_chunks/main_d256_b4_r2_u1_baseline_ls_lmmse_ebnom2p0_chunk0022_m8_b20/chunk_result.csv
[ISO-CHUNK] DONE
[PIPELINE] status done=0 reason=continue chunks=23 batches=460 block_errors=1/100 next_chunk=23
2026-06-09 09:12:29.954088: E external/local_xla/xla/stream_executor/cuda/cuda_dnn.cc:9261] Unable to register cuDNN factory: Attempting to register factory for plugin cuDNN when one has already been registered
2026-06-09 09:12:29.954129: E external/local_xla/xla/stream_executor/cuda/cuda_fft.cc:607] Unable to register cuFFT factory: Attempting to register factory for plugin cuFFT when one has already been registered
2026-06-09 09:12:29.955147: E external/local_xla/xla/stream_executor/cuda/cuda_blas.cc:1515] Unable to register cuBLAS factory: Attempting to register factory for plugin cuBLAS when one has already been registered
[COMPREHENSIVE] loaded Optuna best JSON for main_d256_b4_r2 from /home/rsadve1/scratch/Extended_UPAIR_Narval_b32m16_portable/optuna/clean_b32_prb8_d256_40k_smart_trueDMRS_u34610_1dmrs_stageB_main_d256_b4_r2_best_params.json
[ISO-CHUNK] variant: main_d256_b4_r2
[ISO-CHUNK] receiver: baseline_ls_lmmse
[ISO-CHUNK] num_users: 1
[ISO-CHUNK] ebno_db: -2.0
[ISO-CHUNK] chunk_idx: 23
[ISO-CHUNK] chunk_batches: 20
[ISO-CHUNK] receiver_microbatch_size: 8
[ISO-CHUNK] chunk_seed: 3968085
[ISO-CHUNK] checkpoint: /scratch/rsadve1/Extended_UPAIR_Narval_b32m16_portable/TWC_plots_comprehensive/runs_rx16/seed7/1dmrs/main_d256_b4_r2/checkpoints/best.weights.h5
[ISO-CHUNK] TF_GPU_ALLOCATOR: cuda_malloc_async
[ISO-CHUNK] output tag: main_d256_b4_r2_u1_baseline_ls_lmmse_ebnom2p0_chunk0023_m8_b20
[EVAL] receiver microbatching enabled: batch_size_eval=64 receiver_microbatch_size=8
WARNING:tensorflow:Model's `__init__()` arguments contain non-serializable objects. Please implement a `get_config()` method in the subclassed Model for proper saving and loading. Defaulting to empty config.
WARNING:tensorflow:Model's `__init__()` arguments contain non-serializable objects. Please implement a `get_config()` method in the subclassed Model for proper saving and loading. Defaulting to empty config.
[EVAL] loaded UPAIR checkpoint: /scratch/rsadve1/Extended_UPAIR_Narval_b32m16_portable/TWC_plots_comprehensive/runs_rx16/seed7/1dmrs/main_d256_b4_r2/checkpoints/best.weights.h5
[EVAL] skipping explicit NMSE channel-estimator calls for: baseline_ls_lmmse
[EVAL] instrumentation log_latency=True log_gpu_memory=True memory_cleanup_every_batches=1 memory_cleanup_every_microbatch=True stream_eval_microbatches=True compiled_receiver_error_counts=False receiver_call_jit_compile=False per_receiver_stopping=False target_bler_floor=1e-05 floor_num_frames=0 gpu_mem=0.09GiB peak=0.26GiB
[EVAL] receiver_call name=baseline_ls_lmmse mode=positional_y_no compiled_error_counts=False
[EVAL] progress num_users=1 Eb/N0=-2 dB batches=10/20 frame_err=baseline_ls_lmmse:0/640 elapsed=82.4s avg_batch=8.242s gpu_mem=0.09GiB peak=0.26GiB
[EVAL] progress num_users=1 Eb/N0=-2 dB batches=20/20 frame_err=baseline_ls_lmmse:0/1280 elapsed=163.2s avg_batch=8.159s gpu_mem=0.09GiB peak=0.26GiB
[EVAL] receiver=       baseline_ls_lmmse Eb/N0=-2.0 dB BER=0.00000e+00 BLER=0.00000e+00 NMSE=nan bit_err=     0/3809280  blk_err=    0/1280   batches=  20 stop=global_stop bler_ub=2.344e-03 rx_time=117.27s rx_ms_batch=5863.4 rx_ms_frame=91.616 point_time=163.18s gpu_mem=0.09GiB peak=0.26GiB
[ISO-CHUNK] wrote: /home/rsadve1/scratch/Extended_UPAIR_Narval_b32m16_portable/_isolated_eval_chunks/main_d256_b4_r2_u1_baseline_ls_lmmse_ebnom2p0_chunk0023_m8_b20/chunk_result.csv
[ISO-CHUNK] DONE
[PIPELINE] status done=0 reason=continue chunks=24 batches=480 block_errors=1/100 next_chunk=24
2026-06-09 09:15:41.405143: E external/local_xla/xla/stream_executor/cuda/cuda_dnn.cc:9261] Unable to register cuDNN factory: Attempting to register factory for plugin cuDNN when one has already been registered
2026-06-09 09:15:41.405180: E external/local_xla/xla/stream_executor/cuda/cuda_fft.cc:607] Unable to register cuFFT factory: Attempting to register factory for plugin cuFFT when one has already been registered
2026-06-09 09:15:41.406225: E external/local_xla/xla/stream_executor/cuda/cuda_blas.cc:1515] Unable to register cuBLAS factory: Attempting to register factory for plugin cuBLAS when one has already been registered
[COMPREHENSIVE] loaded Optuna best JSON for main_d256_b4_r2 from /home/rsadve1/scratch/Extended_UPAIR_Narval_b32m16_portable/optuna/clean_b32_prb8_d256_40k_smart_trueDMRS_u34610_1dmrs_stageB_main_d256_b4_r2_best_params.json
[ISO-CHUNK] variant: main_d256_b4_r2
[ISO-CHUNK] receiver: baseline_ls_lmmse
[ISO-CHUNK] num_users: 1
[ISO-CHUNK] ebno_db: -2.0
[ISO-CHUNK] chunk_idx: 24
[ISO-CHUNK] chunk_batches: 20
[ISO-CHUNK] receiver_microbatch_size: 8
[ISO-CHUNK] chunk_seed: 4068088
[ISO-CHUNK] checkpoint: /scratch/rsadve1/Extended_UPAIR_Narval_b32m16_portable/TWC_plots_comprehensive/runs_rx16/seed7/1dmrs/main_d256_b4_r2/checkpoints/best.weights.h5
[ISO-CHUNK] TF_GPU_ALLOCATOR: cuda_malloc_async
[ISO-CHUNK] output tag: main_d256_b4_r2_u1_baseline_ls_lmmse_ebnom2p0_chunk0024_m8_b20
[EVAL] receiver microbatching enabled: batch_size_eval=64 receiver_microbatch_size=8
WARNING:tensorflow:Model's `__init__()` arguments contain non-serializable objects. Please implement a `get_config()` method in the subclassed Model for proper saving and loading. Defaulting to empty config.
WARNING:tensorflow:Model's `__init__()` arguments contain non-serializable objects. Please implement a `get_config()` method in the subclassed Model for proper saving and loading. Defaulting to empty config.
[EVAL] loaded UPAIR checkpoint: /scratch/rsadve1/Extended_UPAIR_Narval_b32m16_portable/TWC_plots_comprehensive/runs_rx16/seed7/1dmrs/main_d256_b4_r2/checkpoints/best.weights.h5
[EVAL] skipping explicit NMSE channel-estimator calls for: baseline_ls_lmmse
[EVAL] instrumentation log_latency=True log_gpu_memory=True memory_cleanup_every_batches=1 memory_cleanup_every_microbatch=True stream_eval_microbatches=True compiled_receiver_error_counts=False receiver_call_jit_compile=False per_receiver_stopping=False target_bler_floor=1e-05 floor_num_frames=0 gpu_mem=0.09GiB peak=0.26GiB
[EVAL] receiver_call name=baseline_ls_lmmse mode=positional_y_no compiled_error_counts=False
[EVAL] progress num_users=1 Eb/N0=-2 dB batches=10/20 frame_err=baseline_ls_lmmse:0/640 elapsed=81.0s avg_batch=8.101s gpu_mem=0.09GiB peak=0.26GiB
[EVAL] progress num_users=1 Eb/N0=-2 dB batches=20/20 frame_err=baseline_ls_lmmse:0/1280 elapsed=162.3s avg_batch=8.114s gpu_mem=0.09GiB peak=0.26GiB
[EVAL] receiver=       baseline_ls_lmmse Eb/N0=-2.0 dB BER=0.00000e+00 BLER=0.00000e+00 NMSE=nan bit_err=     0/3809280  blk_err=    0/1280   batches=  20 stop=global_stop bler_ub=2.344e-03 rx_time=116.25s rx_ms_batch=5812.5 rx_ms_frame=90.820 point_time=162.28s gpu_mem=0.09GiB peak=0.26GiB
[ISO-CHUNK] wrote: /home/rsadve1/scratch/Extended_UPAIR_Narval_b32m16_portable/_isolated_eval_chunks/main_d256_b4_r2_u1_baseline_ls_lmmse_ebnom2p0_chunk0024_m8_b20/chunk_result.csv
[ISO-CHUNK] DONE
[PIPELINE] status done=0 reason=continue chunks=25 batches=500 block_errors=1/100 next_chunk=25
2026-06-09 09:19:05.466693: E external/local_xla/xla/stream_executor/cuda/cuda_dnn.cc:9261] Unable to register cuDNN factory: Attempting to register factory for plugin cuDNN when one has already been registered
2026-06-09 09:19:05.466732: E external/local_xla/xla/stream_executor/cuda/cuda_fft.cc:607] Unable to register cuFFT factory: Attempting to register factory for plugin cuFFT when one has already been registered
2026-06-09 09:19:05.467768: E external/local_xla/xla/stream_executor/cuda/cuda_blas.cc:1515] Unable to register cuBLAS factory: Attempting to register factory for plugin cuBLAS when one has already been registered
[COMPREHENSIVE] loaded Optuna best JSON for main_d256_b4_r2 from /home/rsadve1/scratch/Extended_UPAIR_Narval_b32m16_portable/optuna/clean_b32_prb8_d256_40k_smart_trueDMRS_u34610_1dmrs_stageB_main_d256_b4_r2_best_params.json
[ISO-CHUNK] variant: main_d256_b4_r2
[ISO-CHUNK] receiver: baseline_ls_lmmse
[ISO-CHUNK] num_users: 1
[ISO-CHUNK] ebno_db: -2.0
[ISO-CHUNK] chunk_idx: 25
[ISO-CHUNK] chunk_batches: 20
[ISO-CHUNK] receiver_microbatch_size: 8
[ISO-CHUNK] chunk_seed: 4168091
[ISO-CHUNK] checkpoint: /scratch/rsadve1/Extended_UPAIR_Narval_b32m16_portable/TWC_plots_comprehensive/runs_rx16/seed7/1dmrs/main_d256_b4_r2/checkpoints/best.weights.h5
[ISO-CHUNK] TF_GPU_ALLOCATOR: cuda_malloc_async
[ISO-CHUNK] output tag: main_d256_b4_r2_u1_baseline_ls_lmmse_ebnom2p0_chunk0025_m8_b20
[EVAL] receiver microbatching enabled: batch_size_eval=64 receiver_microbatch_size=8
WARNING:tensorflow:Model's `__init__()` arguments contain non-serializable objects. Please implement a `get_config()` method in the subclassed Model for proper saving and loading. Defaulting to empty config.
WARNING:tensorflow:Model's `__init__()` arguments contain non-serializable objects. Please implement a `get_config()` method in the subclassed Model for proper saving and loading. Defaulting to empty config.
[EVAL] loaded UPAIR checkpoint: /scratch/rsadve1/Extended_UPAIR_Narval_b32m16_portable/TWC_plots_comprehensive/runs_rx16/seed7/1dmrs/main_d256_b4_r2/checkpoints/best.weights.h5
[EVAL] skipping explicit NMSE channel-estimator calls for: baseline_ls_lmmse
[EVAL] instrumentation log_latency=True log_gpu_memory=True memory_cleanup_every_batches=1 memory_cleanup_every_microbatch=True stream_eval_microbatches=True compiled_receiver_error_counts=False receiver_call_jit_compile=False per_receiver_stopping=False target_bler_floor=1e-05 floor_num_frames=0 gpu_mem=0.09GiB peak=0.26GiB
[EVAL] receiver_call name=baseline_ls_lmmse mode=positional_y_no compiled_error_counts=False
[EVAL] progress num_users=1 Eb/N0=-2 dB batches=10/20 frame_err=baseline_ls_lmmse:0/640 elapsed=82.2s avg_batch=8.220s gpu_mem=0.09GiB peak=0.26GiB
[EVAL] progress num_users=1 Eb/N0=-2 dB batches=20/20 frame_err=baseline_ls_lmmse:0/1280 elapsed=164.0s avg_batch=8.198s gpu_mem=0.09GiB peak=0.26GiB
[EVAL] receiver=       baseline_ls_lmmse Eb/N0=-2.0 dB BER=0.00000e+00 BLER=0.00000e+00 NMSE=nan bit_err=     0/3809280  blk_err=    0/1280   batches=  20 stop=global_stop bler_ub=2.344e-03 rx_time=117.41s rx_ms_batch=5870.6 rx_ms_frame=91.728 point_time=163.97s gpu_mem=0.09GiB peak=0.26GiB
[ISO-CHUNK] wrote: /home/rsadve1/scratch/Extended_UPAIR_Narval_b32m16_portable/_isolated_eval_chunks/main_d256_b4_r2_u1_baseline_ls_lmmse_ebnom2p0_chunk0025_m8_b20/chunk_result.csv
[ISO-CHUNK] DONE
[PIPELINE] status done=0 reason=continue chunks=26 batches=520 block_errors=1/100 next_chunk=26
2026-06-09 09:22:25.448714: E external/local_xla/xla/stream_executor/cuda/cuda_dnn.cc:9261] Unable to register cuDNN factory: Attempting to register factory for plugin cuDNN when one has already been registered
2026-06-09 09:22:25.448756: E external/local_xla/xla/stream_executor/cuda/cuda_fft.cc:607] Unable to register cuFFT factory: Attempting to register factory for plugin cuFFT when one has already been registered
2026-06-09 09:22:25.449777: E external/local_xla/xla/stream_executor/cuda/cuda_blas.cc:1515] Unable to register cuBLAS factory: Attempting to register factory for plugin cuBLAS when one has already been registered
[COMPREHENSIVE] loaded Optuna best JSON for main_d256_b4_r2 from /home/rsadve1/scratch/Extended_UPAIR_Narval_b32m16_portable/optuna/clean_b32_prb8_d256_40k_smart_trueDMRS_u34610_1dmrs_stageB_main_d256_b4_r2_best_params.json
[ISO-CHUNK] variant: main_d256_b4_r2
[ISO-CHUNK] receiver: baseline_ls_lmmse
[ISO-CHUNK] num_users: 1
[ISO-CHUNK] ebno_db: -2.0
[ISO-CHUNK] chunk_idx: 26
[ISO-CHUNK] chunk_batches: 20
[ISO-CHUNK] receiver_microbatch_size: 8
[ISO-CHUNK] chunk_seed: 4268094
[ISO-CHUNK] checkpoint: /scratch/rsadve1/Extended_UPAIR_Narval_b32m16_portable/TWC_plots_comprehensive/runs_rx16/seed7/1dmrs/main_d256_b4_r2/checkpoints/best.weights.h5
[ISO-CHUNK] TF_GPU_ALLOCATOR: cuda_malloc_async
[ISO-CHUNK] output tag: main_d256_b4_r2_u1_baseline_ls_lmmse_ebnom2p0_chunk0026_m8_b20
[EVAL] receiver microbatching enabled: batch_size_eval=64 receiver_microbatch_size=8
WARNING:tensorflow:Model's `__init__()` arguments contain non-serializable objects. Please implement a `get_config()` method in the subclassed Model for proper saving and loading. Defaulting to empty config.
WARNING:tensorflow:Model's `__init__()` arguments contain non-serializable objects. Please implement a `get_config()` method in the subclassed Model for proper saving and loading. Defaulting to empty config.
[EVAL] loaded UPAIR checkpoint: /scratch/rsadve1/Extended_UPAIR_Narval_b32m16_portable/TWC_plots_comprehensive/runs_rx16/seed7/1dmrs/main_d256_b4_r2/checkpoints/best.weights.h5
[EVAL] skipping explicit NMSE channel-estimator calls for: baseline_ls_lmmse
[EVAL] instrumentation log_latency=True log_gpu_memory=True memory_cleanup_every_batches=1 memory_cleanup_every_microbatch=True stream_eval_microbatches=True compiled_receiver_error_counts=False receiver_call_jit_compile=False per_receiver_stopping=False target_bler_floor=1e-05 floor_num_frames=0 gpu_mem=0.09GiB peak=0.26GiB
[EVAL] receiver_call name=baseline_ls_lmmse mode=positional_y_no compiled_error_counts=False
[EVAL] progress num_users=1 Eb/N0=-2 dB batches=10/20 frame_err=baseline_ls_lmmse:0/640 elapsed=82.0s avg_batch=8.199s gpu_mem=0.09GiB peak=0.26GiB
[EVAL] progress num_users=1 Eb/N0=-2 dB batches=20/20 frame_err=baseline_ls_lmmse:0/1280 elapsed=163.8s avg_batch=8.192s gpu_mem=0.09GiB peak=0.26GiB
[EVAL] receiver=       baseline_ls_lmmse Eb/N0=-2.0 dB BER=0.00000e+00 BLER=0.00000e+00 NMSE=nan bit_err=     0/3809280  blk_err=    0/1280   batches=  20 stop=global_stop bler_ub=2.344e-03 rx_time=117.32s rx_ms_batch=5866.1 rx_ms_frame=91.658 point_time=163.84s gpu_mem=0.09GiB peak=0.26GiB
[ISO-CHUNK] wrote: /home/rsadve1/scratch/Extended_UPAIR_Narval_b32m16_portable/_isolated_eval_chunks/main_d256_b4_r2_u1_baseline_ls_lmmse_ebnom2p0_chunk0026_m8_b20/chunk_result.csv
[ISO-CHUNK] DONE
[PIPELINE] status done=0 reason=continue chunks=27 batches=540 block_errors=1/100 next_chunk=27
2026-06-09 09:25:37.564841: E external/local_xla/xla/stream_executor/cuda/cuda_dnn.cc:9261] Unable to register cuDNN factory: Attempting to register factory for plugin cuDNN when one has already been registered
2026-06-09 09:25:37.564877: E external/local_xla/xla/stream_executor/cuda/cuda_fft.cc:607] Unable to register cuFFT factory: Attempting to register factory for plugin cuFFT when one has already been registered
2026-06-09 09:25:37.565919: E external/local_xla/xla/stream_executor/cuda/cuda_blas.cc:1515] Unable to register cuBLAS factory: Attempting to register factory for plugin cuBLAS when one has already been registered
[COMPREHENSIVE] loaded Optuna best JSON for main_d256_b4_r2 from /home/rsadve1/scratch/Extended_UPAIR_Narval_b32m16_portable/optuna/clean_b32_prb8_d256_40k_smart_trueDMRS_u34610_1dmrs_stageB_main_d256_b4_r2_best_params.json
[ISO-CHUNK] variant: main_d256_b4_r2
[ISO-CHUNK] receiver: baseline_ls_lmmse
[ISO-CHUNK] num_users: 1
[ISO-CHUNK] ebno_db: -2.0
[ISO-CHUNK] chunk_idx: 27
[ISO-CHUNK] chunk_batches: 20
[ISO-CHUNK] receiver_microbatch_size: 8
[ISO-CHUNK] chunk_seed: 4368097
[ISO-CHUNK] checkpoint: /scratch/rsadve1/Extended_UPAIR_Narval_b32m16_portable/TWC_plots_comprehensive/runs_rx16/seed7/1dmrs/main_d256_b4_r2/checkpoints/best.weights.h5
[ISO-CHUNK] TF_GPU_ALLOCATOR: cuda_malloc_async
[ISO-CHUNK] output tag: main_d256_b4_r2_u1_baseline_ls_lmmse_ebnom2p0_chunk0027_m8_b20
[EVAL] receiver microbatching enabled: batch_size_eval=64 receiver_microbatch_size=8
WARNING:tensorflow:Model's `__init__()` arguments contain non-serializable objects. Please implement a `get_config()` method in the subclassed Model for proper saving and loading. Defaulting to empty config.
WARNING:tensorflow:Model's `__init__()` arguments contain non-serializable objects. Please implement a `get_config()` method in the subclassed Model for proper saving and loading. Defaulting to empty config.
[EVAL] loaded UPAIR checkpoint: /scratch/rsadve1/Extended_UPAIR_Narval_b32m16_portable/TWC_plots_comprehensive/runs_rx16/seed7/1dmrs/main_d256_b4_r2/checkpoints/best.weights.h5
[EVAL] skipping explicit NMSE channel-estimator calls for: baseline_ls_lmmse
[EVAL] instrumentation log_latency=True log_gpu_memory=True memory_cleanup_every_batches=1 memory_cleanup_every_microbatch=True stream_eval_microbatches=True compiled_receiver_error_counts=False receiver_call_jit_compile=False per_receiver_stopping=False target_bler_floor=1e-05 floor_num_frames=0 gpu_mem=0.09GiB peak=0.26GiB
[EVAL] receiver_call name=baseline_ls_lmmse mode=positional_y_no compiled_error_counts=False
[EVAL] progress num_users=1 Eb/N0=-2 dB batches=10/20 frame_err=baseline_ls_lmmse:0/640 elapsed=82.9s avg_batch=8.288s gpu_mem=0.09GiB peak=0.26GiB
[EVAL] progress num_users=1 Eb/N0=-2 dB batches=20/20 frame_err=baseline_ls_lmmse:0/1280 elapsed=165.0s avg_batch=8.252s gpu_mem=0.09GiB peak=0.26GiB
[EVAL] receiver=       baseline_ls_lmmse Eb/N0=-2.0 dB BER=0.00000e+00 BLER=0.00000e+00 NMSE=nan bit_err=     0/3809280  blk_err=    0/1280   batches=  20 stop=global_stop bler_ub=2.344e-03 rx_time=118.12s rx_ms_batch=5906.2 rx_ms_frame=92.285 point_time=165.04s gpu_mem=0.09GiB peak=0.26GiB
[ISO-CHUNK] wrote: /home/rsadve1/scratch/Extended_UPAIR_Narval_b32m16_portable/_isolated_eval_chunks/main_d256_b4_r2_u1_baseline_ls_lmmse_ebnom2p0_chunk0027_m8_b20/chunk_result.csv
[ISO-CHUNK] DONE
[PIPELINE] status done=0 reason=continue chunks=28 batches=560 block_errors=1/100 next_chunk=28
2026-06-09 09:28:56.220944: E external/local_xla/xla/stream_executor/cuda/cuda_dnn.cc:9261] Unable to register cuDNN factory: Attempting to register factory for plugin cuDNN when one has already been registered
2026-06-09 09:28:56.220982: E external/local_xla/xla/stream_executor/cuda/cuda_fft.cc:607] Unable to register cuFFT factory: Attempting to register factory for plugin cuFFT when one has already been registered
2026-06-09 09:28:56.222009: E external/local_xla/xla/stream_executor/cuda/cuda_blas.cc:1515] Unable to register cuBLAS factory: Attempting to register factory for plugin cuBLAS when one has already been registered
[COMPREHENSIVE] loaded Optuna best JSON for main_d256_b4_r2 from /home/rsadve1/scratch/Extended_UPAIR_Narval_b32m16_portable/optuna/clean_b32_prb8_d256_40k_smart_trueDMRS_u34610_1dmrs_stageB_main_d256_b4_r2_best_params.json
[ISO-CHUNK] variant: main_d256_b4_r2
[ISO-CHUNK] receiver: baseline_ls_lmmse
[ISO-CHUNK] num_users: 1
[ISO-CHUNK] ebno_db: -2.0
[ISO-CHUNK] chunk_idx: 28
[ISO-CHUNK] chunk_batches: 20
[ISO-CHUNK] receiver_microbatch_size: 8
[ISO-CHUNK] chunk_seed: 4468100
[ISO-CHUNK] checkpoint: /scratch/rsadve1/Extended_UPAIR_Narval_b32m16_portable/TWC_plots_comprehensive/runs_rx16/seed7/1dmrs/main_d256_b4_r2/checkpoints/best.weights.h5
[ISO-CHUNK] TF_GPU_ALLOCATOR: cuda_malloc_async
[ISO-CHUNK] output tag: main_d256_b4_r2_u1_baseline_ls_lmmse_ebnom2p0_chunk0028_m8_b20
[EVAL] receiver microbatching enabled: batch_size_eval=64 receiver_microbatch_size=8
WARNING:tensorflow:Model's `__init__()` arguments contain non-serializable objects. Please implement a `get_config()` method in the subclassed Model for proper saving and loading. Defaulting to empty config.
WARNING:tensorflow:Model's `__init__()` arguments contain non-serializable objects. Please implement a `get_config()` method in the subclassed Model for proper saving and loading. Defaulting to empty config.
[EVAL] loaded UPAIR checkpoint: /scratch/rsadve1/Extended_UPAIR_Narval_b32m16_portable/TWC_plots_comprehensive/runs_rx16/seed7/1dmrs/main_d256_b4_r2/checkpoints/best.weights.h5
[EVAL] skipping explicit NMSE channel-estimator calls for: baseline_ls_lmmse
[EVAL] instrumentation log_latency=True log_gpu_memory=True memory_cleanup_every_batches=1 memory_cleanup_every_microbatch=True stream_eval_microbatches=True compiled_receiver_error_counts=False receiver_call_jit_compile=False per_receiver_stopping=False target_bler_floor=1e-05 floor_num_frames=0 gpu_mem=0.09GiB peak=0.26GiB
[EVAL] receiver_call name=baseline_ls_lmmse mode=positional_y_no compiled_error_counts=False
[EVAL] progress num_users=1 Eb/N0=-2 dB batches=10/20 frame_err=baseline_ls_lmmse:0/640 elapsed=82.0s avg_batch=8.204s gpu_mem=0.09GiB peak=0.26GiB
[EVAL] progress num_users=1 Eb/N0=-2 dB batches=20/20 frame_err=baseline_ls_lmmse:0/1280 elapsed=163.9s avg_batch=8.197s gpu_mem=0.09GiB peak=0.26GiB
[EVAL] receiver=       baseline_ls_lmmse Eb/N0=-2.0 dB BER=0.00000e+00 BLER=0.00000e+00 NMSE=nan bit_err=     0/3809280  blk_err=    0/1280   batches=  20 stop=global_stop bler_ub=2.344e-03 rx_time=117.25s rx_ms_batch=5862.5 rx_ms_frame=91.602 point_time=163.94s gpu_mem=0.09GiB peak=0.26GiB
[ISO-CHUNK] wrote: /home/rsadve1/scratch/Extended_UPAIR_Narval_b32m16_portable/_isolated_eval_chunks/main_d256_b4_r2_u1_baseline_ls_lmmse_ebnom2p0_chunk0028_m8_b20/chunk_result.csv
[ISO-CHUNK] DONE
[PIPELINE] status done=0 reason=continue chunks=29 batches=580 block_errors=1/100 next_chunk=29
2026-06-09 09:32:09.121610: E external/local_xla/xla/stream_executor/cuda/cuda_dnn.cc:9261] Unable to register cuDNN factory: Attempting to register factory for plugin cuDNN when one has already been registered
2026-06-09 09:32:09.121655: E external/local_xla/xla/stream_executor/cuda/cuda_fft.cc:607] Unable to register cuFFT factory: Attempting to register factory for plugin cuFFT when one has already been registered
2026-06-09 09:32:09.122681: E external/local_xla/xla/stream_executor/cuda/cuda_blas.cc:1515] Unable to register cuBLAS factory: Attempting to register factory for plugin cuBLAS when one has already been registered
[COMPREHENSIVE] loaded Optuna best JSON for main_d256_b4_r2 from /home/rsadve1/scratch/Extended_UPAIR_Narval_b32m16_portable/optuna/clean_b32_prb8_d256_40k_smart_trueDMRS_u34610_1dmrs_stageB_main_d256_b4_r2_best_params.json
[ISO-CHUNK] variant: main_d256_b4_r2
[ISO-CHUNK] receiver: baseline_ls_lmmse
[ISO-CHUNK] num_users: 1
[ISO-CHUNK] ebno_db: -2.0
[ISO-CHUNK] chunk_idx: 29
[ISO-CHUNK] chunk_batches: 20
[ISO-CHUNK] receiver_microbatch_size: 8
[ISO-CHUNK] chunk_seed: 4568103
[ISO-CHUNK] checkpoint: /scratch/rsadve1/Extended_UPAIR_Narval_b32m16_portable/TWC_plots_comprehensive/runs_rx16/seed7/1dmrs/main_d256_b4_r2/checkpoints/best.weights.h5
[ISO-CHUNK] TF_GPU_ALLOCATOR: cuda_malloc_async
[ISO-CHUNK] output tag: main_d256_b4_r2_u1_baseline_ls_lmmse_ebnom2p0_chunk0029_m8_b20
[EVAL] receiver microbatching enabled: batch_size_eval=64 receiver_microbatch_size=8
WARNING:tensorflow:Model's `__init__()` arguments contain non-serializable objects. Please implement a `get_config()` method in the subclassed Model for proper saving and loading. Defaulting to empty config.
WARNING:tensorflow:Model's `__init__()` arguments contain non-serializable objects. Please implement a `get_config()` method in the subclassed Model for proper saving and loading. Defaulting to empty config.
[EVAL] loaded UPAIR checkpoint: /scratch/rsadve1/Extended_UPAIR_Narval_b32m16_portable/TWC_plots_comprehensive/runs_rx16/seed7/1dmrs/main_d256_b4_r2/checkpoints/best.weights.h5
[EVAL] skipping explicit NMSE channel-estimator calls for: baseline_ls_lmmse
[EVAL] instrumentation log_latency=True log_gpu_memory=True memory_cleanup_every_batches=1 memory_cleanup_every_microbatch=True stream_eval_microbatches=True compiled_receiver_error_counts=False receiver_call_jit_compile=False per_receiver_stopping=False target_bler_floor=1e-05 floor_num_frames=0 gpu_mem=0.09GiB peak=0.26GiB
[EVAL] receiver_call name=baseline_ls_lmmse mode=positional_y_no compiled_error_counts=False
[EVAL] progress num_users=1 Eb/N0=-2 dB batches=10/20 frame_err=baseline_ls_lmmse:0/640 elapsed=82.2s avg_batch=8.224s gpu_mem=0.09GiB peak=0.26GiB
[EVAL] progress num_users=1 Eb/N0=-2 dB batches=20/20 frame_err=baseline_ls_lmmse:0/1280 elapsed=163.8s avg_batch=8.189s gpu_mem=0.09GiB peak=0.26GiB
[EVAL] receiver=       baseline_ls_lmmse Eb/N0=-2.0 dB BER=0.00000e+00 BLER=0.00000e+00 NMSE=nan bit_err=     0/3809280  blk_err=    0/1280   batches=  20 stop=global_stop bler_ub=2.344e-03 rx_time=117.06s rx_ms_batch=5852.9 rx_ms_frame=91.451 point_time=163.78s gpu_mem=0.09GiB peak=0.26GiB
[ISO-CHUNK] wrote: /home/rsadve1/scratch/Extended_UPAIR_Narval_b32m16_portable/_isolated_eval_chunks/main_d256_b4_r2_u1_baseline_ls_lmmse_ebnom2p0_chunk0029_m8_b20/chunk_result.csv
[ISO-CHUNK] DONE
[PIPELINE] status done=0 reason=continue chunks=30 batches=600 block_errors=1/100 next_chunk=30
2026-06-09 09:35:25.520700: E external/local_xla/xla/stream_executor/cuda/cuda_dnn.cc:9261] Unable to register cuDNN factory: Attempting to register factory for plugin cuDNN when one has already been registered
2026-06-09 09:35:25.520737: E external/local_xla/xla/stream_executor/cuda/cuda_fft.cc:607] Unable to register cuFFT factory: Attempting to register factory for plugin cuFFT when one has already been registered
2026-06-09 09:35:25.521836: E external/local_xla/xla/stream_executor/cuda/cuda_blas.cc:1515] Unable to register cuBLAS factory: Attempting to register factory for plugin cuBLAS when one has already been registered
[COMPREHENSIVE] loaded Optuna best JSON for main_d256_b4_r2 from /home/rsadve1/scratch/Extended_UPAIR_Narval_b32m16_portable/optuna/clean_b32_prb8_d256_40k_smart_trueDMRS_u34610_1dmrs_stageB_main_d256_b4_r2_best_params.json
[ISO-CHUNK] variant: main_d256_b4_r2
[ISO-CHUNK] receiver: baseline_ls_lmmse
[ISO-CHUNK] num_users: 1
[ISO-CHUNK] ebno_db: -2.0
[ISO-CHUNK] chunk_idx: 30
[ISO-CHUNK] chunk_batches: 20
[ISO-CHUNK] receiver_microbatch_size: 8
[ISO-CHUNK] chunk_seed: 4668106
[ISO-CHUNK] checkpoint: /scratch/rsadve1/Extended_UPAIR_Narval_b32m16_portable/TWC_plots_comprehensive/runs_rx16/seed7/1dmrs/main_d256_b4_r2/checkpoints/best.weights.h5
[ISO-CHUNK] TF_GPU_ALLOCATOR: cuda_malloc_async
[ISO-CHUNK] output tag: main_d256_b4_r2_u1_baseline_ls_lmmse_ebnom2p0_chunk0030_m8_b20
[EVAL] receiver microbatching enabled: batch_size_eval=64 receiver_microbatch_size=8
WARNING:tensorflow:Model's `__init__()` arguments contain non-serializable objects. Please implement a `get_config()` method in the subclassed Model for proper saving and loading. Defaulting to empty config.
WARNING:tensorflow:Model's `__init__()` arguments contain non-serializable objects. Please implement a `get_config()` method in the subclassed Model for proper saving and loading. Defaulting to empty config.
[EVAL] loaded UPAIR checkpoint: /scratch/rsadve1/Extended_UPAIR_Narval_b32m16_portable/TWC_plots_comprehensive/runs_rx16/seed7/1dmrs/main_d256_b4_r2/checkpoints/best.weights.h5
[EVAL] skipping explicit NMSE channel-estimator calls for: baseline_ls_lmmse
[EVAL] instrumentation log_latency=True log_gpu_memory=True memory_cleanup_every_batches=1 memory_cleanup_every_microbatch=True stream_eval_microbatches=True compiled_receiver_error_counts=False receiver_call_jit_compile=False per_receiver_stopping=False target_bler_floor=1e-05 floor_num_frames=0 gpu_mem=0.09GiB peak=0.26GiB
[EVAL] receiver_call name=baseline_ls_lmmse mode=positional_y_no compiled_error_counts=False
[EVAL] progress num_users=1 Eb/N0=-2 dB batches=10/20 frame_err=baseline_ls_lmmse:0/640 elapsed=81.6s avg_batch=8.162s gpu_mem=0.09GiB peak=0.26GiB
[EVAL] progress num_users=1 Eb/N0=-2 dB batches=20/20 frame_err=baseline_ls_lmmse:0/1280 elapsed=163.3s avg_batch=8.167s gpu_mem=0.09GiB peak=0.26GiB
[EVAL] receiver=       baseline_ls_lmmse Eb/N0=-2.0 dB BER=0.00000e+00 BLER=0.00000e+00 NMSE=nan bit_err=     0/3809280  blk_err=    0/1280   batches=  20 stop=global_stop bler_ub=2.344e-03 rx_time=116.66s rx_ms_batch=5832.9 rx_ms_frame=91.139 point_time=163.33s gpu_mem=0.09GiB peak=0.26GiB
[ISO-CHUNK] wrote: /home/rsadve1/scratch/Extended_UPAIR_Narval_b32m16_portable/_isolated_eval_chunks/main_d256_b4_r2_u1_baseline_ls_lmmse_ebnom2p0_chunk0030_m8_b20/chunk_result.csv
[ISO-CHUNK] DONE
[PIPELINE] status done=0 reason=continue chunks=31 batches=620 block_errors=1/100 next_chunk=31
2026-06-09 09:38:33.853340: E external/local_xla/xla/stream_executor/cuda/cuda_dnn.cc:9261] Unable to register cuDNN factory: Attempting to register factory for plugin cuDNN when one has already been registered
2026-06-09 09:38:33.853381: E external/local_xla/xla/stream_executor/cuda/cuda_fft.cc:607] Unable to register cuFFT factory: Attempting to register factory for plugin cuFFT when one has already been registered
2026-06-09 09:38:33.854433: E external/local_xla/xla/stream_executor/cuda/cuda_blas.cc:1515] Unable to register cuBLAS factory: Attempting to register factory for plugin cuBLAS when one has already been registered
[COMPREHENSIVE] loaded Optuna best JSON for main_d256_b4_r2 from /home/rsadve1/scratch/Extended_UPAIR_Narval_b32m16_portable/optuna/clean_b32_prb8_d256_40k_smart_trueDMRS_u34610_1dmrs_stageB_main_d256_b4_r2_best_params.json
[ISO-CHUNK] variant: main_d256_b4_r2
[ISO-CHUNK] receiver: baseline_ls_lmmse
[ISO-CHUNK] num_users: 1
[ISO-CHUNK] ebno_db: -2.0
[ISO-CHUNK] chunk_idx: 31
[ISO-CHUNK] chunk_batches: 20
[ISO-CHUNK] receiver_microbatch_size: 8
[ISO-CHUNK] chunk_seed: 4768109
[ISO-CHUNK] checkpoint: /scratch/rsadve1/Extended_UPAIR_Narval_b32m16_portable/TWC_plots_comprehensive/runs_rx16/seed7/1dmrs/main_d256_b4_r2/checkpoints/best.weights.h5
[ISO-CHUNK] TF_GPU_ALLOCATOR: cuda_malloc_async
[ISO-CHUNK] output tag: main_d256_b4_r2_u1_baseline_ls_lmmse_ebnom2p0_chunk0031_m8_b20
[EVAL] receiver microbatching enabled: batch_size_eval=64 receiver_microbatch_size=8
WARNING:tensorflow:Model's `__init__()` arguments contain non-serializable objects. Please implement a `get_config()` method in the subclassed Model for proper saving and loading. Defaulting to empty config.
WARNING:tensorflow:Model's `__init__()` arguments contain non-serializable objects. Please implement a `get_config()` method in the subclassed Model for proper saving and loading. Defaulting to empty config.
[EVAL] loaded UPAIR checkpoint: /scratch/rsadve1/Extended_UPAIR_Narval_b32m16_portable/TWC_plots_comprehensive/runs_rx16/seed7/1dmrs/main_d256_b4_r2/checkpoints/best.weights.h5
[EVAL] skipping explicit NMSE channel-estimator calls for: baseline_ls_lmmse
[EVAL] instrumentation log_latency=True log_gpu_memory=True memory_cleanup_every_batches=1 memory_cleanup_every_microbatch=True stream_eval_microbatches=True compiled_receiver_error_counts=False receiver_call_jit_compile=False per_receiver_stopping=False target_bler_floor=1e-05 floor_num_frames=0 gpu_mem=0.09GiB peak=0.26GiB
[EVAL] receiver_call name=baseline_ls_lmmse mode=positional_y_no compiled_error_counts=False
[EVAL] progress num_users=1 Eb/N0=-2 dB batches=10/20 frame_err=baseline_ls_lmmse:0/640 elapsed=82.2s avg_batch=8.225s gpu_mem=0.09GiB peak=0.26GiB
[EVAL] progress num_users=1 Eb/N0=-2 dB batches=20/20 frame_err=baseline_ls_lmmse:0/1280 elapsed=164.1s avg_batch=8.207s gpu_mem=0.09GiB peak=0.26GiB
[EVAL] receiver=       baseline_ls_lmmse Eb/N0=-2.0 dB BER=0.00000e+00 BLER=0.00000e+00 NMSE=nan bit_err=     0/3809280  blk_err=    0/1280   batches=  20 stop=global_stop bler_ub=2.344e-03 rx_time=117.44s rx_ms_batch=5872.2 rx_ms_frame=91.753 point_time=164.13s gpu_mem=0.09GiB peak=0.26GiB
[ISO-CHUNK] wrote: /home/rsadve1/scratch/Extended_UPAIR_Narval_b32m16_portable/_isolated_eval_chunks/main_d256_b4_r2_u1_baseline_ls_lmmse_ebnom2p0_chunk0031_m8_b20/chunk_result.csv
[ISO-CHUNK] DONE
[PIPELINE] status done=0 reason=continue chunks=32 batches=640 block_errors=1/100 next_chunk=32
2026-06-09 09:41:47.704789: E external/local_xla/xla/stream_executor/cuda/cuda_dnn.cc:9261] Unable to register cuDNN factory: Attempting to register factory for plugin cuDNN when one has already been registered
2026-06-09 09:41:47.704825: E external/local_xla/xla/stream_executor/cuda/cuda_fft.cc:607] Unable to register cuFFT factory: Attempting to register factory for plugin cuFFT when one has already been registered
2026-06-09 09:41:47.705877: E external/local_xla/xla/stream_executor/cuda/cuda_blas.cc:1515] Unable to register cuBLAS factory: Attempting to register factory for plugin cuBLAS when one has already been registered
[COMPREHENSIVE] loaded Optuna best JSON for main_d256_b4_r2 from /home/rsadve1/scratch/Extended_UPAIR_Narval_b32m16_portable/optuna/clean_b32_prb8_d256_40k_smart_trueDMRS_u34610_1dmrs_stageB_main_d256_b4_r2_best_params.json
[ISO-CHUNK] variant: main_d256_b4_r2
[ISO-CHUNK] receiver: baseline_ls_lmmse
[ISO-CHUNK] num_users: 1
[ISO-CHUNK] ebno_db: -2.0
[ISO-CHUNK] chunk_idx: 32
[ISO-CHUNK] chunk_batches: 20
[ISO-CHUNK] receiver_microbatch_size: 8
[ISO-CHUNK] chunk_seed: 4868112
[ISO-CHUNK] checkpoint: /scratch/rsadve1/Extended_UPAIR_Narval_b32m16_portable/TWC_plots_comprehensive/runs_rx16/seed7/1dmrs/main_d256_b4_r2/checkpoints/best.weights.h5
[ISO-CHUNK] TF_GPU_ALLOCATOR: cuda_malloc_async
[ISO-CHUNK] output tag: main_d256_b4_r2_u1_baseline_ls_lmmse_ebnom2p0_chunk0032_m8_b20
[EVAL] receiver microbatching enabled: batch_size_eval=64 receiver_microbatch_size=8
WARNING:tensorflow:Model's `__init__()` arguments contain non-serializable objects. Please implement a `get_config()` method in the subclassed Model for proper saving and loading. Defaulting to empty config.
WARNING:tensorflow:Model's `__init__()` arguments contain non-serializable objects. Please implement a `get_config()` method in the subclassed Model for proper saving and loading. Defaulting to empty config.
[EVAL] loaded UPAIR checkpoint: /scratch/rsadve1/Extended_UPAIR_Narval_b32m16_portable/TWC_plots_comprehensive/runs_rx16/seed7/1dmrs/main_d256_b4_r2/checkpoints/best.weights.h5
[EVAL] skipping explicit NMSE channel-estimator calls for: baseline_ls_lmmse
[EVAL] instrumentation log_latency=True log_gpu_memory=True memory_cleanup_every_batches=1 memory_cleanup_every_microbatch=True stream_eval_microbatches=True compiled_receiver_error_counts=False receiver_call_jit_compile=False per_receiver_stopping=False target_bler_floor=1e-05 floor_num_frames=0 gpu_mem=0.09GiB peak=0.26GiB
[EVAL] receiver_call name=baseline_ls_lmmse mode=positional_y_no compiled_error_counts=False
[EVAL] progress num_users=1 Eb/N0=-2 dB batches=10/20 frame_err=baseline_ls_lmmse:0/640 elapsed=82.2s avg_batch=8.223s gpu_mem=0.09GiB peak=0.26GiB
[EVAL] progress num_users=1 Eb/N0=-2 dB batches=20/20 frame_err=baseline_ls_lmmse:0/1280 elapsed=164.4s avg_batch=8.221s gpu_mem=0.09GiB peak=0.26GiB
[EVAL] receiver=       baseline_ls_lmmse Eb/N0=-2.0 dB BER=0.00000e+00 BLER=0.00000e+00 NMSE=nan bit_err=     0/3809280  blk_err=    0/1280   batches=  20 stop=global_stop bler_ub=2.344e-03 rx_time=117.73s rx_ms_batch=5886.6 rx_ms_frame=91.978 point_time=164.43s gpu_mem=0.09GiB peak=0.26GiB
[ISO-CHUNK] wrote: /home/rsadve1/scratch/Extended_UPAIR_Narval_b32m16_portable/_isolated_eval_chunks/main_d256_b4_r2_u1_baseline_ls_lmmse_ebnom2p0_chunk0032_m8_b20/chunk_result.csv
[ISO-CHUNK] DONE
[PIPELINE] status done=0 reason=continue chunks=33 batches=660 block_errors=1/100 next_chunk=33
2026-06-09 09:44:59.079552: E external/local_xla/xla/stream_executor/cuda/cuda_dnn.cc:9261] Unable to register cuDNN factory: Attempting to register factory for plugin cuDNN when one has already been registered
2026-06-09 09:44:59.079594: E external/local_xla/xla/stream_executor/cuda/cuda_fft.cc:607] Unable to register cuFFT factory: Attempting to register factory for plugin cuFFT when one has already been registered
2026-06-09 09:44:59.080623: E external/local_xla/xla/stream_executor/cuda/cuda_blas.cc:1515] Unable to register cuBLAS factory: Attempting to register factory for plugin cuBLAS when one has already been registered
[COMPREHENSIVE] loaded Optuna best JSON for main_d256_b4_r2 from /home/rsadve1/scratch/Extended_UPAIR_Narval_b32m16_portable/optuna/clean_b32_prb8_d256_40k_smart_trueDMRS_u34610_1dmrs_stageB_main_d256_b4_r2_best_params.json
[ISO-CHUNK] variant: main_d256_b4_r2
[ISO-CHUNK] receiver: baseline_ls_lmmse
[ISO-CHUNK] num_users: 1
[ISO-CHUNK] ebno_db: -2.0
[ISO-CHUNK] chunk_idx: 33
[ISO-CHUNK] chunk_batches: 20
[ISO-CHUNK] receiver_microbatch_size: 8
[ISO-CHUNK] chunk_seed: 4968115
[ISO-CHUNK] checkpoint: /scratch/rsadve1/Extended_UPAIR_Narval_b32m16_portable/TWC_plots_comprehensive/runs_rx16/seed7/1dmrs/main_d256_b4_r2/checkpoints/best.weights.h5
[ISO-CHUNK] TF_GPU_ALLOCATOR: cuda_malloc_async
[ISO-CHUNK] output tag: main_d256_b4_r2_u1_baseline_ls_lmmse_ebnom2p0_chunk0033_m8_b20
[EVAL] receiver microbatching enabled: batch_size_eval=64 receiver_microbatch_size=8
WARNING:tensorflow:Model's `__init__()` arguments contain non-serializable objects. Please implement a `get_config()` method in the subclassed Model for proper saving and loading. Defaulting to empty config.
WARNING:tensorflow:Model's `__init__()` arguments contain non-serializable objects. Please implement a `get_config()` method in the subclassed Model for proper saving and loading. Defaulting to empty config.
[EVAL] loaded UPAIR checkpoint: /scratch/rsadve1/Extended_UPAIR_Narval_b32m16_portable/TWC_plots_comprehensive/runs_rx16/seed7/1dmrs/main_d256_b4_r2/checkpoints/best.weights.h5
[EVAL] skipping explicit NMSE channel-estimator calls for: baseline_ls_lmmse
[EVAL] instrumentation log_latency=True log_gpu_memory=True memory_cleanup_every_batches=1 memory_cleanup_every_microbatch=True stream_eval_microbatches=True compiled_receiver_error_counts=False receiver_call_jit_compile=False per_receiver_stopping=False target_bler_floor=1e-05 floor_num_frames=0 gpu_mem=0.09GiB peak=0.26GiB
[EVAL] receiver_call name=baseline_ls_lmmse mode=positional_y_no compiled_error_counts=False
[EVAL] progress num_users=1 Eb/N0=-2 dB batches=10/20 frame_err=baseline_ls_lmmse:0/640 elapsed=82.2s avg_batch=8.220s gpu_mem=0.09GiB peak=0.26GiB
[EVAL] progress num_users=1 Eb/N0=-2 dB batches=20/20 frame_err=baseline_ls_lmmse:0/1280 elapsed=164.0s avg_batch=8.202s gpu_mem=0.09GiB peak=0.26GiB
[EVAL] receiver=       baseline_ls_lmmse Eb/N0=-2.0 dB BER=0.00000e+00 BLER=0.00000e+00 NMSE=nan bit_err=     0/3809280  blk_err=    0/1280   batches=  20 stop=global_stop bler_ub=2.344e-03 rx_time=117.22s rx_ms_batch=5861.0 rx_ms_frame=91.579 point_time=164.04s gpu_mem=0.09GiB peak=0.26GiB
[ISO-CHUNK] wrote: /home/rsadve1/scratch/Extended_UPAIR_Narval_b32m16_portable/_isolated_eval_chunks/main_d256_b4_r2_u1_baseline_ls_lmmse_ebnom2p0_chunk0033_m8_b20/chunk_result.csv
[ISO-CHUNK] DONE
[PIPELINE] status done=0 reason=continue chunks=34 batches=680 block_errors=1/100 next_chunk=34
2026-06-09 09:48:16.268759: E external/local_xla/xla/stream_executor/cuda/cuda_dnn.cc:9261] Unable to register cuDNN factory: Attempting to register factory for plugin cuDNN when one has already been registered
2026-06-09 09:48:16.268794: E external/local_xla/xla/stream_executor/cuda/cuda_fft.cc:607] Unable to register cuFFT factory: Attempting to register factory for plugin cuFFT when one has already been registered
2026-06-09 09:48:16.269846: E external/local_xla/xla/stream_executor/cuda/cuda_blas.cc:1515] Unable to register cuBLAS factory: Attempting to register factory for plugin cuBLAS when one has already been registered
[COMPREHENSIVE] loaded Optuna best JSON for main_d256_b4_r2 from /home/rsadve1/scratch/Extended_UPAIR_Narval_b32m16_portable/optuna/clean_b32_prb8_d256_40k_smart_trueDMRS_u34610_1dmrs_stageB_main_d256_b4_r2_best_params.json
[ISO-CHUNK] variant: main_d256_b4_r2
[ISO-CHUNK] receiver: baseline_ls_lmmse
[ISO-CHUNK] num_users: 1
[ISO-CHUNK] ebno_db: -2.0
[ISO-CHUNK] chunk_idx: 34
[ISO-CHUNK] chunk_batches: 20
[ISO-CHUNK] receiver_microbatch_size: 8
[ISO-CHUNK] chunk_seed: 5068118
[ISO-CHUNK] checkpoint: /scratch/rsadve1/Extended_UPAIR_Narval_b32m16_portable/TWC_plots_comprehensive/runs_rx16/seed7/1dmrs/main_d256_b4_r2/checkpoints/best.weights.h5
[ISO-CHUNK] TF_GPU_ALLOCATOR: cuda_malloc_async
[ISO-CHUNK] output tag: main_d256_b4_r2_u1_baseline_ls_lmmse_ebnom2p0_chunk0034_m8_b20
[EVAL] receiver microbatching enabled: batch_size_eval=64 receiver_microbatch_size=8
WARNING:tensorflow:Model's `__init__()` arguments contain non-serializable objects. Please implement a `get_config()` method in the subclassed Model for proper saving and loading. Defaulting to empty config.
WARNING:tensorflow:Model's `__init__()` arguments contain non-serializable objects. Please implement a `get_config()` method in the subclassed Model for proper saving and loading. Defaulting to empty config.
[EVAL] loaded UPAIR checkpoint: /scratch/rsadve1/Extended_UPAIR_Narval_b32m16_portable/TWC_plots_comprehensive/runs_rx16/seed7/1dmrs/main_d256_b4_r2/checkpoints/best.weights.h5
[EVAL] skipping explicit NMSE channel-estimator calls for: baseline_ls_lmmse
[EVAL] instrumentation log_latency=True log_gpu_memory=True memory_cleanup_every_batches=1 memory_cleanup_every_microbatch=True stream_eval_microbatches=True compiled_receiver_error_counts=False receiver_call_jit_compile=False per_receiver_stopping=False target_bler_floor=1e-05 floor_num_frames=0 gpu_mem=0.09GiB peak=0.26GiB
[EVAL] receiver_call name=baseline_ls_lmmse mode=positional_y_no compiled_error_counts=False
[EVAL] progress num_users=1 Eb/N0=-2 dB batches=10/20 frame_err=baseline_ls_lmmse:0/640 elapsed=82.3s avg_batch=8.229s gpu_mem=0.09GiB peak=0.26GiB
[EVAL] progress num_users=1 Eb/N0=-2 dB batches=20/20 frame_err=baseline_ls_lmmse:0/1280 elapsed=164.4s avg_batch=8.221s gpu_mem=0.09GiB peak=0.26GiB
[EVAL] receiver=       baseline_ls_lmmse Eb/N0=-2.0 dB BER=0.00000e+00 BLER=0.00000e+00 NMSE=nan bit_err=     0/3809280  blk_err=    0/1280   batches=  20 stop=global_stop bler_ub=2.344e-03 rx_time=117.58s rx_ms_batch=5879.1 rx_ms_frame=91.861 point_time=164.43s gpu_mem=0.09GiB peak=0.26GiB
[ISO-CHUNK] wrote: /home/rsadve1/scratch/Extended_UPAIR_Narval_b32m16_portable/_isolated_eval_chunks/main_d256_b4_r2_u1_baseline_ls_lmmse_ebnom2p0_chunk0034_m8_b20/chunk_result.csv
[ISO-CHUNK] DONE
[PIPELINE] status done=0 reason=continue chunks=35 batches=700 block_errors=1/100 next_chunk=35
2026-06-09 09:51:35.917585: E external/local_xla/xla/stream_executor/cuda/cuda_dnn.cc:9261] Unable to register cuDNN factory: Attempting to register factory for plugin cuDNN when one has already been registered
2026-06-09 09:51:35.917618: E external/local_xla/xla/stream_executor/cuda/cuda_fft.cc:607] Unable to register cuFFT factory: Attempting to register factory for plugin cuFFT when one has already been registered
2026-06-09 09:51:35.918685: E external/local_xla/xla/stream_executor/cuda/cuda_blas.cc:1515] Unable to register cuBLAS factory: Attempting to register factory for plugin cuBLAS when one has already been registered
[COMPREHENSIVE] loaded Optuna best JSON for main_d256_b4_r2 from /home/rsadve1/scratch/Extended_UPAIR_Narval_b32m16_portable/optuna/clean_b32_prb8_d256_40k_smart_trueDMRS_u34610_1dmrs_stageB_main_d256_b4_r2_best_params.json
[ISO-CHUNK] variant: main_d256_b4_r2
[ISO-CHUNK] receiver: baseline_ls_lmmse
[ISO-CHUNK] num_users: 1
[ISO-CHUNK] ebno_db: -2.0
[ISO-CHUNK] chunk_idx: 35
[ISO-CHUNK] chunk_batches: 20
[ISO-CHUNK] receiver_microbatch_size: 8
[ISO-CHUNK] chunk_seed: 5168121
[ISO-CHUNK] checkpoint: /scratch/rsadve1/Extended_UPAIR_Narval_b32m16_portable/TWC_plots_comprehensive/runs_rx16/seed7/1dmrs/main_d256_b4_r2/checkpoints/best.weights.h5
[ISO-CHUNK] TF_GPU_ALLOCATOR: cuda_malloc_async
[ISO-CHUNK] output tag: main_d256_b4_r2_u1_baseline_ls_lmmse_ebnom2p0_chunk0035_m8_b20
[EVAL] receiver microbatching enabled: batch_size_eval=64 receiver_microbatch_size=8
WARNING:tensorflow:Model's `__init__()` arguments contain non-serializable objects. Please implement a `get_config()` method in the subclassed Model for proper saving and loading. Defaulting to empty config.
WARNING:tensorflow:Model's `__init__()` arguments contain non-serializable objects. Please implement a `get_config()` method in the subclassed Model for proper saving and loading. Defaulting to empty config.
[EVAL] loaded UPAIR checkpoint: /scratch/rsadve1/Extended_UPAIR_Narval_b32m16_portable/TWC_plots_comprehensive/runs_rx16/seed7/1dmrs/main_d256_b4_r2/checkpoints/best.weights.h5
[EVAL] skipping explicit NMSE channel-estimator calls for: baseline_ls_lmmse
[EVAL] instrumentation log_latency=True log_gpu_memory=True memory_cleanup_every_batches=1 memory_cleanup_every_microbatch=True stream_eval_microbatches=True compiled_receiver_error_counts=False receiver_call_jit_compile=False per_receiver_stopping=False target_bler_floor=1e-05 floor_num_frames=0 gpu_mem=0.09GiB peak=0.26GiB
[EVAL] receiver_call name=baseline_ls_lmmse mode=positional_y_no compiled_error_counts=False
[EVAL] progress num_users=1 Eb/N0=-2 dB batches=10/20 frame_err=baseline_ls_lmmse:0/640 elapsed=83.2s avg_batch=8.324s gpu_mem=0.09GiB peak=0.26GiB
[EVAL] progress num_users=1 Eb/N0=-2 dB batches=20/20 frame_err=baseline_ls_lmmse:0/1280 elapsed=165.6s avg_batch=8.280s gpu_mem=0.09GiB peak=0.26GiB
[EVAL] receiver=       baseline_ls_lmmse Eb/N0=-2.0 dB BER=0.00000e+00 BLER=0.00000e+00 NMSE=nan bit_err=     0/3809280  blk_err=    0/1280   batches=  20 stop=global_stop bler_ub=2.344e-03 rx_time=118.78s rx_ms_batch=5939.1 rx_ms_frame=92.799 point_time=165.60s gpu_mem=0.09GiB peak=0.26GiB
[ISO-CHUNK] wrote: /home/rsadve1/scratch/Extended_UPAIR_Narval_b32m16_portable/_isolated_eval_chunks/main_d256_b4_r2_u1_baseline_ls_lmmse_ebnom2p0_chunk0035_m8_b20/chunk_result.csv
[ISO-CHUNK] DONE
[PIPELINE] status done=0 reason=continue chunks=36 batches=720 block_errors=1/100 next_chunk=36
2026-06-09 09:55:00.376629: E external/local_xla/xla/stream_executor/cuda/cuda_dnn.cc:9261] Unable to register cuDNN factory: Attempting to register factory for plugin cuDNN when one has already been registered
2026-06-09 09:55:00.376667: E external/local_xla/xla/stream_executor/cuda/cuda_fft.cc:607] Unable to register cuFFT factory: Attempting to register factory for plugin cuFFT when one has already been registered
2026-06-09 09:55:00.377725: E external/local_xla/xla/stream_executor/cuda/cuda_blas.cc:1515] Unable to register cuBLAS factory: Attempting to register factory for plugin cuBLAS when one has already been registered
[COMPREHENSIVE] loaded Optuna best JSON for main_d256_b4_r2 from /home/rsadve1/scratch/Extended_UPAIR_Narval_b32m16_portable/optuna/clean_b32_prb8_d256_40k_smart_trueDMRS_u34610_1dmrs_stageB_main_d256_b4_r2_best_params.json
[ISO-CHUNK] variant: main_d256_b4_r2
[ISO-CHUNK] receiver: baseline_ls_lmmse
[ISO-CHUNK] num_users: 1
[ISO-CHUNK] ebno_db: -2.0
[ISO-CHUNK] chunk_idx: 36
[ISO-CHUNK] chunk_batches: 20
[ISO-CHUNK] receiver_microbatch_size: 8
[ISO-CHUNK] chunk_seed: 5268124
[ISO-CHUNK] checkpoint: /scratch/rsadve1/Extended_UPAIR_Narval_b32m16_portable/TWC_plots_comprehensive/runs_rx16/seed7/1dmrs/main_d256_b4_r2/checkpoints/best.weights.h5
[ISO-CHUNK] TF_GPU_ALLOCATOR: cuda_malloc_async
[ISO-CHUNK] output tag: main_d256_b4_r2_u1_baseline_ls_lmmse_ebnom2p0_chunk0036_m8_b20
[EVAL] receiver microbatching enabled: batch_size_eval=64 receiver_microbatch_size=8
WARNING:tensorflow:Model's `__init__()` arguments contain non-serializable objects. Please implement a `get_config()` method in the subclassed Model for proper saving and loading. Defaulting to empty config.
WARNING:tensorflow:Model's `__init__()` arguments contain non-serializable objects. Please implement a `get_config()` method in the subclassed Model for proper saving and loading. Defaulting to empty config.
[EVAL] loaded UPAIR checkpoint: /scratch/rsadve1/Extended_UPAIR_Narval_b32m16_portable/TWC_plots_comprehensive/runs_rx16/seed7/1dmrs/main_d256_b4_r2/checkpoints/best.weights.h5
[EVAL] skipping explicit NMSE channel-estimator calls for: baseline_ls_lmmse
[EVAL] instrumentation log_latency=True log_gpu_memory=True memory_cleanup_every_batches=1 memory_cleanup_every_microbatch=True stream_eval_microbatches=True compiled_receiver_error_counts=False receiver_call_jit_compile=False per_receiver_stopping=False target_bler_floor=1e-05 floor_num_frames=0 gpu_mem=0.09GiB peak=0.26GiB
[EVAL] receiver_call name=baseline_ls_lmmse mode=positional_y_no compiled_error_counts=False
[EVAL] progress num_users=1 Eb/N0=-2 dB batches=10/20 frame_err=baseline_ls_lmmse:0/640 elapsed=82.2s avg_batch=8.218s gpu_mem=0.09GiB peak=0.26GiB
[EVAL] progress num_users=1 Eb/N0=-2 dB batches=20/20 frame_err=baseline_ls_lmmse:0/1280 elapsed=164.5s avg_batch=8.225s gpu_mem=0.09GiB peak=0.26GiB
[EVAL] receiver=       baseline_ls_lmmse Eb/N0=-2.0 dB BER=0.00000e+00 BLER=0.00000e+00 NMSE=nan bit_err=     0/3809280  blk_err=    0/1280   batches=  20 stop=global_stop bler_ub=2.344e-03 rx_time=117.81s rx_ms_batch=5890.3 rx_ms_frame=92.035 point_time=164.51s gpu_mem=0.09GiB peak=0.26GiB
[ISO-CHUNK] wrote: /home/rsadve1/scratch/Extended_UPAIR_Narval_b32m16_portable/_isolated_eval_chunks/main_d256_b4_r2_u1_baseline_ls_lmmse_ebnom2p0_chunk0036_m8_b20/chunk_result.csv
[ISO-CHUNK] DONE
[PIPELINE] status done=0 reason=continue chunks=37 batches=740 block_errors=1/100 next_chunk=37
2026-06-09 09:58:13.739639: E external/local_xla/xla/stream_executor/cuda/cuda_dnn.cc:9261] Unable to register cuDNN factory: Attempting to register factory for plugin cuDNN when one has already been registered
2026-06-09 09:58:13.739681: E external/local_xla/xla/stream_executor/cuda/cuda_fft.cc:607] Unable to register cuFFT factory: Attempting to register factory for plugin cuFFT when one has already been registered
2026-06-09 09:58:13.740733: E external/local_xla/xla/stream_executor/cuda/cuda_blas.cc:1515] Unable to register cuBLAS factory: Attempting to register factory for plugin cuBLAS when one has already been registered
[COMPREHENSIVE] loaded Optuna best JSON for main_d256_b4_r2 from /home/rsadve1/scratch/Extended_UPAIR_Narval_b32m16_portable/optuna/clean_b32_prb8_d256_40k_smart_trueDMRS_u34610_1dmrs_stageB_main_d256_b4_r2_best_params.json
[ISO-CHUNK] variant: main_d256_b4_r2
[ISO-CHUNK] receiver: baseline_ls_lmmse
[ISO-CHUNK] num_users: 1
[ISO-CHUNK] ebno_db: -2.0
[ISO-CHUNK] chunk_idx: 37
[ISO-CHUNK] chunk_batches: 20
[ISO-CHUNK] receiver_microbatch_size: 8
[ISO-CHUNK] chunk_seed: 5368127
[ISO-CHUNK] checkpoint: /scratch/rsadve1/Extended_UPAIR_Narval_b32m16_portable/TWC_plots_comprehensive/runs_rx16/seed7/1dmrs/main_d256_b4_r2/checkpoints/best.weights.h5
[ISO-CHUNK] TF_GPU_ALLOCATOR: cuda_malloc_async
[ISO-CHUNK] output tag: main_d256_b4_r2_u1_baseline_ls_lmmse_ebnom2p0_chunk0037_m8_b20
[EVAL] receiver microbatching enabled: batch_size_eval=64 receiver_microbatch_size=8
WARNING:tensorflow:Model's `__init__()` arguments contain non-serializable objects. Please implement a `get_config()` method in the subclassed Model for proper saving and loading. Defaulting to empty config.
WARNING:tensorflow:Model's `__init__()` arguments contain non-serializable objects. Please implement a `get_config()` method in the subclassed Model for proper saving and loading. Defaulting to empty config.
[EVAL] loaded UPAIR checkpoint: /scratch/rsadve1/Extended_UPAIR_Narval_b32m16_portable/TWC_plots_comprehensive/runs_rx16/seed7/1dmrs/main_d256_b4_r2/checkpoints/best.weights.h5
[EVAL] skipping explicit NMSE channel-estimator calls for: baseline_ls_lmmse
[EVAL] instrumentation log_latency=True log_gpu_memory=True memory_cleanup_every_batches=1 memory_cleanup_every_microbatch=True stream_eval_microbatches=True compiled_receiver_error_counts=False receiver_call_jit_compile=False per_receiver_stopping=False target_bler_floor=1e-05 floor_num_frames=0 gpu_mem=0.09GiB peak=0.26GiB
[EVAL] receiver_call name=baseline_ls_lmmse mode=positional_y_no compiled_error_counts=False
[EVAL] progress num_users=1 Eb/N0=-2 dB batches=10/20 frame_err=baseline_ls_lmmse:0/640 elapsed=82.3s avg_batch=8.229s gpu_mem=0.09GiB peak=0.26GiB
[EVAL] progress num_users=1 Eb/N0=-2 dB batches=20/20 frame_err=baseline_ls_lmmse:0/1280 elapsed=164.2s avg_batch=8.211s gpu_mem=0.09GiB peak=0.26GiB
[EVAL] receiver=       baseline_ls_lmmse Eb/N0=-2.0 dB BER=0.00000e+00 BLER=0.00000e+00 NMSE=nan bit_err=     0/3809280  blk_err=    0/1280   batches=  20 stop=global_stop bler_ub=2.344e-03 rx_time=117.44s rx_ms_batch=5872.0 rx_ms_frame=91.751 point_time=164.22s gpu_mem=0.09GiB peak=0.26GiB
[ISO-CHUNK] wrote: /home/rsadve1/scratch/Extended_UPAIR_Narval_b32m16_portable/_isolated_eval_chunks/main_d256_b4_r2_u1_baseline_ls_lmmse_ebnom2p0_chunk0037_m8_b20/chunk_result.csv
[ISO-CHUNK] DONE
[PIPELINE] status done=0 reason=continue chunks=38 batches=760 block_errors=1/100 next_chunk=38
2026-06-09 10:01:39.658322: E external/local_xla/xla/stream_executor/cuda/cuda_dnn.cc:9261] Unable to register cuDNN factory: Attempting to register factory for plugin cuDNN when one has already been registered
2026-06-09 10:01:39.658366: E external/local_xla/xla/stream_executor/cuda/cuda_fft.cc:607] Unable to register cuFFT factory: Attempting to register factory for plugin cuFFT when one has already been registered
2026-06-09 10:01:39.659516: E external/local_xla/xla/stream_executor/cuda/cuda_blas.cc:1515] Unable to register cuBLAS factory: Attempting to register factory for plugin cuBLAS when one has already been registered
[COMPREHENSIVE] loaded Optuna best JSON for main_d256_b4_r2 from /home/rsadve1/scratch/Extended_UPAIR_Narval_b32m16_portable/optuna/clean_b32_prb8_d256_40k_smart_trueDMRS_u34610_1dmrs_stageB_main_d256_b4_r2_best_params.json
[ISO-CHUNK] variant: main_d256_b4_r2
[ISO-CHUNK] receiver: baseline_ls_lmmse
[ISO-CHUNK] num_users: 1
[ISO-CHUNK] ebno_db: -2.0
[ISO-CHUNK] chunk_idx: 38
[ISO-CHUNK] chunk_batches: 20
[ISO-CHUNK] receiver_microbatch_size: 8
[ISO-CHUNK] chunk_seed: 5468130
[ISO-CHUNK] checkpoint: /scratch/rsadve1/Extended_UPAIR_Narval_b32m16_portable/TWC_plots_comprehensive/runs_rx16/seed7/1dmrs/main_d256_b4_r2/checkpoints/best.weights.h5
[ISO-CHUNK] TF_GPU_ALLOCATOR: cuda_malloc_async
[ISO-CHUNK] output tag: main_d256_b4_r2_u1_baseline_ls_lmmse_ebnom2p0_chunk0038_m8_b20
[EVAL] receiver microbatching enabled: batch_size_eval=64 receiver_microbatch_size=8
WARNING:tensorflow:Model's `__init__()` arguments contain non-serializable objects. Please implement a `get_config()` method in the subclassed Model for proper saving and loading. Defaulting to empty config.
WARNING:tensorflow:Model's `__init__()` arguments contain non-serializable objects. Please implement a `get_config()` method in the subclassed Model for proper saving and loading. Defaulting to empty config.
[EVAL] loaded UPAIR checkpoint: /scratch/rsadve1/Extended_UPAIR_Narval_b32m16_portable/TWC_plots_comprehensive/runs_rx16/seed7/1dmrs/main_d256_b4_r2/checkpoints/best.weights.h5
[EVAL] skipping explicit NMSE channel-estimator calls for: baseline_ls_lmmse
[EVAL] instrumentation log_latency=True log_gpu_memory=True memory_cleanup_every_batches=1 memory_cleanup_every_microbatch=True stream_eval_microbatches=True compiled_receiver_error_counts=False receiver_call_jit_compile=False per_receiver_stopping=False target_bler_floor=1e-05 floor_num_frames=0 gpu_mem=0.09GiB peak=0.26GiB
[EVAL] receiver_call name=baseline_ls_lmmse mode=positional_y_no compiled_error_counts=False
[EVAL] progress num_users=1 Eb/N0=-2 dB batches=10/20 frame_err=baseline_ls_lmmse:1/640 elapsed=82.6s avg_batch=8.260s gpu_mem=0.09GiB peak=0.26GiB
