[ENV] Reusing portable venv: /home/rsadve1/scratch/.vevn_upair_potable
[ENV] Checking installed package metadata only; TensorFlow/Sionna are not imported here.
[ENV] Python 3.11.5
[ENV] numpy 1.26.4+computecanada
[ENV] pandas 2.2.3+computecanada
[ENV] matplotlib 3.10.0+computecanada
[ENV] PyYAML 6.0.2+computecanada
[ENV] scipy 1.15.1+computecanada
[ENV] tensorflow 2.15.1+computecanada
[ENV] sionna-no-rt 1.2.1
[ENV] optuna 4.8.0+computecanada
[ENV] Skipping TensorFlow/Sionna import check on this node. Set UPAIR_DEEP_IMPORT_CHECK=1 to test imports explicitly.
[ENV] Ready: REPO=/home/rsadve1/scratch/Extended_UPAIR_Narval_b32m16_portable
[ENV] Ready: VENV=/home/rsadve1/scratch/.vevn_upair_potable
[ENV] Reusing portable venv: /home/rsadve1/scratch/.vevn_upair_potable
[ENV] Checking installed package metadata only; TensorFlow/Sionna are not imported here.
[ENV] Python 3.11.5
[ENV] numpy 1.26.4+computecanada
[ENV] pandas 2.2.3+computecanada
[ENV] matplotlib 3.10.0+computecanada
[ENV] PyYAML 6.0.2+computecanada
[ENV] scipy 1.15.1+computecanada
[ENV] tensorflow 2.15.1+computecanada
[ENV] sionna-no-rt 1.2.1
[ENV] optuna 4.8.0+computecanada
[ENV] Skipping TensorFlow/Sionna import check on this node. Set UPAIR_DEEP_IMPORT_CHECK=1 to test imports explicitly.
[ENV] Ready: REPO=/home/rsadve1/scratch/Extended_UPAIR_Narval_b32m16_portable
[ENV] Ready: VENV=/home/rsadve1/scratch/.vevn_upair_potable
================================================================================
[PIPELINE] variant=shallow_d256_b2_r2
[PIPELINE] root=/home/rsadve1/scratch/Extended_UPAIR_Narval_b32m16_portable
[PIPELINE] stageB_prefix=clean_b32_prb8_d256_40k_smart_trueDMRS_u34610_1dmrs_stageB
[PIPELINE] receivers=baseline_ls_lmmse,baseline_ls_2dlmmse_lmmse,upair5g_lmmse,perfect_csi_lmmse
[PIPELINE] users=1,2,3,4
[PIPELINE] ebnos=-4,-3,-2,-1,0,1,2,3,4
[PIPELINE] chunk_batches=20 micro=8
================================================================================
[PIPELINE] training already complete for shallow_d256_b2_r2; skipping training.
[PIPELINE] starting/resuming isolated evaluation for shallow_d256_b2_r2.

--------------------------------------------------------------------------------
[PIPELINE] eval point variant=shallow_d256_b2_r2 receiver=baseline_ls_lmmse U=1 Eb/N0=-4
--------------------------------------------------------------------------------
[PIPELINE] status done=0 reason=continue chunks=0 batches=0 block_errors=0/100 next_chunk=0
2026-06-09 06:09:49.726590: E external/local_xla/xla/stream_executor/cuda/cuda_dnn.cc:9261] Unable to register cuDNN factory: Attempting to register factory for plugin cuDNN when one has already been registered
2026-06-09 06:09:49.726626: E external/local_xla/xla/stream_executor/cuda/cuda_fft.cc:607] Unable to register cuFFT factory: Attempting to register factory for plugin cuFFT when one has already been registered
2026-06-09 06:09:49.759016: E external/local_xla/xla/stream_executor/cuda/cuda_blas.cc:1515] Unable to register cuBLAS factory: Attempting to register factory for plugin cuBLAS when one has already been registered
[COMPREHENSIVE] loaded Optuna best JSON for shallow_d256_b2_r2 from /home/rsadve1/scratch/Extended_UPAIR_Narval_b32m16_portable/optuna/clean_b32_prb8_d256_40k_smart_trueDMRS_u34610_1dmrs_stageB_shallow_d256_b2_r2_best_params.json
[ISO-CHUNK] variant: shallow_d256_b2_r2
[ISO-CHUNK] receiver: baseline_ls_lmmse
[ISO-CHUNK] num_users: 1
[ISO-CHUNK] ebno_db: -4.0
[ISO-CHUNK] chunk_idx: 0
[ISO-CHUNK] chunk_batches: 20
[ISO-CHUNK] receiver_microbatch_size: 8
[ISO-CHUNK] chunk_seed: 1634016
[ISO-CHUNK] checkpoint: /scratch/rsadve1/Extended_UPAIR_Narval_b32m16_portable/TWC_plots_comprehensive/runs_rx16/seed7/1dmrs/shallow_d256_b2_r2/checkpoints/best.weights.h5
[ISO-CHUNK] TF_GPU_ALLOCATOR: cuda_malloc_async
[ISO-CHUNK] output tag: shallow_d256_b2_r2_u1_baseline_ls_lmmse_ebnom4p0_chunk0000_m8_b20
[EVAL] receiver microbatching enabled: batch_size_eval=64 receiver_microbatch_size=8
WARNING:tensorflow:Model's `__init__()` arguments contain non-serializable objects. Please implement a `get_config()` method in the subclassed Model for proper saving and loading. Defaulting to empty config.
WARNING:tensorflow:Model's `__init__()` arguments contain non-serializable objects. Please implement a `get_config()` method in the subclassed Model for proper saving and loading. Defaulting to empty config.
[EVAL] loaded UPAIR checkpoint: /scratch/rsadve1/Extended_UPAIR_Narval_b32m16_portable/TWC_plots_comprehensive/runs_rx16/seed7/1dmrs/shallow_d256_b2_r2/checkpoints/best.weights.h5
[EVAL] skipping explicit NMSE channel-estimator calls for: baseline_ls_lmmse
[EVAL] instrumentation log_latency=True log_gpu_memory=True memory_cleanup_every_batches=1 memory_cleanup_every_microbatch=True stream_eval_microbatches=True compiled_receiver_error_counts=False receiver_call_jit_compile=False per_receiver_stopping=False target_bler_floor=1e-05 floor_num_frames=0 gpu_mem=0.04GiB peak=0.22GiB
[EVAL] receiver_call name=baseline_ls_lmmse mode=positional_y_no compiled_error_counts=False
[EVAL] progress num_users=1 Eb/N0=-4 dB batches=10/20 frame_err=baseline_ls_lmmse:17/640 elapsed=73.4s avg_batch=7.337s gpu_mem=0.04GiB peak=0.22GiB
[EVAL] progress num_users=1 Eb/N0=-4 dB batches=20/20 frame_err=baseline_ls_lmmse:40/1280 elapsed=145.7s avg_batch=7.283s gpu_mem=0.04GiB peak=0.22GiB
[EVAL] receiver=       baseline_ls_lmmse Eb/N0=-4.0 dB BER=1.21335e-03 BLER=3.12500e-02 NMSE=nan bit_err=  4622/3809280  blk_err=   40/1280   batches=  20 stop=global_stop rx_time=108.65s rx_ms_batch=5432.7 rx_ms_frame=84.886 point_time=145.67s gpu_mem=0.04GiB peak=0.22GiB
[ISO-CHUNK] wrote: /home/rsadve1/scratch/Extended_UPAIR_Narval_b32m16_portable/_isolated_eval_chunks/shallow_d256_b2_r2_u1_baseline_ls_lmmse_ebnom4p0_chunk0000_m8_b20/chunk_result.csv
[ISO-CHUNK] DONE
[PIPELINE] status done=0 reason=continue chunks=1 batches=20 block_errors=40/100 next_chunk=1
2026-06-09 06:12:57.345150: E external/local_xla/xla/stream_executor/cuda/cuda_dnn.cc:9261] Unable to register cuDNN factory: Attempting to register factory for plugin cuDNN when one has already been registered
2026-06-09 06:12:57.345203: E external/local_xla/xla/stream_executor/cuda/cuda_fft.cc:607] Unable to register cuFFT factory: Attempting to register factory for plugin cuFFT when one has already been registered
2026-06-09 06:12:57.346339: E external/local_xla/xla/stream_executor/cuda/cuda_blas.cc:1515] Unable to register cuBLAS factory: Attempting to register factory for plugin cuBLAS when one has already been registered
[COMPREHENSIVE] loaded Optuna best JSON for shallow_d256_b2_r2 from /home/rsadve1/scratch/Extended_UPAIR_Narval_b32m16_portable/optuna/clean_b32_prb8_d256_40k_smart_trueDMRS_u34610_1dmrs_stageB_shallow_d256_b2_r2_best_params.json
[ISO-CHUNK] variant: shallow_d256_b2_r2
[ISO-CHUNK] receiver: baseline_ls_lmmse
[ISO-CHUNK] num_users: 1
[ISO-CHUNK] ebno_db: -4.0
[ISO-CHUNK] chunk_idx: 1
[ISO-CHUNK] chunk_batches: 20
[ISO-CHUNK] receiver_microbatch_size: 8
[ISO-CHUNK] chunk_seed: 1734019
[ISO-CHUNK] checkpoint: /scratch/rsadve1/Extended_UPAIR_Narval_b32m16_portable/TWC_plots_comprehensive/runs_rx16/seed7/1dmrs/shallow_d256_b2_r2/checkpoints/best.weights.h5
[ISO-CHUNK] TF_GPU_ALLOCATOR: cuda_malloc_async
[ISO-CHUNK] output tag: shallow_d256_b2_r2_u1_baseline_ls_lmmse_ebnom4p0_chunk0001_m8_b20
[EVAL] receiver microbatching enabled: batch_size_eval=64 receiver_microbatch_size=8
WARNING:tensorflow:Model's `__init__()` arguments contain non-serializable objects. Please implement a `get_config()` method in the subclassed Model for proper saving and loading. Defaulting to empty config.
WARNING:tensorflow:Model's `__init__()` arguments contain non-serializable objects. Please implement a `get_config()` method in the subclassed Model for proper saving and loading. Defaulting to empty config.
[EVAL] loaded UPAIR checkpoint: /scratch/rsadve1/Extended_UPAIR_Narval_b32m16_portable/TWC_plots_comprehensive/runs_rx16/seed7/1dmrs/shallow_d256_b2_r2/checkpoints/best.weights.h5
[EVAL] skipping explicit NMSE channel-estimator calls for: baseline_ls_lmmse
[EVAL] instrumentation log_latency=True log_gpu_memory=True memory_cleanup_every_batches=1 memory_cleanup_every_microbatch=True stream_eval_microbatches=True compiled_receiver_error_counts=False receiver_call_jit_compile=False per_receiver_stopping=False target_bler_floor=1e-05 floor_num_frames=0 gpu_mem=0.04GiB peak=0.22GiB
[EVAL] receiver_call name=baseline_ls_lmmse mode=positional_y_no compiled_error_counts=False
[EVAL] progress num_users=1 Eb/N0=-4 dB batches=10/20 frame_err=baseline_ls_lmmse:31/640 elapsed=74.0s avg_batch=7.402s gpu_mem=0.04GiB peak=0.22GiB
[EVAL] progress num_users=1 Eb/N0=-4 dB batches=20/20 frame_err=baseline_ls_lmmse:53/1280 elapsed=147.0s avg_batch=7.350s gpu_mem=0.04GiB peak=0.22GiB
[EVAL] receiver=       baseline_ls_lmmse Eb/N0=-4.0 dB BER=2.06574e-03 BLER=4.14062e-02 NMSE=nan bit_err=  7869/3809280  blk_err=   53/1280   batches=  20 stop=global_stop rx_time=109.24s rx_ms_batch=5462.1 rx_ms_frame=85.345 point_time=147.01s gpu_mem=0.04GiB peak=0.22GiB
[ISO-CHUNK] wrote: /home/rsadve1/scratch/Extended_UPAIR_Narval_b32m16_portable/_isolated_eval_chunks/shallow_d256_b2_r2_u1_baseline_ls_lmmse_ebnom4p0_chunk0001_m8_b20/chunk_result.csv
[ISO-CHUNK] DONE
[PIPELINE] status done=0 reason=continue chunks=2 batches=40 block_errors=93/100 next_chunk=2
2026-06-09 06:15:46.371603: E external/local_xla/xla/stream_executor/cuda/cuda_dnn.cc:9261] Unable to register cuDNN factory: Attempting to register factory for plugin cuDNN when one has already been registered
2026-06-09 06:15:46.371649: E external/local_xla/xla/stream_executor/cuda/cuda_fft.cc:607] Unable to register cuFFT factory: Attempting to register factory for plugin cuFFT when one has already been registered
2026-06-09 06:15:46.372767: E external/local_xla/xla/stream_executor/cuda/cuda_blas.cc:1515] Unable to register cuBLAS factory: Attempting to register factory for plugin cuBLAS when one has already been registered
[COMPREHENSIVE] loaded Optuna best JSON for shallow_d256_b2_r2 from /home/rsadve1/scratch/Extended_UPAIR_Narval_b32m16_portable/optuna/clean_b32_prb8_d256_40k_smart_trueDMRS_u34610_1dmrs_stageB_shallow_d256_b2_r2_best_params.json
[ISO-CHUNK] variant: shallow_d256_b2_r2
[ISO-CHUNK] receiver: baseline_ls_lmmse
[ISO-CHUNK] num_users: 1
[ISO-CHUNK] ebno_db: -4.0
[ISO-CHUNK] chunk_idx: 2
[ISO-CHUNK] chunk_batches: 20
[ISO-CHUNK] receiver_microbatch_size: 8
[ISO-CHUNK] chunk_seed: 1834022
[ISO-CHUNK] checkpoint: /scratch/rsadve1/Extended_UPAIR_Narval_b32m16_portable/TWC_plots_comprehensive/runs_rx16/seed7/1dmrs/shallow_d256_b2_r2/checkpoints/best.weights.h5
[ISO-CHUNK] TF_GPU_ALLOCATOR: cuda_malloc_async
[ISO-CHUNK] output tag: shallow_d256_b2_r2_u1_baseline_ls_lmmse_ebnom4p0_chunk0002_m8_b20
[EVAL] receiver microbatching enabled: batch_size_eval=64 receiver_microbatch_size=8
WARNING:tensorflow:Model's `__init__()` arguments contain non-serializable objects. Please implement a `get_config()` method in the subclassed Model for proper saving and loading. Defaulting to empty config.
WARNING:tensorflow:Model's `__init__()` arguments contain non-serializable objects. Please implement a `get_config()` method in the subclassed Model for proper saving and loading. Defaulting to empty config.
[EVAL] loaded UPAIR checkpoint: /scratch/rsadve1/Extended_UPAIR_Narval_b32m16_portable/TWC_plots_comprehensive/runs_rx16/seed7/1dmrs/shallow_d256_b2_r2/checkpoints/best.weights.h5
[EVAL] skipping explicit NMSE channel-estimator calls for: baseline_ls_lmmse
[EVAL] instrumentation log_latency=True log_gpu_memory=True memory_cleanup_every_batches=1 memory_cleanup_every_microbatch=True stream_eval_microbatches=True compiled_receiver_error_counts=False receiver_call_jit_compile=False per_receiver_stopping=False target_bler_floor=1e-05 floor_num_frames=0 gpu_mem=0.04GiB peak=0.22GiB
[EVAL] receiver_call name=baseline_ls_lmmse mode=positional_y_no compiled_error_counts=False
[EVAL] progress num_users=1 Eb/N0=-4 dB batches=10/20 frame_err=baseline_ls_lmmse:19/640 elapsed=73.4s avg_batch=7.344s gpu_mem=0.04GiB peak=0.22GiB
[EVAL] progress num_users=1 Eb/N0=-4 dB batches=20/20 frame_err=baseline_ls_lmmse:45/1280 elapsed=146.6s avg_batch=7.330s gpu_mem=0.04GiB peak=0.22GiB
[EVAL] receiver=       baseline_ls_lmmse Eb/N0=-4.0 dB BER=1.12593e-03 BLER=3.51562e-02 NMSE=nan bit_err=  4289/3809280  blk_err=   45/1280   batches=  20 stop=global_stop rx_time=109.01s rx_ms_batch=5450.4 rx_ms_frame=85.163 point_time=146.60s gpu_mem=0.04GiB peak=0.22GiB
[ISO-CHUNK] wrote: /home/rsadve1/scratch/Extended_UPAIR_Narval_b32m16_portable/_isolated_eval_chunks/shallow_d256_b2_r2_u1_baseline_ls_lmmse_ebnom4p0_chunk0002_m8_b20/chunk_result.csv
[ISO-CHUNK] DONE
[PIPELINE] status done=1 reason=target_block_errors chunks=3 batches=60 block_errors=138/100 next_chunk=-1
[ISO-MERGE] chunks: 3
[ISO-MERGE] rows: 1
[ISO-MERGE] wrote: /home/rsadve1/scratch/Extended_UPAIR_Narval_b32m16_portable/_isolated_eval_chunks/merged_shallow_d256_b2_r2_u1_baseline_ls_lmmse_em4.csv
[ISO-MERGE] wrote: /home/rsadve1/scratch/Extended_UPAIR_Narval_b32m16_portable/_isolated_eval_chunks/merged_shallow_d256_b2_r2_u1_baseline_ls_lmmse_em4.summary.json
         receiver            variant dmrs_case  seed  training_seed  num_users  ebno_db  num_chunks chunk_indices  bit_errors  num_bits  block_errors  num_blocks  num_batches_run  point_elapsed_s  data_elapsed_s  receiver_elapsed_s      ber     bler  nmse       mc_stop_reason  target_bler_floor  bler_zero_error_upper_bound  ber_zero_error_upper_bound  receiver_ms_per_batch  receiver_ms_per_frame  reliable_ber  reliable_bler
baseline_ls_lmmse shallow_d256_b2_r2     1dmrs     7              7          1     -4.0           3         0,1,2       16780  11427840           138        3840               60        439.27021       68.761612          326.903795 0.001468 0.035937   NaN isolated_chunk_merge                NaN                          NaN                         NaN            5448.396581              85.131197          True           True

--------------------------------------------------------------------------------
[PIPELINE] eval point variant=shallow_d256_b2_r2 receiver=baseline_ls_lmmse U=1 Eb/N0=-3
--------------------------------------------------------------------------------
[PIPELINE] status done=0 reason=continue chunks=0 batches=0 block_errors=0/100 next_chunk=0
2026-06-09 06:18:41.894731: E external/local_xla/xla/stream_executor/cuda/cuda_dnn.cc:9261] Unable to register cuDNN factory: Attempting to register factory for plugin cuDNN when one has already been registered
2026-06-09 06:18:41.894778: E external/local_xla/xla/stream_executor/cuda/cuda_fft.cc:607] Unable to register cuFFT factory: Attempting to register factory for plugin cuFFT when one has already been registered
2026-06-09 06:18:41.895900: E external/local_xla/xla/stream_executor/cuda/cuda_blas.cc:1515] Unable to register cuBLAS factory: Attempting to register factory for plugin cuBLAS when one has already been registered
[COMPREHENSIVE] loaded Optuna best JSON for shallow_d256_b2_r2 from /home/rsadve1/scratch/Extended_UPAIR_Narval_b32m16_portable/optuna/clean_b32_prb8_d256_40k_smart_trueDMRS_u34610_1dmrs_stageB_shallow_d256_b2_r2_best_params.json
[ISO-CHUNK] variant: shallow_d256_b2_r2
[ISO-CHUNK] receiver: baseline_ls_lmmse
[ISO-CHUNK] num_users: 1
[ISO-CHUNK] ebno_db: -3.0
[ISO-CHUNK] chunk_idx: 0
[ISO-CHUNK] chunk_batches: 20
[ISO-CHUNK] receiver_microbatch_size: 8
[ISO-CHUNK] chunk_seed: 1651016
[ISO-CHUNK] checkpoint: /scratch/rsadve1/Extended_UPAIR_Narval_b32m16_portable/TWC_plots_comprehensive/runs_rx16/seed7/1dmrs/shallow_d256_b2_r2/checkpoints/best.weights.h5
[ISO-CHUNK] TF_GPU_ALLOCATOR: cuda_malloc_async
[ISO-CHUNK] output tag: shallow_d256_b2_r2_u1_baseline_ls_lmmse_ebnom3p0_chunk0000_m8_b20
[EVAL] receiver microbatching enabled: batch_size_eval=64 receiver_microbatch_size=8
WARNING:tensorflow:Model's `__init__()` arguments contain non-serializable objects. Please implement a `get_config()` method in the subclassed Model for proper saving and loading. Defaulting to empty config.
WARNING:tensorflow:Model's `__init__()` arguments contain non-serializable objects. Please implement a `get_config()` method in the subclassed Model for proper saving and loading. Defaulting to empty config.
[EVAL] loaded UPAIR checkpoint: /scratch/rsadve1/Extended_UPAIR_Narval_b32m16_portable/TWC_plots_comprehensive/runs_rx16/seed7/1dmrs/shallow_d256_b2_r2/checkpoints/best.weights.h5
[EVAL] skipping explicit NMSE channel-estimator calls for: baseline_ls_lmmse
[EVAL] instrumentation log_latency=True log_gpu_memory=True memory_cleanup_every_batches=1 memory_cleanup_every_microbatch=True stream_eval_microbatches=True compiled_receiver_error_counts=False receiver_call_jit_compile=False per_receiver_stopping=False target_bler_floor=1e-05 floor_num_frames=0 gpu_mem=0.04GiB peak=0.22GiB
[EVAL] receiver_call name=baseline_ls_lmmse mode=positional_y_no compiled_error_counts=False
[EVAL] progress num_users=1 Eb/N0=-3 dB batches=10/20 frame_err=baseline_ls_lmmse:3/640 elapsed=71.8s avg_batch=7.184s gpu_mem=0.04GiB peak=0.22GiB
[EVAL] progress num_users=1 Eb/N0=-3 dB batches=20/20 frame_err=baseline_ls_lmmse:4/1280 elapsed=141.6s avg_batch=7.082s gpu_mem=0.04GiB peak=0.22GiB
[EVAL] receiver=       baseline_ls_lmmse Eb/N0=-3.0 dB BER=7.35047e-06 BLER=3.12500e-03 NMSE=nan bit_err=    28/3809280  blk_err=    4/1280   batches=  20 stop=global_stop rx_time=109.10s rx_ms_batch=5455.0 rx_ms_frame=85.234 point_time=141.64s gpu_mem=0.04GiB peak=0.22GiB
[ISO-CHUNK] wrote: /home/rsadve1/scratch/Extended_UPAIR_Narval_b32m16_portable/_isolated_eval_chunks/shallow_d256_b2_r2_u1_baseline_ls_lmmse_ebnom3p0_chunk0000_m8_b20/chunk_result.csv
[ISO-CHUNK] DONE
[PIPELINE] status done=0 reason=continue chunks=1 batches=20 block_errors=4/100 next_chunk=1
2026-06-09 06:21:34.803303: E external/local_xla/xla/stream_executor/cuda/cuda_dnn.cc:9261] Unable to register cuDNN factory: Attempting to register factory for plugin cuDNN when one has already been registered
2026-06-09 06:21:34.803332: E external/local_xla/xla/stream_executor/cuda/cuda_fft.cc:607] Unable to register cuFFT factory: Attempting to register factory for plugin cuFFT when one has already been registered
2026-06-09 06:21:34.804468: E external/local_xla/xla/stream_executor/cuda/cuda_blas.cc:1515] Unable to register cuBLAS factory: Attempting to register factory for plugin cuBLAS when one has already been registered
[COMPREHENSIVE] loaded Optuna best JSON for shallow_d256_b2_r2 from /home/rsadve1/scratch/Extended_UPAIR_Narval_b32m16_portable/optuna/clean_b32_prb8_d256_40k_smart_trueDMRS_u34610_1dmrs_stageB_shallow_d256_b2_r2_best_params.json
[ISO-CHUNK] variant: shallow_d256_b2_r2
[ISO-CHUNK] receiver: baseline_ls_lmmse
[ISO-CHUNK] num_users: 1
[ISO-CHUNK] ebno_db: -3.0
[ISO-CHUNK] chunk_idx: 1
[ISO-CHUNK] chunk_batches: 20
[ISO-CHUNK] receiver_microbatch_size: 8
[ISO-CHUNK] chunk_seed: 1751019
[ISO-CHUNK] checkpoint: /scratch/rsadve1/Extended_UPAIR_Narval_b32m16_portable/TWC_plots_comprehensive/runs_rx16/seed7/1dmrs/shallow_d256_b2_r2/checkpoints/best.weights.h5
[ISO-CHUNK] TF_GPU_ALLOCATOR: cuda_malloc_async
[ISO-CHUNK] output tag: shallow_d256_b2_r2_u1_baseline_ls_lmmse_ebnom3p0_chunk0001_m8_b20
[EVAL] receiver microbatching enabled: batch_size_eval=64 receiver_microbatch_size=8
WARNING:tensorflow:Model's `__init__()` arguments contain non-serializable objects. Please implement a `get_config()` method in the subclassed Model for proper saving and loading. Defaulting to empty config.
WARNING:tensorflow:Model's `__init__()` arguments contain non-serializable objects. Please implement a `get_config()` method in the subclassed Model for proper saving and loading. Defaulting to empty config.
[EVAL] loaded UPAIR checkpoint: /scratch/rsadve1/Extended_UPAIR_Narval_b32m16_portable/TWC_plots_comprehensive/runs_rx16/seed7/1dmrs/shallow_d256_b2_r2/checkpoints/best.weights.h5
[EVAL] skipping explicit NMSE channel-estimator calls for: baseline_ls_lmmse
[EVAL] instrumentation log_latency=True log_gpu_memory=True memory_cleanup_every_batches=1 memory_cleanup_every_microbatch=True stream_eval_microbatches=True compiled_receiver_error_counts=False receiver_call_jit_compile=False per_receiver_stopping=False target_bler_floor=1e-05 floor_num_frames=0 gpu_mem=0.04GiB peak=0.22GiB
[EVAL] receiver_call name=baseline_ls_lmmse mode=positional_y_no compiled_error_counts=False
[EVAL] progress num_users=1 Eb/N0=-3 dB batches=10/20 frame_err=baseline_ls_lmmse:2/640 elapsed=70.4s avg_batch=7.037s gpu_mem=0.04GiB peak=0.22GiB
[EVAL] progress num_users=1 Eb/N0=-3 dB batches=20/20 frame_err=baseline_ls_lmmse:2/1280 elapsed=140.6s avg_batch=7.028s gpu_mem=0.04GiB peak=0.22GiB
[EVAL] receiver=       baseline_ls_lmmse Eb/N0=-3.0 dB BER=1.62760e-05 BLER=1.56250e-03 NMSE=nan bit_err=    62/3809280  blk_err=    2/1280   batches=  20 stop=global_stop rx_time=108.73s rx_ms_batch=5436.4 rx_ms_frame=84.943 point_time=140.57s gpu_mem=0.04GiB peak=0.22GiB
[ISO-CHUNK] wrote: /home/rsadve1/scratch/Extended_UPAIR_Narval_b32m16_portable/_isolated_eval_chunks/shallow_d256_b2_r2_u1_baseline_ls_lmmse_ebnom3p0_chunk0001_m8_b20/chunk_result.csv
[ISO-CHUNK] DONE
[PIPELINE] status done=0 reason=continue chunks=2 batches=40 block_errors=6/100 next_chunk=2
2026-06-09 06:24:21.936241: E external/local_xla/xla/stream_executor/cuda/cuda_dnn.cc:9261] Unable to register cuDNN factory: Attempting to register factory for plugin cuDNN when one has already been registered
2026-06-09 06:24:21.936277: E external/local_xla/xla/stream_executor/cuda/cuda_fft.cc:607] Unable to register cuFFT factory: Attempting to register factory for plugin cuFFT when one has already been registered
2026-06-09 06:24:21.937432: E external/local_xla/xla/stream_executor/cuda/cuda_blas.cc:1515] Unable to register cuBLAS factory: Attempting to register factory for plugin cuBLAS when one has already been registered
[COMPREHENSIVE] loaded Optuna best JSON for shallow_d256_b2_r2 from /home/rsadve1/scratch/Extended_UPAIR_Narval_b32m16_portable/optuna/clean_b32_prb8_d256_40k_smart_trueDMRS_u34610_1dmrs_stageB_shallow_d256_b2_r2_best_params.json
[ISO-CHUNK] variant: shallow_d256_b2_r2
[ISO-CHUNK] receiver: baseline_ls_lmmse
[ISO-CHUNK] num_users: 1
[ISO-CHUNK] ebno_db: -3.0
[ISO-CHUNK] chunk_idx: 2
[ISO-CHUNK] chunk_batches: 20
[ISO-CHUNK] receiver_microbatch_size: 8
[ISO-CHUNK] chunk_seed: 1851022
[ISO-CHUNK] checkpoint: /scratch/rsadve1/Extended_UPAIR_Narval_b32m16_portable/TWC_plots_comprehensive/runs_rx16/seed7/1dmrs/shallow_d256_b2_r2/checkpoints/best.weights.h5
[ISO-CHUNK] TF_GPU_ALLOCATOR: cuda_malloc_async
[ISO-CHUNK] output tag: shallow_d256_b2_r2_u1_baseline_ls_lmmse_ebnom3p0_chunk0002_m8_b20
[EVAL] receiver microbatching enabled: batch_size_eval=64 receiver_microbatch_size=8
WARNING:tensorflow:Model's `__init__()` arguments contain non-serializable objects. Please implement a `get_config()` method in the subclassed Model for proper saving and loading. Defaulting to empty config.
WARNING:tensorflow:Model's `__init__()` arguments contain non-serializable objects. Please implement a `get_config()` method in the subclassed Model for proper saving and loading. Defaulting to empty config.
[EVAL] loaded UPAIR checkpoint: /scratch/rsadve1/Extended_UPAIR_Narval_b32m16_portable/TWC_plots_comprehensive/runs_rx16/seed7/1dmrs/shallow_d256_b2_r2/checkpoints/best.weights.h5
[EVAL] skipping explicit NMSE channel-estimator calls for: baseline_ls_lmmse
[EVAL] instrumentation log_latency=True log_gpu_memory=True memory_cleanup_every_batches=1 memory_cleanup_every_microbatch=True stream_eval_microbatches=True compiled_receiver_error_counts=False receiver_call_jit_compile=False per_receiver_stopping=False target_bler_floor=1e-05 floor_num_frames=0 gpu_mem=0.04GiB peak=0.22GiB
[EVAL] receiver_call name=baseline_ls_lmmse mode=positional_y_no compiled_error_counts=False
[EVAL] progress num_users=1 Eb/N0=-3 dB batches=10/20 frame_err=baseline_ls_lmmse:0/640 elapsed=70.2s avg_batch=7.015s gpu_mem=0.04GiB peak=0.22GiB
[EVAL] progress num_users=1 Eb/N0=-3 dB batches=20/20 frame_err=baseline_ls_lmmse:1/1280 elapsed=141.6s avg_batch=7.082s gpu_mem=0.04GiB peak=0.22GiB
[EVAL] receiver=       baseline_ls_lmmse Eb/N0=-3.0 dB BER=2.17889e-05 BLER=7.81250e-04 NMSE=nan bit_err=    83/3809280  blk_err=    1/1280   batches=  20 stop=global_stop rx_time=108.24s rx_ms_batch=5411.8 rx_ms_frame=84.560 point_time=141.65s gpu_mem=0.04GiB peak=0.22GiB
[ISO-CHUNK] wrote: /home/rsadve1/scratch/Extended_UPAIR_Narval_b32m16_portable/_isolated_eval_chunks/shallow_d256_b2_r2_u1_baseline_ls_lmmse_ebnom3p0_chunk0002_m8_b20/chunk_result.csv
[ISO-CHUNK] DONE
[PIPELINE] status done=0 reason=continue chunks=3 batches=60 block_errors=7/100 next_chunk=3
2026-06-09 06:27:07.345359: E external/local_xla/xla/stream_executor/cuda/cuda_dnn.cc:9261] Unable to register cuDNN factory: Attempting to register factory for plugin cuDNN when one has already been registered
2026-06-09 06:27:07.345405: E external/local_xla/xla/stream_executor/cuda/cuda_fft.cc:607] Unable to register cuFFT factory: Attempting to register factory for plugin cuFFT when one has already been registered
2026-06-09 06:27:07.346529: E external/local_xla/xla/stream_executor/cuda/cuda_blas.cc:1515] Unable to register cuBLAS factory: Attempting to register factory for plugin cuBLAS when one has already been registered
[COMPREHENSIVE] loaded Optuna best JSON for shallow_d256_b2_r2 from /home/rsadve1/scratch/Extended_UPAIR_Narval_b32m16_portable/optuna/clean_b32_prb8_d256_40k_smart_trueDMRS_u34610_1dmrs_stageB_shallow_d256_b2_r2_best_params.json
[ISO-CHUNK] variant: shallow_d256_b2_r2
[ISO-CHUNK] receiver: baseline_ls_lmmse
[ISO-CHUNK] num_users: 1
[ISO-CHUNK] ebno_db: -3.0
[ISO-CHUNK] chunk_idx: 3
[ISO-CHUNK] chunk_batches: 20
[ISO-CHUNK] receiver_microbatch_size: 8
[ISO-CHUNK] chunk_seed: 1951025
[ISO-CHUNK] checkpoint: /scratch/rsadve1/Extended_UPAIR_Narval_b32m16_portable/TWC_plots_comprehensive/runs_rx16/seed7/1dmrs/shallow_d256_b2_r2/checkpoints/best.weights.h5
[ISO-CHUNK] TF_GPU_ALLOCATOR: cuda_malloc_async
[ISO-CHUNK] output tag: shallow_d256_b2_r2_u1_baseline_ls_lmmse_ebnom3p0_chunk0003_m8_b20
[EVAL] receiver microbatching enabled: batch_size_eval=64 receiver_microbatch_size=8
WARNING:tensorflow:Model's `__init__()` arguments contain non-serializable objects. Please implement a `get_config()` method in the subclassed Model for proper saving and loading. Defaulting to empty config.
WARNING:tensorflow:Model's `__init__()` arguments contain non-serializable objects. Please implement a `get_config()` method in the subclassed Model for proper saving and loading. Defaulting to empty config.
[EVAL] loaded UPAIR checkpoint: /scratch/rsadve1/Extended_UPAIR_Narval_b32m16_portable/TWC_plots_comprehensive/runs_rx16/seed7/1dmrs/shallow_d256_b2_r2/checkpoints/best.weights.h5
[EVAL] skipping explicit NMSE channel-estimator calls for: baseline_ls_lmmse
[EVAL] instrumentation log_latency=True log_gpu_memory=True memory_cleanup_every_batches=1 memory_cleanup_every_microbatch=True stream_eval_microbatches=True compiled_receiver_error_counts=False receiver_call_jit_compile=False per_receiver_stopping=False target_bler_floor=1e-05 floor_num_frames=0 gpu_mem=0.04GiB peak=0.22GiB
[EVAL] receiver_call name=baseline_ls_lmmse mode=positional_y_no compiled_error_counts=False
[EVAL] progress num_users=1 Eb/N0=-3 dB batches=10/20 frame_err=baseline_ls_lmmse:1/640 elapsed=73.1s avg_batch=7.312s gpu_mem=0.04GiB peak=0.22GiB
[EVAL] progress num_users=1 Eb/N0=-3 dB batches=20/20 frame_err=baseline_ls_lmmse:1/1280 elapsed=146.7s avg_batch=7.333s gpu_mem=0.04GiB peak=0.22GiB
[EVAL] receiver=       baseline_ls_lmmse Eb/N0=-3.0 dB BER=5.74912e-05 BLER=7.81250e-04 NMSE=nan bit_err=   219/3809280  blk_err=    1/1280   batches=  20 stop=global_stop rx_time=109.32s rx_ms_batch=5465.9 rx_ms_frame=85.404 point_time=146.65s gpu_mem=0.04GiB peak=0.22GiB
[ISO-CHUNK] wrote: /home/rsadve1/scratch/Extended_UPAIR_Narval_b32m16_portable/_isolated_eval_chunks/shallow_d256_b2_r2_u1_baseline_ls_lmmse_ebnom3p0_chunk0003_m8_b20/chunk_result.csv
[ISO-CHUNK] DONE
[PIPELINE] status done=0 reason=continue chunks=4 batches=80 block_errors=8/100 next_chunk=4
2026-06-09 06:29:59.071939: E external/local_xla/xla/stream_executor/cuda/cuda_dnn.cc:9261] Unable to register cuDNN factory: Attempting to register factory for plugin cuDNN when one has already been registered
2026-06-09 06:29:59.071977: E external/local_xla/xla/stream_executor/cuda/cuda_fft.cc:607] Unable to register cuFFT factory: Attempting to register factory for plugin cuFFT when one has already been registered
2026-06-09 06:29:59.073084: E external/local_xla/xla/stream_executor/cuda/cuda_blas.cc:1515] Unable to register cuBLAS factory: Attempting to register factory for plugin cuBLAS when one has already been registered
[COMPREHENSIVE] loaded Optuna best JSON for shallow_d256_b2_r2 from /home/rsadve1/scratch/Extended_UPAIR_Narval_b32m16_portable/optuna/clean_b32_prb8_d256_40k_smart_trueDMRS_u34610_1dmrs_stageB_shallow_d256_b2_r2_best_params.json
[ISO-CHUNK] variant: shallow_d256_b2_r2
[ISO-CHUNK] receiver: baseline_ls_lmmse
[ISO-CHUNK] num_users: 1
[ISO-CHUNK] ebno_db: -3.0
[ISO-CHUNK] chunk_idx: 4
[ISO-CHUNK] chunk_batches: 20
[ISO-CHUNK] receiver_microbatch_size: 8
[ISO-CHUNK] chunk_seed: 2051028
[ISO-CHUNK] checkpoint: /scratch/rsadve1/Extended_UPAIR_Narval_b32m16_portable/TWC_plots_comprehensive/runs_rx16/seed7/1dmrs/shallow_d256_b2_r2/checkpoints/best.weights.h5
[ISO-CHUNK] TF_GPU_ALLOCATOR: cuda_malloc_async
[ISO-CHUNK] output tag: shallow_d256_b2_r2_u1_baseline_ls_lmmse_ebnom3p0_chunk0004_m8_b20
[EVAL] receiver microbatching enabled: batch_size_eval=64 receiver_microbatch_size=8
WARNING:tensorflow:Model's `__init__()` arguments contain non-serializable objects. Please implement a `get_config()` method in the subclassed Model for proper saving and loading. Defaulting to empty config.
WARNING:tensorflow:Model's `__init__()` arguments contain non-serializable objects. Please implement a `get_config()` method in the subclassed Model for proper saving and loading. Defaulting to empty config.
[EVAL] loaded UPAIR checkpoint: /scratch/rsadve1/Extended_UPAIR_Narval_b32m16_portable/TWC_plots_comprehensive/runs_rx16/seed7/1dmrs/shallow_d256_b2_r2/checkpoints/best.weights.h5
[EVAL] skipping explicit NMSE channel-estimator calls for: baseline_ls_lmmse
[EVAL] instrumentation log_latency=True log_gpu_memory=True memory_cleanup_every_batches=1 memory_cleanup_every_microbatch=True stream_eval_microbatches=True compiled_receiver_error_counts=False receiver_call_jit_compile=False per_receiver_stopping=False target_bler_floor=1e-05 floor_num_frames=0 gpu_mem=0.04GiB peak=0.22GiB
[EVAL] receiver_call name=baseline_ls_lmmse mode=positional_y_no compiled_error_counts=False
[EVAL] progress num_users=1 Eb/N0=-3 dB batches=10/20 frame_err=baseline_ls_lmmse:0/640 elapsed=73.3s avg_batch=7.328s gpu_mem=0.04GiB peak=0.22GiB
[EVAL] progress num_users=1 Eb/N0=-3 dB batches=20/20 frame_err=baseline_ls_lmmse:2/1280 elapsed=146.2s avg_batch=7.309s gpu_mem=0.04GiB peak=0.22GiB
[EVAL] receiver=       baseline_ls_lmmse Eb/N0=-3.0 dB BER=1.36509e-05 BLER=1.56250e-03 NMSE=nan bit_err=    52/3809280  blk_err=    2/1280   batches=  20 stop=global_stop rx_time=109.23s rx_ms_batch=5461.3 rx_ms_frame=85.333 point_time=146.19s gpu_mem=0.04GiB peak=0.22GiB
[ISO-CHUNK] wrote: /home/rsadve1/scratch/Extended_UPAIR_Narval_b32m16_portable/_isolated_eval_chunks/shallow_d256_b2_r2_u1_baseline_ls_lmmse_ebnom3p0_chunk0004_m8_b20/chunk_result.csv
[ISO-CHUNK] DONE
[PIPELINE] status done=0 reason=continue chunks=5 batches=100 block_errors=10/100 next_chunk=5
2026-06-09 06:32:52.117949: E external/local_xla/xla/stream_executor/cuda/cuda_dnn.cc:9261] Unable to register cuDNN factory: Attempting to register factory for plugin cuDNN when one has already been registered
2026-06-09 06:32:52.118001: E external/local_xla/xla/stream_executor/cuda/cuda_fft.cc:607] Unable to register cuFFT factory: Attempting to register factory for plugin cuFFT when one has already been registered
2026-06-09 06:32:52.119131: E external/local_xla/xla/stream_executor/cuda/cuda_blas.cc:1515] Unable to register cuBLAS factory: Attempting to register factory for plugin cuBLAS when one has already been registered
[COMPREHENSIVE] loaded Optuna best JSON for shallow_d256_b2_r2 from /home/rsadve1/scratch/Extended_UPAIR_Narval_b32m16_portable/optuna/clean_b32_prb8_d256_40k_smart_trueDMRS_u34610_1dmrs_stageB_shallow_d256_b2_r2_best_params.json
[ISO-CHUNK] variant: shallow_d256_b2_r2
[ISO-CHUNK] receiver: baseline_ls_lmmse
[ISO-CHUNK] num_users: 1
[ISO-CHUNK] ebno_db: -3.0
[ISO-CHUNK] chunk_idx: 5
[ISO-CHUNK] chunk_batches: 20
[ISO-CHUNK] receiver_microbatch_size: 8
[ISO-CHUNK] chunk_seed: 2151031
[ISO-CHUNK] checkpoint: /scratch/rsadve1/Extended_UPAIR_Narval_b32m16_portable/TWC_plots_comprehensive/runs_rx16/seed7/1dmrs/shallow_d256_b2_r2/checkpoints/best.weights.h5
[ISO-CHUNK] TF_GPU_ALLOCATOR: cuda_malloc_async
[ISO-CHUNK] output tag: shallow_d256_b2_r2_u1_baseline_ls_lmmse_ebnom3p0_chunk0005_m8_b20
[EVAL] receiver microbatching enabled: batch_size_eval=64 receiver_microbatch_size=8
WARNING:tensorflow:Model's `__init__()` arguments contain non-serializable objects. Please implement a `get_config()` method in the subclassed Model for proper saving and loading. Defaulting to empty config.
WARNING:tensorflow:Model's `__init__()` arguments contain non-serializable objects. Please implement a `get_config()` method in the subclassed Model for proper saving and loading. Defaulting to empty config.
[EVAL] loaded UPAIR checkpoint: /scratch/rsadve1/Extended_UPAIR_Narval_b32m16_portable/TWC_plots_comprehensive/runs_rx16/seed7/1dmrs/shallow_d256_b2_r2/checkpoints/best.weights.h5
[EVAL] skipping explicit NMSE channel-estimator calls for: baseline_ls_lmmse
[EVAL] instrumentation log_latency=True log_gpu_memory=True memory_cleanup_every_batches=1 memory_cleanup_every_microbatch=True stream_eval_microbatches=True compiled_receiver_error_counts=False receiver_call_jit_compile=False per_receiver_stopping=False target_bler_floor=1e-05 floor_num_frames=0 gpu_mem=0.04GiB peak=0.22GiB
[EVAL] receiver_call name=baseline_ls_lmmse mode=positional_y_no compiled_error_counts=False
[EVAL] progress num_users=1 Eb/N0=-3 dB batches=10/20 frame_err=baseline_ls_lmmse:2/640 elapsed=73.3s avg_batch=7.331s gpu_mem=0.04GiB peak=0.22GiB
[EVAL] progress num_users=1 Eb/N0=-3 dB batches=20/20 frame_err=baseline_ls_lmmse:3/1280 elapsed=146.8s avg_batch=7.339s gpu_mem=0.04GiB peak=0.22GiB
[EVAL] receiver=       baseline_ls_lmmse Eb/N0=-3.0 dB BER=6.03789e-05 BLER=2.34375e-03 NMSE=nan bit_err=   230/3809280  blk_err=    3/1280   batches=  20 stop=global_stop rx_time=109.62s rx_ms_batch=5481.1 rx_ms_frame=85.642 point_time=146.77s gpu_mem=0.04GiB peak=0.22GiB
[ISO-CHUNK] wrote: /home/rsadve1/scratch/Extended_UPAIR_Narval_b32m16_portable/_isolated_eval_chunks/shallow_d256_b2_r2_u1_baseline_ls_lmmse_ebnom3p0_chunk0005_m8_b20/chunk_result.csv
[ISO-CHUNK] DONE
[PIPELINE] status done=0 reason=continue chunks=6 batches=120 block_errors=13/100 next_chunk=6
2026-06-09 06:35:45.117117: E external/local_xla/xla/stream_executor/cuda/cuda_dnn.cc:9261] Unable to register cuDNN factory: Attempting to register factory for plugin cuDNN when one has already been registered
2026-06-09 06:35:45.117162: E external/local_xla/xla/stream_executor/cuda/cuda_fft.cc:607] Unable to register cuFFT factory: Attempting to register factory for plugin cuFFT when one has already been registered
2026-06-09 06:35:45.118263: E external/local_xla/xla/stream_executor/cuda/cuda_blas.cc:1515] Unable to register cuBLAS factory: Attempting to register factory for plugin cuBLAS when one has already been registered
[COMPREHENSIVE] loaded Optuna best JSON for shallow_d256_b2_r2 from /home/rsadve1/scratch/Extended_UPAIR_Narval_b32m16_portable/optuna/clean_b32_prb8_d256_40k_smart_trueDMRS_u34610_1dmrs_stageB_shallow_d256_b2_r2_best_params.json
[ISO-CHUNK] variant: shallow_d256_b2_r2
[ISO-CHUNK] receiver: baseline_ls_lmmse
[ISO-CHUNK] num_users: 1
[ISO-CHUNK] ebno_db: -3.0
[ISO-CHUNK] chunk_idx: 6
[ISO-CHUNK] chunk_batches: 20
[ISO-CHUNK] receiver_microbatch_size: 8
[ISO-CHUNK] chunk_seed: 2251034
[ISO-CHUNK] checkpoint: /scratch/rsadve1/Extended_UPAIR_Narval_b32m16_portable/TWC_plots_comprehensive/runs_rx16/seed7/1dmrs/shallow_d256_b2_r2/checkpoints/best.weights.h5
[ISO-CHUNK] TF_GPU_ALLOCATOR: cuda_malloc_async
[ISO-CHUNK] output tag: shallow_d256_b2_r2_u1_baseline_ls_lmmse_ebnom3p0_chunk0006_m8_b20
[EVAL] receiver microbatching enabled: batch_size_eval=64 receiver_microbatch_size=8
WARNING:tensorflow:Model's `__init__()` arguments contain non-serializable objects. Please implement a `get_config()` method in the subclassed Model for proper saving and loading. Defaulting to empty config.
WARNING:tensorflow:Model's `__init__()` arguments contain non-serializable objects. Please implement a `get_config()` method in the subclassed Model for proper saving and loading. Defaulting to empty config.
[EVAL] loaded UPAIR checkpoint: /scratch/rsadve1/Extended_UPAIR_Narval_b32m16_portable/TWC_plots_comprehensive/runs_rx16/seed7/1dmrs/shallow_d256_b2_r2/checkpoints/best.weights.h5
[EVAL] skipping explicit NMSE channel-estimator calls for: baseline_ls_lmmse
[EVAL] instrumentation log_latency=True log_gpu_memory=True memory_cleanup_every_batches=1 memory_cleanup_every_microbatch=True stream_eval_microbatches=True compiled_receiver_error_counts=False receiver_call_jit_compile=False per_receiver_stopping=False target_bler_floor=1e-05 floor_num_frames=0 gpu_mem=0.04GiB peak=0.22GiB
[EVAL] receiver_call name=baseline_ls_lmmse mode=positional_y_no compiled_error_counts=False
[EVAL] progress num_users=1 Eb/N0=-3 dB batches=10/20 frame_err=baseline_ls_lmmse:3/640 elapsed=73.1s avg_batch=7.306s gpu_mem=0.04GiB peak=0.22GiB
[EVAL] progress num_users=1 Eb/N0=-3 dB batches=20/20 frame_err=baseline_ls_lmmse:4/1280 elapsed=145.8s avg_batch=7.292s gpu_mem=0.04GiB peak=0.22GiB
[EVAL] receiver=       baseline_ls_lmmse Eb/N0=-3.0 dB BER=2.73017e-05 BLER=3.12500e-03 NMSE=nan bit_err=   104/3809280  blk_err=    4/1280   batches=  20 stop=global_stop rx_time=108.54s rx_ms_batch=5426.9 rx_ms_frame=84.796 point_time=145.84s gpu_mem=0.04GiB peak=0.22GiB
[ISO-CHUNK] wrote: /home/rsadve1/scratch/Extended_UPAIR_Narval_b32m16_portable/_isolated_eval_chunks/shallow_d256_b2_r2_u1_baseline_ls_lmmse_ebnom3p0_chunk0006_m8_b20/chunk_result.csv
[ISO-CHUNK] DONE
[PIPELINE] status done=0 reason=continue chunks=7 batches=140 block_errors=17/100 next_chunk=7
2026-06-09 06:38:36.671755: E external/local_xla/xla/stream_executor/cuda/cuda_dnn.cc:9261] Unable to register cuDNN factory: Attempting to register factory for plugin cuDNN when one has already been registered
2026-06-09 06:38:36.671803: E external/local_xla/xla/stream_executor/cuda/cuda_fft.cc:607] Unable to register cuFFT factory: Attempting to register factory for plugin cuFFT when one has already been registered
2026-06-09 06:38:36.672916: E external/local_xla/xla/stream_executor/cuda/cuda_blas.cc:1515] Unable to register cuBLAS factory: Attempting to register factory for plugin cuBLAS when one has already been registered
[COMPREHENSIVE] loaded Optuna best JSON for shallow_d256_b2_r2 from /home/rsadve1/scratch/Extended_UPAIR_Narval_b32m16_portable/optuna/clean_b32_prb8_d256_40k_smart_trueDMRS_u34610_1dmrs_stageB_shallow_d256_b2_r2_best_params.json
[ISO-CHUNK] variant: shallow_d256_b2_r2
[ISO-CHUNK] receiver: baseline_ls_lmmse
[ISO-CHUNK] num_users: 1
[ISO-CHUNK] ebno_db: -3.0
[ISO-CHUNK] chunk_idx: 7
[ISO-CHUNK] chunk_batches: 20
[ISO-CHUNK] receiver_microbatch_size: 8
[ISO-CHUNK] chunk_seed: 2351037
[ISO-CHUNK] checkpoint: /scratch/rsadve1/Extended_UPAIR_Narval_b32m16_portable/TWC_plots_comprehensive/runs_rx16/seed7/1dmrs/shallow_d256_b2_r2/checkpoints/best.weights.h5
[ISO-CHUNK] TF_GPU_ALLOCATOR: cuda_malloc_async
[ISO-CHUNK] output tag: shallow_d256_b2_r2_u1_baseline_ls_lmmse_ebnom3p0_chunk0007_m8_b20
[EVAL] receiver microbatching enabled: batch_size_eval=64 receiver_microbatch_size=8
WARNING:tensorflow:Model's `__init__()` arguments contain non-serializable objects. Please implement a `get_config()` method in the subclassed Model for proper saving and loading. Defaulting to empty config.
WARNING:tensorflow:Model's `__init__()` arguments contain non-serializable objects. Please implement a `get_config()` method in the subclassed Model for proper saving and loading. Defaulting to empty config.
[EVAL] loaded UPAIR checkpoint: /scratch/rsadve1/Extended_UPAIR_Narval_b32m16_portable/TWC_plots_comprehensive/runs_rx16/seed7/1dmrs/shallow_d256_b2_r2/checkpoints/best.weights.h5
[EVAL] skipping explicit NMSE channel-estimator calls for: baseline_ls_lmmse
[EVAL] instrumentation log_latency=True log_gpu_memory=True memory_cleanup_every_batches=1 memory_cleanup_every_microbatch=True stream_eval_microbatches=True compiled_receiver_error_counts=False receiver_call_jit_compile=False per_receiver_stopping=False target_bler_floor=1e-05 floor_num_frames=0 gpu_mem=0.04GiB peak=0.22GiB
[EVAL] receiver_call name=baseline_ls_lmmse mode=positional_y_no compiled_error_counts=False
[EVAL] progress num_users=1 Eb/N0=-3 dB batches=10/20 frame_err=baseline_ls_lmmse:1/640 elapsed=73.4s avg_batch=7.336s gpu_mem=0.04GiB peak=0.22GiB
[EVAL] progress num_users=1 Eb/N0=-3 dB batches=20/20 frame_err=baseline_ls_lmmse:1/1280 elapsed=144.6s avg_batch=7.230s gpu_mem=0.04GiB peak=0.22GiB
[EVAL] receiver=       baseline_ls_lmmse Eb/N0=-3.0 dB BER=4.54154e-05 BLER=7.81250e-04 NMSE=nan bit_err=   173/3809280  blk_err=    1/1280   batches=  20 stop=global_stop rx_time=108.80s rx_ms_batch=5440.2 rx_ms_frame=85.003 point_time=144.60s gpu_mem=0.04GiB peak=0.22GiB
[ISO-CHUNK] wrote: /home/rsadve1/scratch/Extended_UPAIR_Narval_b32m16_portable/_isolated_eval_chunks/shallow_d256_b2_r2_u1_baseline_ls_lmmse_ebnom3p0_chunk0007_m8_b20/chunk_result.csv
[ISO-CHUNK] DONE
[PIPELINE] status done=0 reason=continue chunks=8 batches=160 block_errors=18/100 next_chunk=8
2026-06-09 06:41:25.966898: E external/local_xla/xla/stream_executor/cuda/cuda_dnn.cc:9261] Unable to register cuDNN factory: Attempting to register factory for plugin cuDNN when one has already been registered
2026-06-09 06:41:25.966925: E external/local_xla/xla/stream_executor/cuda/cuda_fft.cc:607] Unable to register cuFFT factory: Attempting to register factory for plugin cuFFT when one has already been registered
2026-06-09 06:41:25.968021: E external/local_xla/xla/stream_executor/cuda/cuda_blas.cc:1515] Unable to register cuBLAS factory: Attempting to register factory for plugin cuBLAS when one has already been registered
[COMPREHENSIVE] loaded Optuna best JSON for shallow_d256_b2_r2 from /home/rsadve1/scratch/Extended_UPAIR_Narval_b32m16_portable/optuna/clean_b32_prb8_d256_40k_smart_trueDMRS_u34610_1dmrs_stageB_shallow_d256_b2_r2_best_params.json
[ISO-CHUNK] variant: shallow_d256_b2_r2
[ISO-CHUNK] receiver: baseline_ls_lmmse
[ISO-CHUNK] num_users: 1
[ISO-CHUNK] ebno_db: -3.0
[ISO-CHUNK] chunk_idx: 8
[ISO-CHUNK] chunk_batches: 20
[ISO-CHUNK] receiver_microbatch_size: 8
[ISO-CHUNK] chunk_seed: 2451040
[ISO-CHUNK] checkpoint: /scratch/rsadve1/Extended_UPAIR_Narval_b32m16_portable/TWC_plots_comprehensive/runs_rx16/seed7/1dmrs/shallow_d256_b2_r2/checkpoints/best.weights.h5
[ISO-CHUNK] TF_GPU_ALLOCATOR: cuda_malloc_async
[ISO-CHUNK] output tag: shallow_d256_b2_r2_u1_baseline_ls_lmmse_ebnom3p0_chunk0008_m8_b20
[EVAL] receiver microbatching enabled: batch_size_eval=64 receiver_microbatch_size=8
WARNING:tensorflow:Model's `__init__()` arguments contain non-serializable objects. Please implement a `get_config()` method in the subclassed Model for proper saving and loading. Defaulting to empty config.
WARNING:tensorflow:Model's `__init__()` arguments contain non-serializable objects. Please implement a `get_config()` method in the subclassed Model for proper saving and loading. Defaulting to empty config.
[EVAL] loaded UPAIR checkpoint: /scratch/rsadve1/Extended_UPAIR_Narval_b32m16_portable/TWC_plots_comprehensive/runs_rx16/seed7/1dmrs/shallow_d256_b2_r2/checkpoints/best.weights.h5
[EVAL] skipping explicit NMSE channel-estimator calls for: baseline_ls_lmmse
[EVAL] instrumentation log_latency=True log_gpu_memory=True memory_cleanup_every_batches=1 memory_cleanup_every_microbatch=True stream_eval_microbatches=True compiled_receiver_error_counts=False receiver_call_jit_compile=False per_receiver_stopping=False target_bler_floor=1e-05 floor_num_frames=0 gpu_mem=0.04GiB peak=0.22GiB
[EVAL] receiver_call name=baseline_ls_lmmse mode=positional_y_no compiled_error_counts=False
[EVAL] progress num_users=1 Eb/N0=-3 dB batches=10/20 frame_err=baseline_ls_lmmse:2/640 elapsed=70.5s avg_batch=7.054s gpu_mem=0.04GiB peak=0.22GiB
[EVAL] progress num_users=1 Eb/N0=-3 dB batches=20/20 frame_err=baseline_ls_lmmse:3/1280 elapsed=140.9s avg_batch=7.046s gpu_mem=0.04GiB peak=0.22GiB
[EVAL] receiver=       baseline_ls_lmmse Eb/N0=-3.0 dB BER=6.19540e-05 BLER=2.34375e-03 NMSE=nan bit_err=   236/3809280  blk_err=    3/1280   batches=  20 stop=global_stop rx_time=109.06s rx_ms_batch=5453.2 rx_ms_frame=85.206 point_time=140.93s gpu_mem=0.04GiB peak=0.22GiB
[ISO-CHUNK] wrote: /home/rsadve1/scratch/Extended_UPAIR_Narval_b32m16_portable/_isolated_eval_chunks/shallow_d256_b2_r2_u1_baseline_ls_lmmse_ebnom3p0_chunk0008_m8_b20/chunk_result.csv
[ISO-CHUNK] DONE
[PIPELINE] status done=0 reason=continue chunks=9 batches=180 block_errors=21/100 next_chunk=9
2026-06-09 06:44:14.370019: E external/local_xla/xla/stream_executor/cuda/cuda_dnn.cc:9261] Unable to register cuDNN factory: Attempting to register factory for plugin cuDNN when one has already been registered
2026-06-09 06:44:14.370050: E external/local_xla/xla/stream_executor/cuda/cuda_fft.cc:607] Unable to register cuFFT factory: Attempting to register factory for plugin cuFFT when one has already been registered
2026-06-09 06:44:14.371176: E external/local_xla/xla/stream_executor/cuda/cuda_blas.cc:1515] Unable to register cuBLAS factory: Attempting to register factory for plugin cuBLAS when one has already been registered
[COMPREHENSIVE] loaded Optuna best JSON for shallow_d256_b2_r2 from /home/rsadve1/scratch/Extended_UPAIR_Narval_b32m16_portable/optuna/clean_b32_prb8_d256_40k_smart_trueDMRS_u34610_1dmrs_stageB_shallow_d256_b2_r2_best_params.json
[ISO-CHUNK] variant: shallow_d256_b2_r2
[ISO-CHUNK] receiver: baseline_ls_lmmse
[ISO-CHUNK] num_users: 1
[ISO-CHUNK] ebno_db: -3.0
[ISO-CHUNK] chunk_idx: 9
[ISO-CHUNK] chunk_batches: 20
[ISO-CHUNK] receiver_microbatch_size: 8
[ISO-CHUNK] chunk_seed: 2551043
[ISO-CHUNK] checkpoint: /scratch/rsadve1/Extended_UPAIR_Narval_b32m16_portable/TWC_plots_comprehensive/runs_rx16/seed7/1dmrs/shallow_d256_b2_r2/checkpoints/best.weights.h5
[ISO-CHUNK] TF_GPU_ALLOCATOR: cuda_malloc_async
[ISO-CHUNK] output tag: shallow_d256_b2_r2_u1_baseline_ls_lmmse_ebnom3p0_chunk0009_m8_b20
[EVAL] receiver microbatching enabled: batch_size_eval=64 receiver_microbatch_size=8
WARNING:tensorflow:Model's `__init__()` arguments contain non-serializable objects. Please implement a `get_config()` method in the subclassed Model for proper saving and loading. Defaulting to empty config.
WARNING:tensorflow:Model's `__init__()` arguments contain non-serializable objects. Please implement a `get_config()` method in the subclassed Model for proper saving and loading. Defaulting to empty config.
[EVAL] loaded UPAIR checkpoint: /scratch/rsadve1/Extended_UPAIR_Narval_b32m16_portable/TWC_plots_comprehensive/runs_rx16/seed7/1dmrs/shallow_d256_b2_r2/checkpoints/best.weights.h5
[EVAL] skipping explicit NMSE channel-estimator calls for: baseline_ls_lmmse
[EVAL] instrumentation log_latency=True log_gpu_memory=True memory_cleanup_every_batches=1 memory_cleanup_every_microbatch=True stream_eval_microbatches=True compiled_receiver_error_counts=False receiver_call_jit_compile=False per_receiver_stopping=False target_bler_floor=1e-05 floor_num_frames=0 gpu_mem=0.04GiB peak=0.22GiB
[EVAL] receiver_call name=baseline_ls_lmmse mode=positional_y_no compiled_error_counts=False
[EVAL] progress num_users=1 Eb/N0=-3 dB batches=10/20 frame_err=baseline_ls_lmmse:0/640 elapsed=71.0s avg_batch=7.096s gpu_mem=0.04GiB peak=0.22GiB
[EVAL] progress num_users=1 Eb/N0=-3 dB batches=20/20 frame_err=baseline_ls_lmmse:1/1280 elapsed=140.9s avg_batch=7.043s gpu_mem=0.04GiB peak=0.22GiB
[EVAL] receiver=       baseline_ls_lmmse Eb/N0=-3.0 dB BER=1.07632e-05 BLER=7.81250e-04 NMSE=nan bit_err=    41/3809280  blk_err=    1/1280   batches=  20 stop=global_stop rx_time=108.38s rx_ms_batch=5419.0 rx_ms_frame=84.672 point_time=140.87s gpu_mem=0.04GiB peak=0.22GiB
[ISO-CHUNK] wrote: /home/rsadve1/scratch/Extended_UPAIR_Narval_b32m16_portable/_isolated_eval_chunks/shallow_d256_b2_r2_u1_baseline_ls_lmmse_ebnom3p0_chunk0009_m8_b20/chunk_result.csv
[ISO-CHUNK] DONE
[PIPELINE] status done=0 reason=continue chunks=10 batches=200 block_errors=22/100 next_chunk=10
2026-06-09 06:47:05.343080: E external/local_xla/xla/stream_executor/cuda/cuda_dnn.cc:9261] Unable to register cuDNN factory: Attempting to register factory for plugin cuDNN when one has already been registered
2026-06-09 06:47:05.343109: E external/local_xla/xla/stream_executor/cuda/cuda_fft.cc:607] Unable to register cuFFT factory: Attempting to register factory for plugin cuFFT when one has already been registered
2026-06-09 06:47:05.344231: E external/local_xla/xla/stream_executor/cuda/cuda_blas.cc:1515] Unable to register cuBLAS factory: Attempting to register factory for plugin cuBLAS when one has already been registered
[COMPREHENSIVE] loaded Optuna best JSON for shallow_d256_b2_r2 from /home/rsadve1/scratch/Extended_UPAIR_Narval_b32m16_portable/optuna/clean_b32_prb8_d256_40k_smart_trueDMRS_u34610_1dmrs_stageB_shallow_d256_b2_r2_best_params.json
[ISO-CHUNK] variant: shallow_d256_b2_r2
[ISO-CHUNK] receiver: baseline_ls_lmmse
[ISO-CHUNK] num_users: 1
[ISO-CHUNK] ebno_db: -3.0
[ISO-CHUNK] chunk_idx: 10
[ISO-CHUNK] chunk_batches: 20
[ISO-CHUNK] receiver_microbatch_size: 8
[ISO-CHUNK] chunk_seed: 2651046
[ISO-CHUNK] checkpoint: /scratch/rsadve1/Extended_UPAIR_Narval_b32m16_portable/TWC_plots_comprehensive/runs_rx16/seed7/1dmrs/shallow_d256_b2_r2/checkpoints/best.weights.h5
[ISO-CHUNK] TF_GPU_ALLOCATOR: cuda_malloc_async
[ISO-CHUNK] output tag: shallow_d256_b2_r2_u1_baseline_ls_lmmse_ebnom3p0_chunk0010_m8_b20
[EVAL] receiver microbatching enabled: batch_size_eval=64 receiver_microbatch_size=8
WARNING:tensorflow:Model's `__init__()` arguments contain non-serializable objects. Please implement a `get_config()` method in the subclassed Model for proper saving and loading. Defaulting to empty config.
WARNING:tensorflow:Model's `__init__()` arguments contain non-serializable objects. Please implement a `get_config()` method in the subclassed Model for proper saving and loading. Defaulting to empty config.
[EVAL] loaded UPAIR checkpoint: /scratch/rsadve1/Extended_UPAIR_Narval_b32m16_portable/TWC_plots_comprehensive/runs_rx16/seed7/1dmrs/shallow_d256_b2_r2/checkpoints/best.weights.h5
[EVAL] skipping explicit NMSE channel-estimator calls for: baseline_ls_lmmse
[EVAL] instrumentation log_latency=True log_gpu_memory=True memory_cleanup_every_batches=1 memory_cleanup_every_microbatch=True stream_eval_microbatches=True compiled_receiver_error_counts=False receiver_call_jit_compile=False per_receiver_stopping=False target_bler_floor=1e-05 floor_num_frames=0 gpu_mem=0.04GiB peak=0.22GiB
[EVAL] receiver_call name=baseline_ls_lmmse mode=positional_y_no compiled_error_counts=False
[EVAL] progress num_users=1 Eb/N0=-3 dB batches=10/20 frame_err=baseline_ls_lmmse:1/640 elapsed=73.1s avg_batch=7.315s gpu_mem=0.04GiB peak=0.22GiB
[EVAL] progress num_users=1 Eb/N0=-3 dB batches=20/20 frame_err=baseline_ls_lmmse:2/1280 elapsed=146.2s avg_batch=7.309s gpu_mem=0.04GiB peak=0.22GiB
[EVAL] receiver=       baseline_ls_lmmse Eb/N0=-3.0 dB BER=8.55805e-05 BLER=1.56250e-03 NMSE=nan bit_err=   326/3809280  blk_err=    2/1280   batches=  20 stop=global_stop rx_time=109.30s rx_ms_batch=5464.8 rx_ms_frame=85.388 point_time=146.18s gpu_mem=0.04GiB peak=0.22GiB
[ISO-CHUNK] wrote: /home/rsadve1/scratch/Extended_UPAIR_Narval_b32m16_portable/_isolated_eval_chunks/shallow_d256_b2_r2_u1_baseline_ls_lmmse_ebnom3p0_chunk0010_m8_b20/chunk_result.csv
[ISO-CHUNK] DONE
[PIPELINE] status done=0 reason=continue chunks=11 batches=220 block_errors=24/100 next_chunk=11
2026-06-09 06:50:02.439756: E external/local_xla/xla/stream_executor/cuda/cuda_dnn.cc:9261] Unable to register cuDNN factory: Attempting to register factory for plugin cuDNN when one has already been registered
2026-06-09 06:50:02.439807: E external/local_xla/xla/stream_executor/cuda/cuda_fft.cc:607] Unable to register cuFFT factory: Attempting to register factory for plugin cuFFT when one has already been registered
2026-06-09 06:50:02.440925: E external/local_xla/xla/stream_executor/cuda/cuda_blas.cc:1515] Unable to register cuBLAS factory: Attempting to register factory for plugin cuBLAS when one has already been registered
[COMPREHENSIVE] loaded Optuna best JSON for shallow_d256_b2_r2 from /home/rsadve1/scratch/Extended_UPAIR_Narval_b32m16_portable/optuna/clean_b32_prb8_d256_40k_smart_trueDMRS_u34610_1dmrs_stageB_shallow_d256_b2_r2_best_params.json
[ISO-CHUNK] variant: shallow_d256_b2_r2
[ISO-CHUNK] receiver: baseline_ls_lmmse
[ISO-CHUNK] num_users: 1
[ISO-CHUNK] ebno_db: -3.0
[ISO-CHUNK] chunk_idx: 11
[ISO-CHUNK] chunk_batches: 20
[ISO-CHUNK] receiver_microbatch_size: 8
[ISO-CHUNK] chunk_seed: 2751049
[ISO-CHUNK] checkpoint: /scratch/rsadve1/Extended_UPAIR_Narval_b32m16_portable/TWC_plots_comprehensive/runs_rx16/seed7/1dmrs/shallow_d256_b2_r2/checkpoints/best.weights.h5
[ISO-CHUNK] TF_GPU_ALLOCATOR: cuda_malloc_async
[ISO-CHUNK] output tag: shallow_d256_b2_r2_u1_baseline_ls_lmmse_ebnom3p0_chunk0011_m8_b20
[EVAL] receiver microbatching enabled: batch_size_eval=64 receiver_microbatch_size=8
WARNING:tensorflow:Model's `__init__()` arguments contain non-serializable objects. Please implement a `get_config()` method in the subclassed Model for proper saving and loading. Defaulting to empty config.
WARNING:tensorflow:Model's `__init__()` arguments contain non-serializable objects. Please implement a `get_config()` method in the subclassed Model for proper saving and loading. Defaulting to empty config.
[EVAL] loaded UPAIR checkpoint: /scratch/rsadve1/Extended_UPAIR_Narval_b32m16_portable/TWC_plots_comprehensive/runs_rx16/seed7/1dmrs/shallow_d256_b2_r2/checkpoints/best.weights.h5
[EVAL] skipping explicit NMSE channel-estimator calls for: baseline_ls_lmmse
[EVAL] instrumentation log_latency=True log_gpu_memory=True memory_cleanup_every_batches=1 memory_cleanup_every_microbatch=True stream_eval_microbatches=True compiled_receiver_error_counts=False receiver_call_jit_compile=False per_receiver_stopping=False target_bler_floor=1e-05 floor_num_frames=0 gpu_mem=0.04GiB peak=0.22GiB
[EVAL] receiver_call name=baseline_ls_lmmse mode=positional_y_no compiled_error_counts=False
[EVAL] progress num_users=1 Eb/N0=-3 dB batches=10/20 frame_err=baseline_ls_lmmse:1/640 elapsed=73.4s avg_batch=7.344s gpu_mem=0.04GiB peak=0.22GiB
[EVAL] progress num_users=1 Eb/N0=-3 dB batches=20/20 frame_err=baseline_ls_lmmse:1/1280 elapsed=146.6s avg_batch=7.328s gpu_mem=0.04GiB peak=0.22GiB
[EVAL] receiver=       baseline_ls_lmmse Eb/N0=-3.0 dB BER=4.85656e-05 BLER=7.81250e-04 NMSE=nan bit_err=   185/3809280  blk_err=    1/1280   batches=  20 stop=global_stop rx_time=109.33s rx_ms_batch=5466.6 rx_ms_frame=85.416 point_time=146.56s gpu_mem=0.04GiB peak=0.22GiB
[ISO-CHUNK] wrote: /home/rsadve1/scratch/Extended_UPAIR_Narval_b32m16_portable/_isolated_eval_chunks/shallow_d256_b2_r2_u1_baseline_ls_lmmse_ebnom3p0_chunk0011_m8_b20/chunk_result.csv
[ISO-CHUNK] DONE
[PIPELINE] status done=0 reason=continue chunks=12 batches=240 block_errors=25/100 next_chunk=12
2026-06-09 06:53:01.508514: E external/local_xla/xla/stream_executor/cuda/cuda_dnn.cc:9261] Unable to register cuDNN factory: Attempting to register factory for plugin cuDNN when one has already been registered
2026-06-09 06:53:01.508558: E external/local_xla/xla/stream_executor/cuda/cuda_fft.cc:607] Unable to register cuFFT factory: Attempting to register factory for plugin cuFFT when one has already been registered
2026-06-09 06:53:01.509674: E external/local_xla/xla/stream_executor/cuda/cuda_blas.cc:1515] Unable to register cuBLAS factory: Attempting to register factory for plugin cuBLAS when one has already been registered
[COMPREHENSIVE] loaded Optuna best JSON for shallow_d256_b2_r2 from /home/rsadve1/scratch/Extended_UPAIR_Narval_b32m16_portable/optuna/clean_b32_prb8_d256_40k_smart_trueDMRS_u34610_1dmrs_stageB_shallow_d256_b2_r2_best_params.json
[ISO-CHUNK] variant: shallow_d256_b2_r2
[ISO-CHUNK] receiver: baseline_ls_lmmse
[ISO-CHUNK] num_users: 1
[ISO-CHUNK] ebno_db: -3.0
[ISO-CHUNK] chunk_idx: 12
[ISO-CHUNK] chunk_batches: 20
[ISO-CHUNK] receiver_microbatch_size: 8
[ISO-CHUNK] chunk_seed: 2851052
[ISO-CHUNK] checkpoint: /scratch/rsadve1/Extended_UPAIR_Narval_b32m16_portable/TWC_plots_comprehensive/runs_rx16/seed7/1dmrs/shallow_d256_b2_r2/checkpoints/best.weights.h5
[ISO-CHUNK] TF_GPU_ALLOCATOR: cuda_malloc_async
[ISO-CHUNK] output tag: shallow_d256_b2_r2_u1_baseline_ls_lmmse_ebnom3p0_chunk0012_m8_b20
[EVAL] receiver microbatching enabled: batch_size_eval=64 receiver_microbatch_size=8
WARNING:tensorflow:Model's `__init__()` arguments contain non-serializable objects. Please implement a `get_config()` method in the subclassed Model for proper saving and loading. Defaulting to empty config.
WARNING:tensorflow:Model's `__init__()` arguments contain non-serializable objects. Please implement a `get_config()` method in the subclassed Model for proper saving and loading. Defaulting to empty config.
[EVAL] loaded UPAIR checkpoint: /scratch/rsadve1/Extended_UPAIR_Narval_b32m16_portable/TWC_plots_comprehensive/runs_rx16/seed7/1dmrs/shallow_d256_b2_r2/checkpoints/best.weights.h5
[EVAL] skipping explicit NMSE channel-estimator calls for: baseline_ls_lmmse
[EVAL] instrumentation log_latency=True log_gpu_memory=True memory_cleanup_every_batches=1 memory_cleanup_every_microbatch=True stream_eval_microbatches=True compiled_receiver_error_counts=False receiver_call_jit_compile=False per_receiver_stopping=False target_bler_floor=1e-05 floor_num_frames=0 gpu_mem=0.04GiB peak=0.22GiB
[EVAL] receiver_call name=baseline_ls_lmmse mode=positional_y_no compiled_error_counts=False
[EVAL] progress num_users=1 Eb/N0=-3 dB batches=10/20 frame_err=baseline_ls_lmmse:0/640 elapsed=72.8s avg_batch=7.275s gpu_mem=0.04GiB peak=0.22GiB
[EVAL] progress num_users=1 Eb/N0=-3 dB batches=20/20 frame_err=baseline_ls_lmmse:1/1280 elapsed=145.5s avg_batch=7.273s gpu_mem=0.04GiB peak=0.22GiB
[EVAL] receiver=       baseline_ls_lmmse Eb/N0=-3.0 dB BER=2.62517e-07 BLER=7.81250e-04 NMSE=nan bit_err=     1/3809280  blk_err=    1/1280   batches=  20 stop=global_stop rx_time=108.55s rx_ms_batch=5427.4 rx_ms_frame=84.803 point_time=145.47s gpu_mem=0.04GiB peak=0.22GiB
[ISO-CHUNK] wrote: /home/rsadve1/scratch/Extended_UPAIR_Narval_b32m16_portable/_isolated_eval_chunks/shallow_d256_b2_r2_u1_baseline_ls_lmmse_ebnom3p0_chunk0012_m8_b20/chunk_result.csv
[ISO-CHUNK] DONE
[PIPELINE] status done=0 reason=continue chunks=13 batches=260 block_errors=26/100 next_chunk=13
2026-06-09 06:55:56.624993: E external/local_xla/xla/stream_executor/cuda/cuda_dnn.cc:9261] Unable to register cuDNN factory: Attempting to register factory for plugin cuDNN when one has already been registered
2026-06-09 06:55:56.625040: E external/local_xla/xla/stream_executor/cuda/cuda_fft.cc:607] Unable to register cuFFT factory: Attempting to register factory for plugin cuFFT when one has already been registered
2026-06-09 06:55:56.626164: E external/local_xla/xla/stream_executor/cuda/cuda_blas.cc:1515] Unable to register cuBLAS factory: Attempting to register factory for plugin cuBLAS when one has already been registered
[COMPREHENSIVE] loaded Optuna best JSON for shallow_d256_b2_r2 from /home/rsadve1/scratch/Extended_UPAIR_Narval_b32m16_portable/optuna/clean_b32_prb8_d256_40k_smart_trueDMRS_u34610_1dmrs_stageB_shallow_d256_b2_r2_best_params.json
[ISO-CHUNK] variant: shallow_d256_b2_r2
[ISO-CHUNK] receiver: baseline_ls_lmmse
[ISO-CHUNK] num_users: 1
[ISO-CHUNK] ebno_db: -3.0
[ISO-CHUNK] chunk_idx: 13
[ISO-CHUNK] chunk_batches: 20
[ISO-CHUNK] receiver_microbatch_size: 8
[ISO-CHUNK] chunk_seed: 2951055
[ISO-CHUNK] checkpoint: /scratch/rsadve1/Extended_UPAIR_Narval_b32m16_portable/TWC_plots_comprehensive/runs_rx16/seed7/1dmrs/shallow_d256_b2_r2/checkpoints/best.weights.h5
[ISO-CHUNK] TF_GPU_ALLOCATOR: cuda_malloc_async
[ISO-CHUNK] output tag: shallow_d256_b2_r2_u1_baseline_ls_lmmse_ebnom3p0_chunk0013_m8_b20
[EVAL] receiver microbatching enabled: batch_size_eval=64 receiver_microbatch_size=8
WARNING:tensorflow:Model's `__init__()` arguments contain non-serializable objects. Please implement a `get_config()` method in the subclassed Model for proper saving and loading. Defaulting to empty config.
WARNING:tensorflow:Model's `__init__()` arguments contain non-serializable objects. Please implement a `get_config()` method in the subclassed Model for proper saving and loading. Defaulting to empty config.
[EVAL] loaded UPAIR checkpoint: /scratch/rsadve1/Extended_UPAIR_Narval_b32m16_portable/TWC_plots_comprehensive/runs_rx16/seed7/1dmrs/shallow_d256_b2_r2/checkpoints/best.weights.h5
[EVAL] skipping explicit NMSE channel-estimator calls for: baseline_ls_lmmse
[EVAL] instrumentation log_latency=True log_gpu_memory=True memory_cleanup_every_batches=1 memory_cleanup_every_microbatch=True stream_eval_microbatches=True compiled_receiver_error_counts=False receiver_call_jit_compile=False per_receiver_stopping=False target_bler_floor=1e-05 floor_num_frames=0 gpu_mem=0.04GiB peak=0.22GiB
[EVAL] receiver_call name=baseline_ls_lmmse mode=positional_y_no compiled_error_counts=False
[EVAL] progress num_users=1 Eb/N0=-3 dB batches=10/20 frame_err=baseline_ls_lmmse:3/640 elapsed=73.3s avg_batch=7.331s gpu_mem=0.04GiB peak=0.22GiB
[EVAL] progress num_users=1 Eb/N0=-3 dB batches=20/20 frame_err=baseline_ls_lmmse:3/1280 elapsed=146.4s avg_batch=7.320s gpu_mem=0.04GiB peak=0.22GiB
[EVAL] receiver=       baseline_ls_lmmse Eb/N0=-3.0 dB BER=3.67524e-06 BLER=2.34375e-03 NMSE=nan bit_err=    14/3809280  blk_err=    3/1280   batches=  20 stop=global_stop rx_time=108.95s rx_ms_batch=5447.7 rx_ms_frame=85.120 point_time=146.39s gpu_mem=0.04GiB peak=0.22GiB
[ISO-CHUNK] wrote: /home/rsadve1/scratch/Extended_UPAIR_Narval_b32m16_portable/_isolated_eval_chunks/shallow_d256_b2_r2_u1_baseline_ls_lmmse_ebnom3p0_chunk0013_m8_b20/chunk_result.csv
[ISO-CHUNK] DONE
[PIPELINE] status done=0 reason=continue chunks=14 batches=280 block_errors=29/100 next_chunk=14
2026-06-09 06:58:48.137703: E external/local_xla/xla/stream_executor/cuda/cuda_dnn.cc:9261] Unable to register cuDNN factory: Attempting to register factory for plugin cuDNN when one has already been registered
2026-06-09 06:58:48.137736: E external/local_xla/xla/stream_executor/cuda/cuda_fft.cc:607] Unable to register cuFFT factory: Attempting to register factory for plugin cuFFT when one has already been registered
2026-06-09 06:58:48.138851: E external/local_xla/xla/stream_executor/cuda/cuda_blas.cc:1515] Unable to register cuBLAS factory: Attempting to register factory for plugin cuBLAS when one has already been registered
[COMPREHENSIVE] loaded Optuna best JSON for shallow_d256_b2_r2 from /home/rsadve1/scratch/Extended_UPAIR_Narval_b32m16_portable/optuna/clean_b32_prb8_d256_40k_smart_trueDMRS_u34610_1dmrs_stageB_shallow_d256_b2_r2_best_params.json
[ISO-CHUNK] variant: shallow_d256_b2_r2
[ISO-CHUNK] receiver: baseline_ls_lmmse
[ISO-CHUNK] num_users: 1
[ISO-CHUNK] ebno_db: -3.0
[ISO-CHUNK] chunk_idx: 14
[ISO-CHUNK] chunk_batches: 20
[ISO-CHUNK] receiver_microbatch_size: 8
[ISO-CHUNK] chunk_seed: 3051058
[ISO-CHUNK] checkpoint: /scratch/rsadve1/Extended_UPAIR_Narval_b32m16_portable/TWC_plots_comprehensive/runs_rx16/seed7/1dmrs/shallow_d256_b2_r2/checkpoints/best.weights.h5
[ISO-CHUNK] TF_GPU_ALLOCATOR: cuda_malloc_async
[ISO-CHUNK] output tag: shallow_d256_b2_r2_u1_baseline_ls_lmmse_ebnom3p0_chunk0014_m8_b20
[EVAL] receiver microbatching enabled: batch_size_eval=64 receiver_microbatch_size=8
WARNING:tensorflow:Model's `__init__()` arguments contain non-serializable objects. Please implement a `get_config()` method in the subclassed Model for proper saving and loading. Defaulting to empty config.
WARNING:tensorflow:Model's `__init__()` arguments contain non-serializable objects. Please implement a `get_config()` method in the subclassed Model for proper saving and loading. Defaulting to empty config.
[EVAL] loaded UPAIR checkpoint: /scratch/rsadve1/Extended_UPAIR_Narval_b32m16_portable/TWC_plots_comprehensive/runs_rx16/seed7/1dmrs/shallow_d256_b2_r2/checkpoints/best.weights.h5
[EVAL] skipping explicit NMSE channel-estimator calls for: baseline_ls_lmmse
[EVAL] instrumentation log_latency=True log_gpu_memory=True memory_cleanup_every_batches=1 memory_cleanup_every_microbatch=True stream_eval_microbatches=True compiled_receiver_error_counts=False receiver_call_jit_compile=False per_receiver_stopping=False target_bler_floor=1e-05 floor_num_frames=0 gpu_mem=0.04GiB peak=0.22GiB
[EVAL] receiver_call name=baseline_ls_lmmse mode=positional_y_no compiled_error_counts=False
[EVAL] progress num_users=1 Eb/N0=-3 dB batches=10/20 frame_err=baseline_ls_lmmse:1/640 elapsed=72.9s avg_batch=7.290s gpu_mem=0.04GiB peak=0.22GiB
[EVAL] progress num_users=1 Eb/N0=-3 dB batches=20/20 frame_err=baseline_ls_lmmse:1/1280 elapsed=146.3s avg_batch=7.313s gpu_mem=0.04GiB peak=0.22GiB
[EVAL] receiver=       baseline_ls_lmmse Eb/N0=-3.0 dB BER=2.28390e-05 BLER=7.81250e-04 NMSE=nan bit_err=    87/3809280  blk_err=    1/1280   batches=  20 stop=global_stop rx_time=109.01s rx_ms_batch=5450.7 rx_ms_frame=85.167 point_time=146.27s gpu_mem=0.04GiB peak=0.22GiB
[ISO-CHUNK] wrote: /home/rsadve1/scratch/Extended_UPAIR_Narval_b32m16_portable/_isolated_eval_chunks/shallow_d256_b2_r2_u1_baseline_ls_lmmse_ebnom3p0_chunk0014_m8_b20/chunk_result.csv
[ISO-CHUNK] DONE
[PIPELINE] status done=0 reason=continue chunks=15 batches=300 block_errors=30/100 next_chunk=15
2026-06-09 07:01:44.180790: E external/local_xla/xla/stream_executor/cuda/cuda_dnn.cc:9261] Unable to register cuDNN factory: Attempting to register factory for plugin cuDNN when one has already been registered
2026-06-09 07:01:44.180829: E external/local_xla/xla/stream_executor/cuda/cuda_fft.cc:607] Unable to register cuFFT factory: Attempting to register factory for plugin cuFFT when one has already been registered
2026-06-09 07:01:44.181950: E external/local_xla/xla/stream_executor/cuda/cuda_blas.cc:1515] Unable to register cuBLAS factory: Attempting to register factory for plugin cuBLAS when one has already been registered
[COMPREHENSIVE] loaded Optuna best JSON for shallow_d256_b2_r2 from /home/rsadve1/scratch/Extended_UPAIR_Narval_b32m16_portable/optuna/clean_b32_prb8_d256_40k_smart_trueDMRS_u34610_1dmrs_stageB_shallow_d256_b2_r2_best_params.json
[ISO-CHUNK] variant: shallow_d256_b2_r2
[ISO-CHUNK] receiver: baseline_ls_lmmse
[ISO-CHUNK] num_users: 1
[ISO-CHUNK] ebno_db: -3.0
[ISO-CHUNK] chunk_idx: 15
[ISO-CHUNK] chunk_batches: 20
[ISO-CHUNK] receiver_microbatch_size: 8
[ISO-CHUNK] chunk_seed: 3151061
[ISO-CHUNK] checkpoint: /scratch/rsadve1/Extended_UPAIR_Narval_b32m16_portable/TWC_plots_comprehensive/runs_rx16/seed7/1dmrs/shallow_d256_b2_r2/checkpoints/best.weights.h5
[ISO-CHUNK] TF_GPU_ALLOCATOR: cuda_malloc_async
[ISO-CHUNK] output tag: shallow_d256_b2_r2_u1_baseline_ls_lmmse_ebnom3p0_chunk0015_m8_b20
[EVAL] receiver microbatching enabled: batch_size_eval=64 receiver_microbatch_size=8
WARNING:tensorflow:Model's `__init__()` arguments contain non-serializable objects. Please implement a `get_config()` method in the subclassed Model for proper saving and loading. Defaulting to empty config.
WARNING:tensorflow:Model's `__init__()` arguments contain non-serializable objects. Please implement a `get_config()` method in the subclassed Model for proper saving and loading. Defaulting to empty config.
[EVAL] loaded UPAIR checkpoint: /scratch/rsadve1/Extended_UPAIR_Narval_b32m16_portable/TWC_plots_comprehensive/runs_rx16/seed7/1dmrs/shallow_d256_b2_r2/checkpoints/best.weights.h5
[EVAL] skipping explicit NMSE channel-estimator calls for: baseline_ls_lmmse
[EVAL] instrumentation log_latency=True log_gpu_memory=True memory_cleanup_every_batches=1 memory_cleanup_every_microbatch=True stream_eval_microbatches=True compiled_receiver_error_counts=False receiver_call_jit_compile=False per_receiver_stopping=False target_bler_floor=1e-05 floor_num_frames=0 gpu_mem=0.04GiB peak=0.22GiB
[EVAL] receiver_call name=baseline_ls_lmmse mode=positional_y_no compiled_error_counts=False
[EVAL] progress num_users=1 Eb/N0=-3 dB batches=10/20 frame_err=baseline_ls_lmmse:0/640 elapsed=72.2s avg_batch=7.217s gpu_mem=0.04GiB peak=0.22GiB
[EVAL] progress num_users=1 Eb/N0=-3 dB batches=20/20 frame_err=baseline_ls_lmmse:2/1280 elapsed=141.9s avg_batch=7.095s gpu_mem=0.04GiB peak=0.22GiB
[EVAL] receiver=       baseline_ls_lmmse Eb/N0=-3.0 dB BER=1.05007e-06 BLER=1.56250e-03 NMSE=nan bit_err=     4/3809280  blk_err=    2/1280   batches=  20 stop=global_stop rx_time=108.35s rx_ms_batch=5417.7 rx_ms_frame=84.651 point_time=141.90s gpu_mem=0.04GiB peak=0.22GiB
[ISO-CHUNK] wrote: /home/rsadve1/scratch/Extended_UPAIR_Narval_b32m16_portable/_isolated_eval_chunks/shallow_d256_b2_r2_u1_baseline_ls_lmmse_ebnom3p0_chunk0015_m8_b20/chunk_result.csv
[ISO-CHUNK] DONE
[PIPELINE] status done=0 reason=continue chunks=16 batches=320 block_errors=32/100 next_chunk=16
2026-06-09 07:04:36.329285: E external/local_xla/xla/stream_executor/cuda/cuda_dnn.cc:9261] Unable to register cuDNN factory: Attempting to register factory for plugin cuDNN when one has already been registered
2026-06-09 07:04:36.329322: E external/local_xla/xla/stream_executor/cuda/cuda_fft.cc:607] Unable to register cuFFT factory: Attempting to register factory for plugin cuFFT when one has already been registered
2026-06-09 07:04:36.330428: E external/local_xla/xla/stream_executor/cuda/cuda_blas.cc:1515] Unable to register cuBLAS factory: Attempting to register factory for plugin cuBLAS when one has already been registered
[COMPREHENSIVE] loaded Optuna best JSON for shallow_d256_b2_r2 from /home/rsadve1/scratch/Extended_UPAIR_Narval_b32m16_portable/optuna/clean_b32_prb8_d256_40k_smart_trueDMRS_u34610_1dmrs_stageB_shallow_d256_b2_r2_best_params.json
[ISO-CHUNK] variant: shallow_d256_b2_r2
[ISO-CHUNK] receiver: baseline_ls_lmmse
[ISO-CHUNK] num_users: 1
[ISO-CHUNK] ebno_db: -3.0
[ISO-CHUNK] chunk_idx: 16
[ISO-CHUNK] chunk_batches: 20
[ISO-CHUNK] receiver_microbatch_size: 8
[ISO-CHUNK] chunk_seed: 3251064
[ISO-CHUNK] checkpoint: /scratch/rsadve1/Extended_UPAIR_Narval_b32m16_portable/TWC_plots_comprehensive/runs_rx16/seed7/1dmrs/shallow_d256_b2_r2/checkpoints/best.weights.h5
[ISO-CHUNK] TF_GPU_ALLOCATOR: cuda_malloc_async
[ISO-CHUNK] output tag: shallow_d256_b2_r2_u1_baseline_ls_lmmse_ebnom3p0_chunk0016_m8_b20
[EVAL] receiver microbatching enabled: batch_size_eval=64 receiver_microbatch_size=8
WARNING:tensorflow:Model's `__init__()` arguments contain non-serializable objects. Please implement a `get_config()` method in the subclassed Model for proper saving and loading. Defaulting to empty config.
WARNING:tensorflow:Model's `__init__()` arguments contain non-serializable objects. Please implement a `get_config()` method in the subclassed Model for proper saving and loading. Defaulting to empty config.
[EVAL] loaded UPAIR checkpoint: /scratch/rsadve1/Extended_UPAIR_Narval_b32m16_portable/TWC_plots_comprehensive/runs_rx16/seed7/1dmrs/shallow_d256_b2_r2/checkpoints/best.weights.h5
[EVAL] skipping explicit NMSE channel-estimator calls for: baseline_ls_lmmse
[EVAL] instrumentation log_latency=True log_gpu_memory=True memory_cleanup_every_batches=1 memory_cleanup_every_microbatch=True stream_eval_microbatches=True compiled_receiver_error_counts=False receiver_call_jit_compile=False per_receiver_stopping=False target_bler_floor=1e-05 floor_num_frames=0 gpu_mem=0.04GiB peak=0.22GiB
[EVAL] receiver_call name=baseline_ls_lmmse mode=positional_y_no compiled_error_counts=False
[EVAL] progress num_users=1 Eb/N0=-3 dB batches=10/20 frame_err=baseline_ls_lmmse:2/640 elapsed=70.5s avg_batch=7.045s gpu_mem=0.04GiB peak=0.22GiB
[EVAL] progress num_users=1 Eb/N0=-3 dB batches=20/20 frame_err=baseline_ls_lmmse:3/1280 elapsed=140.8s avg_batch=7.040s gpu_mem=0.04GiB peak=0.22GiB
[EVAL] receiver=       baseline_ls_lmmse Eb/N0=-3.0 dB BER=1.16032e-04 BLER=2.34375e-03 NMSE=nan bit_err=   442/3809280  blk_err=    3/1280   batches=  20 stop=global_stop rx_time=108.78s rx_ms_batch=5439.2 rx_ms_frame=84.987 point_time=140.80s gpu_mem=0.04GiB peak=0.22GiB
[ISO-CHUNK] wrote: /home/rsadve1/scratch/Extended_UPAIR_Narval_b32m16_portable/_isolated_eval_chunks/shallow_d256_b2_r2_u1_baseline_ls_lmmse_ebnom3p0_chunk0016_m8_b20/chunk_result.csv
[ISO-CHUNK] DONE
[PIPELINE] status done=0 reason=continue chunks=17 batches=340 block_errors=35/100 next_chunk=17
2026-06-09 07:07:22.093375: E external/local_xla/xla/stream_executor/cuda/cuda_dnn.cc:9261] Unable to register cuDNN factory: Attempting to register factory for plugin cuDNN when one has already been registered
2026-06-09 07:07:22.093412: E external/local_xla/xla/stream_executor/cuda/cuda_fft.cc:607] Unable to register cuFFT factory: Attempting to register factory for plugin cuFFT when one has already been registered
2026-06-09 07:07:22.094520: E external/local_xla/xla/stream_executor/cuda/cuda_blas.cc:1515] Unable to register cuBLAS factory: Attempting to register factory for plugin cuBLAS when one has already been registered
[COMPREHENSIVE] loaded Optuna best JSON for shallow_d256_b2_r2 from /home/rsadve1/scratch/Extended_UPAIR_Narval_b32m16_portable/optuna/clean_b32_prb8_d256_40k_smart_trueDMRS_u34610_1dmrs_stageB_shallow_d256_b2_r2_best_params.json
[ISO-CHUNK] variant: shallow_d256_b2_r2
[ISO-CHUNK] receiver: baseline_ls_lmmse
[ISO-CHUNK] num_users: 1
[ISO-CHUNK] ebno_db: -3.0
[ISO-CHUNK] chunk_idx: 17
[ISO-CHUNK] chunk_batches: 20
[ISO-CHUNK] receiver_microbatch_size: 8
[ISO-CHUNK] chunk_seed: 3351067
[ISO-CHUNK] checkpoint: /scratch/rsadve1/Extended_UPAIR_Narval_b32m16_portable/TWC_plots_comprehensive/runs_rx16/seed7/1dmrs/shallow_d256_b2_r2/checkpoints/best.weights.h5
[ISO-CHUNK] TF_GPU_ALLOCATOR: cuda_malloc_async
[ISO-CHUNK] output tag: shallow_d256_b2_r2_u1_baseline_ls_lmmse_ebnom3p0_chunk0017_m8_b20
[EVAL] receiver microbatching enabled: batch_size_eval=64 receiver_microbatch_size=8
WARNING:tensorflow:Model's `__init__()` arguments contain non-serializable objects. Please implement a `get_config()` method in the subclassed Model for proper saving and loading. Defaulting to empty config.
WARNING:tensorflow:Model's `__init__()` arguments contain non-serializable objects. Please implement a `get_config()` method in the subclassed Model for proper saving and loading. Defaulting to empty config.
[EVAL] loaded UPAIR checkpoint: /scratch/rsadve1/Extended_UPAIR_Narval_b32m16_portable/TWC_plots_comprehensive/runs_rx16/seed7/1dmrs/shallow_d256_b2_r2/checkpoints/best.weights.h5
[EVAL] skipping explicit NMSE channel-estimator calls for: baseline_ls_lmmse
[EVAL] instrumentation log_latency=True log_gpu_memory=True memory_cleanup_every_batches=1 memory_cleanup_every_microbatch=True stream_eval_microbatches=True compiled_receiver_error_counts=False receiver_call_jit_compile=False per_receiver_stopping=False target_bler_floor=1e-05 floor_num_frames=0 gpu_mem=0.04GiB peak=0.22GiB
[EVAL] receiver_call name=baseline_ls_lmmse mode=positional_y_no compiled_error_counts=False
[EVAL] progress num_users=1 Eb/N0=-3 dB batches=10/20 frame_err=baseline_ls_lmmse:0/640 elapsed=70.3s avg_batch=7.030s gpu_mem=0.04GiB peak=0.22GiB
[EVAL] progress num_users=1 Eb/N0=-3 dB batches=20/20 frame_err=baseline_ls_lmmse:4/1280 elapsed=141.1s avg_batch=7.055s gpu_mem=0.04GiB peak=0.22GiB
[EVAL] receiver=       baseline_ls_lmmse Eb/N0=-3.0 dB BER=1.17082e-04 BLER=3.12500e-03 NMSE=nan bit_err=   446/3809280  blk_err=    4/1280   batches=  20 stop=global_stop rx_time=108.42s rx_ms_batch=5420.8 rx_ms_frame=84.700 point_time=141.11s gpu_mem=0.04GiB peak=0.22GiB
[ISO-CHUNK] wrote: /home/rsadve1/scratch/Extended_UPAIR_Narval_b32m16_portable/_isolated_eval_chunks/shallow_d256_b2_r2_u1_baseline_ls_lmmse_ebnom3p0_chunk0017_m8_b20/chunk_result.csv
[ISO-CHUNK] DONE
[PIPELINE] status done=0 reason=continue chunks=18 batches=360 block_errors=39/100 next_chunk=18
2026-06-09 07:10:07.670780: E external/local_xla/xla/stream_executor/cuda/cuda_dnn.cc:9261] Unable to register cuDNN factory: Attempting to register factory for plugin cuDNN when one has already been registered
2026-06-09 07:10:07.670826: E external/local_xla/xla/stream_executor/cuda/cuda_fft.cc:607] Unable to register cuFFT factory: Attempting to register factory for plugin cuFFT when one has already been registered
2026-06-09 07:10:07.671983: E external/local_xla/xla/stream_executor/cuda/cuda_blas.cc:1515] Unable to register cuBLAS factory: Attempting to register factory for plugin cuBLAS when one has already been registered
[COMPREHENSIVE] loaded Optuna best JSON for shallow_d256_b2_r2 from /home/rsadve1/scratch/Extended_UPAIR_Narval_b32m16_portable/optuna/clean_b32_prb8_d256_40k_smart_trueDMRS_u34610_1dmrs_stageB_shallow_d256_b2_r2_best_params.json
[ISO-CHUNK] variant: shallow_d256_b2_r2
[ISO-CHUNK] receiver: baseline_ls_lmmse
[ISO-CHUNK] num_users: 1
[ISO-CHUNK] ebno_db: -3.0
[ISO-CHUNK] chunk_idx: 18
[ISO-CHUNK] chunk_batches: 20
[ISO-CHUNK] receiver_microbatch_size: 8
[ISO-CHUNK] chunk_seed: 3451070
[ISO-CHUNK] checkpoint: /scratch/rsadve1/Extended_UPAIR_Narval_b32m16_portable/TWC_plots_comprehensive/runs_rx16/seed7/1dmrs/shallow_d256_b2_r2/checkpoints/best.weights.h5
[ISO-CHUNK] TF_GPU_ALLOCATOR: cuda_malloc_async
[ISO-CHUNK] output tag: shallow_d256_b2_r2_u1_baseline_ls_lmmse_ebnom3p0_chunk0018_m8_b20
[EVAL] receiver microbatching enabled: batch_size_eval=64 receiver_microbatch_size=8
WARNING:tensorflow:Model's `__init__()` arguments contain non-serializable objects. Please implement a `get_config()` method in the subclassed Model for proper saving and loading. Defaulting to empty config.
WARNING:tensorflow:Model's `__init__()` arguments contain non-serializable objects. Please implement a `get_config()` method in the subclassed Model for proper saving and loading. Defaulting to empty config.
[EVAL] loaded UPAIR checkpoint: /scratch/rsadve1/Extended_UPAIR_Narval_b32m16_portable/TWC_plots_comprehensive/runs_rx16/seed7/1dmrs/shallow_d256_b2_r2/checkpoints/best.weights.h5
[EVAL] skipping explicit NMSE channel-estimator calls for: baseline_ls_lmmse
[EVAL] instrumentation log_latency=True log_gpu_memory=True memory_cleanup_every_batches=1 memory_cleanup_every_microbatch=True stream_eval_microbatches=True compiled_receiver_error_counts=False receiver_call_jit_compile=False per_receiver_stopping=False target_bler_floor=1e-05 floor_num_frames=0 gpu_mem=0.04GiB peak=0.22GiB
[EVAL] receiver_call name=baseline_ls_lmmse mode=positional_y_no compiled_error_counts=False
[EVAL] progress num_users=1 Eb/N0=-3 dB batches=10/20 frame_err=baseline_ls_lmmse:1/640 elapsed=73.1s avg_batch=7.305s gpu_mem=0.04GiB peak=0.22GiB
[EVAL] progress num_users=1 Eb/N0=-3 dB batches=20/20 frame_err=baseline_ls_lmmse:1/1280 elapsed=145.7s avg_batch=7.287s gpu_mem=0.04GiB peak=0.22GiB
[EVAL] receiver=       baseline_ls_lmmse Eb/N0=-3.0 dB BER=3.93775e-06 BLER=7.81250e-04 NMSE=nan bit_err=    15/3809280  blk_err=    1/1280   batches=  20 stop=global_stop rx_time=108.43s rx_ms_batch=5421.4 rx_ms_frame=84.709 point_time=145.75s gpu_mem=0.04GiB peak=0.22GiB
[ISO-CHUNK] wrote: /home/rsadve1/scratch/Extended_UPAIR_Narval_b32m16_portable/_isolated_eval_chunks/shallow_d256_b2_r2_u1_baseline_ls_lmmse_ebnom3p0_chunk0018_m8_b20/chunk_result.csv
[ISO-CHUNK] DONE
[PIPELINE] status done=0 reason=continue chunks=19 batches=380 block_errors=40/100 next_chunk=19
2026-06-09 07:12:57.969348: E external/local_xla/xla/stream_executor/cuda/cuda_dnn.cc:9261] Unable to register cuDNN factory: Attempting to register factory for plugin cuDNN when one has already been registered
2026-06-09 07:12:57.969387: E external/local_xla/xla/stream_executor/cuda/cuda_fft.cc:607] Unable to register cuFFT factory: Attempting to register factory for plugin cuFFT when one has already been registered
2026-06-09 07:12:57.970451: E external/local_xla/xla/stream_executor/cuda/cuda_blas.cc:1515] Unable to register cuBLAS factory: Attempting to register factory for plugin cuBLAS when one has already been registered
[COMPREHENSIVE] loaded Optuna best JSON for shallow_d256_b2_r2 from /home/rsadve1/scratch/Extended_UPAIR_Narval_b32m16_portable/optuna/clean_b32_prb8_d256_40k_smart_trueDMRS_u34610_1dmrs_stageB_shallow_d256_b2_r2_best_params.json
[ISO-CHUNK] variant: shallow_d256_b2_r2
[ISO-CHUNK] receiver: baseline_ls_lmmse
[ISO-CHUNK] num_users: 1
[ISO-CHUNK] ebno_db: -3.0
[ISO-CHUNK] chunk_idx: 19
[ISO-CHUNK] chunk_batches: 20
[ISO-CHUNK] receiver_microbatch_size: 8
[ISO-CHUNK] chunk_seed: 3551073
[ISO-CHUNK] checkpoint: /scratch/rsadve1/Extended_UPAIR_Narval_b32m16_portable/TWC_plots_comprehensive/runs_rx16/seed7/1dmrs/shallow_d256_b2_r2/checkpoints/best.weights.h5
[ISO-CHUNK] TF_GPU_ALLOCATOR: cuda_malloc_async
[ISO-CHUNK] output tag: shallow_d256_b2_r2_u1_baseline_ls_lmmse_ebnom3p0_chunk0019_m8_b20
[EVAL] receiver microbatching enabled: batch_size_eval=64 receiver_microbatch_size=8
WARNING:tensorflow:Model's `__init__()` arguments contain non-serializable objects. Please implement a `get_config()` method in the subclassed Model for proper saving and loading. Defaulting to empty config.
WARNING:tensorflow:Model's `__init__()` arguments contain non-serializable objects. Please implement a `get_config()` method in the subclassed Model for proper saving and loading. Defaulting to empty config.
[EVAL] loaded UPAIR checkpoint: /scratch/rsadve1/Extended_UPAIR_Narval_b32m16_portable/TWC_plots_comprehensive/runs_rx16/seed7/1dmrs/shallow_d256_b2_r2/checkpoints/best.weights.h5
[EVAL] skipping explicit NMSE channel-estimator calls for: baseline_ls_lmmse
[EVAL] instrumentation log_latency=True log_gpu_memory=True memory_cleanup_every_batches=1 memory_cleanup_every_microbatch=True stream_eval_microbatches=True compiled_receiver_error_counts=False receiver_call_jit_compile=False per_receiver_stopping=False target_bler_floor=1e-05 floor_num_frames=0 gpu_mem=0.04GiB peak=0.22GiB
[EVAL] receiver_call name=baseline_ls_lmmse mode=positional_y_no compiled_error_counts=False
[EVAL] progress num_users=1 Eb/N0=-3 dB batches=10/20 frame_err=baseline_ls_lmmse:3/640 elapsed=73.7s avg_batch=7.368s gpu_mem=0.04GiB peak=0.22GiB
[EVAL] progress num_users=1 Eb/N0=-3 dB batches=20/20 frame_err=baseline_ls_lmmse:5/1280 elapsed=147.4s avg_batch=7.371s gpu_mem=0.04GiB peak=0.22GiB
[EVAL] receiver=       baseline_ls_lmmse Eb/N0=-3.0 dB BER=4.56779e-05 BLER=3.90625e-03 NMSE=nan bit_err=   174/3809280  blk_err=    5/1280   batches=  20 stop=global_stop rx_time=109.68s rx_ms_batch=5483.9 rx_ms_frame=85.686 point_time=147.42s gpu_mem=0.04GiB peak=0.22GiB
[ISO-CHUNK] wrote: /home/rsadve1/scratch/Extended_UPAIR_Narval_b32m16_portable/_isolated_eval_chunks/shallow_d256_b2_r2_u1_baseline_ls_lmmse_ebnom3p0_chunk0019_m8_b20/chunk_result.csv
[ISO-CHUNK] DONE
[PIPELINE] status done=0 reason=continue chunks=20 batches=400 block_errors=45/100 next_chunk=20
2026-06-09 07:15:49.596824: E external/local_xla/xla/stream_executor/cuda/cuda_dnn.cc:9261] Unable to register cuDNN factory: Attempting to register factory for plugin cuDNN when one has already been registered
2026-06-09 07:15:49.596857: E external/local_xla/xla/stream_executor/cuda/cuda_fft.cc:607] Unable to register cuFFT factory: Attempting to register factory for plugin cuFFT when one has already been registered
2026-06-09 07:15:49.597939: E external/local_xla/xla/stream_executor/cuda/cuda_blas.cc:1515] Unable to register cuBLAS factory: Attempting to register factory for plugin cuBLAS when one has already been registered
[COMPREHENSIVE] loaded Optuna best JSON for shallow_d256_b2_r2 from /home/rsadve1/scratch/Extended_UPAIR_Narval_b32m16_portable/optuna/clean_b32_prb8_d256_40k_smart_trueDMRS_u34610_1dmrs_stageB_shallow_d256_b2_r2_best_params.json
[ISO-CHUNK] variant: shallow_d256_b2_r2
[ISO-CHUNK] receiver: baseline_ls_lmmse
[ISO-CHUNK] num_users: 1
[ISO-CHUNK] ebno_db: -3.0
[ISO-CHUNK] chunk_idx: 20
[ISO-CHUNK] chunk_batches: 20
[ISO-CHUNK] receiver_microbatch_size: 8
[ISO-CHUNK] chunk_seed: 3651076
[ISO-CHUNK] checkpoint: /scratch/rsadve1/Extended_UPAIR_Narval_b32m16_portable/TWC_plots_comprehensive/runs_rx16/seed7/1dmrs/shallow_d256_b2_r2/checkpoints/best.weights.h5
[ISO-CHUNK] TF_GPU_ALLOCATOR: cuda_malloc_async
[ISO-CHUNK] output tag: shallow_d256_b2_r2_u1_baseline_ls_lmmse_ebnom3p0_chunk0020_m8_b20
[EVAL] receiver microbatching enabled: batch_size_eval=64 receiver_microbatch_size=8
WARNING:tensorflow:Model's `__init__()` arguments contain non-serializable objects. Please implement a `get_config()` method in the subclassed Model for proper saving and loading. Defaulting to empty config.
WARNING:tensorflow:Model's `__init__()` arguments contain non-serializable objects. Please implement a `get_config()` method in the subclassed Model for proper saving and loading. Defaulting to empty config.
[EVAL] loaded UPAIR checkpoint: /scratch/rsadve1/Extended_UPAIR_Narval_b32m16_portable/TWC_plots_comprehensive/runs_rx16/seed7/1dmrs/shallow_d256_b2_r2/checkpoints/best.weights.h5
[EVAL] skipping explicit NMSE channel-estimator calls for: baseline_ls_lmmse
[EVAL] instrumentation log_latency=True log_gpu_memory=True memory_cleanup_every_batches=1 memory_cleanup_every_microbatch=True stream_eval_microbatches=True compiled_receiver_error_counts=False receiver_call_jit_compile=False per_receiver_stopping=False target_bler_floor=1e-05 floor_num_frames=0 gpu_mem=0.04GiB peak=0.22GiB
[EVAL] receiver_call name=baseline_ls_lmmse mode=positional_y_no compiled_error_counts=False
[EVAL] progress num_users=1 Eb/N0=-3 dB batches=10/20 frame_err=baseline_ls_lmmse:1/640 elapsed=73.2s avg_batch=7.317s gpu_mem=0.04GiB peak=0.22GiB
[EVAL] progress num_users=1 Eb/N0=-3 dB batches=20/20 frame_err=baseline_ls_lmmse:2/1280 elapsed=147.0s avg_batch=7.351s gpu_mem=0.04GiB peak=0.22GiB
[EVAL] receiver=       baseline_ls_lmmse Eb/N0=-3.0 dB BER=6.40541e-05 BLER=1.56250e-03 NMSE=nan bit_err=   244/3809280  blk_err=    2/1280   batches=  20 stop=global_stop rx_time=109.00s rx_ms_batch=5450.1 rx_ms_frame=85.157 point_time=147.02s gpu_mem=0.04GiB peak=0.22GiB
[ISO-CHUNK] wrote: /home/rsadve1/scratch/Extended_UPAIR_Narval_b32m16_portable/_isolated_eval_chunks/shallow_d256_b2_r2_u1_baseline_ls_lmmse_ebnom3p0_chunk0020_m8_b20/chunk_result.csv
[ISO-CHUNK] DONE
[PIPELINE] status done=0 reason=continue chunks=21 batches=420 block_errors=47/100 next_chunk=21
2026-06-09 07:18:41.288632: E external/local_xla/xla/stream_executor/cuda/cuda_dnn.cc:9261] Unable to register cuDNN factory: Attempting to register factory for plugin cuDNN when one has already been registered
2026-06-09 07:18:41.288668: E external/local_xla/xla/stream_executor/cuda/cuda_fft.cc:607] Unable to register cuFFT factory: Attempting to register factory for plugin cuFFT when one has already been registered
2026-06-09 07:18:41.289786: E external/local_xla/xla/stream_executor/cuda/cuda_blas.cc:1515] Unable to register cuBLAS factory: Attempting to register factory for plugin cuBLAS when one has already been registered
[COMPREHENSIVE] loaded Optuna best JSON for shallow_d256_b2_r2 from /home/rsadve1/scratch/Extended_UPAIR_Narval_b32m16_portable/optuna/clean_b32_prb8_d256_40k_smart_trueDMRS_u34610_1dmrs_stageB_shallow_d256_b2_r2_best_params.json
[ISO-CHUNK] variant: shallow_d256_b2_r2
[ISO-CHUNK] receiver: baseline_ls_lmmse
[ISO-CHUNK] num_users: 1
[ISO-CHUNK] ebno_db: -3.0
[ISO-CHUNK] chunk_idx: 21
[ISO-CHUNK] chunk_batches: 20
[ISO-CHUNK] receiver_microbatch_size: 8
[ISO-CHUNK] chunk_seed: 3751079
[ISO-CHUNK] checkpoint: /scratch/rsadve1/Extended_UPAIR_Narval_b32m16_portable/TWC_plots_comprehensive/runs_rx16/seed7/1dmrs/shallow_d256_b2_r2/checkpoints/best.weights.h5
[ISO-CHUNK] TF_GPU_ALLOCATOR: cuda_malloc_async
[ISO-CHUNK] output tag: shallow_d256_b2_r2_u1_baseline_ls_lmmse_ebnom3p0_chunk0021_m8_b20
[EVAL] receiver microbatching enabled: batch_size_eval=64 receiver_microbatch_size=8
WARNING:tensorflow:Model's `__init__()` arguments contain non-serializable objects. Please implement a `get_config()` method in the subclassed Model for proper saving and loading. Defaulting to empty config.
WARNING:tensorflow:Model's `__init__()` arguments contain non-serializable objects. Please implement a `get_config()` method in the subclassed Model for proper saving and loading. Defaulting to empty config.
[EVAL] loaded UPAIR checkpoint: /scratch/rsadve1/Extended_UPAIR_Narval_b32m16_portable/TWC_plots_comprehensive/runs_rx16/seed7/1dmrs/shallow_d256_b2_r2/checkpoints/best.weights.h5
[EVAL] skipping explicit NMSE channel-estimator calls for: baseline_ls_lmmse
[EVAL] instrumentation log_latency=True log_gpu_memory=True memory_cleanup_every_batches=1 memory_cleanup_every_microbatch=True stream_eval_microbatches=True compiled_receiver_error_counts=False receiver_call_jit_compile=False per_receiver_stopping=False target_bler_floor=1e-05 floor_num_frames=0 gpu_mem=0.04GiB peak=0.22GiB
[EVAL] receiver_call name=baseline_ls_lmmse mode=positional_y_no compiled_error_counts=False
[EVAL] progress num_users=1 Eb/N0=-3 dB batches=10/20 frame_err=baseline_ls_lmmse:0/640 elapsed=73.7s avg_batch=7.370s gpu_mem=0.04GiB peak=0.22GiB
[EVAL] progress num_users=1 Eb/N0=-3 dB batches=20/20 frame_err=baseline_ls_lmmse:2/1280 elapsed=147.1s avg_batch=7.354s gpu_mem=0.04GiB peak=0.22GiB
[EVAL] receiver=       baseline_ls_lmmse Eb/N0=-3.0 dB BER=4.67280e-05 BLER=1.56250e-03 NMSE=nan bit_err=   178/3809280  blk_err=    2/1280   batches=  20 stop=global_stop rx_time=109.14s rx_ms_batch=5457.2 rx_ms_frame=85.269 point_time=147.09s gpu_mem=0.04GiB peak=0.22GiB
[ISO-CHUNK] wrote: /home/rsadve1/scratch/Extended_UPAIR_Narval_b32m16_portable/_isolated_eval_chunks/shallow_d256_b2_r2_u1_baseline_ls_lmmse_ebnom3p0_chunk0021_m8_b20/chunk_result.csv
[ISO-CHUNK] DONE
[PIPELINE] status done=0 reason=continue chunks=22 batches=440 block_errors=49/100 next_chunk=22
2026-06-09 07:21:38.499280: E external/local_xla/xla/stream_executor/cuda/cuda_dnn.cc:9261] Unable to register cuDNN factory: Attempting to register factory for plugin cuDNN when one has already been registered
2026-06-09 07:21:38.499313: E external/local_xla/xla/stream_executor/cuda/cuda_fft.cc:607] Unable to register cuFFT factory: Attempting to register factory for plugin cuFFT when one has already been registered
2026-06-09 07:21:38.500411: E external/local_xla/xla/stream_executor/cuda/cuda_blas.cc:1515] Unable to register cuBLAS factory: Attempting to register factory for plugin cuBLAS when one has already been registered
[COMPREHENSIVE] loaded Optuna best JSON for shallow_d256_b2_r2 from /home/rsadve1/scratch/Extended_UPAIR_Narval_b32m16_portable/optuna/clean_b32_prb8_d256_40k_smart_trueDMRS_u34610_1dmrs_stageB_shallow_d256_b2_r2_best_params.json
[ISO-CHUNK] variant: shallow_d256_b2_r2
[ISO-CHUNK] receiver: baseline_ls_lmmse
[ISO-CHUNK] num_users: 1
[ISO-CHUNK] ebno_db: -3.0
[ISO-CHUNK] chunk_idx: 22
[ISO-CHUNK] chunk_batches: 20
[ISO-CHUNK] receiver_microbatch_size: 8
[ISO-CHUNK] chunk_seed: 3851082
[ISO-CHUNK] checkpoint: /scratch/rsadve1/Extended_UPAIR_Narval_b32m16_portable/TWC_plots_comprehensive/runs_rx16/seed7/1dmrs/shallow_d256_b2_r2/checkpoints/best.weights.h5
[ISO-CHUNK] TF_GPU_ALLOCATOR: cuda_malloc_async
[ISO-CHUNK] output tag: shallow_d256_b2_r2_u1_baseline_ls_lmmse_ebnom3p0_chunk0022_m8_b20
[EVAL] receiver microbatching enabled: batch_size_eval=64 receiver_microbatch_size=8
WARNING:tensorflow:Model's `__init__()` arguments contain non-serializable objects. Please implement a `get_config()` method in the subclassed Model for proper saving and loading. Defaulting to empty config.
WARNING:tensorflow:Model's `__init__()` arguments contain non-serializable objects. Please implement a `get_config()` method in the subclassed Model for proper saving and loading. Defaulting to empty config.
[EVAL] loaded UPAIR checkpoint: /scratch/rsadve1/Extended_UPAIR_Narval_b32m16_portable/TWC_plots_comprehensive/runs_rx16/seed7/1dmrs/shallow_d256_b2_r2/checkpoints/best.weights.h5
[EVAL] skipping explicit NMSE channel-estimator calls for: baseline_ls_lmmse
[EVAL] instrumentation log_latency=True log_gpu_memory=True memory_cleanup_every_batches=1 memory_cleanup_every_microbatch=True stream_eval_microbatches=True compiled_receiver_error_counts=False receiver_call_jit_compile=False per_receiver_stopping=False target_bler_floor=1e-05 floor_num_frames=0 gpu_mem=0.04GiB peak=0.22GiB
[EVAL] receiver_call name=baseline_ls_lmmse mode=positional_y_no compiled_error_counts=False
[EVAL] progress num_users=1 Eb/N0=-3 dB batches=10/20 frame_err=baseline_ls_lmmse:1/640 elapsed=73.3s avg_batch=7.327s gpu_mem=0.04GiB peak=0.22GiB
[EVAL] progress num_users=1 Eb/N0=-3 dB batches=20/20 frame_err=baseline_ls_lmmse:4/1280 elapsed=146.9s avg_batch=7.347s gpu_mem=0.04GiB peak=0.22GiB
[EVAL] receiver=       baseline_ls_lmmse Eb/N0=-3.0 dB BER=1.96888e-04 BLER=3.12500e-03 NMSE=nan bit_err=   750/3809280  blk_err=    4/1280   batches=  20 stop=global_stop rx_time=109.12s rx_ms_batch=5455.9 rx_ms_frame=85.248 point_time=146.95s gpu_mem=0.04GiB peak=0.22GiB
[ISO-CHUNK] wrote: /home/rsadve1/scratch/Extended_UPAIR_Narval_b32m16_portable/_isolated_eval_chunks/shallow_d256_b2_r2_u1_baseline_ls_lmmse_ebnom3p0_chunk0022_m8_b20/chunk_result.csv
[ISO-CHUNK] DONE
[PIPELINE] status done=0 reason=continue chunks=23 batches=460 block_errors=53/100 next_chunk=23
2026-06-09 07:24:32.969228: E external/local_xla/xla/stream_executor/cuda/cuda_dnn.cc:9261] Unable to register cuDNN factory: Attempting to register factory for plugin cuDNN when one has already been registered
2026-06-09 07:24:32.969272: E external/local_xla/xla/stream_executor/cuda/cuda_fft.cc:607] Unable to register cuFFT factory: Attempting to register factory for plugin cuFFT when one has already been registered
2026-06-09 07:24:32.970375: E external/local_xla/xla/stream_executor/cuda/cuda_blas.cc:1515] Unable to register cuBLAS factory: Attempting to register factory for plugin cuBLAS when one has already been registered
[COMPREHENSIVE] loaded Optuna best JSON for shallow_d256_b2_r2 from /home/rsadve1/scratch/Extended_UPAIR_Narval_b32m16_portable/optuna/clean_b32_prb8_d256_40k_smart_trueDMRS_u34610_1dmrs_stageB_shallow_d256_b2_r2_best_params.json
[ISO-CHUNK] variant: shallow_d256_b2_r2
[ISO-CHUNK] receiver: baseline_ls_lmmse
[ISO-CHUNK] num_users: 1
[ISO-CHUNK] ebno_db: -3.0
[ISO-CHUNK] chunk_idx: 23
[ISO-CHUNK] chunk_batches: 20
[ISO-CHUNK] receiver_microbatch_size: 8
[ISO-CHUNK] chunk_seed: 3951085
[ISO-CHUNK] checkpoint: /scratch/rsadve1/Extended_UPAIR_Narval_b32m16_portable/TWC_plots_comprehensive/runs_rx16/seed7/1dmrs/shallow_d256_b2_r2/checkpoints/best.weights.h5
[ISO-CHUNK] TF_GPU_ALLOCATOR: cuda_malloc_async
[ISO-CHUNK] output tag: shallow_d256_b2_r2_u1_baseline_ls_lmmse_ebnom3p0_chunk0023_m8_b20
[EVAL] receiver microbatching enabled: batch_size_eval=64 receiver_microbatch_size=8
WARNING:tensorflow:Model's `__init__()` arguments contain non-serializable objects. Please implement a `get_config()` method in the subclassed Model for proper saving and loading. Defaulting to empty config.
WARNING:tensorflow:Model's `__init__()` arguments contain non-serializable objects. Please implement a `get_config()` method in the subclassed Model for proper saving and loading. Defaulting to empty config.
[EVAL] loaded UPAIR checkpoint: /scratch/rsadve1/Extended_UPAIR_Narval_b32m16_portable/TWC_plots_comprehensive/runs_rx16/seed7/1dmrs/shallow_d256_b2_r2/checkpoints/best.weights.h5
[EVAL] skipping explicit NMSE channel-estimator calls for: baseline_ls_lmmse
[EVAL] instrumentation log_latency=True log_gpu_memory=True memory_cleanup_every_batches=1 memory_cleanup_every_microbatch=True stream_eval_microbatches=True compiled_receiver_error_counts=False receiver_call_jit_compile=False per_receiver_stopping=False target_bler_floor=1e-05 floor_num_frames=0 gpu_mem=0.04GiB peak=0.22GiB
[EVAL] receiver_call name=baseline_ls_lmmse mode=positional_y_no compiled_error_counts=False
[EVAL] progress num_users=1 Eb/N0=-3 dB batches=10/20 frame_err=baseline_ls_lmmse:1/640 elapsed=70.8s avg_batch=7.081s gpu_mem=0.04GiB peak=0.22GiB
[EVAL] progress num_users=1 Eb/N0=-3 dB batches=20/20 frame_err=baseline_ls_lmmse:1/1280 elapsed=143.9s avg_batch=7.194s gpu_mem=0.04GiB peak=0.22GiB
[EVAL] receiver=       baseline_ls_lmmse Eb/N0=-3.0 dB BER=5.51285e-06 BLER=7.81250e-04 NMSE=nan bit_err=    21/3809280  blk_err=    1/1280   batches=  20 stop=global_stop rx_time=108.84s rx_ms_batch=5442.2 rx_ms_frame=85.034 point_time=143.88s gpu_mem=0.04GiB peak=0.22GiB
[ISO-CHUNK] wrote: /home/rsadve1/scratch/Extended_UPAIR_Narval_b32m16_portable/_isolated_eval_chunks/shallow_d256_b2_r2_u1_baseline_ls_lmmse_ebnom3p0_chunk0023_m8_b20/chunk_result.csv
[ISO-CHUNK] DONE
[PIPELINE] status done=0 reason=continue chunks=24 batches=480 block_errors=54/100 next_chunk=24
2026-06-09 07:27:21.252671: E external/local_xla/xla/stream_executor/cuda/cuda_dnn.cc:9261] Unable to register cuDNN factory: Attempting to register factory for plugin cuDNN when one has already been registered
2026-06-09 07:27:21.252708: E external/local_xla/xla/stream_executor/cuda/cuda_fft.cc:607] Unable to register cuFFT factory: Attempting to register factory for plugin cuFFT when one has already been registered
2026-06-09 07:27:21.253830: E external/local_xla/xla/stream_executor/cuda/cuda_blas.cc:1515] Unable to register cuBLAS factory: Attempting to register factory for plugin cuBLAS when one has already been registered
[COMPREHENSIVE] loaded Optuna best JSON for shallow_d256_b2_r2 from /home/rsadve1/scratch/Extended_UPAIR_Narval_b32m16_portable/optuna/clean_b32_prb8_d256_40k_smart_trueDMRS_u34610_1dmrs_stageB_shallow_d256_b2_r2_best_params.json
[ISO-CHUNK] variant: shallow_d256_b2_r2
[ISO-CHUNK] receiver: baseline_ls_lmmse
[ISO-CHUNK] num_users: 1
[ISO-CHUNK] ebno_db: -3.0
[ISO-CHUNK] chunk_idx: 24
[ISO-CHUNK] chunk_batches: 20
[ISO-CHUNK] receiver_microbatch_size: 8
[ISO-CHUNK] chunk_seed: 4051088
[ISO-CHUNK] checkpoint: /scratch/rsadve1/Extended_UPAIR_Narval_b32m16_portable/TWC_plots_comprehensive/runs_rx16/seed7/1dmrs/shallow_d256_b2_r2/checkpoints/best.weights.h5
[ISO-CHUNK] TF_GPU_ALLOCATOR: cuda_malloc_async
[ISO-CHUNK] output tag: shallow_d256_b2_r2_u1_baseline_ls_lmmse_ebnom3p0_chunk0024_m8_b20
[EVAL] receiver microbatching enabled: batch_size_eval=64 receiver_microbatch_size=8
WARNING:tensorflow:Model's `__init__()` arguments contain non-serializable objects. Please implement a `get_config()` method in the subclassed Model for proper saving and loading. Defaulting to empty config.
WARNING:tensorflow:Model's `__init__()` arguments contain non-serializable objects. Please implement a `get_config()` method in the subclassed Model for proper saving and loading. Defaulting to empty config.
[EVAL] loaded UPAIR checkpoint: /scratch/rsadve1/Extended_UPAIR_Narval_b32m16_portable/TWC_plots_comprehensive/runs_rx16/seed7/1dmrs/shallow_d256_b2_r2/checkpoints/best.weights.h5
[EVAL] skipping explicit NMSE channel-estimator calls for: baseline_ls_lmmse
[EVAL] instrumentation log_latency=True log_gpu_memory=True memory_cleanup_every_batches=1 memory_cleanup_every_microbatch=True stream_eval_microbatches=True compiled_receiver_error_counts=False receiver_call_jit_compile=False per_receiver_stopping=False target_bler_floor=1e-05 floor_num_frames=0 gpu_mem=0.04GiB peak=0.22GiB
[EVAL] receiver_call name=baseline_ls_lmmse mode=positional_y_no compiled_error_counts=False
[EVAL] progress num_users=1 Eb/N0=-3 dB batches=10/20 frame_err=baseline_ls_lmmse:1/640 elapsed=73.8s avg_batch=7.379s gpu_mem=0.04GiB peak=0.22GiB
[EVAL] progress num_users=1 Eb/N0=-3 dB batches=20/20 frame_err=baseline_ls_lmmse:3/1280 elapsed=147.3s avg_batch=7.366s gpu_mem=0.04GiB peak=0.22GiB
[EVAL] receiver=       baseline_ls_lmmse Eb/N0=-3.0 dB BER=7.42923e-05 BLER=2.34375e-03 NMSE=nan bit_err=   283/3809280  blk_err=    3/1280   batches=  20 stop=global_stop rx_time=109.65s rx_ms_batch=5482.3 rx_ms_frame=85.660 point_time=147.32s gpu_mem=0.04GiB peak=0.22GiB
[ISO-CHUNK] wrote: /home/rsadve1/scratch/Extended_UPAIR_Narval_b32m16_portable/_isolated_eval_chunks/shallow_d256_b2_r2_u1_baseline_ls_lmmse_ebnom3p0_chunk0024_m8_b20/chunk_result.csv
[ISO-CHUNK] DONE
[PIPELINE] status done=0 reason=continue chunks=25 batches=500 block_errors=57/100 next_chunk=25
2026-06-09 07:30:13.308587: E external/local_xla/xla/stream_executor/cuda/cuda_dnn.cc:9261] Unable to register cuDNN factory: Attempting to register factory for plugin cuDNN when one has already been registered
2026-06-09 07:30:13.308623: E external/local_xla/xla/stream_executor/cuda/cuda_fft.cc:607] Unable to register cuFFT factory: Attempting to register factory for plugin cuFFT when one has already been registered
2026-06-09 07:30:13.309736: E external/local_xla/xla/stream_executor/cuda/cuda_blas.cc:1515] Unable to register cuBLAS factory: Attempting to register factory for plugin cuBLAS when one has already been registered
[COMPREHENSIVE] loaded Optuna best JSON for shallow_d256_b2_r2 from /home/rsadve1/scratch/Extended_UPAIR_Narval_b32m16_portable/optuna/clean_b32_prb8_d256_40k_smart_trueDMRS_u34610_1dmrs_stageB_shallow_d256_b2_r2_best_params.json
[ISO-CHUNK] variant: shallow_d256_b2_r2
[ISO-CHUNK] receiver: baseline_ls_lmmse
[ISO-CHUNK] num_users: 1
[ISO-CHUNK] ebno_db: -3.0
[ISO-CHUNK] chunk_idx: 25
[ISO-CHUNK] chunk_batches: 20
[ISO-CHUNK] receiver_microbatch_size: 8
[ISO-CHUNK] chunk_seed: 4151091
[ISO-CHUNK] checkpoint: /scratch/rsadve1/Extended_UPAIR_Narval_b32m16_portable/TWC_plots_comprehensive/runs_rx16/seed7/1dmrs/shallow_d256_b2_r2/checkpoints/best.weights.h5
[ISO-CHUNK] TF_GPU_ALLOCATOR: cuda_malloc_async
[ISO-CHUNK] output tag: shallow_d256_b2_r2_u1_baseline_ls_lmmse_ebnom3p0_chunk0025_m8_b20
[EVAL] receiver microbatching enabled: batch_size_eval=64 receiver_microbatch_size=8
WARNING:tensorflow:Model's `__init__()` arguments contain non-serializable objects. Please implement a `get_config()` method in the subclassed Model for proper saving and loading. Defaulting to empty config.
WARNING:tensorflow:Model's `__init__()` arguments contain non-serializable objects. Please implement a `get_config()` method in the subclassed Model for proper saving and loading. Defaulting to empty config.
[EVAL] loaded UPAIR checkpoint: /scratch/rsadve1/Extended_UPAIR_Narval_b32m16_portable/TWC_plots_comprehensive/runs_rx16/seed7/1dmrs/shallow_d256_b2_r2/checkpoints/best.weights.h5
[EVAL] skipping explicit NMSE channel-estimator calls for: baseline_ls_lmmse
[EVAL] instrumentation log_latency=True log_gpu_memory=True memory_cleanup_every_batches=1 memory_cleanup_every_microbatch=True stream_eval_microbatches=True compiled_receiver_error_counts=False receiver_call_jit_compile=False per_receiver_stopping=False target_bler_floor=1e-05 floor_num_frames=0 gpu_mem=0.04GiB peak=0.22GiB
[EVAL] receiver_call name=baseline_ls_lmmse mode=positional_y_no compiled_error_counts=False
[EVAL] progress num_users=1 Eb/N0=-3 dB batches=10/20 frame_err=baseline_ls_lmmse:3/640 elapsed=73.9s avg_batch=7.391s gpu_mem=0.04GiB peak=0.22GiB
[EVAL] progress num_users=1 Eb/N0=-3 dB batches=20/20 frame_err=baseline_ls_lmmse:4/1280 elapsed=147.6s avg_batch=7.379s gpu_mem=0.04GiB peak=0.22GiB
[EVAL] receiver=       baseline_ls_lmmse Eb/N0=-3.0 dB BER=8.76806e-05 BLER=3.12500e-03 NMSE=nan bit_err=   334/3809280  blk_err=    4/1280   batches=  20 stop=global_stop rx_time=109.21s rx_ms_batch=5460.3 rx_ms_frame=85.317 point_time=147.58s gpu_mem=0.04GiB peak=0.22GiB
[ISO-CHUNK] wrote: /home/rsadve1/scratch/Extended_UPAIR_Narval_b32m16_portable/_isolated_eval_chunks/shallow_d256_b2_r2_u1_baseline_ls_lmmse_ebnom3p0_chunk0025_m8_b20/chunk_result.csv
[ISO-CHUNK] DONE
[PIPELINE] status done=0 reason=continue chunks=26 batches=520 block_errors=61/100 next_chunk=26
2026-06-09 07:33:08.113428: E external/local_xla/xla/stream_executor/cuda/cuda_dnn.cc:9261] Unable to register cuDNN factory: Attempting to register factory for plugin cuDNN when one has already been registered
2026-06-09 07:33:08.113462: E external/local_xla/xla/stream_executor/cuda/cuda_fft.cc:607] Unable to register cuFFT factory: Attempting to register factory for plugin cuFFT when one has already been registered
2026-06-09 07:33:08.114601: E external/local_xla/xla/stream_executor/cuda/cuda_blas.cc:1515] Unable to register cuBLAS factory: Attempting to register factory for plugin cuBLAS when one has already been registered
[COMPREHENSIVE] loaded Optuna best JSON for shallow_d256_b2_r2 from /home/rsadve1/scratch/Extended_UPAIR_Narval_b32m16_portable/optuna/clean_b32_prb8_d256_40k_smart_trueDMRS_u34610_1dmrs_stageB_shallow_d256_b2_r2_best_params.json
[ISO-CHUNK] variant: shallow_d256_b2_r2
[ISO-CHUNK] receiver: baseline_ls_lmmse
[ISO-CHUNK] num_users: 1
[ISO-CHUNK] ebno_db: -3.0
[ISO-CHUNK] chunk_idx: 26
[ISO-CHUNK] chunk_batches: 20
[ISO-CHUNK] receiver_microbatch_size: 8
[ISO-CHUNK] chunk_seed: 4251094
[ISO-CHUNK] checkpoint: /scratch/rsadve1/Extended_UPAIR_Narval_b32m16_portable/TWC_plots_comprehensive/runs_rx16/seed7/1dmrs/shallow_d256_b2_r2/checkpoints/best.weights.h5
[ISO-CHUNK] TF_GPU_ALLOCATOR: cuda_malloc_async
[ISO-CHUNK] output tag: shallow_d256_b2_r2_u1_baseline_ls_lmmse_ebnom3p0_chunk0026_m8_b20
[EVAL] receiver microbatching enabled: batch_size_eval=64 receiver_microbatch_size=8
WARNING:tensorflow:Model's `__init__()` arguments contain non-serializable objects. Please implement a `get_config()` method in the subclassed Model for proper saving and loading. Defaulting to empty config.
WARNING:tensorflow:Model's `__init__()` arguments contain non-serializable objects. Please implement a `get_config()` method in the subclassed Model for proper saving and loading. Defaulting to empty config.
[EVAL] loaded UPAIR checkpoint: /scratch/rsadve1/Extended_UPAIR_Narval_b32m16_portable/TWC_plots_comprehensive/runs_rx16/seed7/1dmrs/shallow_d256_b2_r2/checkpoints/best.weights.h5
[EVAL] skipping explicit NMSE channel-estimator calls for: baseline_ls_lmmse
[EVAL] instrumentation log_latency=True log_gpu_memory=True memory_cleanup_every_batches=1 memory_cleanup_every_microbatch=True stream_eval_microbatches=True compiled_receiver_error_counts=False receiver_call_jit_compile=False per_receiver_stopping=False target_bler_floor=1e-05 floor_num_frames=0 gpu_mem=0.04GiB peak=0.22GiB
[EVAL] receiver_call name=baseline_ls_lmmse mode=positional_y_no compiled_error_counts=False
[EVAL] progress num_users=1 Eb/N0=-3 dB batches=10/20 frame_err=baseline_ls_lmmse:1/640 elapsed=73.8s avg_batch=7.378s gpu_mem=0.04GiB peak=0.22GiB
[EVAL] progress num_users=1 Eb/N0=-3 dB batches=20/20 frame_err=baseline_ls_lmmse:1/1280 elapsed=146.4s avg_batch=7.318s gpu_mem=0.04GiB peak=0.22GiB
[EVAL] receiver=       baseline_ls_lmmse Eb/N0=-3.0 dB BER=4.67280e-05 BLER=7.81250e-04 NMSE=nan bit_err=   178/3809280  blk_err=    1/1280   batches=  20 stop=global_stop rx_time=109.65s rx_ms_batch=5482.7 rx_ms_frame=85.667 point_time=146.35s gpu_mem=0.04GiB peak=0.22GiB
[ISO-CHUNK] wrote: /home/rsadve1/scratch/Extended_UPAIR_Narval_b32m16_portable/_isolated_eval_chunks/shallow_d256_b2_r2_u1_baseline_ls_lmmse_ebnom3p0_chunk0026_m8_b20/chunk_result.csv
[ISO-CHUNK] DONE
[PIPELINE] status done=0 reason=continue chunks=27 batches=540 block_errors=62/100 next_chunk=27
2026-06-09 07:36:02.579944: E external/local_xla/xla/stream_executor/cuda/cuda_dnn.cc:9261] Unable to register cuDNN factory: Attempting to register factory for plugin cuDNN when one has already been registered
2026-06-09 07:36:02.579982: E external/local_xla/xla/stream_executor/cuda/cuda_fft.cc:607] Unable to register cuFFT factory: Attempting to register factory for plugin cuFFT when one has already been registered
2026-06-09 07:36:02.581088: E external/local_xla/xla/stream_executor/cuda/cuda_blas.cc:1515] Unable to register cuBLAS factory: Attempting to register factory for plugin cuBLAS when one has already been registered
[COMPREHENSIVE] loaded Optuna best JSON for shallow_d256_b2_r2 from /home/rsadve1/scratch/Extended_UPAIR_Narval_b32m16_portable/optuna/clean_b32_prb8_d256_40k_smart_trueDMRS_u34610_1dmrs_stageB_shallow_d256_b2_r2_best_params.json
[ISO-CHUNK] variant: shallow_d256_b2_r2
[ISO-CHUNK] receiver: baseline_ls_lmmse
[ISO-CHUNK] num_users: 1
[ISO-CHUNK] ebno_db: -3.0
[ISO-CHUNK] chunk_idx: 27
[ISO-CHUNK] chunk_batches: 20
[ISO-CHUNK] receiver_microbatch_size: 8
[ISO-CHUNK] chunk_seed: 4351097
[ISO-CHUNK] checkpoint: /scratch/rsadve1/Extended_UPAIR_Narval_b32m16_portable/TWC_plots_comprehensive/runs_rx16/seed7/1dmrs/shallow_d256_b2_r2/checkpoints/best.weights.h5
[ISO-CHUNK] TF_GPU_ALLOCATOR: cuda_malloc_async
[ISO-CHUNK] output tag: shallow_d256_b2_r2_u1_baseline_ls_lmmse_ebnom3p0_chunk0027_m8_b20
[EVAL] receiver microbatching enabled: batch_size_eval=64 receiver_microbatch_size=8
WARNING:tensorflow:Model's `__init__()` arguments contain non-serializable objects. Please implement a `get_config()` method in the subclassed Model for proper saving and loading. Defaulting to empty config.
WARNING:tensorflow:Model's `__init__()` arguments contain non-serializable objects. Please implement a `get_config()` method in the subclassed Model for proper saving and loading. Defaulting to empty config.
[EVAL] loaded UPAIR checkpoint: /scratch/rsadve1/Extended_UPAIR_Narval_b32m16_portable/TWC_plots_comprehensive/runs_rx16/seed7/1dmrs/shallow_d256_b2_r2/checkpoints/best.weights.h5
[EVAL] skipping explicit NMSE channel-estimator calls for: baseline_ls_lmmse
[EVAL] instrumentation log_latency=True log_gpu_memory=True memory_cleanup_every_batches=1 memory_cleanup_every_microbatch=True stream_eval_microbatches=True compiled_receiver_error_counts=False receiver_call_jit_compile=False per_receiver_stopping=False target_bler_floor=1e-05 floor_num_frames=0 gpu_mem=0.04GiB peak=0.22GiB
[EVAL] receiver_call name=baseline_ls_lmmse mode=positional_y_no compiled_error_counts=False
[EVAL] progress num_users=1 Eb/N0=-3 dB batches=10/20 frame_err=baseline_ls_lmmse:2/640 elapsed=72.3s avg_batch=7.226s gpu_mem=0.04GiB peak=0.22GiB
[EVAL] progress num_users=1 Eb/N0=-3 dB batches=20/20 frame_err=baseline_ls_lmmse:3/1280 elapsed=143.0s avg_batch=7.149s gpu_mem=0.04GiB peak=0.22GiB
[EVAL] receiver=       baseline_ls_lmmse Eb/N0=-3.0 dB BER=1.68536e-04 BLER=2.34375e-03 NMSE=nan bit_err=   642/3809280  blk_err=    3/1280   batches=  20 stop=global_stop rx_time=108.12s rx_ms_batch=5405.8 rx_ms_frame=84.466 point_time=142.98s gpu_mem=0.04GiB peak=0.22GiB
[ISO-CHUNK] wrote: /home/rsadve1/scratch/Extended_UPAIR_Narval_b32m16_portable/_isolated_eval_chunks/shallow_d256_b2_r2_u1_baseline_ls_lmmse_ebnom3p0_chunk0027_m8_b20/chunk_result.csv
[ISO-CHUNK] DONE
[PIPELINE] status done=0 reason=continue chunks=28 batches=560 block_errors=65/100 next_chunk=28
2026-06-09 07:39:01.684442: E external/local_xla/xla/stream_executor/cuda/cuda_dnn.cc:9261] Unable to register cuDNN factory: Attempting to register factory for plugin cuDNN when one has already been registered
2026-06-09 07:39:01.684494: E external/local_xla/xla/stream_executor/cuda/cuda_fft.cc:607] Unable to register cuFFT factory: Attempting to register factory for plugin cuFFT when one has already been registered
2026-06-09 07:39:01.685590: E external/local_xla/xla/stream_executor/cuda/cuda_blas.cc:1515] Unable to register cuBLAS factory: Attempting to register factory for plugin cuBLAS when one has already been registered
[COMPREHENSIVE] loaded Optuna best JSON for shallow_d256_b2_r2 from /home/rsadve1/scratch/Extended_UPAIR_Narval_b32m16_portable/optuna/clean_b32_prb8_d256_40k_smart_trueDMRS_u34610_1dmrs_stageB_shallow_d256_b2_r2_best_params.json
[ISO-CHUNK] variant: shallow_d256_b2_r2
[ISO-CHUNK] receiver: baseline_ls_lmmse
[ISO-CHUNK] num_users: 1
[ISO-CHUNK] ebno_db: -3.0
[ISO-CHUNK] chunk_idx: 28
[ISO-CHUNK] chunk_batches: 20
[ISO-CHUNK] receiver_microbatch_size: 8
[ISO-CHUNK] chunk_seed: 4451100
[ISO-CHUNK] checkpoint: /scratch/rsadve1/Extended_UPAIR_Narval_b32m16_portable/TWC_plots_comprehensive/runs_rx16/seed7/1dmrs/shallow_d256_b2_r2/checkpoints/best.weights.h5
[ISO-CHUNK] TF_GPU_ALLOCATOR: cuda_malloc_async
[ISO-CHUNK] output tag: shallow_d256_b2_r2_u1_baseline_ls_lmmse_ebnom3p0_chunk0028_m8_b20
[EVAL] receiver microbatching enabled: batch_size_eval=64 receiver_microbatch_size=8
WARNING:tensorflow:Model's `__init__()` arguments contain non-serializable objects. Please implement a `get_config()` method in the subclassed Model for proper saving and loading. Defaulting to empty config.
WARNING:tensorflow:Model's `__init__()` arguments contain non-serializable objects. Please implement a `get_config()` method in the subclassed Model for proper saving and loading. Defaulting to empty config.
[EVAL] loaded UPAIR checkpoint: /scratch/rsadve1/Extended_UPAIR_Narval_b32m16_portable/TWC_plots_comprehensive/runs_rx16/seed7/1dmrs/shallow_d256_b2_r2/checkpoints/best.weights.h5
[EVAL] skipping explicit NMSE channel-estimator calls for: baseline_ls_lmmse
[EVAL] instrumentation log_latency=True log_gpu_memory=True memory_cleanup_every_batches=1 memory_cleanup_every_microbatch=True stream_eval_microbatches=True compiled_receiver_error_counts=False receiver_call_jit_compile=False per_receiver_stopping=False target_bler_floor=1e-05 floor_num_frames=0 gpu_mem=0.04GiB peak=0.22GiB
[EVAL] receiver_call name=baseline_ls_lmmse mode=positional_y_no compiled_error_counts=False
[EVAL] progress num_users=1 Eb/N0=-3 dB batches=10/20 frame_err=baseline_ls_lmmse:0/640 elapsed=73.1s avg_batch=7.311s gpu_mem=0.04GiB peak=0.22GiB
[EVAL] progress num_users=1 Eb/N0=-3 dB batches=20/20 frame_err=baseline_ls_lmmse:1/1280 elapsed=146.5s avg_batch=7.326s gpu_mem=0.04GiB peak=0.22GiB
[EVAL] receiver=       baseline_ls_lmmse Eb/N0=-3.0 dB BER=1.83762e-06 BLER=7.81250e-04 NMSE=nan bit_err=     7/3809280  blk_err=    1/1280   batches=  20 stop=global_stop rx_time=109.25s rx_ms_batch=5462.5 rx_ms_frame=85.351 point_time=146.52s gpu_mem=0.04GiB peak=0.22GiB
[ISO-CHUNK] wrote: /home/rsadve1/scratch/Extended_UPAIR_Narval_b32m16_portable/_isolated_eval_chunks/shallow_d256_b2_r2_u1_baseline_ls_lmmse_ebnom3p0_chunk0028_m8_b20/chunk_result.csv
[ISO-CHUNK] DONE
[PIPELINE] status done=0 reason=continue chunks=29 batches=580 block_errors=66/100 next_chunk=29
2026-06-09 07:41:57.960754: E external/local_xla/xla/stream_executor/cuda/cuda_dnn.cc:9261] Unable to register cuDNN factory: Attempting to register factory for plugin cuDNN when one has already been registered
2026-06-09 07:41:57.960792: E external/local_xla/xla/stream_executor/cuda/cuda_fft.cc:607] Unable to register cuFFT factory: Attempting to register factory for plugin cuFFT when one has already been registered
2026-06-09 07:41:57.961931: E external/local_xla/xla/stream_executor/cuda/cuda_blas.cc:1515] Unable to register cuBLAS factory: Attempting to register factory for plugin cuBLAS when one has already been registered
[COMPREHENSIVE] loaded Optuna best JSON for shallow_d256_b2_r2 from /home/rsadve1/scratch/Extended_UPAIR_Narval_b32m16_portable/optuna/clean_b32_prb8_d256_40k_smart_trueDMRS_u34610_1dmrs_stageB_shallow_d256_b2_r2_best_params.json
[ISO-CHUNK] variant: shallow_d256_b2_r2
[ISO-CHUNK] receiver: baseline_ls_lmmse
[ISO-CHUNK] num_users: 1
[ISO-CHUNK] ebno_db: -3.0
[ISO-CHUNK] chunk_idx: 29
[ISO-CHUNK] chunk_batches: 20
[ISO-CHUNK] receiver_microbatch_size: 8
[ISO-CHUNK] chunk_seed: 4551103
[ISO-CHUNK] checkpoint: /scratch/rsadve1/Extended_UPAIR_Narval_b32m16_portable/TWC_plots_comprehensive/runs_rx16/seed7/1dmrs/shallow_d256_b2_r2/checkpoints/best.weights.h5
[ISO-CHUNK] TF_GPU_ALLOCATOR: cuda_malloc_async
[ISO-CHUNK] output tag: shallow_d256_b2_r2_u1_baseline_ls_lmmse_ebnom3p0_chunk0029_m8_b20
[EVAL] receiver microbatching enabled: batch_size_eval=64 receiver_microbatch_size=8
WARNING:tensorflow:Model's `__init__()` arguments contain non-serializable objects. Please implement a `get_config()` method in the subclassed Model for proper saving and loading. Defaulting to empty config.
WARNING:tensorflow:Model's `__init__()` arguments contain non-serializable objects. Please implement a `get_config()` method in the subclassed Model for proper saving and loading. Defaulting to empty config.
[EVAL] loaded UPAIR checkpoint: /scratch/rsadve1/Extended_UPAIR_Narval_b32m16_portable/TWC_plots_comprehensive/runs_rx16/seed7/1dmrs/shallow_d256_b2_r2/checkpoints/best.weights.h5
[EVAL] skipping explicit NMSE channel-estimator calls for: baseline_ls_lmmse
[EVAL] instrumentation log_latency=True log_gpu_memory=True memory_cleanup_every_batches=1 memory_cleanup_every_microbatch=True stream_eval_microbatches=True compiled_receiver_error_counts=False receiver_call_jit_compile=False per_receiver_stopping=False target_bler_floor=1e-05 floor_num_frames=0 gpu_mem=0.04GiB peak=0.22GiB
[EVAL] receiver_call name=baseline_ls_lmmse mode=positional_y_no compiled_error_counts=False
[EVAL] progress num_users=1 Eb/N0=-3 dB batches=10/20 frame_err=baseline_ls_lmmse:1/640 elapsed=74.2s avg_batch=7.422s gpu_mem=0.04GiB peak=0.22GiB
[EVAL] progress num_users=1 Eb/N0=-3 dB batches=20/20 frame_err=baseline_ls_lmmse:2/1280 elapsed=147.5s avg_batch=7.373s gpu_mem=0.04GiB peak=0.22GiB
[EVAL] receiver=       baseline_ls_lmmse Eb/N0=-3.0 dB BER=9.18809e-06 BLER=1.56250e-03 NMSE=nan bit_err=    35/3809280  blk_err=    2/1280   batches=  20 stop=global_stop rx_time=110.04s rx_ms_batch=5501.8 rx_ms_frame=85.965 point_time=147.46s gpu_mem=0.04GiB peak=0.22GiB
[ISO-CHUNK] wrote: /home/rsadve1/scratch/Extended_UPAIR_Narval_b32m16_portable/_isolated_eval_chunks/shallow_d256_b2_r2_u1_baseline_ls_lmmse_ebnom3p0_chunk0029_m8_b20/chunk_result.csv
[ISO-CHUNK] DONE
[PIPELINE] status done=0 reason=continue chunks=30 batches=600 block_errors=68/100 next_chunk=30
2026-06-09 07:44:50.899116: E external/local_xla/xla/stream_executor/cuda/cuda_dnn.cc:9261] Unable to register cuDNN factory: Attempting to register factory for plugin cuDNN when one has already been registered
2026-06-09 07:44:50.899158: E external/local_xla/xla/stream_executor/cuda/cuda_fft.cc:607] Unable to register cuFFT factory: Attempting to register factory for plugin cuFFT when one has already been registered
2026-06-09 07:44:50.900297: E external/local_xla/xla/stream_executor/cuda/cuda_blas.cc:1515] Unable to register cuBLAS factory: Attempting to register factory for plugin cuBLAS when one has already been registered
[COMPREHENSIVE] loaded Optuna best JSON for shallow_d256_b2_r2 from /home/rsadve1/scratch/Extended_UPAIR_Narval_b32m16_portable/optuna/clean_b32_prb8_d256_40k_smart_trueDMRS_u34610_1dmrs_stageB_shallow_d256_b2_r2_best_params.json
[ISO-CHUNK] variant: shallow_d256_b2_r2
[ISO-CHUNK] receiver: baseline_ls_lmmse
[ISO-CHUNK] num_users: 1
[ISO-CHUNK] ebno_db: -3.0
[ISO-CHUNK] chunk_idx: 30
[ISO-CHUNK] chunk_batches: 20
[ISO-CHUNK] receiver_microbatch_size: 8
[ISO-CHUNK] chunk_seed: 4651106
[ISO-CHUNK] checkpoint: /scratch/rsadve1/Extended_UPAIR_Narval_b32m16_portable/TWC_plots_comprehensive/runs_rx16/seed7/1dmrs/shallow_d256_b2_r2/checkpoints/best.weights.h5
[ISO-CHUNK] TF_GPU_ALLOCATOR: cuda_malloc_async
[ISO-CHUNK] output tag: shallow_d256_b2_r2_u1_baseline_ls_lmmse_ebnom3p0_chunk0030_m8_b20
[EVAL] receiver microbatching enabled: batch_size_eval=64 receiver_microbatch_size=8
WARNING:tensorflow:Model's `__init__()` arguments contain non-serializable objects. Please implement a `get_config()` method in the subclassed Model for proper saving and loading. Defaulting to empty config.
WARNING:tensorflow:Model's `__init__()` arguments contain non-serializable objects. Please implement a `get_config()` method in the subclassed Model for proper saving and loading. Defaulting to empty config.
[EVAL] loaded UPAIR checkpoint: /scratch/rsadve1/Extended_UPAIR_Narval_b32m16_portable/TWC_plots_comprehensive/runs_rx16/seed7/1dmrs/shallow_d256_b2_r2/checkpoints/best.weights.h5
[EVAL] skipping explicit NMSE channel-estimator calls for: baseline_ls_lmmse
[EVAL] instrumentation log_latency=True log_gpu_memory=True memory_cleanup_every_batches=1 memory_cleanup_every_microbatch=True stream_eval_microbatches=True compiled_receiver_error_counts=False receiver_call_jit_compile=False per_receiver_stopping=False target_bler_floor=1e-05 floor_num_frames=0 gpu_mem=0.04GiB peak=0.22GiB
[EVAL] receiver_call name=baseline_ls_lmmse mode=positional_y_no compiled_error_counts=False
[EVAL] progress num_users=1 Eb/N0=-3 dB batches=10/20 frame_err=baseline_ls_lmmse:1/640 elapsed=73.3s avg_batch=7.330s gpu_mem=0.04GiB peak=0.22GiB
[EVAL] progress num_users=1 Eb/N0=-3 dB batches=20/20 frame_err=baseline_ls_lmmse:3/1280 elapsed=147.1s avg_batch=7.356s gpu_mem=0.04GiB peak=0.22GiB
[EVAL] receiver=       baseline_ls_lmmse Eb/N0=-3.0 dB BER=9.55561e-05 BLER=2.34375e-03 NMSE=nan bit_err=   364/3809280  blk_err=    3/1280   batches=  20 stop=global_stop rx_time=109.59s rx_ms_batch=5479.4 rx_ms_frame=85.616 point_time=147.13s gpu_mem=0.04GiB peak=0.22GiB
[ISO-CHUNK] wrote: /home/rsadve1/scratch/Extended_UPAIR_Narval_b32m16_portable/_isolated_eval_chunks/shallow_d256_b2_r2_u1_baseline_ls_lmmse_ebnom3p0_chunk0030_m8_b20/chunk_result.csv
[ISO-CHUNK] DONE
[PIPELINE] status done=0 reason=continue chunks=31 batches=620 block_errors=71/100 next_chunk=31
2026-06-09 07:47:41.545915: E external/local_xla/xla/stream_executor/cuda/cuda_dnn.cc:9261] Unable to register cuDNN factory: Attempting to register factory for plugin cuDNN when one has already been registered
2026-06-09 07:47:41.545960: E external/local_xla/xla/stream_executor/cuda/cuda_fft.cc:607] Unable to register cuFFT factory: Attempting to register factory for plugin cuFFT when one has already been registered
2026-06-09 07:47:41.547070: E external/local_xla/xla/stream_executor/cuda/cuda_blas.cc:1515] Unable to register cuBLAS factory: Attempting to register factory for plugin cuBLAS when one has already been registered
[COMPREHENSIVE] loaded Optuna best JSON for shallow_d256_b2_r2 from /home/rsadve1/scratch/Extended_UPAIR_Narval_b32m16_portable/optuna/clean_b32_prb8_d256_40k_smart_trueDMRS_u34610_1dmrs_stageB_shallow_d256_b2_r2_best_params.json
[ISO-CHUNK] variant: shallow_d256_b2_r2
[ISO-CHUNK] receiver: baseline_ls_lmmse
[ISO-CHUNK] num_users: 1
[ISO-CHUNK] ebno_db: -3.0
[ISO-CHUNK] chunk_idx: 31
[ISO-CHUNK] chunk_batches: 20
[ISO-CHUNK] receiver_microbatch_size: 8
[ISO-CHUNK] chunk_seed: 4751109
[ISO-CHUNK] checkpoint: /scratch/rsadve1/Extended_UPAIR_Narval_b32m16_portable/TWC_plots_comprehensive/runs_rx16/seed7/1dmrs/shallow_d256_b2_r2/checkpoints/best.weights.h5
[ISO-CHUNK] TF_GPU_ALLOCATOR: cuda_malloc_async
[ISO-CHUNK] output tag: shallow_d256_b2_r2_u1_baseline_ls_lmmse_ebnom3p0_chunk0031_m8_b20
[EVAL] receiver microbatching enabled: batch_size_eval=64 receiver_microbatch_size=8
WARNING:tensorflow:Model's `__init__()` arguments contain non-serializable objects. Please implement a `get_config()` method in the subclassed Model for proper saving and loading. Defaulting to empty config.
WARNING:tensorflow:Model's `__init__()` arguments contain non-serializable objects. Please implement a `get_config()` method in the subclassed Model for proper saving and loading. Defaulting to empty config.
[EVAL] loaded UPAIR checkpoint: /scratch/rsadve1/Extended_UPAIR_Narval_b32m16_portable/TWC_plots_comprehensive/runs_rx16/seed7/1dmrs/shallow_d256_b2_r2/checkpoints/best.weights.h5
[EVAL] skipping explicit NMSE channel-estimator calls for: baseline_ls_lmmse
[EVAL] instrumentation log_latency=True log_gpu_memory=True memory_cleanup_every_batches=1 memory_cleanup_every_microbatch=True stream_eval_microbatches=True compiled_receiver_error_counts=False receiver_call_jit_compile=False per_receiver_stopping=False target_bler_floor=1e-05 floor_num_frames=0 gpu_mem=0.04GiB peak=0.22GiB
[EVAL] receiver_call name=baseline_ls_lmmse mode=positional_y_no compiled_error_counts=False
[EVAL] progress num_users=1 Eb/N0=-3 dB batches=10/20 frame_err=baseline_ls_lmmse:0/640 elapsed=73.7s avg_batch=7.375s gpu_mem=0.04GiB peak=0.22GiB
[EVAL] progress num_users=1 Eb/N0=-3 dB batches=20/20 frame_err=baseline_ls_lmmse:0/1280 elapsed=147.2s avg_batch=7.358s gpu_mem=0.04GiB peak=0.22GiB
[EVAL] receiver=       baseline_ls_lmmse Eb/N0=-3.0 dB BER=0.00000e+00 BLER=0.00000e+00 NMSE=nan bit_err=     0/3809280  blk_err=    0/1280   batches=  20 stop=global_stop bler_ub=2.344e-03 rx_time=109.61s rx_ms_batch=5480.4 rx_ms_frame=85.632 point_time=147.16s gpu_mem=0.04GiB peak=0.22GiB
[ISO-CHUNK] wrote: /home/rsadve1/scratch/Extended_UPAIR_Narval_b32m16_portable/_isolated_eval_chunks/shallow_d256_b2_r2_u1_baseline_ls_lmmse_ebnom3p0_chunk0031_m8_b20/chunk_result.csv
[ISO-CHUNK] DONE
[PIPELINE] status done=0 reason=continue chunks=32 batches=640 block_errors=71/100 next_chunk=32
2026-06-09 07:50:37.358875: E external/local_xla/xla/stream_executor/cuda/cuda_dnn.cc:9261] Unable to register cuDNN factory: Attempting to register factory for plugin cuDNN when one has already been registered
2026-06-09 07:50:37.358923: E external/local_xla/xla/stream_executor/cuda/cuda_fft.cc:607] Unable to register cuFFT factory: Attempting to register factory for plugin cuFFT when one has already been registered
2026-06-09 07:50:37.360035: E external/local_xla/xla/stream_executor/cuda/cuda_blas.cc:1515] Unable to register cuBLAS factory: Attempting to register factory for plugin cuBLAS when one has already been registered
[COMPREHENSIVE] loaded Optuna best JSON for shallow_d256_b2_r2 from /home/rsadve1/scratch/Extended_UPAIR_Narval_b32m16_portable/optuna/clean_b32_prb8_d256_40k_smart_trueDMRS_u34610_1dmrs_stageB_shallow_d256_b2_r2_best_params.json
[ISO-CHUNK] variant: shallow_d256_b2_r2
[ISO-CHUNK] receiver: baseline_ls_lmmse
[ISO-CHUNK] num_users: 1
[ISO-CHUNK] ebno_db: -3.0
[ISO-CHUNK] chunk_idx: 32
[ISO-CHUNK] chunk_batches: 20
[ISO-CHUNK] receiver_microbatch_size: 8
[ISO-CHUNK] chunk_seed: 4851112
[ISO-CHUNK] checkpoint: /scratch/rsadve1/Extended_UPAIR_Narval_b32m16_portable/TWC_plots_comprehensive/runs_rx16/seed7/1dmrs/shallow_d256_b2_r2/checkpoints/best.weights.h5
[ISO-CHUNK] TF_GPU_ALLOCATOR: cuda_malloc_async
[ISO-CHUNK] output tag: shallow_d256_b2_r2_u1_baseline_ls_lmmse_ebnom3p0_chunk0032_m8_b20
[EVAL] receiver microbatching enabled: batch_size_eval=64 receiver_microbatch_size=8
WARNING:tensorflow:Model's `__init__()` arguments contain non-serializable objects. Please implement a `get_config()` method in the subclassed Model for proper saving and loading. Defaulting to empty config.
WARNING:tensorflow:Model's `__init__()` arguments contain non-serializable objects. Please implement a `get_config()` method in the subclassed Model for proper saving and loading. Defaulting to empty config.
[EVAL] loaded UPAIR checkpoint: /scratch/rsadve1/Extended_UPAIR_Narval_b32m16_portable/TWC_plots_comprehensive/runs_rx16/seed7/1dmrs/shallow_d256_b2_r2/checkpoints/best.weights.h5
[EVAL] skipping explicit NMSE channel-estimator calls for: baseline_ls_lmmse
[EVAL] instrumentation log_latency=True log_gpu_memory=True memory_cleanup_every_batches=1 memory_cleanup_every_microbatch=True stream_eval_microbatches=True compiled_receiver_error_counts=False receiver_call_jit_compile=False per_receiver_stopping=False target_bler_floor=1e-05 floor_num_frames=0 gpu_mem=0.04GiB peak=0.22GiB
[EVAL] receiver_call name=baseline_ls_lmmse mode=positional_y_no compiled_error_counts=False
[EVAL] progress num_users=1 Eb/N0=-3 dB batches=10/20 frame_err=baseline_ls_lmmse:2/640 elapsed=73.3s avg_batch=7.329s gpu_mem=0.04GiB peak=0.22GiB
[EVAL] progress num_users=1 Eb/N0=-3 dB batches=20/20 frame_err=baseline_ls_lmmse:3/1280 elapsed=146.0s avg_batch=7.302s gpu_mem=0.04GiB peak=0.22GiB
[EVAL] receiver=       baseline_ls_lmmse Eb/N0=-3.0 dB BER=1.09470e-04 BLER=2.34375e-03 NMSE=nan bit_err=   417/3809280  blk_err=    3/1280   batches=  20 stop=global_stop rx_time=108.89s rx_ms_batch=5444.4 rx_ms_frame=85.069 point_time=146.04s gpu_mem=0.04GiB peak=0.22GiB
[ISO-CHUNK] wrote: /home/rsadve1/scratch/Extended_UPAIR_Narval_b32m16_portable/_isolated_eval_chunks/shallow_d256_b2_r2_u1_baseline_ls_lmmse_ebnom3p0_chunk0032_m8_b20/chunk_result.csv
[ISO-CHUNK] DONE
[PIPELINE] status done=0 reason=continue chunks=33 batches=660 block_errors=74/100 next_chunk=33
2026-06-09 07:53:28.109944: E external/local_xla/xla/stream_executor/cuda/cuda_dnn.cc:9261] Unable to register cuDNN factory: Attempting to register factory for plugin cuDNN when one has already been registered
2026-06-09 07:53:28.109983: E external/local_xla/xla/stream_executor/cuda/cuda_fft.cc:607] Unable to register cuFFT factory: Attempting to register factory for plugin cuFFT when one has already been registered
2026-06-09 07:53:28.111101: E external/local_xla/xla/stream_executor/cuda/cuda_blas.cc:1515] Unable to register cuBLAS factory: Attempting to register factory for plugin cuBLAS when one has already been registered
[COMPREHENSIVE] loaded Optuna best JSON for shallow_d256_b2_r2 from /home/rsadve1/scratch/Extended_UPAIR_Narval_b32m16_portable/optuna/clean_b32_prb8_d256_40k_smart_trueDMRS_u34610_1dmrs_stageB_shallow_d256_b2_r2_best_params.json
[ISO-CHUNK] variant: shallow_d256_b2_r2
[ISO-CHUNK] receiver: baseline_ls_lmmse
[ISO-CHUNK] num_users: 1
[ISO-CHUNK] ebno_db: -3.0
[ISO-CHUNK] chunk_idx: 33
[ISO-CHUNK] chunk_batches: 20
[ISO-CHUNK] receiver_microbatch_size: 8
[ISO-CHUNK] chunk_seed: 4951115
[ISO-CHUNK] checkpoint: /scratch/rsadve1/Extended_UPAIR_Narval_b32m16_portable/TWC_plots_comprehensive/runs_rx16/seed7/1dmrs/shallow_d256_b2_r2/checkpoints/best.weights.h5
[ISO-CHUNK] TF_GPU_ALLOCATOR: cuda_malloc_async
[ISO-CHUNK] output tag: shallow_d256_b2_r2_u1_baseline_ls_lmmse_ebnom3p0_chunk0033_m8_b20
[EVAL] receiver microbatching enabled: batch_size_eval=64 receiver_microbatch_size=8
WARNING:tensorflow:Model's `__init__()` arguments contain non-serializable objects. Please implement a `get_config()` method in the subclassed Model for proper saving and loading. Defaulting to empty config.
WARNING:tensorflow:Model's `__init__()` arguments contain non-serializable objects. Please implement a `get_config()` method in the subclassed Model for proper saving and loading. Defaulting to empty config.
[EVAL] loaded UPAIR checkpoint: /scratch/rsadve1/Extended_UPAIR_Narval_b32m16_portable/TWC_plots_comprehensive/runs_rx16/seed7/1dmrs/shallow_d256_b2_r2/checkpoints/best.weights.h5
[EVAL] skipping explicit NMSE channel-estimator calls for: baseline_ls_lmmse
[EVAL] instrumentation log_latency=True log_gpu_memory=True memory_cleanup_every_batches=1 memory_cleanup_every_microbatch=True stream_eval_microbatches=True compiled_receiver_error_counts=False receiver_call_jit_compile=False per_receiver_stopping=False target_bler_floor=1e-05 floor_num_frames=0 gpu_mem=0.04GiB peak=0.22GiB
[EVAL] receiver_call name=baseline_ls_lmmse mode=positional_y_no compiled_error_counts=False
[EVAL] progress num_users=1 Eb/N0=-3 dB batches=10/20 frame_err=baseline_ls_lmmse:1/640 elapsed=72.3s avg_batch=7.233s gpu_mem=0.04GiB peak=0.22GiB
[EVAL] progress num_users=1 Eb/N0=-3 dB batches=20/20 frame_err=baseline_ls_lmmse:3/1280 elapsed=144.8s avg_batch=7.238s gpu_mem=0.04GiB peak=0.22GiB
[EVAL] receiver=       baseline_ls_lmmse Eb/N0=-3.0 dB BER=6.45791e-05 BLER=2.34375e-03 NMSE=nan bit_err=   246/3809280  blk_err=    3/1280   batches=  20 stop=global_stop rx_time=109.43s rx_ms_batch=5471.3 rx_ms_frame=85.488 point_time=144.77s gpu_mem=0.04GiB peak=0.22GiB
[ISO-CHUNK] wrote: /home/rsadve1/scratch/Extended_UPAIR_Narval_b32m16_portable/_isolated_eval_chunks/shallow_d256_b2_r2_u1_baseline_ls_lmmse_ebnom3p0_chunk0033_m8_b20/chunk_result.csv
[ISO-CHUNK] DONE
[PIPELINE] status done=0 reason=continue chunks=34 batches=680 block_errors=77/100 next_chunk=34
2026-06-09 07:56:21.993419: E external/local_xla/xla/stream_executor/cuda/cuda_dnn.cc:9261] Unable to register cuDNN factory: Attempting to register factory for plugin cuDNN when one has already been registered
2026-06-09 07:56:21.993457: E external/local_xla/xla/stream_executor/cuda/cuda_fft.cc:607] Unable to register cuFFT factory: Attempting to register factory for plugin cuFFT when one has already been registered
2026-06-09 07:56:21.994583: E external/local_xla/xla/stream_executor/cuda/cuda_blas.cc:1515] Unable to register cuBLAS factory: Attempting to register factory for plugin cuBLAS when one has already been registered
[COMPREHENSIVE] loaded Optuna best JSON for shallow_d256_b2_r2 from /home/rsadve1/scratch/Extended_UPAIR_Narval_b32m16_portable/optuna/clean_b32_prb8_d256_40k_smart_trueDMRS_u34610_1dmrs_stageB_shallow_d256_b2_r2_best_params.json
[ISO-CHUNK] variant: shallow_d256_b2_r2
[ISO-CHUNK] receiver: baseline_ls_lmmse
[ISO-CHUNK] num_users: 1
[ISO-CHUNK] ebno_db: -3.0
[ISO-CHUNK] chunk_idx: 34
[ISO-CHUNK] chunk_batches: 20
[ISO-CHUNK] receiver_microbatch_size: 8
[ISO-CHUNK] chunk_seed: 5051118
[ISO-CHUNK] checkpoint: /scratch/rsadve1/Extended_UPAIR_Narval_b32m16_portable/TWC_plots_comprehensive/runs_rx16/seed7/1dmrs/shallow_d256_b2_r2/checkpoints/best.weights.h5
[ISO-CHUNK] TF_GPU_ALLOCATOR: cuda_malloc_async
[ISO-CHUNK] output tag: shallow_d256_b2_r2_u1_baseline_ls_lmmse_ebnom3p0_chunk0034_m8_b20
[EVAL] receiver microbatching enabled: batch_size_eval=64 receiver_microbatch_size=8
WARNING:tensorflow:Model's `__init__()` arguments contain non-serializable objects. Please implement a `get_config()` method in the subclassed Model for proper saving and loading. Defaulting to empty config.
WARNING:tensorflow:Model's `__init__()` arguments contain non-serializable objects. Please implement a `get_config()` method in the subclassed Model for proper saving and loading. Defaulting to empty config.
[EVAL] loaded UPAIR checkpoint: /scratch/rsadve1/Extended_UPAIR_Narval_b32m16_portable/TWC_plots_comprehensive/runs_rx16/seed7/1dmrs/shallow_d256_b2_r2/checkpoints/best.weights.h5
[EVAL] skipping explicit NMSE channel-estimator calls for: baseline_ls_lmmse
[EVAL] instrumentation log_latency=True log_gpu_memory=True memory_cleanup_every_batches=1 memory_cleanup_every_microbatch=True stream_eval_microbatches=True compiled_receiver_error_counts=False receiver_call_jit_compile=False per_receiver_stopping=False target_bler_floor=1e-05 floor_num_frames=0 gpu_mem=0.04GiB peak=0.22GiB
[EVAL] receiver_call name=baseline_ls_lmmse mode=positional_y_no compiled_error_counts=False
[EVAL] progress num_users=1 Eb/N0=-3 dB batches=10/20 frame_err=baseline_ls_lmmse:1/640 elapsed=73.2s avg_batch=7.316s gpu_mem=0.04GiB peak=0.22GiB
[EVAL] progress num_users=1 Eb/N0=-3 dB batches=20/20 frame_err=baseline_ls_lmmse:1/1280 elapsed=146.4s avg_batch=7.318s gpu_mem=0.04GiB peak=0.22GiB
[EVAL] receiver=       baseline_ls_lmmse Eb/N0=-3.0 dB BER=7.87550e-07 BLER=7.81250e-04 NMSE=nan bit_err=     3/3809280  blk_err=    1/1280   batches=  20 stop=global_stop rx_time=109.51s rx_ms_batch=5475.7 rx_ms_frame=85.558 point_time=146.36s gpu_mem=0.04GiB peak=0.22GiB
[ISO-CHUNK] wrote: /home/rsadve1/scratch/Extended_UPAIR_Narval_b32m16_portable/_isolated_eval_chunks/shallow_d256_b2_r2_u1_baseline_ls_lmmse_ebnom3p0_chunk0034_m8_b20/chunk_result.csv
[ISO-CHUNK] DONE
[PIPELINE] status done=0 reason=continue chunks=35 batches=700 block_errors=78/100 next_chunk=35
2026-06-09 07:59:14.146356: E external/local_xla/xla/stream_executor/cuda/cuda_dnn.cc:9261] Unable to register cuDNN factory: Attempting to register factory for plugin cuDNN when one has already been registered
2026-06-09 07:59:14.146388: E external/local_xla/xla/stream_executor/cuda/cuda_fft.cc:607] Unable to register cuFFT factory: Attempting to register factory for plugin cuFFT when one has already been registered
2026-06-09 07:59:14.147515: E external/local_xla/xla/stream_executor/cuda/cuda_blas.cc:1515] Unable to register cuBLAS factory: Attempting to register factory for plugin cuBLAS when one has already been registered
[COMPREHENSIVE] loaded Optuna best JSON for shallow_d256_b2_r2 from /home/rsadve1/scratch/Extended_UPAIR_Narval_b32m16_portable/optuna/clean_b32_prb8_d256_40k_smart_trueDMRS_u34610_1dmrs_stageB_shallow_d256_b2_r2_best_params.json
[ISO-CHUNK] variant: shallow_d256_b2_r2
[ISO-CHUNK] receiver: baseline_ls_lmmse
[ISO-CHUNK] num_users: 1
[ISO-CHUNK] ebno_db: -3.0
[ISO-CHUNK] chunk_idx: 35
[ISO-CHUNK] chunk_batches: 20
[ISO-CHUNK] receiver_microbatch_size: 8
[ISO-CHUNK] chunk_seed: 5151121
[ISO-CHUNK] checkpoint: /scratch/rsadve1/Extended_UPAIR_Narval_b32m16_portable/TWC_plots_comprehensive/runs_rx16/seed7/1dmrs/shallow_d256_b2_r2/checkpoints/best.weights.h5
[ISO-CHUNK] TF_GPU_ALLOCATOR: cuda_malloc_async
[ISO-CHUNK] output tag: shallow_d256_b2_r2_u1_baseline_ls_lmmse_ebnom3p0_chunk0035_m8_b20
[EVAL] receiver microbatching enabled: batch_size_eval=64 receiver_microbatch_size=8
WARNING:tensorflow:Model's `__init__()` arguments contain non-serializable objects. Please implement a `get_config()` method in the subclassed Model for proper saving and loading. Defaulting to empty config.
WARNING:tensorflow:Model's `__init__()` arguments contain non-serializable objects. Please implement a `get_config()` method in the subclassed Model for proper saving and loading. Defaulting to empty config.
[EVAL] loaded UPAIR checkpoint: /scratch/rsadve1/Extended_UPAIR_Narval_b32m16_portable/TWC_plots_comprehensive/runs_rx16/seed7/1dmrs/shallow_d256_b2_r2/checkpoints/best.weights.h5
[EVAL] skipping explicit NMSE channel-estimator calls for: baseline_ls_lmmse
[EVAL] instrumentation log_latency=True log_gpu_memory=True memory_cleanup_every_batches=1 memory_cleanup_every_microbatch=True stream_eval_microbatches=True compiled_receiver_error_counts=False receiver_call_jit_compile=False per_receiver_stopping=False target_bler_floor=1e-05 floor_num_frames=0 gpu_mem=0.04GiB peak=0.22GiB
[EVAL] receiver_call name=baseline_ls_lmmse mode=positional_y_no compiled_error_counts=False
[EVAL] progress num_users=1 Eb/N0=-3 dB batches=10/20 frame_err=baseline_ls_lmmse:0/640 elapsed=73.5s avg_batch=7.354s gpu_mem=0.04GiB peak=0.22GiB
[EVAL] progress num_users=1 Eb/N0=-3 dB batches=20/20 frame_err=baseline_ls_lmmse:1/1280 elapsed=147.0s avg_batch=7.348s gpu_mem=0.04GiB peak=0.22GiB
[EVAL] receiver=       baseline_ls_lmmse Eb/N0=-3.0 dB BER=2.62517e-06 BLER=7.81250e-04 NMSE=nan bit_err=    10/3809280  blk_err=    1/1280   batches=  20 stop=global_stop rx_time=109.32s rx_ms_batch=5466.1 rx_ms_frame=85.407 point_time=146.96s gpu_mem=0.04GiB peak=0.22GiB
[ISO-CHUNK] wrote: /home/rsadve1/scratch/Extended_UPAIR_Narval_b32m16_portable/_isolated_eval_chunks/shallow_d256_b2_r2_u1_baseline_ls_lmmse_ebnom3p0_chunk0035_m8_b20/chunk_result.csv
[ISO-CHUNK] DONE
[PIPELINE] status done=0 reason=continue chunks=36 batches=720 block_errors=79/100 next_chunk=36
2026-06-09 08:02:09.327782: E external/local_xla/xla/stream_executor/cuda/cuda_dnn.cc:9261] Unable to register cuDNN factory: Attempting to register factory for plugin cuDNN when one has already been registered
2026-06-09 08:02:09.327809: E external/local_xla/xla/stream_executor/cuda/cuda_fft.cc:607] Unable to register cuFFT factory: Attempting to register factory for plugin cuFFT when one has already been registered
2026-06-09 08:02:09.328901: E external/local_xla/xla/stream_executor/cuda/cuda_blas.cc:1515] Unable to register cuBLAS factory: Attempting to register factory for plugin cuBLAS when one has already been registered
[COMPREHENSIVE] loaded Optuna best JSON for shallow_d256_b2_r2 from /home/rsadve1/scratch/Extended_UPAIR_Narval_b32m16_portable/optuna/clean_b32_prb8_d256_40k_smart_trueDMRS_u34610_1dmrs_stageB_shallow_d256_b2_r2_best_params.json
[ISO-CHUNK] variant: shallow_d256_b2_r2
[ISO-CHUNK] receiver: baseline_ls_lmmse
[ISO-CHUNK] num_users: 1
[ISO-CHUNK] ebno_db: -3.0
[ISO-CHUNK] chunk_idx: 36
[ISO-CHUNK] chunk_batches: 20
[ISO-CHUNK] receiver_microbatch_size: 8
[ISO-CHUNK] chunk_seed: 5251124
[ISO-CHUNK] checkpoint: /scratch/rsadve1/Extended_UPAIR_Narval_b32m16_portable/TWC_plots_comprehensive/runs_rx16/seed7/1dmrs/shallow_d256_b2_r2/checkpoints/best.weights.h5
[ISO-CHUNK] TF_GPU_ALLOCATOR: cuda_malloc_async
[ISO-CHUNK] output tag: shallow_d256_b2_r2_u1_baseline_ls_lmmse_ebnom3p0_chunk0036_m8_b20
[EVAL] receiver microbatching enabled: batch_size_eval=64 receiver_microbatch_size=8
WARNING:tensorflow:Model's `__init__()` arguments contain non-serializable objects. Please implement a `get_config()` method in the subclassed Model for proper saving and loading. Defaulting to empty config.
WARNING:tensorflow:Model's `__init__()` arguments contain non-serializable objects. Please implement a `get_config()` method in the subclassed Model for proper saving and loading. Defaulting to empty config.
[EVAL] loaded UPAIR checkpoint: /scratch/rsadve1/Extended_UPAIR_Narval_b32m16_portable/TWC_plots_comprehensive/runs_rx16/seed7/1dmrs/shallow_d256_b2_r2/checkpoints/best.weights.h5
[EVAL] skipping explicit NMSE channel-estimator calls for: baseline_ls_lmmse
[EVAL] instrumentation log_latency=True log_gpu_memory=True memory_cleanup_every_batches=1 memory_cleanup_every_microbatch=True stream_eval_microbatches=True compiled_receiver_error_counts=False receiver_call_jit_compile=False per_receiver_stopping=False target_bler_floor=1e-05 floor_num_frames=0 gpu_mem=0.04GiB peak=0.22GiB
[EVAL] receiver_call name=baseline_ls_lmmse mode=positional_y_no compiled_error_counts=False
[EVAL] progress num_users=1 Eb/N0=-3 dB batches=10/20 frame_err=baseline_ls_lmmse:0/640 elapsed=73.5s avg_batch=7.351s gpu_mem=0.04GiB peak=0.22GiB
[EVAL] progress num_users=1 Eb/N0=-3 dB batches=20/20 frame_err=baseline_ls_lmmse:2/1280 elapsed=146.6s avg_batch=7.330s gpu_mem=0.04GiB peak=0.22GiB
[EVAL] receiver=       baseline_ls_lmmse Eb/N0=-3.0 dB BER=4.46279e-06 BLER=1.56250e-03 NMSE=nan bit_err=    17/3809280  blk_err=    2/1280   batches=  20 stop=global_stop rx_time=109.22s rx_ms_batch=5460.9 rx_ms_frame=85.327 point_time=146.60s gpu_mem=0.04GiB peak=0.22GiB
[ISO-CHUNK] wrote: /home/rsadve1/scratch/Extended_UPAIR_Narval_b32m16_portable/_isolated_eval_chunks/shallow_d256_b2_r2_u1_baseline_ls_lmmse_ebnom3p0_chunk0036_m8_b20/chunk_result.csv
[ISO-CHUNK] DONE
[PIPELINE] status done=0 reason=continue chunks=37 batches=740 block_errors=81/100 next_chunk=37
2026-06-09 08:05:07.645231: E external/local_xla/xla/stream_executor/cuda/cuda_dnn.cc:9261] Unable to register cuDNN factory: Attempting to register factory for plugin cuDNN when one has already been registered
2026-06-09 08:05:07.645265: E external/local_xla/xla/stream_executor/cuda/cuda_fft.cc:607] Unable to register cuFFT factory: Attempting to register factory for plugin cuFFT when one has already been registered
2026-06-09 08:05:07.646371: E external/local_xla/xla/stream_executor/cuda/cuda_blas.cc:1515] Unable to register cuBLAS factory: Attempting to register factory for plugin cuBLAS when one has already been registered
[COMPREHENSIVE] loaded Optuna best JSON for shallow_d256_b2_r2 from /home/rsadve1/scratch/Extended_UPAIR_Narval_b32m16_portable/optuna/clean_b32_prb8_d256_40k_smart_trueDMRS_u34610_1dmrs_stageB_shallow_d256_b2_r2_best_params.json
[ISO-CHUNK] variant: shallow_d256_b2_r2
[ISO-CHUNK] receiver: baseline_ls_lmmse
[ISO-CHUNK] num_users: 1
[ISO-CHUNK] ebno_db: -3.0
[ISO-CHUNK] chunk_idx: 37
[ISO-CHUNK] chunk_batches: 20
[ISO-CHUNK] receiver_microbatch_size: 8
[ISO-CHUNK] chunk_seed: 5351127
[ISO-CHUNK] checkpoint: /scratch/rsadve1/Extended_UPAIR_Narval_b32m16_portable/TWC_plots_comprehensive/runs_rx16/seed7/1dmrs/shallow_d256_b2_r2/checkpoints/best.weights.h5
[ISO-CHUNK] TF_GPU_ALLOCATOR: cuda_malloc_async
[ISO-CHUNK] output tag: shallow_d256_b2_r2_u1_baseline_ls_lmmse_ebnom3p0_chunk0037_m8_b20
[EVAL] receiver microbatching enabled: batch_size_eval=64 receiver_microbatch_size=8
WARNING:tensorflow:Model's `__init__()` arguments contain non-serializable objects. Please implement a `get_config()` method in the subclassed Model for proper saving and loading. Defaulting to empty config.
WARNING:tensorflow:Model's `__init__()` arguments contain non-serializable objects. Please implement a `get_config()` method in the subclassed Model for proper saving and loading. Defaulting to empty config.
[EVAL] loaded UPAIR checkpoint: /scratch/rsadve1/Extended_UPAIR_Narval_b32m16_portable/TWC_plots_comprehensive/runs_rx16/seed7/1dmrs/shallow_d256_b2_r2/checkpoints/best.weights.h5
[EVAL] skipping explicit NMSE channel-estimator calls for: baseline_ls_lmmse
[EVAL] instrumentation log_latency=True log_gpu_memory=True memory_cleanup_every_batches=1 memory_cleanup_every_microbatch=True stream_eval_microbatches=True compiled_receiver_error_counts=False receiver_call_jit_compile=False per_receiver_stopping=False target_bler_floor=1e-05 floor_num_frames=0 gpu_mem=0.04GiB peak=0.22GiB
[EVAL] receiver_call name=baseline_ls_lmmse mode=positional_y_no compiled_error_counts=False
[EVAL] progress num_users=1 Eb/N0=-3 dB batches=10/20 frame_err=baseline_ls_lmmse:1/640 elapsed=74.1s avg_batch=7.411s gpu_mem=0.04GiB peak=0.22GiB
[EVAL] progress num_users=1 Eb/N0=-3 dB batches=20/20 frame_err=baseline_ls_lmmse:1/1280 elapsed=147.3s avg_batch=7.367s gpu_mem=0.04GiB peak=0.22GiB
[EVAL] receiver=       baseline_ls_lmmse Eb/N0=-3.0 dB BER=2.44141e-05 BLER=7.81250e-04 NMSE=nan bit_err=    93/3809280  blk_err=    1/1280   batches=  20 stop=global_stop rx_time=109.70s rx_ms_batch=5485.2 rx_ms_frame=85.707 point_time=147.35s gpu_mem=0.04GiB peak=0.22GiB
[ISO-CHUNK] wrote: /home/rsadve1/scratch/Extended_UPAIR_Narval_b32m16_portable/_isolated_eval_chunks/shallow_d256_b2_r2_u1_baseline_ls_lmmse_ebnom3p0_chunk0037_m8_b20/chunk_result.csv
[ISO-CHUNK] DONE
[PIPELINE] status done=0 reason=continue chunks=38 batches=760 block_errors=82/100 next_chunk=38
2026-06-09 08:07:56.575649: E external/local_xla/xla/stream_executor/cuda/cuda_dnn.cc:9261] Unable to register cuDNN factory: Attempting to register factory for plugin cuDNN when one has already been registered
2026-06-09 08:07:56.575690: E external/local_xla/xla/stream_executor/cuda/cuda_fft.cc:607] Unable to register cuFFT factory: Attempting to register factory for plugin cuFFT when one has already been registered
2026-06-09 08:07:56.576813: E external/local_xla/xla/stream_executor/cuda/cuda_blas.cc:1515] Unable to register cuBLAS factory: Attempting to register factory for plugin cuBLAS when one has already been registered
[COMPREHENSIVE] loaded Optuna best JSON for shallow_d256_b2_r2 from /home/rsadve1/scratch/Extended_UPAIR_Narval_b32m16_portable/optuna/clean_b32_prb8_d256_40k_smart_trueDMRS_u34610_1dmrs_stageB_shallow_d256_b2_r2_best_params.json
[ISO-CHUNK] variant: shallow_d256_b2_r2
[ISO-CHUNK] receiver: baseline_ls_lmmse
[ISO-CHUNK] num_users: 1
[ISO-CHUNK] ebno_db: -3.0
[ISO-CHUNK] chunk_idx: 38
[ISO-CHUNK] chunk_batches: 20
[ISO-CHUNK] receiver_microbatch_size: 8
[ISO-CHUNK] chunk_seed: 5451130
[ISO-CHUNK] checkpoint: /scratch/rsadve1/Extended_UPAIR_Narval_b32m16_portable/TWC_plots_comprehensive/runs_rx16/seed7/1dmrs/shallow_d256_b2_r2/checkpoints/best.weights.h5
[ISO-CHUNK] TF_GPU_ALLOCATOR: cuda_malloc_async
[ISO-CHUNK] output tag: shallow_d256_b2_r2_u1_baseline_ls_lmmse_ebnom3p0_chunk0038_m8_b20
[EVAL] receiver microbatching enabled: batch_size_eval=64 receiver_microbatch_size=8
WARNING:tensorflow:Model's `__init__()` arguments contain non-serializable objects. Please implement a `get_config()` method in the subclassed Model for proper saving and loading. Defaulting to empty config.
WARNING:tensorflow:Model's `__init__()` arguments contain non-serializable objects. Please implement a `get_config()` method in the subclassed Model for proper saving and loading. Defaulting to empty config.
[EVAL] loaded UPAIR checkpoint: /scratch/rsadve1/Extended_UPAIR_Narval_b32m16_portable/TWC_plots_comprehensive/runs_rx16/seed7/1dmrs/shallow_d256_b2_r2/checkpoints/best.weights.h5
[EVAL] skipping explicit NMSE channel-estimator calls for: baseline_ls_lmmse
[EVAL] instrumentation log_latency=True log_gpu_memory=True memory_cleanup_every_batches=1 memory_cleanup_every_microbatch=True stream_eval_microbatches=True compiled_receiver_error_counts=False receiver_call_jit_compile=False per_receiver_stopping=False target_bler_floor=1e-05 floor_num_frames=0 gpu_mem=0.04GiB peak=0.22GiB
[EVAL] receiver_call name=baseline_ls_lmmse mode=positional_y_no compiled_error_counts=False
[EVAL] progress num_users=1 Eb/N0=-3 dB batches=10/20 frame_err=baseline_ls_lmmse:0/640 elapsed=73.6s avg_batch=7.357s gpu_mem=0.04GiB peak=0.22GiB
[EVAL] progress num_users=1 Eb/N0=-3 dB batches=20/20 frame_err=baseline_ls_lmmse:0/1280 elapsed=147.2s avg_batch=7.361s gpu_mem=0.04GiB peak=0.22GiB
[EVAL] receiver=       baseline_ls_lmmse Eb/N0=-3.0 dB BER=0.00000e+00 BLER=0.00000e+00 NMSE=nan bit_err=     0/3809280  blk_err=    0/1280   batches=  20 stop=global_stop bler_ub=2.344e-03 rx_time=109.76s rx_ms_batch=5488.1 rx_ms_frame=85.751 point_time=147.23s gpu_mem=0.04GiB peak=0.22GiB
[ISO-CHUNK] wrote: /home/rsadve1/scratch/Extended_UPAIR_Narval_b32m16_portable/_isolated_eval_chunks/shallow_d256_b2_r2_u1_baseline_ls_lmmse_ebnom3p0_chunk0038_m8_b20/chunk_result.csv
[ISO-CHUNK] DONE
[PIPELINE] status done=0 reason=continue chunks=39 batches=780 block_errors=82/100 next_chunk=39
2026-06-09 08:10:47.221383: E external/local_xla/xla/stream_executor/cuda/cuda_dnn.cc:9261] Unable to register cuDNN factory: Attempting to register factory for plugin cuDNN when one has already been registered
2026-06-09 08:10:47.221428: E external/local_xla/xla/stream_executor/cuda/cuda_fft.cc:607] Unable to register cuFFT factory: Attempting to register factory for plugin cuFFT when one has already been registered
2026-06-09 08:10:47.222558: E external/local_xla/xla/stream_executor/cuda/cuda_blas.cc:1515] Unable to register cuBLAS factory: Attempting to register factory for plugin cuBLAS when one has already been registered
[COMPREHENSIVE] loaded Optuna best JSON for shallow_d256_b2_r2 from /home/rsadve1/scratch/Extended_UPAIR_Narval_b32m16_portable/optuna/clean_b32_prb8_d256_40k_smart_trueDMRS_u34610_1dmrs_stageB_shallow_d256_b2_r2_best_params.json
[ISO-CHUNK] variant: shallow_d256_b2_r2
[ISO-CHUNK] receiver: baseline_ls_lmmse
[ISO-CHUNK] num_users: 1
[ISO-CHUNK] ebno_db: -3.0
[ISO-CHUNK] chunk_idx: 39
[ISO-CHUNK] chunk_batches: 20
[ISO-CHUNK] receiver_microbatch_size: 8
[ISO-CHUNK] chunk_seed: 5551133
[ISO-CHUNK] checkpoint: /scratch/rsadve1/Extended_UPAIR_Narval_b32m16_portable/TWC_plots_comprehensive/runs_rx16/seed7/1dmrs/shallow_d256_b2_r2/checkpoints/best.weights.h5
[ISO-CHUNK] TF_GPU_ALLOCATOR: cuda_malloc_async
[ISO-CHUNK] output tag: shallow_d256_b2_r2_u1_baseline_ls_lmmse_ebnom3p0_chunk0039_m8_b20
[EVAL] receiver microbatching enabled: batch_size_eval=64 receiver_microbatch_size=8
WARNING:tensorflow:Model's `__init__()` arguments contain non-serializable objects. Please implement a `get_config()` method in the subclassed Model for proper saving and loading. Defaulting to empty config.
WARNING:tensorflow:Model's `__init__()` arguments contain non-serializable objects. Please implement a `get_config()` method in the subclassed Model for proper saving and loading. Defaulting to empty config.
[EVAL] loaded UPAIR checkpoint: /scratch/rsadve1/Extended_UPAIR_Narval_b32m16_portable/TWC_plots_comprehensive/runs_rx16/seed7/1dmrs/shallow_d256_b2_r2/checkpoints/best.weights.h5
[EVAL] skipping explicit NMSE channel-estimator calls for: baseline_ls_lmmse
[EVAL] instrumentation log_latency=True log_gpu_memory=True memory_cleanup_every_batches=1 memory_cleanup_every_microbatch=True stream_eval_microbatches=True compiled_receiver_error_counts=False receiver_call_jit_compile=False per_receiver_stopping=False target_bler_floor=1e-05 floor_num_frames=0 gpu_mem=0.04GiB peak=0.22GiB
[EVAL] receiver_call name=baseline_ls_lmmse mode=positional_y_no compiled_error_counts=False
[EVAL] progress num_users=1 Eb/N0=-3 dB batches=10/20 frame_err=baseline_ls_lmmse:0/640 elapsed=72.5s avg_batch=7.249s gpu_mem=0.04GiB peak=0.22GiB
[EVAL] progress num_users=1 Eb/N0=-3 dB batches=20/20 frame_err=baseline_ls_lmmse:1/1280 elapsed=145.0s avg_batch=7.248s gpu_mem=0.04GiB peak=0.22GiB
[EVAL] receiver=       baseline_ls_lmmse Eb/N0=-3.0 dB BER=1.31258e-06 BLER=7.81250e-04 NMSE=nan bit_err=     5/3809280  blk_err=    1/1280   batches=  20 stop=global_stop rx_time=109.07s rx_ms_batch=5453.5 rx_ms_frame=85.211 point_time=144.95s gpu_mem=0.04GiB peak=0.22GiB
[ISO-CHUNK] wrote: /home/rsadve1/scratch/Extended_UPAIR_Narval_b32m16_portable/_isolated_eval_chunks/shallow_d256_b2_r2_u1_baseline_ls_lmmse_ebnom3p0_chunk0039_m8_b20/chunk_result.csv
[ISO-CHUNK] DONE
[PIPELINE] status done=0 reason=continue chunks=40 batches=800 block_errors=83/100 next_chunk=40
2026-06-09 08:13:38.520475: E external/local_xla/xla/stream_executor/cuda/cuda_dnn.cc:9261] Unable to register cuDNN factory: Attempting to register factory for plugin cuDNN when one has already been registered
2026-06-09 08:13:38.520506: E external/local_xla/xla/stream_executor/cuda/cuda_fft.cc:607] Unable to register cuFFT factory: Attempting to register factory for plugin cuFFT when one has already been registered
2026-06-09 08:13:38.521647: E external/local_xla/xla/stream_executor/cuda/cuda_blas.cc:1515] Unable to register cuBLAS factory: Attempting to register factory for plugin cuBLAS when one has already been registered
[COMPREHENSIVE] loaded Optuna best JSON for shallow_d256_b2_r2 from /home/rsadve1/scratch/Extended_UPAIR_Narval_b32m16_portable/optuna/clean_b32_prb8_d256_40k_smart_trueDMRS_u34610_1dmrs_stageB_shallow_d256_b2_r2_best_params.json
[ISO-CHUNK] variant: shallow_d256_b2_r2
[ISO-CHUNK] receiver: baseline_ls_lmmse
[ISO-CHUNK] num_users: 1
[ISO-CHUNK] ebno_db: -3.0
[ISO-CHUNK] chunk_idx: 40
[ISO-CHUNK] chunk_batches: 20
[ISO-CHUNK] receiver_microbatch_size: 8
[ISO-CHUNK] chunk_seed: 5651136
[ISO-CHUNK] checkpoint: /scratch/rsadve1/Extended_UPAIR_Narval_b32m16_portable/TWC_plots_comprehensive/runs_rx16/seed7/1dmrs/shallow_d256_b2_r2/checkpoints/best.weights.h5
[ISO-CHUNK] TF_GPU_ALLOCATOR: cuda_malloc_async
[ISO-CHUNK] output tag: shallow_d256_b2_r2_u1_baseline_ls_lmmse_ebnom3p0_chunk0040_m8_b20
[EVAL] receiver microbatching enabled: batch_size_eval=64 receiver_microbatch_size=8
WARNING:tensorflow:Model's `__init__()` arguments contain non-serializable objects. Please implement a `get_config()` method in the subclassed Model for proper saving and loading. Defaulting to empty config.
WARNING:tensorflow:Model's `__init__()` arguments contain non-serializable objects. Please implement a `get_config()` method in the subclassed Model for proper saving and loading. Defaulting to empty config.
[EVAL] loaded UPAIR checkpoint: /scratch/rsadve1/Extended_UPAIR_Narval_b32m16_portable/TWC_plots_comprehensive/runs_rx16/seed7/1dmrs/shallow_d256_b2_r2/checkpoints/best.weights.h5
[EVAL] skipping explicit NMSE channel-estimator calls for: baseline_ls_lmmse
[EVAL] instrumentation log_latency=True log_gpu_memory=True memory_cleanup_every_batches=1 memory_cleanup_every_microbatch=True stream_eval_microbatches=True compiled_receiver_error_counts=False receiver_call_jit_compile=False per_receiver_stopping=False target_bler_floor=1e-05 floor_num_frames=0 gpu_mem=0.04GiB peak=0.22GiB
[EVAL] receiver_call name=baseline_ls_lmmse mode=positional_y_no compiled_error_counts=False
[EVAL] progress num_users=1 Eb/N0=-3 dB batches=10/20 frame_err=baseline_ls_lmmse:1/640 elapsed=72.4s avg_batch=7.238s gpu_mem=0.04GiB peak=0.22GiB
[EVAL] progress num_users=1 Eb/N0=-3 dB batches=20/20 frame_err=baseline_ls_lmmse:1/1280 elapsed=145.1s avg_batch=7.255s gpu_mem=0.04GiB peak=0.22GiB
[EVAL] receiver=       baseline_ls_lmmse Eb/N0=-3.0 dB BER=5.25034e-07 BLER=7.81250e-04 NMSE=nan bit_err=     2/3809280  blk_err=    1/1280   batches=  20 stop=global_stop rx_time=108.82s rx_ms_batch=5441.0 rx_ms_frame=85.015 point_time=145.10s gpu_mem=0.04GiB peak=0.22GiB
[ISO-CHUNK] wrote: /home/rsadve1/scratch/Extended_UPAIR_Narval_b32m16_portable/_isolated_eval_chunks/shallow_d256_b2_r2_u1_baseline_ls_lmmse_ebnom3p0_chunk0040_m8_b20/chunk_result.csv
[ISO-CHUNK] DONE
[PIPELINE] status done=0 reason=continue chunks=41 batches=820 block_errors=84/100 next_chunk=41
2026-06-09 08:16:27.559456: E external/local_xla/xla/stream_executor/cuda/cuda_dnn.cc:9261] Unable to register cuDNN factory: Attempting to register factory for plugin cuDNN when one has already been registered
2026-06-09 08:16:27.559509: E external/local_xla/xla/stream_executor/cuda/cuda_fft.cc:607] Unable to register cuFFT factory: Attempting to register factory for plugin cuFFT when one has already been registered
2026-06-09 08:16:27.560601: E external/local_xla/xla/stream_executor/cuda/cuda_blas.cc:1515] Unable to register cuBLAS factory: Attempting to register factory for plugin cuBLAS when one has already been registered
[COMPREHENSIVE] loaded Optuna best JSON for shallow_d256_b2_r2 from /home/rsadve1/scratch/Extended_UPAIR_Narval_b32m16_portable/optuna/clean_b32_prb8_d256_40k_smart_trueDMRS_u34610_1dmrs_stageB_shallow_d256_b2_r2_best_params.json
[ISO-CHUNK] variant: shallow_d256_b2_r2
[ISO-CHUNK] receiver: baseline_ls_lmmse
[ISO-CHUNK] num_users: 1
[ISO-CHUNK] ebno_db: -3.0
[ISO-CHUNK] chunk_idx: 41
[ISO-CHUNK] chunk_batches: 20
[ISO-CHUNK] receiver_microbatch_size: 8
[ISO-CHUNK] chunk_seed: 5751139
[ISO-CHUNK] checkpoint: /scratch/rsadve1/Extended_UPAIR_Narval_b32m16_portable/TWC_plots_comprehensive/runs_rx16/seed7/1dmrs/shallow_d256_b2_r2/checkpoints/best.weights.h5
[ISO-CHUNK] TF_GPU_ALLOCATOR: cuda_malloc_async
[ISO-CHUNK] output tag: shallow_d256_b2_r2_u1_baseline_ls_lmmse_ebnom3p0_chunk0041_m8_b20
[EVAL] receiver microbatching enabled: batch_size_eval=64 receiver_microbatch_size=8
WARNING:tensorflow:Model's `__init__()` arguments contain non-serializable objects. Please implement a `get_config()` method in the subclassed Model for proper saving and loading. Defaulting to empty config.
WARNING:tensorflow:Model's `__init__()` arguments contain non-serializable objects. Please implement a `get_config()` method in the subclassed Model for proper saving and loading. Defaulting to empty config.
[EVAL] loaded UPAIR checkpoint: /scratch/rsadve1/Extended_UPAIR_Narval_b32m16_portable/TWC_plots_comprehensive/runs_rx16/seed7/1dmrs/shallow_d256_b2_r2/checkpoints/best.weights.h5
[EVAL] skipping explicit NMSE channel-estimator calls for: baseline_ls_lmmse
[EVAL] instrumentation log_latency=True log_gpu_memory=True memory_cleanup_every_batches=1 memory_cleanup_every_microbatch=True stream_eval_microbatches=True compiled_receiver_error_counts=False receiver_call_jit_compile=False per_receiver_stopping=False target_bler_floor=1e-05 floor_num_frames=0 gpu_mem=0.04GiB peak=0.22GiB
[EVAL] receiver_call name=baseline_ls_lmmse mode=positional_y_no compiled_error_counts=False
[EVAL] progress num_users=1 Eb/N0=-3 dB batches=10/20 frame_err=baseline_ls_lmmse:1/640 elapsed=73.9s avg_batch=7.394s gpu_mem=0.04GiB peak=0.22GiB
[EVAL] progress num_users=1 Eb/N0=-3 dB batches=20/20 frame_err=baseline_ls_lmmse:3/1280 elapsed=147.0s avg_batch=7.351s gpu_mem=0.04GiB peak=0.22GiB
[EVAL] receiver=       baseline_ls_lmmse Eb/N0=-3.0 dB BER=1.01331e-04 BLER=2.34375e-03 NMSE=nan bit_err=   386/3809280  blk_err=    3/1280   batches=  20 stop=global_stop rx_time=109.49s rx_ms_batch=5474.5 rx_ms_frame=85.539 point_time=147.01s gpu_mem=0.04GiB peak=0.22GiB
[ISO-CHUNK] wrote: /home/rsadve1/scratch/Extended_UPAIR_Narval_b32m16_portable/_isolated_eval_chunks/shallow_d256_b2_r2_u1_baseline_ls_lmmse_ebnom3p0_chunk0041_m8_b20/chunk_result.csv
[ISO-CHUNK] DONE
[PIPELINE] status done=0 reason=continue chunks=42 batches=840 block_errors=87/100 next_chunk=42
2026-06-09 08:19:28.186408: E external/local_xla/xla/stream_executor/cuda/cuda_dnn.cc:9261] Unable to register cuDNN factory: Attempting to register factory for plugin cuDNN when one has already been registered
2026-06-09 08:19:28.186443: E external/local_xla/xla/stream_executor/cuda/cuda_fft.cc:607] Unable to register cuFFT factory: Attempting to register factory for plugin cuFFT when one has already been registered
2026-06-09 08:19:28.187533: E external/local_xla/xla/stream_executor/cuda/cuda_blas.cc:1515] Unable to register cuBLAS factory: Attempting to register factory for plugin cuBLAS when one has already been registered
[COMPREHENSIVE] loaded Optuna best JSON for shallow_d256_b2_r2 from /home/rsadve1/scratch/Extended_UPAIR_Narval_b32m16_portable/optuna/clean_b32_prb8_d256_40k_smart_trueDMRS_u34610_1dmrs_stageB_shallow_d256_b2_r2_best_params.json
[ISO-CHUNK] variant: shallow_d256_b2_r2
[ISO-CHUNK] receiver: baseline_ls_lmmse
[ISO-CHUNK] num_users: 1
[ISO-CHUNK] ebno_db: -3.0
[ISO-CHUNK] chunk_idx: 42
[ISO-CHUNK] chunk_batches: 20
[ISO-CHUNK] receiver_microbatch_size: 8
[ISO-CHUNK] chunk_seed: 5851142
[ISO-CHUNK] checkpoint: /scratch/rsadve1/Extended_UPAIR_Narval_b32m16_portable/TWC_plots_comprehensive/runs_rx16/seed7/1dmrs/shallow_d256_b2_r2/checkpoints/best.weights.h5
[ISO-CHUNK] TF_GPU_ALLOCATOR: cuda_malloc_async
[ISO-CHUNK] output tag: shallow_d256_b2_r2_u1_baseline_ls_lmmse_ebnom3p0_chunk0042_m8_b20
[EVAL] receiver microbatching enabled: batch_size_eval=64 receiver_microbatch_size=8
WARNING:tensorflow:Model's `__init__()` arguments contain non-serializable objects. Please implement a `get_config()` method in the subclassed Model for proper saving and loading. Defaulting to empty config.
WARNING:tensorflow:Model's `__init__()` arguments contain non-serializable objects. Please implement a `get_config()` method in the subclassed Model for proper saving and loading. Defaulting to empty config.
[EVAL] loaded UPAIR checkpoint: /scratch/rsadve1/Extended_UPAIR_Narval_b32m16_portable/TWC_plots_comprehensive/runs_rx16/seed7/1dmrs/shallow_d256_b2_r2/checkpoints/best.weights.h5
[EVAL] skipping explicit NMSE channel-estimator calls for: baseline_ls_lmmse
[EVAL] instrumentation log_latency=True log_gpu_memory=True memory_cleanup_every_batches=1 memory_cleanup_every_microbatch=True stream_eval_microbatches=True compiled_receiver_error_counts=False receiver_call_jit_compile=False per_receiver_stopping=False target_bler_floor=1e-05 floor_num_frames=0 gpu_mem=0.04GiB peak=0.22GiB
[EVAL] receiver_call name=baseline_ls_lmmse mode=positional_y_no compiled_error_counts=False
[EVAL] progress num_users=1 Eb/N0=-3 dB batches=10/20 frame_err=baseline_ls_lmmse:1/640 elapsed=72.8s avg_batch=7.279s gpu_mem=0.04GiB peak=0.22GiB
[EVAL] progress num_users=1 Eb/N0=-3 dB batches=20/20 frame_err=baseline_ls_lmmse:1/1280 elapsed=145.6s avg_batch=7.282s gpu_mem=0.04GiB peak=0.22GiB
[EVAL] receiver=       baseline_ls_lmmse Eb/N0=-3.0 dB BER=3.15020e-06 BLER=7.81250e-04 NMSE=nan bit_err=    12/3809280  blk_err=    1/1280   batches=  20 stop=global_stop rx_time=108.56s rx_ms_batch=5428.0 rx_ms_frame=84.812 point_time=145.64s gpu_mem=0.04GiB peak=0.22GiB
[ISO-CHUNK] wrote: /home/rsadve1/scratch/Extended_UPAIR_Narval_b32m16_portable/_isolated_eval_chunks/shallow_d256_b2_r2_u1_baseline_ls_lmmse_ebnom3p0_chunk0042_m8_b20/chunk_result.csv
[ISO-CHUNK] DONE
[PIPELINE] status done=0 reason=continue chunks=43 batches=860 block_errors=88/100 next_chunk=43
2026-06-09 08:22:18.779648: E external/local_xla/xla/stream_executor/cuda/cuda_dnn.cc:9261] Unable to register cuDNN factory: Attempting to register factory for plugin cuDNN when one has already been registered
2026-06-09 08:22:18.779684: E external/local_xla/xla/stream_executor/cuda/cuda_fft.cc:607] Unable to register cuFFT factory: Attempting to register factory for plugin cuFFT when one has already been registered
2026-06-09 08:22:18.780810: E external/local_xla/xla/stream_executor/cuda/cuda_blas.cc:1515] Unable to register cuBLAS factory: Attempting to register factory for plugin cuBLAS when one has already been registered
[COMPREHENSIVE] loaded Optuna best JSON for shallow_d256_b2_r2 from /home/rsadve1/scratch/Extended_UPAIR_Narval_b32m16_portable/optuna/clean_b32_prb8_d256_40k_smart_trueDMRS_u34610_1dmrs_stageB_shallow_d256_b2_r2_best_params.json
[ISO-CHUNK] variant: shallow_d256_b2_r2
[ISO-CHUNK] receiver: baseline_ls_lmmse
[ISO-CHUNK] num_users: 1
[ISO-CHUNK] ebno_db: -3.0
[ISO-CHUNK] chunk_idx: 43
[ISO-CHUNK] chunk_batches: 20
[ISO-CHUNK] receiver_microbatch_size: 8
[ISO-CHUNK] chunk_seed: 5951145
[ISO-CHUNK] checkpoint: /scratch/rsadve1/Extended_UPAIR_Narval_b32m16_portable/TWC_plots_comprehensive/runs_rx16/seed7/1dmrs/shallow_d256_b2_r2/checkpoints/best.weights.h5
[ISO-CHUNK] TF_GPU_ALLOCATOR: cuda_malloc_async
[ISO-CHUNK] output tag: shallow_d256_b2_r2_u1_baseline_ls_lmmse_ebnom3p0_chunk0043_m8_b20
[EVAL] receiver microbatching enabled: batch_size_eval=64 receiver_microbatch_size=8
WARNING:tensorflow:Model's `__init__()` arguments contain non-serializable objects. Please implement a `get_config()` method in the subclassed Model for proper saving and loading. Defaulting to empty config.
WARNING:tensorflow:Model's `__init__()` arguments contain non-serializable objects. Please implement a `get_config()` method in the subclassed Model for proper saving and loading. Defaulting to empty config.
[EVAL] loaded UPAIR checkpoint: /scratch/rsadve1/Extended_UPAIR_Narval_b32m16_portable/TWC_plots_comprehensive/runs_rx16/seed7/1dmrs/shallow_d256_b2_r2/checkpoints/best.weights.h5
[EVAL] skipping explicit NMSE channel-estimator calls for: baseline_ls_lmmse
[EVAL] instrumentation log_latency=True log_gpu_memory=True memory_cleanup_every_batches=1 memory_cleanup_every_microbatch=True stream_eval_microbatches=True compiled_receiver_error_counts=False receiver_call_jit_compile=False per_receiver_stopping=False target_bler_floor=1e-05 floor_num_frames=0 gpu_mem=0.04GiB peak=0.22GiB
[EVAL] receiver_call name=baseline_ls_lmmse mode=positional_y_no compiled_error_counts=False
[EVAL] progress num_users=1 Eb/N0=-3 dB batches=10/20 frame_err=baseline_ls_lmmse:1/640 elapsed=73.4s avg_batch=7.336s gpu_mem=0.04GiB peak=0.22GiB
[EVAL] progress num_users=1 Eb/N0=-3 dB batches=20/20 frame_err=baseline_ls_lmmse:1/1280 elapsed=146.9s avg_batch=7.347s gpu_mem=0.04GiB peak=0.22GiB
[EVAL] receiver=       baseline_ls_lmmse Eb/N0=-3.0 dB BER=5.53910e-05 BLER=7.81250e-04 NMSE=nan bit_err=   211/3809280  blk_err=    1/1280   batches=  20 stop=global_stop rx_time=109.59s rx_ms_batch=5479.7 rx_ms_frame=85.620 point_time=146.94s gpu_mem=0.04GiB peak=0.22GiB
[ISO-CHUNK] wrote: /home/rsadve1/scratch/Extended_UPAIR_Narval_b32m16_portable/_isolated_eval_chunks/shallow_d256_b2_r2_u1_baseline_ls_lmmse_ebnom3p0_chunk0043_m8_b20/chunk_result.csv
[ISO-CHUNK] DONE
[PIPELINE] status done=0 reason=continue chunks=44 batches=880 block_errors=89/100 next_chunk=44
2026-06-09 08:25:13.008996: E external/local_xla/xla/stream_executor/cuda/cuda_dnn.cc:9261] Unable to register cuDNN factory: Attempting to register factory for plugin cuDNN when one has already been registered
2026-06-09 08:25:13.009032: E external/local_xla/xla/stream_executor/cuda/cuda_fft.cc:607] Unable to register cuFFT factory: Attempting to register factory for plugin cuFFT when one has already been registered
2026-06-09 08:25:13.010179: E external/local_xla/xla/stream_executor/cuda/cuda_blas.cc:1515] Unable to register cuBLAS factory: Attempting to register factory for plugin cuBLAS when one has already been registered
[COMPREHENSIVE] loaded Optuna best JSON for shallow_d256_b2_r2 from /home/rsadve1/scratch/Extended_UPAIR_Narval_b32m16_portable/optuna/clean_b32_prb8_d256_40k_smart_trueDMRS_u34610_1dmrs_stageB_shallow_d256_b2_r2_best_params.json
[ISO-CHUNK] variant: shallow_d256_b2_r2
[ISO-CHUNK] receiver: baseline_ls_lmmse
[ISO-CHUNK] num_users: 1
[ISO-CHUNK] ebno_db: -3.0
[ISO-CHUNK] chunk_idx: 44
[ISO-CHUNK] chunk_batches: 20
[ISO-CHUNK] receiver_microbatch_size: 8
[ISO-CHUNK] chunk_seed: 6051148
[ISO-CHUNK] checkpoint: /scratch/rsadve1/Extended_UPAIR_Narval_b32m16_portable/TWC_plots_comprehensive/runs_rx16/seed7/1dmrs/shallow_d256_b2_r2/checkpoints/best.weights.h5
[ISO-CHUNK] TF_GPU_ALLOCATOR: cuda_malloc_async
[ISO-CHUNK] output tag: shallow_d256_b2_r2_u1_baseline_ls_lmmse_ebnom3p0_chunk0044_m8_b20
[EVAL] receiver microbatching enabled: batch_size_eval=64 receiver_microbatch_size=8
WARNING:tensorflow:Model's `__init__()` arguments contain non-serializable objects. Please implement a `get_config()` method in the subclassed Model for proper saving and loading. Defaulting to empty config.
WARNING:tensorflow:Model's `__init__()` arguments contain non-serializable objects. Please implement a `get_config()` method in the subclassed Model for proper saving and loading. Defaulting to empty config.
[EVAL] loaded UPAIR checkpoint: /scratch/rsadve1/Extended_UPAIR_Narval_b32m16_portable/TWC_plots_comprehensive/runs_rx16/seed7/1dmrs/shallow_d256_b2_r2/checkpoints/best.weights.h5
[EVAL] skipping explicit NMSE channel-estimator calls for: baseline_ls_lmmse
[EVAL] instrumentation log_latency=True log_gpu_memory=True memory_cleanup_every_batches=1 memory_cleanup_every_microbatch=True stream_eval_microbatches=True compiled_receiver_error_counts=False receiver_call_jit_compile=False per_receiver_stopping=False target_bler_floor=1e-05 floor_num_frames=0 gpu_mem=0.04GiB peak=0.22GiB
[EVAL] receiver_call name=baseline_ls_lmmse mode=positional_y_no compiled_error_counts=False
[EVAL] progress num_users=1 Eb/N0=-3 dB batches=10/20 frame_err=baseline_ls_lmmse:3/640 elapsed=74.1s avg_batch=7.405s gpu_mem=0.04GiB peak=0.22GiB
[EVAL] progress num_users=1 Eb/N0=-3 dB batches=20/20 frame_err=baseline_ls_lmmse:3/1280 elapsed=146.9s avg_batch=7.346s gpu_mem=0.04GiB peak=0.22GiB
[EVAL] receiver=       baseline_ls_lmmse Eb/N0=-3.0 dB BER=6.40541e-05 BLER=2.34375e-03 NMSE=nan bit_err=   244/3809280  blk_err=    3/1280   batches=  20 stop=global_stop rx_time=109.56s rx_ms_batch=5477.8 rx_ms_frame=85.590 point_time=146.92s gpu_mem=0.04GiB peak=0.22GiB
[ISO-CHUNK] wrote: /home/rsadve1/scratch/Extended_UPAIR_Narval_b32m16_portable/_isolated_eval_chunks/shallow_d256_b2_r2_u1_baseline_ls_lmmse_ebnom3p0_chunk0044_m8_b20/chunk_result.csv
[ISO-CHUNK] DONE
[PIPELINE] status done=0 reason=continue chunks=45 batches=900 block_errors=92/100 next_chunk=45
2026-06-09 08:28:09.074107: E external/local_xla/xla/stream_executor/cuda/cuda_dnn.cc:9261] Unable to register cuDNN factory: Attempting to register factory for plugin cuDNN when one has already been registered
2026-06-09 08:28:09.074141: E external/local_xla/xla/stream_executor/cuda/cuda_fft.cc:607] Unable to register cuFFT factory: Attempting to register factory for plugin cuFFT when one has already been registered
2026-06-09 08:28:09.075210: E external/local_xla/xla/stream_executor/cuda/cuda_blas.cc:1515] Unable to register cuBLAS factory: Attempting to register factory for plugin cuBLAS when one has already been registered
[COMPREHENSIVE] loaded Optuna best JSON for shallow_d256_b2_r2 from /home/rsadve1/scratch/Extended_UPAIR_Narval_b32m16_portable/optuna/clean_b32_prb8_d256_40k_smart_trueDMRS_u34610_1dmrs_stageB_shallow_d256_b2_r2_best_params.json
[ISO-CHUNK] variant: shallow_d256_b2_r2
[ISO-CHUNK] receiver: baseline_ls_lmmse
[ISO-CHUNK] num_users: 1
[ISO-CHUNK] ebno_db: -3.0
[ISO-CHUNK] chunk_idx: 45
[ISO-CHUNK] chunk_batches: 20
[ISO-CHUNK] receiver_microbatch_size: 8
[ISO-CHUNK] chunk_seed: 6151151
[ISO-CHUNK] checkpoint: /scratch/rsadve1/Extended_UPAIR_Narval_b32m16_portable/TWC_plots_comprehensive/runs_rx16/seed7/1dmrs/shallow_d256_b2_r2/checkpoints/best.weights.h5
[ISO-CHUNK] TF_GPU_ALLOCATOR: cuda_malloc_async
[ISO-CHUNK] output tag: shallow_d256_b2_r2_u1_baseline_ls_lmmse_ebnom3p0_chunk0045_m8_b20
[EVAL] receiver microbatching enabled: batch_size_eval=64 receiver_microbatch_size=8
WARNING:tensorflow:Model's `__init__()` arguments contain non-serializable objects. Please implement a `get_config()` method in the subclassed Model for proper saving and loading. Defaulting to empty config.
WARNING:tensorflow:Model's `__init__()` arguments contain non-serializable objects. Please implement a `get_config()` method in the subclassed Model for proper saving and loading. Defaulting to empty config.
[EVAL] loaded UPAIR checkpoint: /scratch/rsadve1/Extended_UPAIR_Narval_b32m16_portable/TWC_plots_comprehensive/runs_rx16/seed7/1dmrs/shallow_d256_b2_r2/checkpoints/best.weights.h5
[EVAL] skipping explicit NMSE channel-estimator calls for: baseline_ls_lmmse
[EVAL] instrumentation log_latency=True log_gpu_memory=True memory_cleanup_every_batches=1 memory_cleanup_every_microbatch=True stream_eval_microbatches=True compiled_receiver_error_counts=False receiver_call_jit_compile=False per_receiver_stopping=False target_bler_floor=1e-05 floor_num_frames=0 gpu_mem=0.04GiB peak=0.22GiB
[EVAL] receiver_call name=baseline_ls_lmmse mode=positional_y_no compiled_error_counts=False
[EVAL] progress num_users=1 Eb/N0=-3 dB batches=10/20 frame_err=baseline_ls_lmmse:1/640 elapsed=72.6s avg_batch=7.261s gpu_mem=0.04GiB peak=0.22GiB
[EVAL] progress num_users=1 Eb/N0=-3 dB batches=20/20 frame_err=baseline_ls_lmmse:4/1280 elapsed=144.2s avg_batch=7.212s gpu_mem=0.04GiB peak=0.22GiB
[EVAL] receiver=       baseline_ls_lmmse Eb/N0=-3.0 dB BER=4.20027e-06 BLER=3.12500e-03 NMSE=nan bit_err=    16/3809280  blk_err=    4/1280   batches=  20 stop=global_stop rx_time=108.50s rx_ms_batch=5425.0 rx_ms_frame=84.765 point_time=144.25s gpu_mem=0.04GiB peak=0.22GiB
[ISO-CHUNK] wrote: /home/rsadve1/scratch/Extended_UPAIR_Narval_b32m16_portable/_isolated_eval_chunks/shallow_d256_b2_r2_u1_baseline_ls_lmmse_ebnom3p0_chunk0045_m8_b20/chunk_result.csv
[ISO-CHUNK] DONE
[PIPELINE] status done=0 reason=continue chunks=46 batches=920 block_errors=96/100 next_chunk=46
2026-06-09 08:31:01.345483: E external/local_xla/xla/stream_executor/cuda/cuda_dnn.cc:9261] Unable to register cuDNN factory: Attempting to register factory for plugin cuDNN when one has already been registered
2026-06-09 08:31:01.345530: E external/local_xla/xla/stream_executor/cuda/cuda_fft.cc:607] Unable to register cuFFT factory: Attempting to register factory for plugin cuFFT when one has already been registered
2026-06-09 08:31:01.346652: E external/local_xla/xla/stream_executor/cuda/cuda_blas.cc:1515] Unable to register cuBLAS factory: Attempting to register factory for plugin cuBLAS when one has already been registered
[COMPREHENSIVE] loaded Optuna best JSON for shallow_d256_b2_r2 from /home/rsadve1/scratch/Extended_UPAIR_Narval_b32m16_portable/optuna/clean_b32_prb8_d256_40k_smart_trueDMRS_u34610_1dmrs_stageB_shallow_d256_b2_r2_best_params.json
[ISO-CHUNK] variant: shallow_d256_b2_r2
[ISO-CHUNK] receiver: baseline_ls_lmmse
[ISO-CHUNK] num_users: 1
[ISO-CHUNK] ebno_db: -3.0
[ISO-CHUNK] chunk_idx: 46
[ISO-CHUNK] chunk_batches: 20
[ISO-CHUNK] receiver_microbatch_size: 8
[ISO-CHUNK] chunk_seed: 6251154
[ISO-CHUNK] checkpoint: /scratch/rsadve1/Extended_UPAIR_Narval_b32m16_portable/TWC_plots_comprehensive/runs_rx16/seed7/1dmrs/shallow_d256_b2_r2/checkpoints/best.weights.h5
[ISO-CHUNK] TF_GPU_ALLOCATOR: cuda_malloc_async
[ISO-CHUNK] output tag: shallow_d256_b2_r2_u1_baseline_ls_lmmse_ebnom3p0_chunk0046_m8_b20
[EVAL] receiver microbatching enabled: batch_size_eval=64 receiver_microbatch_size=8
WARNING:tensorflow:Model's `__init__()` arguments contain non-serializable objects. Please implement a `get_config()` method in the subclassed Model for proper saving and loading. Defaulting to empty config.
WARNING:tensorflow:Model's `__init__()` arguments contain non-serializable objects. Please implement a `get_config()` method in the subclassed Model for proper saving and loading. Defaulting to empty config.
[EVAL] loaded UPAIR checkpoint: /scratch/rsadve1/Extended_UPAIR_Narval_b32m16_portable/TWC_plots_comprehensive/runs_rx16/seed7/1dmrs/shallow_d256_b2_r2/checkpoints/best.weights.h5
[EVAL] skipping explicit NMSE channel-estimator calls for: baseline_ls_lmmse
[EVAL] instrumentation log_latency=True log_gpu_memory=True memory_cleanup_every_batches=1 memory_cleanup_every_microbatch=True stream_eval_microbatches=True compiled_receiver_error_counts=False receiver_call_jit_compile=False per_receiver_stopping=False target_bler_floor=1e-05 floor_num_frames=0 gpu_mem=0.04GiB peak=0.22GiB
[EVAL] receiver_call name=baseline_ls_lmmse mode=positional_y_no compiled_error_counts=False
[EVAL] progress num_users=1 Eb/N0=-3 dB batches=10/20 frame_err=baseline_ls_lmmse:0/640 elapsed=71.6s avg_batch=7.165s gpu_mem=0.04GiB peak=0.22GiB
[EVAL] progress num_users=1 Eb/N0=-3 dB batches=20/20 frame_err=baseline_ls_lmmse:2/1280 elapsed=145.1s avg_batch=7.253s gpu_mem=0.04GiB peak=0.22GiB
[EVAL] receiver=       baseline_ls_lmmse Eb/N0=-3.0 dB BER=4.20027e-05 BLER=1.56250e-03 NMSE=nan bit_err=   160/3809280  blk_err=    2/1280   batches=  20 stop=global_stop rx_time=108.98s rx_ms_batch=5448.8 rx_ms_frame=85.137 point_time=145.06s gpu_mem=0.04GiB peak=0.22GiB
[ISO-CHUNK] wrote: /home/rsadve1/scratch/Extended_UPAIR_Narval_b32m16_portable/_isolated_eval_chunks/shallow_d256_b2_r2_u1_baseline_ls_lmmse_ebnom3p0_chunk0046_m8_b20/chunk_result.csv
[ISO-CHUNK] DONE
[PIPELINE] status done=0 reason=continue chunks=47 batches=940 block_errors=98/100 next_chunk=47
2026-06-09 08:34:07.156061: E external/local_xla/xla/stream_executor/cuda/cuda_dnn.cc:9261] Unable to register cuDNN factory: Attempting to register factory for plugin cuDNN when one has already been registered
2026-06-09 08:34:07.156111: E external/local_xla/xla/stream_executor/cuda/cuda_fft.cc:607] Unable to register cuFFT factory: Attempting to register factory for plugin cuFFT when one has already been registered
2026-06-09 08:34:07.157209: E external/local_xla/xla/stream_executor/cuda/cuda_blas.cc:1515] Unable to register cuBLAS factory: Attempting to register factory for plugin cuBLAS when one has already been registered
[COMPREHENSIVE] loaded Optuna best JSON for shallow_d256_b2_r2 from /home/rsadve1/scratch/Extended_UPAIR_Narval_b32m16_portable/optuna/clean_b32_prb8_d256_40k_smart_trueDMRS_u34610_1dmrs_stageB_shallow_d256_b2_r2_best_params.json
[ISO-CHUNK] variant: shallow_d256_b2_r2
[ISO-CHUNK] receiver: baseline_ls_lmmse
[ISO-CHUNK] num_users: 1
[ISO-CHUNK] ebno_db: -3.0
[ISO-CHUNK] chunk_idx: 47
[ISO-CHUNK] chunk_batches: 20
[ISO-CHUNK] receiver_microbatch_size: 8
[ISO-CHUNK] chunk_seed: 6351157
[ISO-CHUNK] checkpoint: /scratch/rsadve1/Extended_UPAIR_Narval_b32m16_portable/TWC_plots_comprehensive/runs_rx16/seed7/1dmrs/shallow_d256_b2_r2/checkpoints/best.weights.h5
[ISO-CHUNK] TF_GPU_ALLOCATOR: cuda_malloc_async
[ISO-CHUNK] output tag: shallow_d256_b2_r2_u1_baseline_ls_lmmse_ebnom3p0_chunk0047_m8_b20
[EVAL] receiver microbatching enabled: batch_size_eval=64 receiver_microbatch_size=8
WARNING:tensorflow:Model's `__init__()` arguments contain non-serializable objects. Please implement a `get_config()` method in the subclassed Model for proper saving and loading. Defaulting to empty config.
WARNING:tensorflow:Model's `__init__()` arguments contain non-serializable objects. Please implement a `get_config()` method in the subclassed Model for proper saving and loading. Defaulting to empty config.
[EVAL] loaded UPAIR checkpoint: /scratch/rsadve1/Extended_UPAIR_Narval_b32m16_portable/TWC_plots_comprehensive/runs_rx16/seed7/1dmrs/shallow_d256_b2_r2/checkpoints/best.weights.h5
[EVAL] skipping explicit NMSE channel-estimator calls for: baseline_ls_lmmse
[EVAL] instrumentation log_latency=True log_gpu_memory=True memory_cleanup_every_batches=1 memory_cleanup_every_microbatch=True stream_eval_microbatches=True compiled_receiver_error_counts=False receiver_call_jit_compile=False per_receiver_stopping=False target_bler_floor=1e-05 floor_num_frames=0 gpu_mem=0.04GiB peak=0.22GiB
[EVAL] receiver_call name=baseline_ls_lmmse mode=positional_y_no compiled_error_counts=False
[EVAL] progress num_users=1 Eb/N0=-3 dB batches=10/20 frame_err=baseline_ls_lmmse:2/640 elapsed=74.2s avg_batch=7.417s gpu_mem=0.04GiB peak=0.22GiB
[EVAL] progress num_users=1 Eb/N0=-3 dB batches=20/20 frame_err=baseline_ls_lmmse:3/1280 elapsed=147.8s avg_batch=7.390s gpu_mem=0.04GiB peak=0.22GiB
[EVAL] receiver=       baseline_ls_lmmse Eb/N0=-3.0 dB BER=1.83762e-06 BLER=2.34375e-03 NMSE=nan bit_err=     7/3809280  blk_err=    3/1280   batches=  20 stop=global_stop rx_time=110.23s rx_ms_batch=5511.4 rx_ms_frame=86.115 point_time=147.80s gpu_mem=0.04GiB peak=0.22GiB
[ISO-CHUNK] wrote: /home/rsadve1/scratch/Extended_UPAIR_Narval_b32m16_portable/_isolated_eval_chunks/shallow_d256_b2_r2_u1_baseline_ls_lmmse_ebnom3p0_chunk0047_m8_b20/chunk_result.csv
[ISO-CHUNK] DONE
[PIPELINE] status done=1 reason=target_block_errors chunks=48 batches=960 block_errors=101/100 next_chunk=-1
[ISO-MERGE] chunks: 48
[ISO-MERGE] rows: 1
[ISO-MERGE] wrote: /home/rsadve1/scratch/Extended_UPAIR_Narval_b32m16_portable/_isolated_eval_chunks/merged_shallow_d256_b2_r2_u1_baseline_ls_lmmse_em3.csv
[ISO-MERGE] wrote: /home/rsadve1/scratch/Extended_UPAIR_Narval_b32m16_portable/_isolated_eval_chunks/merged_shallow_d256_b2_r2_u1_baseline_ls_lmmse_em3.summary.json
         receiver            variant dmrs_case  seed  training_seed  num_users  ebno_db  num_chunks                                                                                                                         chunk_indices  bit_errors  num_bits  block_errors  num_blocks  num_batches_run  point_elapsed_s  data_elapsed_s  receiver_elapsed_s      ber     bler  nmse       mc_stop_reason  target_bler_floor  bler_zero_error_upper_bound  ber_zero_error_upper_bound  receiver_ms_per_batch  receiver_ms_per_frame  reliable_ber  reliable_bler
baseline_ls_lmmse shallow_d256_b2_r2     1dmrs     7              7          1     -3.0          48 0,1,2,3,4,5,6,7,8,9,10,11,12,13,14,15,16,17,18,19,20,21,22,23,24,25,26,27,28,29,30,31,32,33,34,35,36,37,38,39,40,41,42,43,44,45,46,47        7787 182845440           101       61440              960      6979.971155     1100.267843         5237.652943 0.000043 0.001644   NaN isolated_chunk_merge                NaN                          NaN                         NaN            5455.888482              85.248258          True           True

--------------------------------------------------------------------------------
[PIPELINE] eval point variant=shallow_d256_b2_r2 receiver=baseline_ls_lmmse U=1 Eb/N0=-2
--------------------------------------------------------------------------------
[PIPELINE] status done=0 reason=continue chunks=0 batches=0 block_errors=0/100 next_chunk=0
2026-06-09 08:37:03.366759: E external/local_xla/xla/stream_executor/cuda/cuda_dnn.cc:9261] Unable to register cuDNN factory: Attempting to register factory for plugin cuDNN when one has already been registered
2026-06-09 08:37:03.366793: E external/local_xla/xla/stream_executor/cuda/cuda_fft.cc:607] Unable to register cuFFT factory: Attempting to register factory for plugin cuFFT when one has already been registered
2026-06-09 08:37:03.367883: E external/local_xla/xla/stream_executor/cuda/cuda_blas.cc:1515] Unable to register cuBLAS factory: Attempting to register factory for plugin cuBLAS when one has already been registered
[COMPREHENSIVE] loaded Optuna best JSON for shallow_d256_b2_r2 from /home/rsadve1/scratch/Extended_UPAIR_Narval_b32m16_portable/optuna/clean_b32_prb8_d256_40k_smart_trueDMRS_u34610_1dmrs_stageB_shallow_d256_b2_r2_best_params.json
[ISO-CHUNK] variant: shallow_d256_b2_r2
[ISO-CHUNK] receiver: baseline_ls_lmmse
[ISO-CHUNK] num_users: 1
[ISO-CHUNK] ebno_db: -2.0
[ISO-CHUNK] chunk_idx: 0
[ISO-CHUNK] chunk_batches: 20
[ISO-CHUNK] receiver_microbatch_size: 8
[ISO-CHUNK] chunk_seed: 1668016
[ISO-CHUNK] checkpoint: /scratch/rsadve1/Extended_UPAIR_Narval_b32m16_portable/TWC_plots_comprehensive/runs_rx16/seed7/1dmrs/shallow_d256_b2_r2/checkpoints/best.weights.h5
[ISO-CHUNK] TF_GPU_ALLOCATOR: cuda_malloc_async
[ISO-CHUNK] output tag: shallow_d256_b2_r2_u1_baseline_ls_lmmse_ebnom2p0_chunk0000_m8_b20
[EVAL] receiver microbatching enabled: batch_size_eval=64 receiver_microbatch_size=8
WARNING:tensorflow:Model's `__init__()` arguments contain non-serializable objects. Please implement a `get_config()` method in the subclassed Model for proper saving and loading. Defaulting to empty config.
WARNING:tensorflow:Model's `__init__()` arguments contain non-serializable objects. Please implement a `get_config()` method in the subclassed Model for proper saving and loading. Defaulting to empty config.
[EVAL] loaded UPAIR checkpoint: /scratch/rsadve1/Extended_UPAIR_Narval_b32m16_portable/TWC_plots_comprehensive/runs_rx16/seed7/1dmrs/shallow_d256_b2_r2/checkpoints/best.weights.h5
[EVAL] skipping explicit NMSE channel-estimator calls for: baseline_ls_lmmse
[EVAL] instrumentation log_latency=True log_gpu_memory=True memory_cleanup_every_batches=1 memory_cleanup_every_microbatch=True stream_eval_microbatches=True compiled_receiver_error_counts=False receiver_call_jit_compile=False per_receiver_stopping=False target_bler_floor=1e-05 floor_num_frames=0 gpu_mem=0.04GiB peak=0.22GiB
[EVAL] receiver_call name=baseline_ls_lmmse mode=positional_y_no compiled_error_counts=False
[EVAL] progress num_users=1 Eb/N0=-2 dB batches=10/20 frame_err=baseline_ls_lmmse:0/640 elapsed=73.8s avg_batch=7.381s gpu_mem=0.04GiB peak=0.22GiB
[EVAL] progress num_users=1 Eb/N0=-2 dB batches=20/20 frame_err=baseline_ls_lmmse:0/1280 elapsed=147.2s avg_batch=7.359s gpu_mem=0.04GiB peak=0.22GiB
[EVAL] receiver=       baseline_ls_lmmse Eb/N0=-2.0 dB BER=0.00000e+00 BLER=0.00000e+00 NMSE=nan bit_err=     0/3809280  blk_err=    0/1280   batches=  20 stop=global_stop bler_ub=2.344e-03 rx_time=110.01s rx_ms_batch=5500.6 rx_ms_frame=85.947 point_time=147.18s gpu_mem=0.04GiB peak=0.22GiB
[ISO-CHUNK] wrote: /home/rsadve1/scratch/Extended_UPAIR_Narval_b32m16_portable/_isolated_eval_chunks/shallow_d256_b2_r2_u1_baseline_ls_lmmse_ebnom2p0_chunk0000_m8_b20/chunk_result.csv
[ISO-CHUNK] DONE
[PIPELINE] status done=0 reason=continue chunks=1 batches=20 block_errors=0/100 next_chunk=1
2026-06-09 08:39:56.553256: E external/local_xla/xla/stream_executor/cuda/cuda_dnn.cc:9261] Unable to register cuDNN factory: Attempting to register factory for plugin cuDNN when one has already been registered
2026-06-09 08:39:56.553303: E external/local_xla/xla/stream_executor/cuda/cuda_fft.cc:607] Unable to register cuFFT factory: Attempting to register factory for plugin cuFFT when one has already been registered
2026-06-09 08:39:56.554425: E external/local_xla/xla/stream_executor/cuda/cuda_blas.cc:1515] Unable to register cuBLAS factory: Attempting to register factory for plugin cuBLAS when one has already been registered
[COMPREHENSIVE] loaded Optuna best JSON for shallow_d256_b2_r2 from /home/rsadve1/scratch/Extended_UPAIR_Narval_b32m16_portable/optuna/clean_b32_prb8_d256_40k_smart_trueDMRS_u34610_1dmrs_stageB_shallow_d256_b2_r2_best_params.json
[ISO-CHUNK] variant: shallow_d256_b2_r2
[ISO-CHUNK] receiver: baseline_ls_lmmse
[ISO-CHUNK] num_users: 1
[ISO-CHUNK] ebno_db: -2.0
[ISO-CHUNK] chunk_idx: 1
[ISO-CHUNK] chunk_batches: 20
[ISO-CHUNK] receiver_microbatch_size: 8
[ISO-CHUNK] chunk_seed: 1768019
[ISO-CHUNK] checkpoint: /scratch/rsadve1/Extended_UPAIR_Narval_b32m16_portable/TWC_plots_comprehensive/runs_rx16/seed7/1dmrs/shallow_d256_b2_r2/checkpoints/best.weights.h5
[ISO-CHUNK] TF_GPU_ALLOCATOR: cuda_malloc_async
[ISO-CHUNK] output tag: shallow_d256_b2_r2_u1_baseline_ls_lmmse_ebnom2p0_chunk0001_m8_b20
[EVAL] receiver microbatching enabled: batch_size_eval=64 receiver_microbatch_size=8
WARNING:tensorflow:Model's `__init__()` arguments contain non-serializable objects. Please implement a `get_config()` method in the subclassed Model for proper saving and loading. Defaulting to empty config.
WARNING:tensorflow:Model's `__init__()` arguments contain non-serializable objects. Please implement a `get_config()` method in the subclassed Model for proper saving and loading. Defaulting to empty config.
[EVAL] loaded UPAIR checkpoint: /scratch/rsadve1/Extended_UPAIR_Narval_b32m16_portable/TWC_plots_comprehensive/runs_rx16/seed7/1dmrs/shallow_d256_b2_r2/checkpoints/best.weights.h5
[EVAL] skipping explicit NMSE channel-estimator calls for: baseline_ls_lmmse
[EVAL] instrumentation log_latency=True log_gpu_memory=True memory_cleanup_every_batches=1 memory_cleanup_every_microbatch=True stream_eval_microbatches=True compiled_receiver_error_counts=False receiver_call_jit_compile=False per_receiver_stopping=False target_bler_floor=1e-05 floor_num_frames=0 gpu_mem=0.04GiB peak=0.22GiB
[EVAL] receiver_call name=baseline_ls_lmmse mode=positional_y_no compiled_error_counts=False
[EVAL] progress num_users=1 Eb/N0=-2 dB batches=10/20 frame_err=baseline_ls_lmmse:0/640 elapsed=74.0s avg_batch=7.399s gpu_mem=0.04GiB peak=0.22GiB
[EVAL] progress num_users=1 Eb/N0=-2 dB batches=20/20 frame_err=baseline_ls_lmmse:0/1280 elapsed=147.0s avg_batch=7.350s gpu_mem=0.04GiB peak=0.22GiB
[EVAL] receiver=       baseline_ls_lmmse Eb/N0=-2.0 dB BER=0.00000e+00 BLER=0.00000e+00 NMSE=nan bit_err=     0/3809280  blk_err=    0/1280   batches=  20 stop=global_stop bler_ub=2.344e-03 rx_time=109.73s rx_ms_batch=5486.3 rx_ms_frame=85.723 point_time=146.99s gpu_mem=0.04GiB peak=0.22GiB
[ISO-CHUNK] wrote: /home/rsadve1/scratch/Extended_UPAIR_Narval_b32m16_portable/_isolated_eval_chunks/shallow_d256_b2_r2_u1_baseline_ls_lmmse_ebnom2p0_chunk0001_m8_b20/chunk_result.csv
[ISO-CHUNK] DONE
[PIPELINE] status done=0 reason=continue chunks=2 batches=40 block_errors=0/100 next_chunk=2
2026-06-09 08:42:45.999232: E external/local_xla/xla/stream_executor/cuda/cuda_dnn.cc:9261] Unable to register cuDNN factory: Attempting to register factory for plugin cuDNN when one has already been registered
2026-06-09 08:42:45.999278: E external/local_xla/xla/stream_executor/cuda/cuda_fft.cc:607] Unable to register cuFFT factory: Attempting to register factory for plugin cuFFT when one has already been registered
2026-06-09 08:42:46.000394: E external/local_xla/xla/stream_executor/cuda/cuda_blas.cc:1515] Unable to register cuBLAS factory: Attempting to register factory for plugin cuBLAS when one has already been registered
[COMPREHENSIVE] loaded Optuna best JSON for shallow_d256_b2_r2 from /home/rsadve1/scratch/Extended_UPAIR_Narval_b32m16_portable/optuna/clean_b32_prb8_d256_40k_smart_trueDMRS_u34610_1dmrs_stageB_shallow_d256_b2_r2_best_params.json
[ISO-CHUNK] variant: shallow_d256_b2_r2
[ISO-CHUNK] receiver: baseline_ls_lmmse
[ISO-CHUNK] num_users: 1
[ISO-CHUNK] ebno_db: -2.0
[ISO-CHUNK] chunk_idx: 2
[ISO-CHUNK] chunk_batches: 20
[ISO-CHUNK] receiver_microbatch_size: 8
[ISO-CHUNK] chunk_seed: 1868022
[ISO-CHUNK] checkpoint: /scratch/rsadve1/Extended_UPAIR_Narval_b32m16_portable/TWC_plots_comprehensive/runs_rx16/seed7/1dmrs/shallow_d256_b2_r2/checkpoints/best.weights.h5
[ISO-CHUNK] TF_GPU_ALLOCATOR: cuda_malloc_async
[ISO-CHUNK] output tag: shallow_d256_b2_r2_u1_baseline_ls_lmmse_ebnom2p0_chunk0002_m8_b20
[EVAL] receiver microbatching enabled: batch_size_eval=64 receiver_microbatch_size=8
WARNING:tensorflow:Model's `__init__()` arguments contain non-serializable objects. Please implement a `get_config()` method in the subclassed Model for proper saving and loading. Defaulting to empty config.
WARNING:tensorflow:Model's `__init__()` arguments contain non-serializable objects. Please implement a `get_config()` method in the subclassed Model for proper saving and loading. Defaulting to empty config.
[EVAL] loaded UPAIR checkpoint: /scratch/rsadve1/Extended_UPAIR_Narval_b32m16_portable/TWC_plots_comprehensive/runs_rx16/seed7/1dmrs/shallow_d256_b2_r2/checkpoints/best.weights.h5
[EVAL] skipping explicit NMSE channel-estimator calls for: baseline_ls_lmmse
[EVAL] instrumentation log_latency=True log_gpu_memory=True memory_cleanup_every_batches=1 memory_cleanup_every_microbatch=True stream_eval_microbatches=True compiled_receiver_error_counts=False receiver_call_jit_compile=False per_receiver_stopping=False target_bler_floor=1e-05 floor_num_frames=0 gpu_mem=0.04GiB peak=0.22GiB
[EVAL] receiver_call name=baseline_ls_lmmse mode=positional_y_no compiled_error_counts=False
[EVAL] progress num_users=1 Eb/N0=-2 dB batches=10/20 frame_err=baseline_ls_lmmse:0/640 elapsed=74.0s avg_batch=7.395s gpu_mem=0.04GiB peak=0.22GiB
[EVAL] progress num_users=1 Eb/N0=-2 dB batches=20/20 frame_err=baseline_ls_lmmse:0/1280 elapsed=147.5s avg_batch=7.375s gpu_mem=0.04GiB peak=0.22GiB
[EVAL] receiver=       baseline_ls_lmmse Eb/N0=-2.0 dB BER=0.00000e+00 BLER=0.00000e+00 NMSE=nan bit_err=     0/3809280  blk_err=    0/1280   batches=  20 stop=global_stop bler_ub=2.344e-03 rx_time=110.28s rx_ms_batch=5514.2 rx_ms_frame=86.159 point_time=147.50s gpu_mem=0.04GiB peak=0.22GiB
[ISO-CHUNK] wrote: /home/rsadve1/scratch/Extended_UPAIR_Narval_b32m16_portable/_isolated_eval_chunks/shallow_d256_b2_r2_u1_baseline_ls_lmmse_ebnom2p0_chunk0002_m8_b20/chunk_result.csv
[ISO-CHUNK] DONE
[PIPELINE] status done=0 reason=continue chunks=3 batches=60 block_errors=0/100 next_chunk=3
2026-06-09 08:45:40.868692: E external/local_xla/xla/stream_executor/cuda/cuda_dnn.cc:9261] Unable to register cuDNN factory: Attempting to register factory for plugin cuDNN when one has already been registered
2026-06-09 08:45:40.868722: E external/local_xla/xla/stream_executor/cuda/cuda_fft.cc:607] Unable to register cuFFT factory: Attempting to register factory for plugin cuFFT when one has already been registered
2026-06-09 08:45:40.869808: E external/local_xla/xla/stream_executor/cuda/cuda_blas.cc:1515] Unable to register cuBLAS factory: Attempting to register factory for plugin cuBLAS when one has already been registered
[COMPREHENSIVE] loaded Optuna best JSON for shallow_d256_b2_r2 from /home/rsadve1/scratch/Extended_UPAIR_Narval_b32m16_portable/optuna/clean_b32_prb8_d256_40k_smart_trueDMRS_u34610_1dmrs_stageB_shallow_d256_b2_r2_best_params.json
[ISO-CHUNK] variant: shallow_d256_b2_r2
[ISO-CHUNK] receiver: baseline_ls_lmmse
[ISO-CHUNK] num_users: 1
[ISO-CHUNK] ebno_db: -2.0
[ISO-CHUNK] chunk_idx: 3
[ISO-CHUNK] chunk_batches: 20
[ISO-CHUNK] receiver_microbatch_size: 8
[ISO-CHUNK] chunk_seed: 1968025
[ISO-CHUNK] checkpoint: /scratch/rsadve1/Extended_UPAIR_Narval_b32m16_portable/TWC_plots_comprehensive/runs_rx16/seed7/1dmrs/shallow_d256_b2_r2/checkpoints/best.weights.h5
[ISO-CHUNK] TF_GPU_ALLOCATOR: cuda_malloc_async
[ISO-CHUNK] output tag: shallow_d256_b2_r2_u1_baseline_ls_lmmse_ebnom2p0_chunk0003_m8_b20
[EVAL] receiver microbatching enabled: batch_size_eval=64 receiver_microbatch_size=8
WARNING:tensorflow:Model's `__init__()` arguments contain non-serializable objects. Please implement a `get_config()` method in the subclassed Model for proper saving and loading. Defaulting to empty config.
WARNING:tensorflow:Model's `__init__()` arguments contain non-serializable objects. Please implement a `get_config()` method in the subclassed Model for proper saving and loading. Defaulting to empty config.
[EVAL] loaded UPAIR checkpoint: /scratch/rsadve1/Extended_UPAIR_Narval_b32m16_portable/TWC_plots_comprehensive/runs_rx16/seed7/1dmrs/shallow_d256_b2_r2/checkpoints/best.weights.h5
[EVAL] skipping explicit NMSE channel-estimator calls for: baseline_ls_lmmse
[EVAL] instrumentation log_latency=True log_gpu_memory=True memory_cleanup_every_batches=1 memory_cleanup_every_microbatch=True stream_eval_microbatches=True compiled_receiver_error_counts=False receiver_call_jit_compile=False per_receiver_stopping=False target_bler_floor=1e-05 floor_num_frames=0 gpu_mem=0.04GiB peak=0.22GiB
[EVAL] receiver_call name=baseline_ls_lmmse mode=positional_y_no compiled_error_counts=False
[EVAL] progress num_users=1 Eb/N0=-2 dB batches=10/20 frame_err=baseline_ls_lmmse:0/640 elapsed=72.5s avg_batch=7.251s gpu_mem=0.04GiB peak=0.22GiB
[EVAL] progress num_users=1 Eb/N0=-2 dB batches=20/20 frame_err=baseline_ls_lmmse:0/1280 elapsed=144.9s avg_batch=7.247s gpu_mem=0.04GiB peak=0.22GiB
[EVAL] receiver=       baseline_ls_lmmse Eb/N0=-2.0 dB BER=0.00000e+00 BLER=0.00000e+00 NMSE=nan bit_err=     0/3809280  blk_err=    0/1280   batches=  20 stop=global_stop bler_ub=2.344e-03 rx_time=109.25s rx_ms_batch=5462.6 rx_ms_frame=85.353 point_time=144.93s gpu_mem=0.04GiB peak=0.22GiB
[ISO-CHUNK] wrote: /home/rsadve1/scratch/Extended_UPAIR_Narval_b32m16_portable/_isolated_eval_chunks/shallow_d256_b2_r2_u1_baseline_ls_lmmse_ebnom2p0_chunk0003_m8_b20/chunk_result.csv
[ISO-CHUNK] DONE
[PIPELINE] status done=0 reason=continue chunks=4 batches=80 block_errors=0/100 next_chunk=4
2026-06-09 08:48:34.585801: E external/local_xla/xla/stream_executor/cuda/cuda_dnn.cc:9261] Unable to register cuDNN factory: Attempting to register factory for plugin cuDNN when one has already been registered
2026-06-09 08:48:34.585836: E external/local_xla/xla/stream_executor/cuda/cuda_fft.cc:607] Unable to register cuFFT factory: Attempting to register factory for plugin cuFFT when one has already been registered
2026-06-09 08:48:34.586955: E external/local_xla/xla/stream_executor/cuda/cuda_blas.cc:1515] Unable to register cuBLAS factory: Attempting to register factory for plugin cuBLAS when one has already been registered
[COMPREHENSIVE] loaded Optuna best JSON for shallow_d256_b2_r2 from /home/rsadve1/scratch/Extended_UPAIR_Narval_b32m16_portable/optuna/clean_b32_prb8_d256_40k_smart_trueDMRS_u34610_1dmrs_stageB_shallow_d256_b2_r2_best_params.json
[ISO-CHUNK] variant: shallow_d256_b2_r2
[ISO-CHUNK] receiver: baseline_ls_lmmse
[ISO-CHUNK] num_users: 1
[ISO-CHUNK] ebno_db: -2.0
[ISO-CHUNK] chunk_idx: 4
[ISO-CHUNK] chunk_batches: 20
[ISO-CHUNK] receiver_microbatch_size: 8
[ISO-CHUNK] chunk_seed: 2068028
[ISO-CHUNK] checkpoint: /scratch/rsadve1/Extended_UPAIR_Narval_b32m16_portable/TWC_plots_comprehensive/runs_rx16/seed7/1dmrs/shallow_d256_b2_r2/checkpoints/best.weights.h5
[ISO-CHUNK] TF_GPU_ALLOCATOR: cuda_malloc_async
[ISO-CHUNK] output tag: shallow_d256_b2_r2_u1_baseline_ls_lmmse_ebnom2p0_chunk0004_m8_b20
[EVAL] receiver microbatching enabled: batch_size_eval=64 receiver_microbatch_size=8
WARNING:tensorflow:Model's `__init__()` arguments contain non-serializable objects. Please implement a `get_config()` method in the subclassed Model for proper saving and loading. Defaulting to empty config.
WARNING:tensorflow:Model's `__init__()` arguments contain non-serializable objects. Please implement a `get_config()` method in the subclassed Model for proper saving and loading. Defaulting to empty config.
[EVAL] loaded UPAIR checkpoint: /scratch/rsadve1/Extended_UPAIR_Narval_b32m16_portable/TWC_plots_comprehensive/runs_rx16/seed7/1dmrs/shallow_d256_b2_r2/checkpoints/best.weights.h5
[EVAL] skipping explicit NMSE channel-estimator calls for: baseline_ls_lmmse
[EVAL] instrumentation log_latency=True log_gpu_memory=True memory_cleanup_every_batches=1 memory_cleanup_every_microbatch=True stream_eval_microbatches=True compiled_receiver_error_counts=False receiver_call_jit_compile=False per_receiver_stopping=False target_bler_floor=1e-05 floor_num_frames=0 gpu_mem=0.04GiB peak=0.22GiB
[EVAL] receiver_call name=baseline_ls_lmmse mode=positional_y_no compiled_error_counts=False
[EVAL] progress num_users=1 Eb/N0=-2 dB batches=10/20 frame_err=baseline_ls_lmmse:0/640 elapsed=72.8s avg_batch=7.285s gpu_mem=0.04GiB peak=0.22GiB
[EVAL] progress num_users=1 Eb/N0=-2 dB batches=20/20 frame_err=baseline_ls_lmmse:0/1280 elapsed=144.6s avg_batch=7.229s gpu_mem=0.04GiB peak=0.22GiB
[EVAL] receiver=       baseline_ls_lmmse Eb/N0=-2.0 dB BER=0.00000e+00 BLER=0.00000e+00 NMSE=nan bit_err=     0/3809280  blk_err=    0/1280   batches=  20 stop=global_stop bler_ub=2.344e-03 rx_time=109.45s rx_ms_batch=5472.5 rx_ms_frame=85.508 point_time=144.58s gpu_mem=0.04GiB peak=0.22GiB
[ISO-CHUNK] wrote: /home/rsadve1/scratch/Extended_UPAIR_Narval_b32m16_portable/_isolated_eval_chunks/shallow_d256_b2_r2_u1_baseline_ls_lmmse_ebnom2p0_chunk0004_m8_b20/chunk_result.csv
[ISO-CHUNK] DONE
[PIPELINE] status done=0 reason=continue chunks=5 batches=100 block_errors=0/100 next_chunk=5
2026-06-09 08:51:33.350574: E external/local_xla/xla/stream_executor/cuda/cuda_dnn.cc:9261] Unable to register cuDNN factory: Attempting to register factory for plugin cuDNN when one has already been registered
2026-06-09 08:51:33.350608: E external/local_xla/xla/stream_executor/cuda/cuda_fft.cc:607] Unable to register cuFFT factory: Attempting to register factory for plugin cuFFT when one has already been registered
2026-06-09 08:51:33.351745: E external/local_xla/xla/stream_executor/cuda/cuda_blas.cc:1515] Unable to register cuBLAS factory: Attempting to register factory for plugin cuBLAS when one has already been registered
[COMPREHENSIVE] loaded Optuna best JSON for shallow_d256_b2_r2 from /home/rsadve1/scratch/Extended_UPAIR_Narval_b32m16_portable/optuna/clean_b32_prb8_d256_40k_smart_trueDMRS_u34610_1dmrs_stageB_shallow_d256_b2_r2_best_params.json
[ISO-CHUNK] variant: shallow_d256_b2_r2
[ISO-CHUNK] receiver: baseline_ls_lmmse
[ISO-CHUNK] num_users: 1
[ISO-CHUNK] ebno_db: -2.0
[ISO-CHUNK] chunk_idx: 5
[ISO-CHUNK] chunk_batches: 20
[ISO-CHUNK] receiver_microbatch_size: 8
[ISO-CHUNK] chunk_seed: 2168031
[ISO-CHUNK] checkpoint: /scratch/rsadve1/Extended_UPAIR_Narval_b32m16_portable/TWC_plots_comprehensive/runs_rx16/seed7/1dmrs/shallow_d256_b2_r2/checkpoints/best.weights.h5
[ISO-CHUNK] TF_GPU_ALLOCATOR: cuda_malloc_async
[ISO-CHUNK] output tag: shallow_d256_b2_r2_u1_baseline_ls_lmmse_ebnom2p0_chunk0005_m8_b20
[EVAL] receiver microbatching enabled: batch_size_eval=64 receiver_microbatch_size=8
WARNING:tensorflow:Model's `__init__()` arguments contain non-serializable objects. Please implement a `get_config()` method in the subclassed Model for proper saving and loading. Defaulting to empty config.
WARNING:tensorflow:Model's `__init__()` arguments contain non-serializable objects. Please implement a `get_config()` method in the subclassed Model for proper saving and loading. Defaulting to empty config.
[EVAL] loaded UPAIR checkpoint: /scratch/rsadve1/Extended_UPAIR_Narval_b32m16_portable/TWC_plots_comprehensive/runs_rx16/seed7/1dmrs/shallow_d256_b2_r2/checkpoints/best.weights.h5
[EVAL] skipping explicit NMSE channel-estimator calls for: baseline_ls_lmmse
[EVAL] instrumentation log_latency=True log_gpu_memory=True memory_cleanup_every_batches=1 memory_cleanup_every_microbatch=True stream_eval_microbatches=True compiled_receiver_error_counts=False receiver_call_jit_compile=False per_receiver_stopping=False target_bler_floor=1e-05 floor_num_frames=0 gpu_mem=0.04GiB peak=0.22GiB
[EVAL] receiver_call name=baseline_ls_lmmse mode=positional_y_no compiled_error_counts=False
[EVAL] progress num_users=1 Eb/N0=-2 dB batches=10/20 frame_err=baseline_ls_lmmse:0/640 elapsed=72.4s avg_batch=7.242s gpu_mem=0.04GiB peak=0.22GiB
[EVAL] progress num_users=1 Eb/N0=-2 dB batches=20/20 frame_err=baseline_ls_lmmse:0/1280 elapsed=145.6s avg_batch=7.280s gpu_mem=0.04GiB peak=0.22GiB
[EVAL] receiver=       baseline_ls_lmmse Eb/N0=-2.0 dB BER=0.00000e+00 BLER=0.00000e+00 NMSE=nan bit_err=     0/3809280  blk_err=    0/1280   batches=  20 stop=global_stop bler_ub=2.344e-03 rx_time=108.78s rx_ms_batch=5439.2 rx_ms_frame=84.988 point_time=145.59s gpu_mem=0.04GiB peak=0.22GiB
[ISO-CHUNK] wrote: /home/rsadve1/scratch/Extended_UPAIR_Narval_b32m16_portable/_isolated_eval_chunks/shallow_d256_b2_r2_u1_baseline_ls_lmmse_ebnom2p0_chunk0005_m8_b20/chunk_result.csv
[ISO-CHUNK] DONE
[PIPELINE] status done=0 reason=continue chunks=6 batches=120 block_errors=0/100 next_chunk=6
2026-06-09 08:54:24.296281: E external/local_xla/xla/stream_executor/cuda/cuda_dnn.cc:9261] Unable to register cuDNN factory: Attempting to register factory for plugin cuDNN when one has already been registered
2026-06-09 08:54:24.296320: E external/local_xla/xla/stream_executor/cuda/cuda_fft.cc:607] Unable to register cuFFT factory: Attempting to register factory for plugin cuFFT when one has already been registered
2026-06-09 08:54:24.297439: E external/local_xla/xla/stream_executor/cuda/cuda_blas.cc:1515] Unable to register cuBLAS factory: Attempting to register factory for plugin cuBLAS when one has already been registered
[COMPREHENSIVE] loaded Optuna best JSON for shallow_d256_b2_r2 from /home/rsadve1/scratch/Extended_UPAIR_Narval_b32m16_portable/optuna/clean_b32_prb8_d256_40k_smart_trueDMRS_u34610_1dmrs_stageB_shallow_d256_b2_r2_best_params.json
[ISO-CHUNK] variant: shallow_d256_b2_r2
[ISO-CHUNK] receiver: baseline_ls_lmmse
[ISO-CHUNK] num_users: 1
[ISO-CHUNK] ebno_db: -2.0
[ISO-CHUNK] chunk_idx: 6
[ISO-CHUNK] chunk_batches: 20
[ISO-CHUNK] receiver_microbatch_size: 8
[ISO-CHUNK] chunk_seed: 2268034
[ISO-CHUNK] checkpoint: /scratch/rsadve1/Extended_UPAIR_Narval_b32m16_portable/TWC_plots_comprehensive/runs_rx16/seed7/1dmrs/shallow_d256_b2_r2/checkpoints/best.weights.h5
[ISO-CHUNK] TF_GPU_ALLOCATOR: cuda_malloc_async
[ISO-CHUNK] output tag: shallow_d256_b2_r2_u1_baseline_ls_lmmse_ebnom2p0_chunk0006_m8_b20
[EVAL] receiver microbatching enabled: batch_size_eval=64 receiver_microbatch_size=8
WARNING:tensorflow:Model's `__init__()` arguments contain non-serializable objects. Please implement a `get_config()` method in the subclassed Model for proper saving and loading. Defaulting to empty config.
WARNING:tensorflow:Model's `__init__()` arguments contain non-serializable objects. Please implement a `get_config()` method in the subclassed Model for proper saving and loading. Defaulting to empty config.
[EVAL] loaded UPAIR checkpoint: /scratch/rsadve1/Extended_UPAIR_Narval_b32m16_portable/TWC_plots_comprehensive/runs_rx16/seed7/1dmrs/shallow_d256_b2_r2/checkpoints/best.weights.h5
[EVAL] skipping explicit NMSE channel-estimator calls for: baseline_ls_lmmse
[EVAL] instrumentation log_latency=True log_gpu_memory=True memory_cleanup_every_batches=1 memory_cleanup_every_microbatch=True stream_eval_microbatches=True compiled_receiver_error_counts=False receiver_call_jit_compile=False per_receiver_stopping=False target_bler_floor=1e-05 floor_num_frames=0 gpu_mem=0.04GiB peak=0.22GiB
[EVAL] receiver_call name=baseline_ls_lmmse mode=positional_y_no compiled_error_counts=False
