[ENV] Reusing portable venv: /home/rsadve1/scratch/.vevn_upair_potable
[ENV] Checking installed package metadata only; TensorFlow/Sionna are not imported here.
[ENV] Python 3.11.5
[ENV] numpy 1.26.4+computecanada
[ENV] pandas 2.2.3+computecanada
[ENV] matplotlib 3.10.0+computecanada
[ENV] PyYAML 6.0.2+computecanada
[ENV] scipy 1.15.1+computecanada
[ENV] tensorflow 2.15.1+computecanada
[ENV] sionna-no-rt 1.2.1
[ENV] optuna 4.8.0+computecanada
[ENV] Skipping TensorFlow/Sionna import check on this node. Set UPAIR_DEEP_IMPORT_CHECK=1 to test imports explicitly.
[ENV] Ready: REPO=/home/rsadve1/scratch/Extended_UPAIR_Narval_b32m16_portable
[ENV] Ready: VENV=/home/rsadve1/scratch/.vevn_upair_potable
[ENV] Reusing portable venv: /home/rsadve1/scratch/.vevn_upair_potable
[ENV] Checking installed package metadata only; TensorFlow/Sionna are not imported here.
[ENV] Python 3.11.5
[ENV] numpy 1.26.4+computecanada
[ENV] pandas 2.2.3+computecanada
[ENV] matplotlib 3.10.0+computecanada
[ENV] PyYAML 6.0.2+computecanada
[ENV] scipy 1.15.1+computecanada
[ENV] tensorflow 2.15.1+computecanada
[ENV] sionna-no-rt 1.2.1
[ENV] optuna 4.8.0+computecanada
[ENV] Skipping TensorFlow/Sionna import check on this node. Set UPAIR_DEEP_IMPORT_CHECK=1 to test imports explicitly.
[ENV] Ready: REPO=/home/rsadve1/scratch/Extended_UPAIR_Narval_b32m16_portable
[ENV] Ready: VENV=/home/rsadve1/scratch/.vevn_upair_potable
================================================================================
[PIPELINE] variant=narrow_d192_b4_r2
[PIPELINE] root=/home/rsadve1/scratch/Extended_UPAIR_Narval_b32m16_portable
[PIPELINE] stageB_prefix=clean_b32_prb8_d256_40k_smart_trueDMRS_u34610_1dmrs_stageB
[PIPELINE] receivers=upair5g_lmmse,baseline_ls_lmmse,baseline_ls_2dlmmse_lmmse,perfect_csi_lmmse
[PIPELINE] users=3
[PIPELINE] ebnos=-4,-3,-2,-1,0,1,2,3,4
[PIPELINE] chunk_batches=20 micro=8
================================================================================
[PIPELINE] training already complete for narrow_d192_b4_r2; skipping training.
[PIPELINE] starting/resuming isolated evaluation for narrow_d192_b4_r2.

--------------------------------------------------------------------------------
[PIPELINE] eval point variant=narrow_d192_b4_r2 receiver=upair5g_lmmse U=3 Eb/N0=-4
--------------------------------------------------------------------------------
[PIPELINE] status done=0 reason=continue chunks=0 batches=0 block_errors=0/100 next_chunk=0
2026-06-10 05:34:17.102831: E external/local_xla/xla/stream_executor/cuda/cuda_dnn.cc:9261] Unable to register cuDNN factory: Attempting to register factory for plugin cuDNN when one has already been registered
2026-06-10 05:34:17.102921: E external/local_xla/xla/stream_executor/cuda/cuda_fft.cc:607] Unable to register cuFFT factory: Attempting to register factory for plugin cuFFT when one has already been registered
2026-06-10 05:34:17.269000: E external/local_xla/xla/stream_executor/cuda/cuda_blas.cc:1515] Unable to register cuBLAS factory: Attempting to register factory for plugin cuBLAS when one has already been registered
[COMPREHENSIVE] loaded Optuna best JSON for narrow_d192_b4_r2 from /home/rsadve1/scratch/Extended_UPAIR_Narval_b32m16_portable/optuna/clean_b32_prb8_d256_40k_smart_trueDMRS_u34610_1dmrs_stageB_narrow_d192_b4_r2_best_params.json
[ISO-CHUNK] variant: narrow_d192_b4_r2
[ISO-CHUNK] receiver: upair5g_lmmse
[ISO-CHUNK] num_users: 3
[ISO-CHUNK] ebno_db: -4.0
[ISO-CHUNK] chunk_idx: 0
[ISO-CHUNK] chunk_batches: 20
[ISO-CHUNK] receiver_microbatch_size: 8
[ISO-CHUNK] chunk_seed: 1636034
[ISO-CHUNK] checkpoint: /scratch/rsadve1/Extended_UPAIR_Narval_b32m16_portable/TWC_plots_comprehensive/runs_rx16/seed7/1dmrs/narrow_d192_b4_r2/checkpoints/best.weights.h5
[ISO-CHUNK] TF_GPU_ALLOCATOR: cuda_malloc_async
[ISO-CHUNK] output tag: narrow_d192_b4_r2_u3_upair5g_lmmse_ebnom4p0_chunk0000_m8_b20
[EVAL] receiver microbatching enabled: batch_size_eval=64 receiver_microbatch_size=8
WARNING:tensorflow:Model's `__init__()` arguments contain non-serializable objects. Please implement a `get_config()` method in the subclassed Model for proper saving and loading. Defaulting to empty config.
WARNING:tensorflow:Model's `__init__()` arguments contain non-serializable objects. Please implement a `get_config()` method in the subclassed Model for proper saving and loading. Defaulting to empty config.
[EVAL] loaded UPAIR checkpoint: /scratch/rsadve1/Extended_UPAIR_Narval_b32m16_portable/TWC_plots_comprehensive/runs_rx16/seed7/1dmrs/narrow_d192_b4_r2/checkpoints/best.weights.h5
[EVAL] skipping explicit NMSE channel-estimator calls for: upair5g_lmmse
[EVAL] instrumentation log_latency=True log_gpu_memory=True memory_cleanup_every_batches=1 memory_cleanup_every_microbatch=True stream_eval_microbatches=True compiled_receiver_error_counts=False receiver_call_jit_compile=False per_receiver_stopping=False target_bler_floor=1e-05 floor_num_frames=0 gpu_mem=0.08GiB peak=0.23GiB
[EVAL] receiver_call name=upair5g_lmmse mode=positional_y_no compiled_error_counts=False
[EVAL] progress num_users=3 Eb/N0=-4 dB batches=10/20 frame_err=upair5g_lmmse:273/1920 elapsed=104.9s avg_batch=10.489s gpu_mem=5.73GiB peak=5.88GiB
[EVAL] progress num_users=3 Eb/N0=-4 dB batches=20/20 frame_err=upair5g_lmmse:524/3840 elapsed=210.0s avg_batch=10.502s gpu_mem=11.37GiB peak=11.52GiB
[EVAL] receiver=           upair5g_lmmse Eb/N0=-4.0 dB BER=8.46905e-03 BLER=1.36458e-01 NMSE=nan bit_err= 96783/11427840 blk_err=  524/3840   batches=  20 stop=global_stop rx_time=133.66s rx_ms_batch=6682.8 rx_ms_frame=34.806 point_time=210.04s gpu_mem=11.37GiB peak=11.52GiB
[ISO-CHUNK] wrote: /home/rsadve1/scratch/Extended_UPAIR_Narval_b32m16_portable/_isolated_eval_chunks/narrow_d192_b4_r2_u3_upair5g_lmmse_ebnom4p0_chunk0000_m8_b20/chunk_result.csv
[ISO-CHUNK] DONE
[PIPELINE] status done=1 reason=target_block_errors chunks=1 batches=20 block_errors=524/100 next_chunk=-1
[ISO-MERGE] chunks: 1
[ISO-MERGE] rows: 1
[ISO-MERGE] wrote: /home/rsadve1/scratch/Extended_UPAIR_Narval_b32m16_portable/_isolated_eval_chunks/merged_narrow_d192_b4_r2_u3_upair5g_lmmse_em4.csv
[ISO-MERGE] wrote: /home/rsadve1/scratch/Extended_UPAIR_Narval_b32m16_portable/_isolated_eval_chunks/merged_narrow_d192_b4_r2_u3_upair5g_lmmse_em4.summary.json
     receiver           variant dmrs_case  seed  training_seed  num_users  ebno_db  num_chunks chunk_indices  bit_errors  num_bits  block_errors  num_blocks  num_batches_run  point_elapsed_s  data_elapsed_s  receiver_elapsed_s      ber     bler  nmse       mc_stop_reason  target_bler_floor  bler_zero_error_upper_bound  ber_zero_error_upper_bound  receiver_ms_per_batch  receiver_ms_per_frame  reliable_ber  reliable_bler
upair5g_lmmse narrow_d192_b4_r2     1dmrs     7              7          3     -4.0           1             0       96783  11427840           524        3840               20       210.038316       58.276187          133.656619 0.008469 0.136458   NaN isolated_chunk_merge                NaN                          NaN                         NaN            6682.830974              34.806411          True           True

--------------------------------------------------------------------------------
[PIPELINE] eval point variant=narrow_d192_b4_r2 receiver=upair5g_lmmse U=3 Eb/N0=-3
--------------------------------------------------------------------------------
[PIPELINE] status done=0 reason=continue chunks=0 batches=0 block_errors=0/100 next_chunk=0
2026-06-10 05:38:34.996501: E external/local_xla/xla/stream_executor/cuda/cuda_dnn.cc:9261] Unable to register cuDNN factory: Attempting to register factory for plugin cuDNN when one has already been registered
2026-06-10 05:38:34.996545: E external/local_xla/xla/stream_executor/cuda/cuda_fft.cc:607] Unable to register cuFFT factory: Attempting to register factory for plugin cuFFT when one has already been registered
2026-06-10 05:38:34.997597: E external/local_xla/xla/stream_executor/cuda/cuda_blas.cc:1515] Unable to register cuBLAS factory: Attempting to register factory for plugin cuBLAS when one has already been registered
[COMPREHENSIVE] loaded Optuna best JSON for narrow_d192_b4_r2 from /home/rsadve1/scratch/Extended_UPAIR_Narval_b32m16_portable/optuna/clean_b32_prb8_d256_40k_smart_trueDMRS_u34610_1dmrs_stageB_narrow_d192_b4_r2_best_params.json
[ISO-CHUNK] variant: narrow_d192_b4_r2
[ISO-CHUNK] receiver: upair5g_lmmse
[ISO-CHUNK] num_users: 3
[ISO-CHUNK] ebno_db: -3.0
[ISO-CHUNK] chunk_idx: 0
[ISO-CHUNK] chunk_batches: 20
[ISO-CHUNK] receiver_microbatch_size: 8
[ISO-CHUNK] chunk_seed: 1653034
[ISO-CHUNK] checkpoint: /scratch/rsadve1/Extended_UPAIR_Narval_b32m16_portable/TWC_plots_comprehensive/runs_rx16/seed7/1dmrs/narrow_d192_b4_r2/checkpoints/best.weights.h5
[ISO-CHUNK] TF_GPU_ALLOCATOR: cuda_malloc_async
[ISO-CHUNK] output tag: narrow_d192_b4_r2_u3_upair5g_lmmse_ebnom3p0_chunk0000_m8_b20
[EVAL] receiver microbatching enabled: batch_size_eval=64 receiver_microbatch_size=8
WARNING:tensorflow:Model's `__init__()` arguments contain non-serializable objects. Please implement a `get_config()` method in the subclassed Model for proper saving and loading. Defaulting to empty config.
WARNING:tensorflow:Model's `__init__()` arguments contain non-serializable objects. Please implement a `get_config()` method in the subclassed Model for proper saving and loading. Defaulting to empty config.
[EVAL] loaded UPAIR checkpoint: /scratch/rsadve1/Extended_UPAIR_Narval_b32m16_portable/TWC_plots_comprehensive/runs_rx16/seed7/1dmrs/narrow_d192_b4_r2/checkpoints/best.weights.h5
[EVAL] skipping explicit NMSE channel-estimator calls for: upair5g_lmmse
[EVAL] instrumentation log_latency=True log_gpu_memory=True memory_cleanup_every_batches=1 memory_cleanup_every_microbatch=True stream_eval_microbatches=True compiled_receiver_error_counts=False receiver_call_jit_compile=False per_receiver_stopping=False target_bler_floor=1e-05 floor_num_frames=0 gpu_mem=0.08GiB peak=0.23GiB
[EVAL] receiver_call name=upair5g_lmmse mode=positional_y_no compiled_error_counts=False
[EVAL] progress num_users=3 Eb/N0=-3 dB batches=10/20 frame_err=upair5g_lmmse:52/1920 elapsed=104.9s avg_batch=10.491s gpu_mem=5.73GiB peak=5.88GiB
[EVAL] progress num_users=3 Eb/N0=-3 dB batches=20/20 frame_err=upair5g_lmmse:117/3840 elapsed=209.7s avg_batch=10.486s gpu_mem=11.37GiB peak=11.52GiB
[EVAL] receiver=           upair5g_lmmse Eb/N0=-3.0 dB BER=1.66917e-03 BLER=3.04687e-02 NMSE=nan bit_err= 19075/11427840 blk_err=  117/3840   batches=  20 stop=global_stop rx_time=133.08s rx_ms_batch=6654.0 rx_ms_frame=34.656 point_time=209.72s gpu_mem=11.37GiB peak=11.52GiB
[ISO-CHUNK] wrote: /home/rsadve1/scratch/Extended_UPAIR_Narval_b32m16_portable/_isolated_eval_chunks/narrow_d192_b4_r2_u3_upair5g_lmmse_ebnom3p0_chunk0000_m8_b20/chunk_result.csv
[ISO-CHUNK] DONE
[PIPELINE] status done=1 reason=target_block_errors chunks=1 batches=20 block_errors=117/100 next_chunk=-1
[ISO-MERGE] chunks: 1
[ISO-MERGE] rows: 1
[ISO-MERGE] wrote: /home/rsadve1/scratch/Extended_UPAIR_Narval_b32m16_portable/_isolated_eval_chunks/merged_narrow_d192_b4_r2_u3_upair5g_lmmse_em3.csv
[ISO-MERGE] wrote: /home/rsadve1/scratch/Extended_UPAIR_Narval_b32m16_portable/_isolated_eval_chunks/merged_narrow_d192_b4_r2_u3_upair5g_lmmse_em3.summary.json
     receiver           variant dmrs_case  seed  training_seed  num_users  ebno_db  num_chunks chunk_indices  bit_errors  num_bits  block_errors  num_blocks  num_batches_run  point_elapsed_s  data_elapsed_s  receiver_elapsed_s      ber     bler  nmse       mc_stop_reason  target_bler_floor  bler_zero_error_upper_bound  ber_zero_error_upper_bound  receiver_ms_per_batch  receiver_ms_per_frame  reliable_ber  reliable_bler
upair5g_lmmse narrow_d192_b4_r2     1dmrs     7              7          3     -3.0           1             0       19075  11427840           117        3840               20        209.71894       58.364734          133.079881 0.001669 0.030469   NaN isolated_chunk_merge                NaN                          NaN                         NaN            6653.994056              34.656219          True           True

--------------------------------------------------------------------------------
[PIPELINE] eval point variant=narrow_d192_b4_r2 receiver=upair5g_lmmse U=3 Eb/N0=-2
--------------------------------------------------------------------------------
[PIPELINE] status done=0 reason=continue chunks=0 batches=0 block_errors=0/100 next_chunk=0
2026-06-10 05:42:32.478457: E external/local_xla/xla/stream_executor/cuda/cuda_dnn.cc:9261] Unable to register cuDNN factory: Attempting to register factory for plugin cuDNN when one has already been registered
2026-06-10 05:42:32.478505: E external/local_xla/xla/stream_executor/cuda/cuda_fft.cc:607] Unable to register cuFFT factory: Attempting to register factory for plugin cuFFT when one has already been registered
2026-06-10 05:42:32.479593: E external/local_xla/xla/stream_executor/cuda/cuda_blas.cc:1515] Unable to register cuBLAS factory: Attempting to register factory for plugin cuBLAS when one has already been registered
[COMPREHENSIVE] loaded Optuna best JSON for narrow_d192_b4_r2 from /home/rsadve1/scratch/Extended_UPAIR_Narval_b32m16_portable/optuna/clean_b32_prb8_d256_40k_smart_trueDMRS_u34610_1dmrs_stageB_narrow_d192_b4_r2_best_params.json
[ISO-CHUNK] variant: narrow_d192_b4_r2
[ISO-CHUNK] receiver: upair5g_lmmse
[ISO-CHUNK] num_users: 3
[ISO-CHUNK] ebno_db: -2.0
[ISO-CHUNK] chunk_idx: 0
[ISO-CHUNK] chunk_batches: 20
[ISO-CHUNK] receiver_microbatch_size: 8
[ISO-CHUNK] chunk_seed: 1670034
[ISO-CHUNK] checkpoint: /scratch/rsadve1/Extended_UPAIR_Narval_b32m16_portable/TWC_plots_comprehensive/runs_rx16/seed7/1dmrs/narrow_d192_b4_r2/checkpoints/best.weights.h5
[ISO-CHUNK] TF_GPU_ALLOCATOR: cuda_malloc_async
[ISO-CHUNK] output tag: narrow_d192_b4_r2_u3_upair5g_lmmse_ebnom2p0_chunk0000_m8_b20
[EVAL] receiver microbatching enabled: batch_size_eval=64 receiver_microbatch_size=8
WARNING:tensorflow:Model's `__init__()` arguments contain non-serializable objects. Please implement a `get_config()` method in the subclassed Model for proper saving and loading. Defaulting to empty config.
WARNING:tensorflow:Model's `__init__()` arguments contain non-serializable objects. Please implement a `get_config()` method in the subclassed Model for proper saving and loading. Defaulting to empty config.
[EVAL] loaded UPAIR checkpoint: /scratch/rsadve1/Extended_UPAIR_Narval_b32m16_portable/TWC_plots_comprehensive/runs_rx16/seed7/1dmrs/narrow_d192_b4_r2/checkpoints/best.weights.h5
[EVAL] skipping explicit NMSE channel-estimator calls for: upair5g_lmmse
[EVAL] instrumentation log_latency=True log_gpu_memory=True memory_cleanup_every_batches=1 memory_cleanup_every_microbatch=True stream_eval_microbatches=True compiled_receiver_error_counts=False receiver_call_jit_compile=False per_receiver_stopping=False target_bler_floor=1e-05 floor_num_frames=0 gpu_mem=0.08GiB peak=0.23GiB
[EVAL] receiver_call name=upair5g_lmmse mode=positional_y_no compiled_error_counts=False
[EVAL] progress num_users=3 Eb/N0=-2 dB batches=10/20 frame_err=upair5g_lmmse:18/1920 elapsed=104.9s avg_batch=10.489s gpu_mem=5.73GiB peak=5.88GiB
[EVAL] progress num_users=3 Eb/N0=-2 dB batches=20/20 frame_err=upair5g_lmmse:39/3840 elapsed=209.4s avg_batch=10.471s gpu_mem=11.37GiB peak=11.52GiB
[EVAL] receiver=           upair5g_lmmse Eb/N0=-2.0 dB BER=4.98782e-04 BLER=1.01563e-02 NMSE=nan bit_err=  5700/11427840 blk_err=   39/3840   batches=  20 stop=global_stop rx_time=132.94s rx_ms_batch=6646.9 rx_ms_frame=34.619 point_time=209.42s gpu_mem=11.37GiB peak=11.52GiB
[ISO-CHUNK] wrote: /home/rsadve1/scratch/Extended_UPAIR_Narval_b32m16_portable/_isolated_eval_chunks/narrow_d192_b4_r2_u3_upair5g_lmmse_ebnom2p0_chunk0000_m8_b20/chunk_result.csv
[ISO-CHUNK] DONE
[PIPELINE] status done=0 reason=continue chunks=1 batches=20 block_errors=39/100 next_chunk=1
2026-06-10 05:46:26.694038: E external/local_xla/xla/stream_executor/cuda/cuda_dnn.cc:9261] Unable to register cuDNN factory: Attempting to register factory for plugin cuDNN when one has already been registered
2026-06-10 05:46:26.694080: E external/local_xla/xla/stream_executor/cuda/cuda_fft.cc:607] Unable to register cuFFT factory: Attempting to register factory for plugin cuFFT when one has already been registered
2026-06-10 05:46:26.695154: E external/local_xla/xla/stream_executor/cuda/cuda_blas.cc:1515] Unable to register cuBLAS factory: Attempting to register factory for plugin cuBLAS when one has already been registered
[COMPREHENSIVE] loaded Optuna best JSON for narrow_d192_b4_r2 from /home/rsadve1/scratch/Extended_UPAIR_Narval_b32m16_portable/optuna/clean_b32_prb8_d256_40k_smart_trueDMRS_u34610_1dmrs_stageB_narrow_d192_b4_r2_best_params.json
[ISO-CHUNK] variant: narrow_d192_b4_r2
[ISO-CHUNK] receiver: upair5g_lmmse
[ISO-CHUNK] num_users: 3
[ISO-CHUNK] ebno_db: -2.0
[ISO-CHUNK] chunk_idx: 1
[ISO-CHUNK] chunk_batches: 20
[ISO-CHUNK] receiver_microbatch_size: 8
[ISO-CHUNK] chunk_seed: 1770037
[ISO-CHUNK] checkpoint: /scratch/rsadve1/Extended_UPAIR_Narval_b32m16_portable/TWC_plots_comprehensive/runs_rx16/seed7/1dmrs/narrow_d192_b4_r2/checkpoints/best.weights.h5
[ISO-CHUNK] TF_GPU_ALLOCATOR: cuda_malloc_async
[ISO-CHUNK] output tag: narrow_d192_b4_r2_u3_upair5g_lmmse_ebnom2p0_chunk0001_m8_b20
[EVAL] receiver microbatching enabled: batch_size_eval=64 receiver_microbatch_size=8
WARNING:tensorflow:Model's `__init__()` arguments contain non-serializable objects. Please implement a `get_config()` method in the subclassed Model for proper saving and loading. Defaulting to empty config.
WARNING:tensorflow:Model's `__init__()` arguments contain non-serializable objects. Please implement a `get_config()` method in the subclassed Model for proper saving and loading. Defaulting to empty config.
[EVAL] loaded UPAIR checkpoint: /scratch/rsadve1/Extended_UPAIR_Narval_b32m16_portable/TWC_plots_comprehensive/runs_rx16/seed7/1dmrs/narrow_d192_b4_r2/checkpoints/best.weights.h5
[EVAL] skipping explicit NMSE channel-estimator calls for: upair5g_lmmse
[EVAL] instrumentation log_latency=True log_gpu_memory=True memory_cleanup_every_batches=1 memory_cleanup_every_microbatch=True stream_eval_microbatches=True compiled_receiver_error_counts=False receiver_call_jit_compile=False per_receiver_stopping=False target_bler_floor=1e-05 floor_num_frames=0 gpu_mem=0.08GiB peak=0.23GiB
[EVAL] receiver_call name=upair5g_lmmse mode=positional_y_no compiled_error_counts=False
[EVAL] progress num_users=3 Eb/N0=-2 dB batches=10/20 frame_err=upair5g_lmmse:26/1920 elapsed=104.3s avg_batch=10.431s gpu_mem=5.73GiB peak=5.88GiB
[EVAL] progress num_users=3 Eb/N0=-2 dB batches=20/20 frame_err=upair5g_lmmse:50/3840 elapsed=208.5s avg_batch=10.424s gpu_mem=11.37GiB peak=11.52GiB
[EVAL] receiver=           upair5g_lmmse Eb/N0=-2.0 dB BER=5.86375e-04 BLER=1.30208e-02 NMSE=nan bit_err=  6701/11427840 blk_err=   50/3840   batches=  20 stop=global_stop rx_time=132.59s rx_ms_batch=6629.6 rx_ms_frame=34.529 point_time=208.48s gpu_mem=11.37GiB peak=11.52GiB
[ISO-CHUNK] wrote: /home/rsadve1/scratch/Extended_UPAIR_Narval_b32m16_portable/_isolated_eval_chunks/narrow_d192_b4_r2_u3_upair5g_lmmse_ebnom2p0_chunk0001_m8_b20/chunk_result.csv
[ISO-CHUNK] DONE
[PIPELINE] status done=0 reason=continue chunks=2 batches=40 block_errors=89/100 next_chunk=2
2026-06-10 05:50:21.431053: E external/local_xla/xla/stream_executor/cuda/cuda_dnn.cc:9261] Unable to register cuDNN factory: Attempting to register factory for plugin cuDNN when one has already been registered
2026-06-10 05:50:21.431119: E external/local_xla/xla/stream_executor/cuda/cuda_fft.cc:607] Unable to register cuFFT factory: Attempting to register factory for plugin cuFFT when one has already been registered
2026-06-10 05:50:21.432255: E external/local_xla/xla/stream_executor/cuda/cuda_blas.cc:1515] Unable to register cuBLAS factory: Attempting to register factory for plugin cuBLAS when one has already been registered
[COMPREHENSIVE] loaded Optuna best JSON for narrow_d192_b4_r2 from /home/rsadve1/scratch/Extended_UPAIR_Narval_b32m16_portable/optuna/clean_b32_prb8_d256_40k_smart_trueDMRS_u34610_1dmrs_stageB_narrow_d192_b4_r2_best_params.json
[ISO-CHUNK] variant: narrow_d192_b4_r2
[ISO-CHUNK] receiver: upair5g_lmmse
[ISO-CHUNK] num_users: 3
[ISO-CHUNK] ebno_db: -2.0
[ISO-CHUNK] chunk_idx: 2
[ISO-CHUNK] chunk_batches: 20
[ISO-CHUNK] receiver_microbatch_size: 8
[ISO-CHUNK] chunk_seed: 1870040
[ISO-CHUNK] checkpoint: /scratch/rsadve1/Extended_UPAIR_Narval_b32m16_portable/TWC_plots_comprehensive/runs_rx16/seed7/1dmrs/narrow_d192_b4_r2/checkpoints/best.weights.h5
[ISO-CHUNK] TF_GPU_ALLOCATOR: cuda_malloc_async
[ISO-CHUNK] output tag: narrow_d192_b4_r2_u3_upair5g_lmmse_ebnom2p0_chunk0002_m8_b20
[EVAL] receiver microbatching enabled: batch_size_eval=64 receiver_microbatch_size=8
WARNING:tensorflow:Model's `__init__()` arguments contain non-serializable objects. Please implement a `get_config()` method in the subclassed Model for proper saving and loading. Defaulting to empty config.
WARNING:tensorflow:Model's `__init__()` arguments contain non-serializable objects. Please implement a `get_config()` method in the subclassed Model for proper saving and loading. Defaulting to empty config.
[EVAL] loaded UPAIR checkpoint: /scratch/rsadve1/Extended_UPAIR_Narval_b32m16_portable/TWC_plots_comprehensive/runs_rx16/seed7/1dmrs/narrow_d192_b4_r2/checkpoints/best.weights.h5
[EVAL] skipping explicit NMSE channel-estimator calls for: upair5g_lmmse
[EVAL] instrumentation log_latency=True log_gpu_memory=True memory_cleanup_every_batches=1 memory_cleanup_every_microbatch=True stream_eval_microbatches=True compiled_receiver_error_counts=False receiver_call_jit_compile=False per_receiver_stopping=False target_bler_floor=1e-05 floor_num_frames=0 gpu_mem=0.08GiB peak=0.23GiB
[EVAL] receiver_call name=upair5g_lmmse mode=positional_y_no compiled_error_counts=False
[EVAL] progress num_users=3 Eb/N0=-2 dB batches=10/20 frame_err=upair5g_lmmse:22/1920 elapsed=103.8s avg_batch=10.384s gpu_mem=5.73GiB peak=5.88GiB
[EVAL] progress num_users=3 Eb/N0=-2 dB batches=20/20 frame_err=upair5g_lmmse:44/3840 elapsed=208.9s avg_batch=10.444s gpu_mem=11.37GiB peak=11.52GiB
[EVAL] receiver=           upair5g_lmmse Eb/N0=-2.0 dB BER=5.62311e-04 BLER=1.14583e-02 NMSE=nan bit_err=  6426/11427840 blk_err=   44/3840   batches=  20 stop=global_stop rx_time=133.21s rx_ms_batch=6660.7 rx_ms_frame=34.691 point_time=208.88s gpu_mem=11.37GiB peak=11.52GiB
[ISO-CHUNK] wrote: /home/rsadve1/scratch/Extended_UPAIR_Narval_b32m16_portable/_isolated_eval_chunks/narrow_d192_b4_r2_u3_upair5g_lmmse_ebnom2p0_chunk0002_m8_b20/chunk_result.csv
[ISO-CHUNK] DONE
[PIPELINE] status done=1 reason=target_block_errors chunks=3 batches=60 block_errors=133/100 next_chunk=-1
[ISO-MERGE] chunks: 3
[ISO-MERGE] rows: 1
[ISO-MERGE] wrote: /home/rsadve1/scratch/Extended_UPAIR_Narval_b32m16_portable/_isolated_eval_chunks/merged_narrow_d192_b4_r2_u3_upair5g_lmmse_em2.csv
[ISO-MERGE] wrote: /home/rsadve1/scratch/Extended_UPAIR_Narval_b32m16_portable/_isolated_eval_chunks/merged_narrow_d192_b4_r2_u3_upair5g_lmmse_em2.summary.json
     receiver           variant dmrs_case  seed  training_seed  num_users  ebno_db  num_chunks chunk_indices  bit_errors  num_bits  block_errors  num_blocks  num_batches_run  point_elapsed_s  data_elapsed_s  receiver_elapsed_s      ber     bler  nmse       mc_stop_reason  target_bler_floor  bler_zero_error_upper_bound  ber_zero_error_upper_bound  receiver_ms_per_batch  receiver_ms_per_frame  reliable_ber  reliable_bler
upair5g_lmmse narrow_d192_b4_r2     1dmrs     7              7          3     -2.0           3         0,1,2       18827  34283520           133       11520               60       626.781442      174.769067          398.744034 0.000549 0.011545   NaN isolated_chunk_merge                NaN                          NaN                         NaN            6645.733898              34.613197          True           True

--------------------------------------------------------------------------------
[PIPELINE] eval point variant=narrow_d192_b4_r2 receiver=upair5g_lmmse U=3 Eb/N0=-1
--------------------------------------------------------------------------------
[PIPELINE] status done=0 reason=continue chunks=0 batches=0 block_errors=0/100 next_chunk=0
2026-06-10 05:54:24.048111: E external/local_xla/xla/stream_executor/cuda/cuda_dnn.cc:9261] Unable to register cuDNN factory: Attempting to register factory for plugin cuDNN when one has already been registered
2026-06-10 05:54:24.048158: E external/local_xla/xla/stream_executor/cuda/cuda_fft.cc:607] Unable to register cuFFT factory: Attempting to register factory for plugin cuFFT when one has already been registered
2026-06-10 05:54:24.049232: E external/local_xla/xla/stream_executor/cuda/cuda_blas.cc:1515] Unable to register cuBLAS factory: Attempting to register factory for plugin cuBLAS when one has already been registered
[COMPREHENSIVE] loaded Optuna best JSON for narrow_d192_b4_r2 from /home/rsadve1/scratch/Extended_UPAIR_Narval_b32m16_portable/optuna/clean_b32_prb8_d256_40k_smart_trueDMRS_u34610_1dmrs_stageB_narrow_d192_b4_r2_best_params.json
[ISO-CHUNK] variant: narrow_d192_b4_r2
[ISO-CHUNK] receiver: upair5g_lmmse
[ISO-CHUNK] num_users: 3
[ISO-CHUNK] ebno_db: -1.0
[ISO-CHUNK] chunk_idx: 0
[ISO-CHUNK] chunk_batches: 20
[ISO-CHUNK] receiver_microbatch_size: 8
[ISO-CHUNK] chunk_seed: 1687034
[ISO-CHUNK] checkpoint: /scratch/rsadve1/Extended_UPAIR_Narval_b32m16_portable/TWC_plots_comprehensive/runs_rx16/seed7/1dmrs/narrow_d192_b4_r2/checkpoints/best.weights.h5
[ISO-CHUNK] TF_GPU_ALLOCATOR: cuda_malloc_async
[ISO-CHUNK] output tag: narrow_d192_b4_r2_u3_upair5g_lmmse_ebnom1p0_chunk0000_m8_b20
[EVAL] receiver microbatching enabled: batch_size_eval=64 receiver_microbatch_size=8
WARNING:tensorflow:Model's `__init__()` arguments contain non-serializable objects. Please implement a `get_config()` method in the subclassed Model for proper saving and loading. Defaulting to empty config.
WARNING:tensorflow:Model's `__init__()` arguments contain non-serializable objects. Please implement a `get_config()` method in the subclassed Model for proper saving and loading. Defaulting to empty config.
[EVAL] loaded UPAIR checkpoint: /scratch/rsadve1/Extended_UPAIR_Narval_b32m16_portable/TWC_plots_comprehensive/runs_rx16/seed7/1dmrs/narrow_d192_b4_r2/checkpoints/best.weights.h5
[EVAL] skipping explicit NMSE channel-estimator calls for: upair5g_lmmse
[EVAL] instrumentation log_latency=True log_gpu_memory=True memory_cleanup_every_batches=1 memory_cleanup_every_microbatch=True stream_eval_microbatches=True compiled_receiver_error_counts=False receiver_call_jit_compile=False per_receiver_stopping=False target_bler_floor=1e-05 floor_num_frames=0 gpu_mem=0.08GiB peak=0.23GiB
[EVAL] receiver_call name=upair5g_lmmse mode=positional_y_no compiled_error_counts=False
[EVAL] progress num_users=3 Eb/N0=-1 dB batches=10/20 frame_err=upair5g_lmmse:2/1920 elapsed=105.0s avg_batch=10.498s gpu_mem=5.73GiB peak=5.88GiB
[EVAL] progress num_users=3 Eb/N0=-1 dB batches=20/20 frame_err=upair5g_lmmse:4/3840 elapsed=210.0s avg_batch=10.501s gpu_mem=11.37GiB peak=11.52GiB
[EVAL] receiver=           upair5g_lmmse Eb/N0=-1.0 dB BER=3.56148e-05 BLER=1.04167e-03 NMSE=nan bit_err=   407/11427840 blk_err=    4/3840   batches=  20 stop=global_stop rx_time=133.68s rx_ms_batch=6683.9 rx_ms_frame=34.812 point_time=210.02s gpu_mem=11.37GiB peak=11.52GiB
[ISO-CHUNK] wrote: /home/rsadve1/scratch/Extended_UPAIR_Narval_b32m16_portable/_isolated_eval_chunks/narrow_d192_b4_r2_u3_upair5g_lmmse_ebnom1p0_chunk0000_m8_b20/chunk_result.csv
[ISO-CHUNK] DONE
[PIPELINE] status done=0 reason=continue chunks=1 batches=20 block_errors=4/100 next_chunk=1
2026-06-10 05:58:16.116661: E external/local_xla/xla/stream_executor/cuda/cuda_dnn.cc:9261] Unable to register cuDNN factory: Attempting to register factory for plugin cuDNN when one has already been registered
2026-06-10 05:58:16.116725: E external/local_xla/xla/stream_executor/cuda/cuda_fft.cc:607] Unable to register cuFFT factory: Attempting to register factory for plugin cuFFT when one has already been registered
2026-06-10 05:58:16.117792: E external/local_xla/xla/stream_executor/cuda/cuda_blas.cc:1515] Unable to register cuBLAS factory: Attempting to register factory for plugin cuBLAS when one has already been registered
[COMPREHENSIVE] loaded Optuna best JSON for narrow_d192_b4_r2 from /home/rsadve1/scratch/Extended_UPAIR_Narval_b32m16_portable/optuna/clean_b32_prb8_d256_40k_smart_trueDMRS_u34610_1dmrs_stageB_narrow_d192_b4_r2_best_params.json
[ISO-CHUNK] variant: narrow_d192_b4_r2
[ISO-CHUNK] receiver: upair5g_lmmse
[ISO-CHUNK] num_users: 3
[ISO-CHUNK] ebno_db: -1.0
[ISO-CHUNK] chunk_idx: 1
[ISO-CHUNK] chunk_batches: 20
[ISO-CHUNK] receiver_microbatch_size: 8
[ISO-CHUNK] chunk_seed: 1787037
[ISO-CHUNK] checkpoint: /scratch/rsadve1/Extended_UPAIR_Narval_b32m16_portable/TWC_plots_comprehensive/runs_rx16/seed7/1dmrs/narrow_d192_b4_r2/checkpoints/best.weights.h5
[ISO-CHUNK] TF_GPU_ALLOCATOR: cuda_malloc_async
[ISO-CHUNK] output tag: narrow_d192_b4_r2_u3_upair5g_lmmse_ebnom1p0_chunk0001_m8_b20
[EVAL] receiver microbatching enabled: batch_size_eval=64 receiver_microbatch_size=8
WARNING:tensorflow:Model's `__init__()` arguments contain non-serializable objects. Please implement a `get_config()` method in the subclassed Model for proper saving and loading. Defaulting to empty config.
WARNING:tensorflow:Model's `__init__()` arguments contain non-serializable objects. Please implement a `get_config()` method in the subclassed Model for proper saving and loading. Defaulting to empty config.
[EVAL] loaded UPAIR checkpoint: /scratch/rsadve1/Extended_UPAIR_Narval_b32m16_portable/TWC_plots_comprehensive/runs_rx16/seed7/1dmrs/narrow_d192_b4_r2/checkpoints/best.weights.h5
[EVAL] skipping explicit NMSE channel-estimator calls for: upair5g_lmmse
[EVAL] instrumentation log_latency=True log_gpu_memory=True memory_cleanup_every_batches=1 memory_cleanup_every_microbatch=True stream_eval_microbatches=True compiled_receiver_error_counts=False receiver_call_jit_compile=False per_receiver_stopping=False target_bler_floor=1e-05 floor_num_frames=0 gpu_mem=0.08GiB peak=0.23GiB
[EVAL] receiver_call name=upair5g_lmmse mode=positional_y_no compiled_error_counts=False
[EVAL] progress num_users=3 Eb/N0=-1 dB batches=10/20 frame_err=upair5g_lmmse:5/1920 elapsed=105.0s avg_batch=10.497s gpu_mem=5.73GiB peak=5.88GiB
[EVAL] progress num_users=3 Eb/N0=-1 dB batches=20/20 frame_err=upair5g_lmmse:10/3840 elapsed=209.6s avg_batch=10.480s gpu_mem=11.37GiB peak=11.52GiB
[EVAL] receiver=           upair5g_lmmse Eb/N0=-1.0 dB BER=2.12814e-04 BLER=2.60417e-03 NMSE=nan bit_err=  2432/11427840 blk_err=   10/3840   batches=  20 stop=global_stop rx_time=133.13s rx_ms_batch=6656.6 rx_ms_frame=34.670 point_time=209.59s gpu_mem=11.37GiB peak=11.52GiB
[ISO-CHUNK] wrote: /home/rsadve1/scratch/Extended_UPAIR_Narval_b32m16_portable/_isolated_eval_chunks/narrow_d192_b4_r2_u3_upair5g_lmmse_ebnom1p0_chunk0001_m8_b20/chunk_result.csv
[ISO-CHUNK] DONE
[PIPELINE] status done=0 reason=continue chunks=2 batches=40 block_errors=14/100 next_chunk=2
2026-06-10 06:02:08.741790: E external/local_xla/xla/stream_executor/cuda/cuda_dnn.cc:9261] Unable to register cuDNN factory: Attempting to register factory for plugin cuDNN when one has already been registered
2026-06-10 06:02:08.741860: E external/local_xla/xla/stream_executor/cuda/cuda_fft.cc:607] Unable to register cuFFT factory: Attempting to register factory for plugin cuFFT when one has already been registered
2026-06-10 06:02:08.742926: E external/local_xla/xla/stream_executor/cuda/cuda_blas.cc:1515] Unable to register cuBLAS factory: Attempting to register factory for plugin cuBLAS when one has already been registered
[COMPREHENSIVE] loaded Optuna best JSON for narrow_d192_b4_r2 from /home/rsadve1/scratch/Extended_UPAIR_Narval_b32m16_portable/optuna/clean_b32_prb8_d256_40k_smart_trueDMRS_u34610_1dmrs_stageB_narrow_d192_b4_r2_best_params.json
[ISO-CHUNK] variant: narrow_d192_b4_r2
[ISO-CHUNK] receiver: upair5g_lmmse
[ISO-CHUNK] num_users: 3
[ISO-CHUNK] ebno_db: -1.0
[ISO-CHUNK] chunk_idx: 2
[ISO-CHUNK] chunk_batches: 20
[ISO-CHUNK] receiver_microbatch_size: 8
[ISO-CHUNK] chunk_seed: 1887040
[ISO-CHUNK] checkpoint: /scratch/rsadve1/Extended_UPAIR_Narval_b32m16_portable/TWC_plots_comprehensive/runs_rx16/seed7/1dmrs/narrow_d192_b4_r2/checkpoints/best.weights.h5
[ISO-CHUNK] TF_GPU_ALLOCATOR: cuda_malloc_async
[ISO-CHUNK] output tag: narrow_d192_b4_r2_u3_upair5g_lmmse_ebnom1p0_chunk0002_m8_b20
[EVAL] receiver microbatching enabled: batch_size_eval=64 receiver_microbatch_size=8
WARNING:tensorflow:Model's `__init__()` arguments contain non-serializable objects. Please implement a `get_config()` method in the subclassed Model for proper saving and loading. Defaulting to empty config.
WARNING:tensorflow:Model's `__init__()` arguments contain non-serializable objects. Please implement a `get_config()` method in the subclassed Model for proper saving and loading. Defaulting to empty config.
[EVAL] loaded UPAIR checkpoint: /scratch/rsadve1/Extended_UPAIR_Narval_b32m16_portable/TWC_plots_comprehensive/runs_rx16/seed7/1dmrs/narrow_d192_b4_r2/checkpoints/best.weights.h5
[EVAL] skipping explicit NMSE channel-estimator calls for: upair5g_lmmse
[EVAL] instrumentation log_latency=True log_gpu_memory=True memory_cleanup_every_batches=1 memory_cleanup_every_microbatch=True stream_eval_microbatches=True compiled_receiver_error_counts=False receiver_call_jit_compile=False per_receiver_stopping=False target_bler_floor=1e-05 floor_num_frames=0 gpu_mem=0.08GiB peak=0.23GiB
[EVAL] receiver_call name=upair5g_lmmse mode=positional_y_no compiled_error_counts=False
[EVAL] progress num_users=3 Eb/N0=-1 dB batches=10/20 frame_err=upair5g_lmmse:5/1920 elapsed=104.8s avg_batch=10.480s gpu_mem=5.73GiB peak=5.88GiB
[EVAL] progress num_users=3 Eb/N0=-1 dB batches=20/20 frame_err=upair5g_lmmse:11/3840 elapsed=209.2s avg_batch=10.459s gpu_mem=11.37GiB peak=11.52GiB
[EVAL] receiver=           upair5g_lmmse Eb/N0=-1.0 dB BER=1.09645e-04 BLER=2.86458e-03 NMSE=nan bit_err=  1253/11427840 blk_err=   11/3840   batches=  20 stop=global_stop rx_time=133.26s rx_ms_batch=6663.0 rx_ms_frame=34.703 point_time=209.18s gpu_mem=11.37GiB peak=11.52GiB
[ISO-CHUNK] wrote: /home/rsadve1/scratch/Extended_UPAIR_Narval_b32m16_portable/_isolated_eval_chunks/narrow_d192_b4_r2_u3_upair5g_lmmse_ebnom1p0_chunk0002_m8_b20/chunk_result.csv
[ISO-CHUNK] DONE
[PIPELINE] status done=0 reason=continue chunks=3 batches=60 block_errors=25/100 next_chunk=3
2026-06-10 06:06:05.264519: E external/local_xla/xla/stream_executor/cuda/cuda_dnn.cc:9261] Unable to register cuDNN factory: Attempting to register factory for plugin cuDNN when one has already been registered
2026-06-10 06:06:05.264572: E external/local_xla/xla/stream_executor/cuda/cuda_fft.cc:607] Unable to register cuFFT factory: Attempting to register factory for plugin cuFFT when one has already been registered
2026-06-10 06:06:05.265632: E external/local_xla/xla/stream_executor/cuda/cuda_blas.cc:1515] Unable to register cuBLAS factory: Attempting to register factory for plugin cuBLAS when one has already been registered
[COMPREHENSIVE] loaded Optuna best JSON for narrow_d192_b4_r2 from /home/rsadve1/scratch/Extended_UPAIR_Narval_b32m16_portable/optuna/clean_b32_prb8_d256_40k_smart_trueDMRS_u34610_1dmrs_stageB_narrow_d192_b4_r2_best_params.json
[ISO-CHUNK] variant: narrow_d192_b4_r2
[ISO-CHUNK] receiver: upair5g_lmmse
[ISO-CHUNK] num_users: 3
[ISO-CHUNK] ebno_db: -1.0
[ISO-CHUNK] chunk_idx: 3
[ISO-CHUNK] chunk_batches: 20
[ISO-CHUNK] receiver_microbatch_size: 8
[ISO-CHUNK] chunk_seed: 1987043
[ISO-CHUNK] checkpoint: /scratch/rsadve1/Extended_UPAIR_Narval_b32m16_portable/TWC_plots_comprehensive/runs_rx16/seed7/1dmrs/narrow_d192_b4_r2/checkpoints/best.weights.h5
[ISO-CHUNK] TF_GPU_ALLOCATOR: cuda_malloc_async
[ISO-CHUNK] output tag: narrow_d192_b4_r2_u3_upair5g_lmmse_ebnom1p0_chunk0003_m8_b20
[EVAL] receiver microbatching enabled: batch_size_eval=64 receiver_microbatch_size=8
WARNING:tensorflow:Model's `__init__()` arguments contain non-serializable objects. Please implement a `get_config()` method in the subclassed Model for proper saving and loading. Defaulting to empty config.
WARNING:tensorflow:Model's `__init__()` arguments contain non-serializable objects. Please implement a `get_config()` method in the subclassed Model for proper saving and loading. Defaulting to empty config.
[EVAL] loaded UPAIR checkpoint: /scratch/rsadve1/Extended_UPAIR_Narval_b32m16_portable/TWC_plots_comprehensive/runs_rx16/seed7/1dmrs/narrow_d192_b4_r2/checkpoints/best.weights.h5
[EVAL] skipping explicit NMSE channel-estimator calls for: upair5g_lmmse
[EVAL] instrumentation log_latency=True log_gpu_memory=True memory_cleanup_every_batches=1 memory_cleanup_every_microbatch=True stream_eval_microbatches=True compiled_receiver_error_counts=False receiver_call_jit_compile=False per_receiver_stopping=False target_bler_floor=1e-05 floor_num_frames=0 gpu_mem=0.08GiB peak=0.23GiB
[EVAL] receiver_call name=upair5g_lmmse mode=positional_y_no compiled_error_counts=False
[EVAL] progress num_users=3 Eb/N0=-1 dB batches=10/20 frame_err=upair5g_lmmse:4/1920 elapsed=105.7s avg_batch=10.566s gpu_mem=5.73GiB peak=5.88GiB
[EVAL] progress num_users=3 Eb/N0=-1 dB batches=20/20 frame_err=upair5g_lmmse:7/3840 elapsed=210.8s avg_batch=10.542s gpu_mem=11.37GiB peak=11.52GiB
[EVAL] receiver=           upair5g_lmmse Eb/N0=-1.0 dB BER=3.48272e-05 BLER=1.82292e-03 NMSE=nan bit_err=   398/11427840 blk_err=    7/3840   batches=  20 stop=global_stop rx_time=133.78s rx_ms_batch=6688.9 rx_ms_frame=34.838 point_time=210.85s gpu_mem=11.37GiB peak=11.52GiB
[ISO-CHUNK] wrote: /home/rsadve1/scratch/Extended_UPAIR_Narval_b32m16_portable/_isolated_eval_chunks/narrow_d192_b4_r2_u3_upair5g_lmmse_ebnom1p0_chunk0003_m8_b20/chunk_result.csv
[ISO-CHUNK] DONE
[PIPELINE] status done=0 reason=continue chunks=4 batches=80 block_errors=32/100 next_chunk=4
2026-06-10 06:10:03.307610: E external/local_xla/xla/stream_executor/cuda/cuda_dnn.cc:9261] Unable to register cuDNN factory: Attempting to register factory for plugin cuDNN when one has already been registered
2026-06-10 06:10:03.307661: E external/local_xla/xla/stream_executor/cuda/cuda_fft.cc:607] Unable to register cuFFT factory: Attempting to register factory for plugin cuFFT when one has already been registered
2026-06-10 06:10:03.308758: E external/local_xla/xla/stream_executor/cuda/cuda_blas.cc:1515] Unable to register cuBLAS factory: Attempting to register factory for plugin cuBLAS when one has already been registered
[COMPREHENSIVE] loaded Optuna best JSON for narrow_d192_b4_r2 from /home/rsadve1/scratch/Extended_UPAIR_Narval_b32m16_portable/optuna/clean_b32_prb8_d256_40k_smart_trueDMRS_u34610_1dmrs_stageB_narrow_d192_b4_r2_best_params.json
[ISO-CHUNK] variant: narrow_d192_b4_r2
[ISO-CHUNK] receiver: upair5g_lmmse
[ISO-CHUNK] num_users: 3
[ISO-CHUNK] ebno_db: -1.0
[ISO-CHUNK] chunk_idx: 4
[ISO-CHUNK] chunk_batches: 20
[ISO-CHUNK] receiver_microbatch_size: 8
[ISO-CHUNK] chunk_seed: 2087046
[ISO-CHUNK] checkpoint: /scratch/rsadve1/Extended_UPAIR_Narval_b32m16_portable/TWC_plots_comprehensive/runs_rx16/seed7/1dmrs/narrow_d192_b4_r2/checkpoints/best.weights.h5
[ISO-CHUNK] TF_GPU_ALLOCATOR: cuda_malloc_async
[ISO-CHUNK] output tag: narrow_d192_b4_r2_u3_upair5g_lmmse_ebnom1p0_chunk0004_m8_b20
[EVAL] receiver microbatching enabled: batch_size_eval=64 receiver_microbatch_size=8
WARNING:tensorflow:Model's `__init__()` arguments contain non-serializable objects. Please implement a `get_config()` method in the subclassed Model for proper saving and loading. Defaulting to empty config.
WARNING:tensorflow:Model's `__init__()` arguments contain non-serializable objects. Please implement a `get_config()` method in the subclassed Model for proper saving and loading. Defaulting to empty config.
[EVAL] loaded UPAIR checkpoint: /scratch/rsadve1/Extended_UPAIR_Narval_b32m16_portable/TWC_plots_comprehensive/runs_rx16/seed7/1dmrs/narrow_d192_b4_r2/checkpoints/best.weights.h5
[EVAL] skipping explicit NMSE channel-estimator calls for: upair5g_lmmse
[EVAL] instrumentation log_latency=True log_gpu_memory=True memory_cleanup_every_batches=1 memory_cleanup_every_microbatch=True stream_eval_microbatches=True compiled_receiver_error_counts=False receiver_call_jit_compile=False per_receiver_stopping=False target_bler_floor=1e-05 floor_num_frames=0 gpu_mem=0.08GiB peak=0.23GiB
[EVAL] receiver_call name=upair5g_lmmse mode=positional_y_no compiled_error_counts=False
[EVAL] progress num_users=3 Eb/N0=-1 dB batches=10/20 frame_err=upair5g_lmmse:6/1920 elapsed=104.3s avg_batch=10.426s gpu_mem=5.73GiB peak=5.88GiB
[EVAL] progress num_users=3 Eb/N0=-1 dB batches=20/20 frame_err=upair5g_lmmse:10/3840 elapsed=208.5s avg_batch=10.426s gpu_mem=11.37GiB peak=11.52GiB
[EVAL] receiver=           upair5g_lmmse Eb/N0=-1.0 dB BER=7.17546e-05 BLER=2.60417e-03 NMSE=nan bit_err=   820/11427840 blk_err=   10/3840   batches=  20 stop=global_stop rx_time=133.01s rx_ms_batch=6650.4 rx_ms_frame=34.638 point_time=208.51s gpu_mem=11.37GiB peak=11.52GiB
[ISO-CHUNK] wrote: /home/rsadve1/scratch/Extended_UPAIR_Narval_b32m16_portable/_isolated_eval_chunks/narrow_d192_b4_r2_u3_upair5g_lmmse_ebnom1p0_chunk0004_m8_b20/chunk_result.csv
[ISO-CHUNK] DONE
[PIPELINE] status done=0 reason=continue chunks=5 batches=100 block_errors=42/100 next_chunk=5
2026-06-10 06:13:56.609912: E external/local_xla/xla/stream_executor/cuda/cuda_dnn.cc:9261] Unable to register cuDNN factory: Attempting to register factory for plugin cuDNN when one has already been registered
2026-06-10 06:13:56.609959: E external/local_xla/xla/stream_executor/cuda/cuda_fft.cc:607] Unable to register cuFFT factory: Attempting to register factory for plugin cuFFT when one has already been registered
2026-06-10 06:13:56.611031: E external/local_xla/xla/stream_executor/cuda/cuda_blas.cc:1515] Unable to register cuBLAS factory: Attempting to register factory for plugin cuBLAS when one has already been registered
[COMPREHENSIVE] loaded Optuna best JSON for narrow_d192_b4_r2 from /home/rsadve1/scratch/Extended_UPAIR_Narval_b32m16_portable/optuna/clean_b32_prb8_d256_40k_smart_trueDMRS_u34610_1dmrs_stageB_narrow_d192_b4_r2_best_params.json
[ISO-CHUNK] variant: narrow_d192_b4_r2
[ISO-CHUNK] receiver: upair5g_lmmse
[ISO-CHUNK] num_users: 3
[ISO-CHUNK] ebno_db: -1.0
[ISO-CHUNK] chunk_idx: 5
[ISO-CHUNK] chunk_batches: 20
[ISO-CHUNK] receiver_microbatch_size: 8
[ISO-CHUNK] chunk_seed: 2187049
[ISO-CHUNK] checkpoint: /scratch/rsadve1/Extended_UPAIR_Narval_b32m16_portable/TWC_plots_comprehensive/runs_rx16/seed7/1dmrs/narrow_d192_b4_r2/checkpoints/best.weights.h5
[ISO-CHUNK] TF_GPU_ALLOCATOR: cuda_malloc_async
[ISO-CHUNK] output tag: narrow_d192_b4_r2_u3_upair5g_lmmse_ebnom1p0_chunk0005_m8_b20
[EVAL] receiver microbatching enabled: batch_size_eval=64 receiver_microbatch_size=8
WARNING:tensorflow:Model's `__init__()` arguments contain non-serializable objects. Please implement a `get_config()` method in the subclassed Model for proper saving and loading. Defaulting to empty config.
WARNING:tensorflow:Model's `__init__()` arguments contain non-serializable objects. Please implement a `get_config()` method in the subclassed Model for proper saving and loading. Defaulting to empty config.
[EVAL] loaded UPAIR checkpoint: /scratch/rsadve1/Extended_UPAIR_Narval_b32m16_portable/TWC_plots_comprehensive/runs_rx16/seed7/1dmrs/narrow_d192_b4_r2/checkpoints/best.weights.h5
[EVAL] skipping explicit NMSE channel-estimator calls for: upair5g_lmmse
[EVAL] instrumentation log_latency=True log_gpu_memory=True memory_cleanup_every_batches=1 memory_cleanup_every_microbatch=True stream_eval_microbatches=True compiled_receiver_error_counts=False receiver_call_jit_compile=False per_receiver_stopping=False target_bler_floor=1e-05 floor_num_frames=0 gpu_mem=0.08GiB peak=0.23GiB
[EVAL] receiver_call name=upair5g_lmmse mode=positional_y_no compiled_error_counts=False
[EVAL] progress num_users=3 Eb/N0=-1 dB batches=10/20 frame_err=upair5g_lmmse:4/1920 elapsed=104.6s avg_batch=10.462s gpu_mem=5.73GiB peak=5.88GiB
[EVAL] progress num_users=3 Eb/N0=-1 dB batches=20/20 frame_err=upair5g_lmmse:13/3840 elapsed=208.3s avg_batch=10.414s gpu_mem=11.37GiB peak=11.52GiB
[EVAL] receiver=           upair5g_lmmse Eb/N0=-1.0 dB BER=1.45784e-04 BLER=3.38542e-03 NMSE=nan bit_err=  1666/11427840 blk_err=   13/3840   batches=  20 stop=global_stop rx_time=132.58s rx_ms_batch=6628.8 rx_ms_frame=34.525 point_time=208.29s gpu_mem=11.37GiB peak=11.52GiB
[ISO-CHUNK] wrote: /home/rsadve1/scratch/Extended_UPAIR_Narval_b32m16_portable/_isolated_eval_chunks/narrow_d192_b4_r2_u3_upair5g_lmmse_ebnom1p0_chunk0005_m8_b20/chunk_result.csv
[ISO-CHUNK] DONE
[PIPELINE] status done=0 reason=continue chunks=6 batches=120 block_errors=55/100 next_chunk=6
2026-06-10 06:17:47.749700: E external/local_xla/xla/stream_executor/cuda/cuda_dnn.cc:9261] Unable to register cuDNN factory: Attempting to register factory for plugin cuDNN when one has already been registered
2026-06-10 06:17:47.749754: E external/local_xla/xla/stream_executor/cuda/cuda_fft.cc:607] Unable to register cuFFT factory: Attempting to register factory for plugin cuFFT when one has already been registered
2026-06-10 06:17:47.750828: E external/local_xla/xla/stream_executor/cuda/cuda_blas.cc:1515] Unable to register cuBLAS factory: Attempting to register factory for plugin cuBLAS when one has already been registered
[COMPREHENSIVE] loaded Optuna best JSON for narrow_d192_b4_r2 from /home/rsadve1/scratch/Extended_UPAIR_Narval_b32m16_portable/optuna/clean_b32_prb8_d256_40k_smart_trueDMRS_u34610_1dmrs_stageB_narrow_d192_b4_r2_best_params.json
[ISO-CHUNK] variant: narrow_d192_b4_r2
[ISO-CHUNK] receiver: upair5g_lmmse
[ISO-CHUNK] num_users: 3
[ISO-CHUNK] ebno_db: -1.0
[ISO-CHUNK] chunk_idx: 6
[ISO-CHUNK] chunk_batches: 20
[ISO-CHUNK] receiver_microbatch_size: 8
[ISO-CHUNK] chunk_seed: 2287052
[ISO-CHUNK] checkpoint: /scratch/rsadve1/Extended_UPAIR_Narval_b32m16_portable/TWC_plots_comprehensive/runs_rx16/seed7/1dmrs/narrow_d192_b4_r2/checkpoints/best.weights.h5
[ISO-CHUNK] TF_GPU_ALLOCATOR: cuda_malloc_async
[ISO-CHUNK] output tag: narrow_d192_b4_r2_u3_upair5g_lmmse_ebnom1p0_chunk0006_m8_b20
[EVAL] receiver microbatching enabled: batch_size_eval=64 receiver_microbatch_size=8
WARNING:tensorflow:Model's `__init__()` arguments contain non-serializable objects. Please implement a `get_config()` method in the subclassed Model for proper saving and loading. Defaulting to empty config.
WARNING:tensorflow:Model's `__init__()` arguments contain non-serializable objects. Please implement a `get_config()` method in the subclassed Model for proper saving and loading. Defaulting to empty config.
[EVAL] loaded UPAIR checkpoint: /scratch/rsadve1/Extended_UPAIR_Narval_b32m16_portable/TWC_plots_comprehensive/runs_rx16/seed7/1dmrs/narrow_d192_b4_r2/checkpoints/best.weights.h5
[EVAL] skipping explicit NMSE channel-estimator calls for: upair5g_lmmse
[EVAL] instrumentation log_latency=True log_gpu_memory=True memory_cleanup_every_batches=1 memory_cleanup_every_microbatch=True stream_eval_microbatches=True compiled_receiver_error_counts=False receiver_call_jit_compile=False per_receiver_stopping=False target_bler_floor=1e-05 floor_num_frames=0 gpu_mem=0.08GiB peak=0.23GiB
[EVAL] receiver_call name=upair5g_lmmse mode=positional_y_no compiled_error_counts=False
[EVAL] progress num_users=3 Eb/N0=-1 dB batches=10/20 frame_err=upair5g_lmmse:5/1920 elapsed=105.2s avg_batch=10.516s gpu_mem=5.73GiB peak=5.88GiB
[EVAL] progress num_users=3 Eb/N0=-1 dB batches=20/20 frame_err=upair5g_lmmse:8/3840 elapsed=209.7s avg_batch=10.487s gpu_mem=11.37GiB peak=11.52GiB
[EVAL] receiver=           upair5g_lmmse Eb/N0=-1.0 dB BER=8.33053e-05 BLER=2.08333e-03 NMSE=nan bit_err=   952/11427840 blk_err=    8/3840   batches=  20 stop=global_stop rx_time=133.36s rx_ms_batch=6668.2 rx_ms_frame=34.730 point_time=209.74s gpu_mem=11.37GiB peak=11.52GiB
[ISO-CHUNK] wrote: /home/rsadve1/scratch/Extended_UPAIR_Narval_b32m16_portable/_isolated_eval_chunks/narrow_d192_b4_r2_u3_upair5g_lmmse_ebnom1p0_chunk0006_m8_b20/chunk_result.csv
[ISO-CHUNK] DONE
[PIPELINE] status done=0 reason=continue chunks=7 batches=140 block_errors=63/100 next_chunk=7
2026-06-10 06:21:49.521427: E external/local_xla/xla/stream_executor/cuda/cuda_dnn.cc:9261] Unable to register cuDNN factory: Attempting to register factory for plugin cuDNN when one has already been registered
2026-06-10 06:21:49.521475: E external/local_xla/xla/stream_executor/cuda/cuda_fft.cc:607] Unable to register cuFFT factory: Attempting to register factory for plugin cuFFT when one has already been registered
2026-06-10 06:21:49.522574: E external/local_xla/xla/stream_executor/cuda/cuda_blas.cc:1515] Unable to register cuBLAS factory: Attempting to register factory for plugin cuBLAS when one has already been registered
[COMPREHENSIVE] loaded Optuna best JSON for narrow_d192_b4_r2 from /home/rsadve1/scratch/Extended_UPAIR_Narval_b32m16_portable/optuna/clean_b32_prb8_d256_40k_smart_trueDMRS_u34610_1dmrs_stageB_narrow_d192_b4_r2_best_params.json
[ISO-CHUNK] variant: narrow_d192_b4_r2
[ISO-CHUNK] receiver: upair5g_lmmse
[ISO-CHUNK] num_users: 3
[ISO-CHUNK] ebno_db: -1.0
[ISO-CHUNK] chunk_idx: 7
[ISO-CHUNK] chunk_batches: 20
[ISO-CHUNK] receiver_microbatch_size: 8
[ISO-CHUNK] chunk_seed: 2387055
[ISO-CHUNK] checkpoint: /scratch/rsadve1/Extended_UPAIR_Narval_b32m16_portable/TWC_plots_comprehensive/runs_rx16/seed7/1dmrs/narrow_d192_b4_r2/checkpoints/best.weights.h5
[ISO-CHUNK] TF_GPU_ALLOCATOR: cuda_malloc_async
[ISO-CHUNK] output tag: narrow_d192_b4_r2_u3_upair5g_lmmse_ebnom1p0_chunk0007_m8_b20
[EVAL] receiver microbatching enabled: batch_size_eval=64 receiver_microbatch_size=8
WARNING:tensorflow:Model's `__init__()` arguments contain non-serializable objects. Please implement a `get_config()` method in the subclassed Model for proper saving and loading. Defaulting to empty config.
WARNING:tensorflow:Model's `__init__()` arguments contain non-serializable objects. Please implement a `get_config()` method in the subclassed Model for proper saving and loading. Defaulting to empty config.
[EVAL] loaded UPAIR checkpoint: /scratch/rsadve1/Extended_UPAIR_Narval_b32m16_portable/TWC_plots_comprehensive/runs_rx16/seed7/1dmrs/narrow_d192_b4_r2/checkpoints/best.weights.h5
[EVAL] skipping explicit NMSE channel-estimator calls for: upair5g_lmmse
[EVAL] instrumentation log_latency=True log_gpu_memory=True memory_cleanup_every_batches=1 memory_cleanup_every_microbatch=True stream_eval_microbatches=True compiled_receiver_error_counts=False receiver_call_jit_compile=False per_receiver_stopping=False target_bler_floor=1e-05 floor_num_frames=0 gpu_mem=0.08GiB peak=0.23GiB
[EVAL] receiver_call name=upair5g_lmmse mode=positional_y_no compiled_error_counts=False
[EVAL] progress num_users=3 Eb/N0=-1 dB batches=10/20 frame_err=upair5g_lmmse:3/1920 elapsed=105.2s avg_batch=10.522s gpu_mem=5.73GiB peak=5.88GiB
[EVAL] progress num_users=3 Eb/N0=-1 dB batches=20/20 frame_err=upair5g_lmmse:7/3840 elapsed=210.4s avg_batch=10.518s gpu_mem=11.37GiB peak=11.52GiB
[EVAL] receiver=           upair5g_lmmse Eb/N0=-1.0 dB BER=5.01407e-05 BLER=1.82292e-03 NMSE=nan bit_err=   573/11427840 blk_err=    7/3840   batches=  20 stop=global_stop rx_time=134.03s rx_ms_batch=6701.7 rx_ms_frame=34.905 point_time=210.36s gpu_mem=11.37GiB peak=11.52GiB
[ISO-CHUNK] wrote: /home/rsadve1/scratch/Extended_UPAIR_Narval_b32m16_portable/_isolated_eval_chunks/narrow_d192_b4_r2_u3_upair5g_lmmse_ebnom1p0_chunk0007_m8_b20/chunk_result.csv
[ISO-CHUNK] DONE
[PIPELINE] status done=0 reason=continue chunks=8 batches=160 block_errors=70/100 next_chunk=8
2026-06-10 06:25:49.341798: E external/local_xla/xla/stream_executor/cuda/cuda_dnn.cc:9261] Unable to register cuDNN factory: Attempting to register factory for plugin cuDNN when one has already been registered
2026-06-10 06:25:49.341846: E external/local_xla/xla/stream_executor/cuda/cuda_fft.cc:607] Unable to register cuFFT factory: Attempting to register factory for plugin cuFFT when one has already been registered
2026-06-10 06:25:49.342898: E external/local_xla/xla/stream_executor/cuda/cuda_blas.cc:1515] Unable to register cuBLAS factory: Attempting to register factory for plugin cuBLAS when one has already been registered
[COMPREHENSIVE] loaded Optuna best JSON for narrow_d192_b4_r2 from /home/rsadve1/scratch/Extended_UPAIR_Narval_b32m16_portable/optuna/clean_b32_prb8_d256_40k_smart_trueDMRS_u34610_1dmrs_stageB_narrow_d192_b4_r2_best_params.json
[ISO-CHUNK] variant: narrow_d192_b4_r2
[ISO-CHUNK] receiver: upair5g_lmmse
[ISO-CHUNK] num_users: 3
[ISO-CHUNK] ebno_db: -1.0
[ISO-CHUNK] chunk_idx: 8
[ISO-CHUNK] chunk_batches: 20
[ISO-CHUNK] receiver_microbatch_size: 8
[ISO-CHUNK] chunk_seed: 2487058
[ISO-CHUNK] checkpoint: /scratch/rsadve1/Extended_UPAIR_Narval_b32m16_portable/TWC_plots_comprehensive/runs_rx16/seed7/1dmrs/narrow_d192_b4_r2/checkpoints/best.weights.h5
[ISO-CHUNK] TF_GPU_ALLOCATOR: cuda_malloc_async
[ISO-CHUNK] output tag: narrow_d192_b4_r2_u3_upair5g_lmmse_ebnom1p0_chunk0008_m8_b20
[EVAL] receiver microbatching enabled: batch_size_eval=64 receiver_microbatch_size=8
WARNING:tensorflow:Model's `__init__()` arguments contain non-serializable objects. Please implement a `get_config()` method in the subclassed Model for proper saving and loading. Defaulting to empty config.
WARNING:tensorflow:Model's `__init__()` arguments contain non-serializable objects. Please implement a `get_config()` method in the subclassed Model for proper saving and loading. Defaulting to empty config.
[EVAL] loaded UPAIR checkpoint: /scratch/rsadve1/Extended_UPAIR_Narval_b32m16_portable/TWC_plots_comprehensive/runs_rx16/seed7/1dmrs/narrow_d192_b4_r2/checkpoints/best.weights.h5
[EVAL] skipping explicit NMSE channel-estimator calls for: upair5g_lmmse
[EVAL] instrumentation log_latency=True log_gpu_memory=True memory_cleanup_every_batches=1 memory_cleanup_every_microbatch=True stream_eval_microbatches=True compiled_receiver_error_counts=False receiver_call_jit_compile=False per_receiver_stopping=False target_bler_floor=1e-05 floor_num_frames=0 gpu_mem=0.08GiB peak=0.23GiB
[EVAL] receiver_call name=upair5g_lmmse mode=positional_y_no compiled_error_counts=False
[EVAL] progress num_users=3 Eb/N0=-1 dB batches=10/20 frame_err=upair5g_lmmse:1/1920 elapsed=104.2s avg_batch=10.424s gpu_mem=5.73GiB peak=5.88GiB
[EVAL] progress num_users=3 Eb/N0=-1 dB batches=20/20 frame_err=upair5g_lmmse:3/3840 elapsed=208.7s avg_batch=10.437s gpu_mem=11.37GiB peak=11.52GiB
[EVAL] receiver=           upair5g_lmmse Eb/N0=-1.0 dB BER=4.13901e-05 BLER=7.81250e-04 NMSE=nan bit_err=   473/11427840 blk_err=    3/3840   batches=  20 stop=global_stop rx_time=132.67s rx_ms_batch=6633.7 rx_ms_frame=34.551 point_time=208.73s gpu_mem=11.37GiB peak=11.52GiB
[ISO-CHUNK] wrote: /home/rsadve1/scratch/Extended_UPAIR_Narval_b32m16_portable/_isolated_eval_chunks/narrow_d192_b4_r2_u3_upair5g_lmmse_ebnom1p0_chunk0008_m8_b20/chunk_result.csv
[ISO-CHUNK] DONE
[PIPELINE] status done=0 reason=continue chunks=9 batches=180 block_errors=73/100 next_chunk=9
2026-06-10 06:29:41.906366: E external/local_xla/xla/stream_executor/cuda/cuda_dnn.cc:9261] Unable to register cuDNN factory: Attempting to register factory for plugin cuDNN when one has already been registered
2026-06-10 06:29:41.906418: E external/local_xla/xla/stream_executor/cuda/cuda_fft.cc:607] Unable to register cuFFT factory: Attempting to register factory for plugin cuFFT when one has already been registered
2026-06-10 06:29:41.907469: E external/local_xla/xla/stream_executor/cuda/cuda_blas.cc:1515] Unable to register cuBLAS factory: Attempting to register factory for plugin cuBLAS when one has already been registered
[COMPREHENSIVE] loaded Optuna best JSON for narrow_d192_b4_r2 from /home/rsadve1/scratch/Extended_UPAIR_Narval_b32m16_portable/optuna/clean_b32_prb8_d256_40k_smart_trueDMRS_u34610_1dmrs_stageB_narrow_d192_b4_r2_best_params.json
[ISO-CHUNK] variant: narrow_d192_b4_r2
[ISO-CHUNK] receiver: upair5g_lmmse
[ISO-CHUNK] num_users: 3
[ISO-CHUNK] ebno_db: -1.0
[ISO-CHUNK] chunk_idx: 9
[ISO-CHUNK] chunk_batches: 20
[ISO-CHUNK] receiver_microbatch_size: 8
[ISO-CHUNK] chunk_seed: 2587061
[ISO-CHUNK] checkpoint: /scratch/rsadve1/Extended_UPAIR_Narval_b32m16_portable/TWC_plots_comprehensive/runs_rx16/seed7/1dmrs/narrow_d192_b4_r2/checkpoints/best.weights.h5
[ISO-CHUNK] TF_GPU_ALLOCATOR: cuda_malloc_async
[ISO-CHUNK] output tag: narrow_d192_b4_r2_u3_upair5g_lmmse_ebnom1p0_chunk0009_m8_b20
[EVAL] receiver microbatching enabled: batch_size_eval=64 receiver_microbatch_size=8
WARNING:tensorflow:Model's `__init__()` arguments contain non-serializable objects. Please implement a `get_config()` method in the subclassed Model for proper saving and loading. Defaulting to empty config.
WARNING:tensorflow:Model's `__init__()` arguments contain non-serializable objects. Please implement a `get_config()` method in the subclassed Model for proper saving and loading. Defaulting to empty config.
[EVAL] loaded UPAIR checkpoint: /scratch/rsadve1/Extended_UPAIR_Narval_b32m16_portable/TWC_plots_comprehensive/runs_rx16/seed7/1dmrs/narrow_d192_b4_r2/checkpoints/best.weights.h5
[EVAL] skipping explicit NMSE channel-estimator calls for: upair5g_lmmse
[EVAL] instrumentation log_latency=True log_gpu_memory=True memory_cleanup_every_batches=1 memory_cleanup_every_microbatch=True stream_eval_microbatches=True compiled_receiver_error_counts=False receiver_call_jit_compile=False per_receiver_stopping=False target_bler_floor=1e-05 floor_num_frames=0 gpu_mem=0.08GiB peak=0.23GiB
[EVAL] receiver_call name=upair5g_lmmse mode=positional_y_no compiled_error_counts=False
[EVAL] progress num_users=3 Eb/N0=-1 dB batches=10/20 frame_err=upair5g_lmmse:2/1920 elapsed=104.5s avg_batch=10.447s gpu_mem=5.73GiB peak=5.88GiB
[EVAL] progress num_users=3 Eb/N0=-1 dB batches=20/20 frame_err=upair5g_lmmse:6/3840 elapsed=209.1s avg_batch=10.454s gpu_mem=11.37GiB peak=11.52GiB
[EVAL] receiver=           upair5g_lmmse Eb/N0=-1.0 dB BER=7.52548e-05 BLER=1.56250e-03 NMSE=nan bit_err=   860/11427840 blk_err=    6/3840   batches=  20 stop=global_stop rx_time=133.57s rx_ms_batch=6678.7 rx_ms_frame=34.785 point_time=209.09s gpu_mem=11.37GiB peak=11.52GiB
[ISO-CHUNK] wrote: /home/rsadve1/scratch/Extended_UPAIR_Narval_b32m16_portable/_isolated_eval_chunks/narrow_d192_b4_r2_u3_upair5g_lmmse_ebnom1p0_chunk0009_m8_b20/chunk_result.csv
[ISO-CHUNK] DONE
[PIPELINE] status done=0 reason=continue chunks=10 batches=200 block_errors=79/100 next_chunk=10
2026-06-10 06:33:36.982045: E external/local_xla/xla/stream_executor/cuda/cuda_dnn.cc:9261] Unable to register cuDNN factory: Attempting to register factory for plugin cuDNN when one has already been registered
2026-06-10 06:33:36.982094: E external/local_xla/xla/stream_executor/cuda/cuda_fft.cc:607] Unable to register cuFFT factory: Attempting to register factory for plugin cuFFT when one has already been registered
2026-06-10 06:33:36.983167: E external/local_xla/xla/stream_executor/cuda/cuda_blas.cc:1515] Unable to register cuBLAS factory: Attempting to register factory for plugin cuBLAS when one has already been registered
[COMPREHENSIVE] loaded Optuna best JSON for narrow_d192_b4_r2 from /home/rsadve1/scratch/Extended_UPAIR_Narval_b32m16_portable/optuna/clean_b32_prb8_d256_40k_smart_trueDMRS_u34610_1dmrs_stageB_narrow_d192_b4_r2_best_params.json
[ISO-CHUNK] variant: narrow_d192_b4_r2
[ISO-CHUNK] receiver: upair5g_lmmse
[ISO-CHUNK] num_users: 3
[ISO-CHUNK] ebno_db: -1.0
[ISO-CHUNK] chunk_idx: 10
[ISO-CHUNK] chunk_batches: 20
[ISO-CHUNK] receiver_microbatch_size: 8
[ISO-CHUNK] chunk_seed: 2687064
[ISO-CHUNK] checkpoint: /scratch/rsadve1/Extended_UPAIR_Narval_b32m16_portable/TWC_plots_comprehensive/runs_rx16/seed7/1dmrs/narrow_d192_b4_r2/checkpoints/best.weights.h5
[ISO-CHUNK] TF_GPU_ALLOCATOR: cuda_malloc_async
[ISO-CHUNK] output tag: narrow_d192_b4_r2_u3_upair5g_lmmse_ebnom1p0_chunk0010_m8_b20
[EVAL] receiver microbatching enabled: batch_size_eval=64 receiver_microbatch_size=8
WARNING:tensorflow:Model's `__init__()` arguments contain non-serializable objects. Please implement a `get_config()` method in the subclassed Model for proper saving and loading. Defaulting to empty config.
WARNING:tensorflow:Model's `__init__()` arguments contain non-serializable objects. Please implement a `get_config()` method in the subclassed Model for proper saving and loading. Defaulting to empty config.
[EVAL] loaded UPAIR checkpoint: /scratch/rsadve1/Extended_UPAIR_Narval_b32m16_portable/TWC_plots_comprehensive/runs_rx16/seed7/1dmrs/narrow_d192_b4_r2/checkpoints/best.weights.h5
[EVAL] skipping explicit NMSE channel-estimator calls for: upair5g_lmmse
[EVAL] instrumentation log_latency=True log_gpu_memory=True memory_cleanup_every_batches=1 memory_cleanup_every_microbatch=True stream_eval_microbatches=True compiled_receiver_error_counts=False receiver_call_jit_compile=False per_receiver_stopping=False target_bler_floor=1e-05 floor_num_frames=0 gpu_mem=0.08GiB peak=0.23GiB
[EVAL] receiver_call name=upair5g_lmmse mode=positional_y_no compiled_error_counts=False
[EVAL] progress num_users=3 Eb/N0=-1 dB batches=10/20 frame_err=upair5g_lmmse:3/1920 elapsed=105.0s avg_batch=10.504s gpu_mem=5.73GiB peak=5.88GiB
[EVAL] progress num_users=3 Eb/N0=-1 dB batches=20/20 frame_err=upair5g_lmmse:6/3840 elapsed=209.9s avg_batch=10.497s gpu_mem=11.37GiB peak=11.52GiB
[EVAL] receiver=           upair5g_lmmse Eb/N0=-1.0 dB BER=5.13658e-05 BLER=1.56250e-03 NMSE=nan bit_err=   587/11427840 blk_err=    6/3840   batches=  20 stop=global_stop rx_time=133.38s rx_ms_batch=6668.9 rx_ms_frame=34.734 point_time=209.93s gpu_mem=11.37GiB peak=11.52GiB
[ISO-CHUNK] wrote: /home/rsadve1/scratch/Extended_UPAIR_Narval_b32m16_portable/_isolated_eval_chunks/narrow_d192_b4_r2_u3_upair5g_lmmse_ebnom1p0_chunk0010_m8_b20/chunk_result.csv
[ISO-CHUNK] DONE
[PIPELINE] status done=0 reason=continue chunks=11 batches=220 block_errors=85/100 next_chunk=11
2026-06-10 06:37:36.211567: E external/local_xla/xla/stream_executor/cuda/cuda_dnn.cc:9261] Unable to register cuDNN factory: Attempting to register factory for plugin cuDNN when one has already been registered
2026-06-10 06:37:36.211636: E external/local_xla/xla/stream_executor/cuda/cuda_fft.cc:607] Unable to register cuFFT factory: Attempting to register factory for plugin cuFFT when one has already been registered
2026-06-10 06:37:36.212744: E external/local_xla/xla/stream_executor/cuda/cuda_blas.cc:1515] Unable to register cuBLAS factory: Attempting to register factory for plugin cuBLAS when one has already been registered
[COMPREHENSIVE] loaded Optuna best JSON for narrow_d192_b4_r2 from /home/rsadve1/scratch/Extended_UPAIR_Narval_b32m16_portable/optuna/clean_b32_prb8_d256_40k_smart_trueDMRS_u34610_1dmrs_stageB_narrow_d192_b4_r2_best_params.json
[ISO-CHUNK] variant: narrow_d192_b4_r2
[ISO-CHUNK] receiver: upair5g_lmmse
[ISO-CHUNK] num_users: 3
[ISO-CHUNK] ebno_db: -1.0
[ISO-CHUNK] chunk_idx: 11
[ISO-CHUNK] chunk_batches: 20
[ISO-CHUNK] receiver_microbatch_size: 8
[ISO-CHUNK] chunk_seed: 2787067
[ISO-CHUNK] checkpoint: /scratch/rsadve1/Extended_UPAIR_Narval_b32m16_portable/TWC_plots_comprehensive/runs_rx16/seed7/1dmrs/narrow_d192_b4_r2/checkpoints/best.weights.h5
[ISO-CHUNK] TF_GPU_ALLOCATOR: cuda_malloc_async
[ISO-CHUNK] output tag: narrow_d192_b4_r2_u3_upair5g_lmmse_ebnom1p0_chunk0011_m8_b20
[EVAL] receiver microbatching enabled: batch_size_eval=64 receiver_microbatch_size=8
WARNING:tensorflow:Model's `__init__()` arguments contain non-serializable objects. Please implement a `get_config()` method in the subclassed Model for proper saving and loading. Defaulting to empty config.
WARNING:tensorflow:Model's `__init__()` arguments contain non-serializable objects. Please implement a `get_config()` method in the subclassed Model for proper saving and loading. Defaulting to empty config.
[EVAL] loaded UPAIR checkpoint: /scratch/rsadve1/Extended_UPAIR_Narval_b32m16_portable/TWC_plots_comprehensive/runs_rx16/seed7/1dmrs/narrow_d192_b4_r2/checkpoints/best.weights.h5
[EVAL] skipping explicit NMSE channel-estimator calls for: upair5g_lmmse
[EVAL] instrumentation log_latency=True log_gpu_memory=True memory_cleanup_every_batches=1 memory_cleanup_every_microbatch=True stream_eval_microbatches=True compiled_receiver_error_counts=False receiver_call_jit_compile=False per_receiver_stopping=False target_bler_floor=1e-05 floor_num_frames=0 gpu_mem=0.08GiB peak=0.23GiB
[EVAL] receiver_call name=upair5g_lmmse mode=positional_y_no compiled_error_counts=False
[EVAL] progress num_users=3 Eb/N0=-1 dB batches=10/20 frame_err=upair5g_lmmse:2/1920 elapsed=104.6s avg_batch=10.459s gpu_mem=5.73GiB peak=5.88GiB
[EVAL] progress num_users=3 Eb/N0=-1 dB batches=20/20 frame_err=upair5g_lmmse:7/3840 elapsed=209.0s avg_batch=10.450s gpu_mem=11.37GiB peak=11.52GiB
[EVAL] receiver=           upair5g_lmmse Eb/N0=-1.0 dB BER=1.55847e-04 BLER=1.82292e-03 NMSE=nan bit_err=  1781/11427840 blk_err=    7/3840   batches=  20 stop=global_stop rx_time=133.15s rx_ms_batch=6657.6 rx_ms_frame=34.675 point_time=208.99s gpu_mem=11.37GiB peak=11.52GiB
[ISO-CHUNK] wrote: /home/rsadve1/scratch/Extended_UPAIR_Narval_b32m16_portable/_isolated_eval_chunks/narrow_d192_b4_r2_u3_upair5g_lmmse_ebnom1p0_chunk0011_m8_b20/chunk_result.csv
[ISO-CHUNK] DONE
[PIPELINE] status done=0 reason=continue chunks=12 batches=240 block_errors=92/100 next_chunk=12
2026-06-10 06:41:29.146770: E external/local_xla/xla/stream_executor/cuda/cuda_dnn.cc:9261] Unable to register cuDNN factory: Attempting to register factory for plugin cuDNN when one has already been registered
2026-06-10 06:41:29.146825: E external/local_xla/xla/stream_executor/cuda/cuda_fft.cc:607] Unable to register cuFFT factory: Attempting to register factory for plugin cuFFT when one has already been registered
2026-06-10 06:41:29.147906: E external/local_xla/xla/stream_executor/cuda/cuda_blas.cc:1515] Unable to register cuBLAS factory: Attempting to register factory for plugin cuBLAS when one has already been registered
[COMPREHENSIVE] loaded Optuna best JSON for narrow_d192_b4_r2 from /home/rsadve1/scratch/Extended_UPAIR_Narval_b32m16_portable/optuna/clean_b32_prb8_d256_40k_smart_trueDMRS_u34610_1dmrs_stageB_narrow_d192_b4_r2_best_params.json
[ISO-CHUNK] variant: narrow_d192_b4_r2
[ISO-CHUNK] receiver: upair5g_lmmse
[ISO-CHUNK] num_users: 3
[ISO-CHUNK] ebno_db: -1.0
[ISO-CHUNK] chunk_idx: 12
[ISO-CHUNK] chunk_batches: 20
[ISO-CHUNK] receiver_microbatch_size: 8
[ISO-CHUNK] chunk_seed: 2887070
[ISO-CHUNK] checkpoint: /scratch/rsadve1/Extended_UPAIR_Narval_b32m16_portable/TWC_plots_comprehensive/runs_rx16/seed7/1dmrs/narrow_d192_b4_r2/checkpoints/best.weights.h5
[ISO-CHUNK] TF_GPU_ALLOCATOR: cuda_malloc_async
[ISO-CHUNK] output tag: narrow_d192_b4_r2_u3_upair5g_lmmse_ebnom1p0_chunk0012_m8_b20
[EVAL] receiver microbatching enabled: batch_size_eval=64 receiver_microbatch_size=8
WARNING:tensorflow:Model's `__init__()` arguments contain non-serializable objects. Please implement a `get_config()` method in the subclassed Model for proper saving and loading. Defaulting to empty config.
WARNING:tensorflow:Model's `__init__()` arguments contain non-serializable objects. Please implement a `get_config()` method in the subclassed Model for proper saving and loading. Defaulting to empty config.
[EVAL] loaded UPAIR checkpoint: /scratch/rsadve1/Extended_UPAIR_Narval_b32m16_portable/TWC_plots_comprehensive/runs_rx16/seed7/1dmrs/narrow_d192_b4_r2/checkpoints/best.weights.h5
[EVAL] skipping explicit NMSE channel-estimator calls for: upair5g_lmmse
[EVAL] instrumentation log_latency=True log_gpu_memory=True memory_cleanup_every_batches=1 memory_cleanup_every_microbatch=True stream_eval_microbatches=True compiled_receiver_error_counts=False receiver_call_jit_compile=False per_receiver_stopping=False target_bler_floor=1e-05 floor_num_frames=0 gpu_mem=0.08GiB peak=0.23GiB
[EVAL] receiver_call name=upair5g_lmmse mode=positional_y_no compiled_error_counts=False
[EVAL] progress num_users=3 Eb/N0=-1 dB batches=10/20 frame_err=upair5g_lmmse:3/1920 elapsed=104.1s avg_batch=10.407s gpu_mem=5.73GiB peak=5.88GiB
[EVAL] progress num_users=3 Eb/N0=-1 dB batches=20/20 frame_err=upair5g_lmmse:5/3840 elapsed=208.7s avg_batch=10.436s gpu_mem=11.37GiB peak=11.52GiB
[EVAL] receiver=           upair5g_lmmse Eb/N0=-1.0 dB BER=1.00719e-04 BLER=1.30208e-03 NMSE=nan bit_err=  1151/11427840 blk_err=    5/3840   batches=  20 stop=global_stop rx_time=132.84s rx_ms_batch=6642.0 rx_ms_frame=34.594 point_time=208.73s gpu_mem=11.37GiB peak=11.52GiB
[ISO-CHUNK] wrote: /home/rsadve1/scratch/Extended_UPAIR_Narval_b32m16_portable/_isolated_eval_chunks/narrow_d192_b4_r2_u3_upair5g_lmmse_ebnom1p0_chunk0012_m8_b20/chunk_result.csv
[ISO-CHUNK] DONE
[PIPELINE] status done=0 reason=continue chunks=13 batches=260 block_errors=97/100 next_chunk=13
2026-06-10 06:45:23.372545: E external/local_xla/xla/stream_executor/cuda/cuda_dnn.cc:9261] Unable to register cuDNN factory: Attempting to register factory for plugin cuDNN when one has already been registered
2026-06-10 06:45:23.372600: E external/local_xla/xla/stream_executor/cuda/cuda_fft.cc:607] Unable to register cuFFT factory: Attempting to register factory for plugin cuFFT when one has already been registered
2026-06-10 06:45:23.373720: E external/local_xla/xla/stream_executor/cuda/cuda_blas.cc:1515] Unable to register cuBLAS factory: Attempting to register factory for plugin cuBLAS when one has already been registered
[COMPREHENSIVE] loaded Optuna best JSON for narrow_d192_b4_r2 from /home/rsadve1/scratch/Extended_UPAIR_Narval_b32m16_portable/optuna/clean_b32_prb8_d256_40k_smart_trueDMRS_u34610_1dmrs_stageB_narrow_d192_b4_r2_best_params.json
[ISO-CHUNK] variant: narrow_d192_b4_r2
[ISO-CHUNK] receiver: upair5g_lmmse
[ISO-CHUNK] num_users: 3
[ISO-CHUNK] ebno_db: -1.0
[ISO-CHUNK] chunk_idx: 13
[ISO-CHUNK] chunk_batches: 20
[ISO-CHUNK] receiver_microbatch_size: 8
[ISO-CHUNK] chunk_seed: 2987073
[ISO-CHUNK] checkpoint: /scratch/rsadve1/Extended_UPAIR_Narval_b32m16_portable/TWC_plots_comprehensive/runs_rx16/seed7/1dmrs/narrow_d192_b4_r2/checkpoints/best.weights.h5
[ISO-CHUNK] TF_GPU_ALLOCATOR: cuda_malloc_async
[ISO-CHUNK] output tag: narrow_d192_b4_r2_u3_upair5g_lmmse_ebnom1p0_chunk0013_m8_b20
[EVAL] receiver microbatching enabled: batch_size_eval=64 receiver_microbatch_size=8
WARNING:tensorflow:Model's `__init__()` arguments contain non-serializable objects. Please implement a `get_config()` method in the subclassed Model for proper saving and loading. Defaulting to empty config.
WARNING:tensorflow:Model's `__init__()` arguments contain non-serializable objects. Please implement a `get_config()` method in the subclassed Model for proper saving and loading. Defaulting to empty config.
[EVAL] loaded UPAIR checkpoint: /scratch/rsadve1/Extended_UPAIR_Narval_b32m16_portable/TWC_plots_comprehensive/runs_rx16/seed7/1dmrs/narrow_d192_b4_r2/checkpoints/best.weights.h5
[EVAL] skipping explicit NMSE channel-estimator calls for: upair5g_lmmse
[EVAL] instrumentation log_latency=True log_gpu_memory=True memory_cleanup_every_batches=1 memory_cleanup_every_microbatch=True stream_eval_microbatches=True compiled_receiver_error_counts=False receiver_call_jit_compile=False per_receiver_stopping=False target_bler_floor=1e-05 floor_num_frames=0 gpu_mem=0.08GiB peak=0.23GiB
[EVAL] receiver_call name=upair5g_lmmse mode=positional_y_no compiled_error_counts=False
[EVAL] progress num_users=3 Eb/N0=-1 dB batches=10/20 frame_err=upair5g_lmmse:7/1920 elapsed=104.7s avg_batch=10.473s gpu_mem=5.73GiB peak=5.88GiB
[EVAL] progress num_users=3 Eb/N0=-1 dB batches=20/20 frame_err=upair5g_lmmse:11/3840 elapsed=209.1s avg_batch=10.457s gpu_mem=11.37GiB peak=11.52GiB
[EVAL] receiver=           upair5g_lmmse Eb/N0=-1.0 dB BER=1.01857e-04 BLER=2.86458e-03 NMSE=nan bit_err=  1164/11427840 blk_err=   11/3840   batches=  20 stop=global_stop rx_time=133.04s rx_ms_batch=6652.0 rx_ms_frame=34.646 point_time=209.14s gpu_mem=11.37GiB peak=11.52GiB
[ISO-CHUNK] wrote: /home/rsadve1/scratch/Extended_UPAIR_Narval_b32m16_portable/_isolated_eval_chunks/narrow_d192_b4_r2_u3_upair5g_lmmse_ebnom1p0_chunk0013_m8_b20/chunk_result.csv
[ISO-CHUNK] DONE
[PIPELINE] status done=1 reason=target_block_errors chunks=14 batches=280 block_errors=108/100 next_chunk=-1
[ISO-MERGE] chunks: 14
[ISO-MERGE] rows: 1
[ISO-MERGE] wrote: /home/rsadve1/scratch/Extended_UPAIR_Narval_b32m16_portable/_isolated_eval_chunks/merged_narrow_d192_b4_r2_u3_upair5g_lmmse_em1.csv
[ISO-MERGE] wrote: /home/rsadve1/scratch/Extended_UPAIR_Narval_b32m16_portable/_isolated_eval_chunks/merged_narrow_d192_b4_r2_u3_upair5g_lmmse_em1.summary.json
     receiver           variant dmrs_case  seed  training_seed  num_users  ebno_db  num_chunks                   chunk_indices  bit_errors  num_bits  block_errors  num_blocks  num_batches_run  point_elapsed_s  data_elapsed_s  receiver_elapsed_s      ber     bler  nmse       mc_stop_reason  target_bler_floor  bler_zero_error_upper_bound  ber_zero_error_upper_bound  receiver_ms_per_batch  receiver_ms_per_frame  reliable_ber  reliable_bler
upair5g_lmmse narrow_d192_b4_r2     1dmrs     7              7          3     -1.0          14 0,1,2,3,4,5,6,7,8,9,10,11,12,13       14517 159989760           108       53760              280       2931.15411      815.871408         1865.492908 0.000091 0.002009   NaN isolated_chunk_merge                NaN                          NaN                         NaN            6662.474672              34.700389          True           True

--------------------------------------------------------------------------------
[PIPELINE] eval point variant=narrow_d192_b4_r2 receiver=upair5g_lmmse U=3 Eb/N0=0
--------------------------------------------------------------------------------
[PIPELINE] status done=0 reason=continue chunks=0 batches=0 block_errors=0/100 next_chunk=0
2026-06-10 06:49:20.434209: E external/local_xla/xla/stream_executor/cuda/cuda_dnn.cc:9261] Unable to register cuDNN factory: Attempting to register factory for plugin cuDNN when one has already been registered
2026-06-10 06:49:20.434269: E external/local_xla/xla/stream_executor/cuda/cuda_fft.cc:607] Unable to register cuFFT factory: Attempting to register factory for plugin cuFFT when one has already been registered
2026-06-10 06:49:20.435467: E external/local_xla/xla/stream_executor/cuda/cuda_blas.cc:1515] Unable to register cuBLAS factory: Attempting to register factory for plugin cuBLAS when one has already been registered
[COMPREHENSIVE] loaded Optuna best JSON for narrow_d192_b4_r2 from /home/rsadve1/scratch/Extended_UPAIR_Narval_b32m16_portable/optuna/clean_b32_prb8_d256_40k_smart_trueDMRS_u34610_1dmrs_stageB_narrow_d192_b4_r2_best_params.json
[ISO-CHUNK] variant: narrow_d192_b4_r2
[ISO-CHUNK] receiver: upair5g_lmmse
[ISO-CHUNK] num_users: 3
[ISO-CHUNK] ebno_db: 0.0
[ISO-CHUNK] chunk_idx: 0
[ISO-CHUNK] chunk_batches: 20
[ISO-CHUNK] receiver_microbatch_size: 8
[ISO-CHUNK] chunk_seed: 1704034
[ISO-CHUNK] checkpoint: /scratch/rsadve1/Extended_UPAIR_Narval_b32m16_portable/TWC_plots_comprehensive/runs_rx16/seed7/1dmrs/narrow_d192_b4_r2/checkpoints/best.weights.h5
[ISO-CHUNK] TF_GPU_ALLOCATOR: cuda_malloc_async
[ISO-CHUNK] output tag: narrow_d192_b4_r2_u3_upair5g_lmmse_ebno0p0_chunk0000_m8_b20
[EVAL] receiver microbatching enabled: batch_size_eval=64 receiver_microbatch_size=8
WARNING:tensorflow:Model's `__init__()` arguments contain non-serializable objects. Please implement a `get_config()` method in the subclassed Model for proper saving and loading. Defaulting to empty config.
WARNING:tensorflow:Model's `__init__()` arguments contain non-serializable objects. Please implement a `get_config()` method in the subclassed Model for proper saving and loading. Defaulting to empty config.
[EVAL] loaded UPAIR checkpoint: /scratch/rsadve1/Extended_UPAIR_Narval_b32m16_portable/TWC_plots_comprehensive/runs_rx16/seed7/1dmrs/narrow_d192_b4_r2/checkpoints/best.weights.h5
[EVAL] skipping explicit NMSE channel-estimator calls for: upair5g_lmmse
[EVAL] instrumentation log_latency=True log_gpu_memory=True memory_cleanup_every_batches=1 memory_cleanup_every_microbatch=True stream_eval_microbatches=True compiled_receiver_error_counts=False receiver_call_jit_compile=False per_receiver_stopping=False target_bler_floor=1e-05 floor_num_frames=0 gpu_mem=0.08GiB peak=0.23GiB
[EVAL] receiver_call name=upair5g_lmmse mode=positional_y_no compiled_error_counts=False
[EVAL] progress num_users=3 Eb/N0=0 dB batches=10/20 frame_err=upair5g_lmmse:1/1920 elapsed=105.5s avg_batch=10.553s gpu_mem=5.73GiB peak=5.88GiB
[EVAL] progress num_users=3 Eb/N0=0 dB batches=20/20 frame_err=upair5g_lmmse:5/3840 elapsed=209.9s avg_batch=10.497s gpu_mem=11.37GiB peak=11.52GiB
[EVAL] receiver=           upair5g_lmmse Eb/N0= 0.0 dB BER=4.98782e-05 BLER=1.30208e-03 NMSE=nan bit_err=   570/11427840 blk_err=    5/3840   batches=  20 stop=global_stop rx_time=133.51s rx_ms_batch=6675.3 rx_ms_frame=34.767 point_time=209.94s gpu_mem=11.37GiB peak=11.52GiB
[ISO-CHUNK] wrote: /home/rsadve1/scratch/Extended_UPAIR_Narval_b32m16_portable/_isolated_eval_chunks/narrow_d192_b4_r2_u3_upair5g_lmmse_ebno0p0_chunk0000_m8_b20/chunk_result.csv
[ISO-CHUNK] DONE
[PIPELINE] status done=0 reason=continue chunks=1 batches=20 block_errors=5/100 next_chunk=1
2026-06-10 06:53:17.369242: E external/local_xla/xla/stream_executor/cuda/cuda_dnn.cc:9261] Unable to register cuDNN factory: Attempting to register factory for plugin cuDNN when one has already been registered
2026-06-10 06:53:17.369299: E external/local_xla/xla/stream_executor/cuda/cuda_fft.cc:607] Unable to register cuFFT factory: Attempting to register factory for plugin cuFFT when one has already been registered
2026-06-10 06:53:17.370373: E external/local_xla/xla/stream_executor/cuda/cuda_blas.cc:1515] Unable to register cuBLAS factory: Attempting to register factory for plugin cuBLAS when one has already been registered
[COMPREHENSIVE] loaded Optuna best JSON for narrow_d192_b4_r2 from /home/rsadve1/scratch/Extended_UPAIR_Narval_b32m16_portable/optuna/clean_b32_prb8_d256_40k_smart_trueDMRS_u34610_1dmrs_stageB_narrow_d192_b4_r2_best_params.json
[ISO-CHUNK] variant: narrow_d192_b4_r2
[ISO-CHUNK] receiver: upair5g_lmmse
[ISO-CHUNK] num_users: 3
[ISO-CHUNK] ebno_db: 0.0
[ISO-CHUNK] chunk_idx: 1
[ISO-CHUNK] chunk_batches: 20
[ISO-CHUNK] receiver_microbatch_size: 8
[ISO-CHUNK] chunk_seed: 1804037
[ISO-CHUNK] checkpoint: /scratch/rsadve1/Extended_UPAIR_Narval_b32m16_portable/TWC_plots_comprehensive/runs_rx16/seed7/1dmrs/narrow_d192_b4_r2/checkpoints/best.weights.h5
[ISO-CHUNK] TF_GPU_ALLOCATOR: cuda_malloc_async
[ISO-CHUNK] output tag: narrow_d192_b4_r2_u3_upair5g_lmmse_ebno0p0_chunk0001_m8_b20
[EVAL] receiver microbatching enabled: batch_size_eval=64 receiver_microbatch_size=8
WARNING:tensorflow:Model's `__init__()` arguments contain non-serializable objects. Please implement a `get_config()` method in the subclassed Model for proper saving and loading. Defaulting to empty config.
WARNING:tensorflow:Model's `__init__()` arguments contain non-serializable objects. Please implement a `get_config()` method in the subclassed Model for proper saving and loading. Defaulting to empty config.
[EVAL] loaded UPAIR checkpoint: /scratch/rsadve1/Extended_UPAIR_Narval_b32m16_portable/TWC_plots_comprehensive/runs_rx16/seed7/1dmrs/narrow_d192_b4_r2/checkpoints/best.weights.h5
[EVAL] skipping explicit NMSE channel-estimator calls for: upair5g_lmmse
[EVAL] instrumentation log_latency=True log_gpu_memory=True memory_cleanup_every_batches=1 memory_cleanup_every_microbatch=True stream_eval_microbatches=True compiled_receiver_error_counts=False receiver_call_jit_compile=False per_receiver_stopping=False target_bler_floor=1e-05 floor_num_frames=0 gpu_mem=0.08GiB peak=0.23GiB
[EVAL] receiver_call name=upair5g_lmmse mode=positional_y_no compiled_error_counts=False
[EVAL] progress num_users=3 Eb/N0=0 dB batches=10/20 frame_err=upair5g_lmmse:0/1920 elapsed=105.5s avg_batch=10.552s gpu_mem=5.73GiB peak=5.88GiB
[EVAL] progress num_users=3 Eb/N0=0 dB batches=20/20 frame_err=upair5g_lmmse:0/3840 elapsed=210.2s avg_batch=10.508s gpu_mem=11.37GiB peak=11.52GiB
[EVAL] receiver=           upair5g_lmmse Eb/N0= 0.0 dB BER=0.00000e+00 BLER=0.00000e+00 NMSE=nan bit_err=     0/11427840 blk_err=    0/3840   batches=  20 stop=global_stop bler_ub=7.813e-04 rx_time=133.43s rx_ms_batch=6671.5 rx_ms_frame=34.747 point_time=210.16s gpu_mem=11.37GiB peak=11.52GiB
[ISO-CHUNK] wrote: /home/rsadve1/scratch/Extended_UPAIR_Narval_b32m16_portable/_isolated_eval_chunks/narrow_d192_b4_r2_u3_upair5g_lmmse_ebno0p0_chunk0001_m8_b20/chunk_result.csv
[ISO-CHUNK] DONE
[PIPELINE] status done=0 reason=continue chunks=2 batches=40 block_errors=5/100 next_chunk=2
2026-06-10 06:57:13.723733: E external/local_xla/xla/stream_executor/cuda/cuda_dnn.cc:9261] Unable to register cuDNN factory: Attempting to register factory for plugin cuDNN when one has already been registered
2026-06-10 06:57:13.723775: E external/local_xla/xla/stream_executor/cuda/cuda_fft.cc:607] Unable to register cuFFT factory: Attempting to register factory for plugin cuFFT when one has already been registered
2026-06-10 06:57:13.724837: E external/local_xla/xla/stream_executor/cuda/cuda_blas.cc:1515] Unable to register cuBLAS factory: Attempting to register factory for plugin cuBLAS when one has already been registered
[COMPREHENSIVE] loaded Optuna best JSON for narrow_d192_b4_r2 from /home/rsadve1/scratch/Extended_UPAIR_Narval_b32m16_portable/optuna/clean_b32_prb8_d256_40k_smart_trueDMRS_u34610_1dmrs_stageB_narrow_d192_b4_r2_best_params.json
[ISO-CHUNK] variant: narrow_d192_b4_r2
[ISO-CHUNK] receiver: upair5g_lmmse
[ISO-CHUNK] num_users: 3
[ISO-CHUNK] ebno_db: 0.0
[ISO-CHUNK] chunk_idx: 2
[ISO-CHUNK] chunk_batches: 20
[ISO-CHUNK] receiver_microbatch_size: 8
[ISO-CHUNK] chunk_seed: 1904040
[ISO-CHUNK] checkpoint: /scratch/rsadve1/Extended_UPAIR_Narval_b32m16_portable/TWC_plots_comprehensive/runs_rx16/seed7/1dmrs/narrow_d192_b4_r2/checkpoints/best.weights.h5
[ISO-CHUNK] TF_GPU_ALLOCATOR: cuda_malloc_async
[ISO-CHUNK] output tag: narrow_d192_b4_r2_u3_upair5g_lmmse_ebno0p0_chunk0002_m8_b20
[EVAL] receiver microbatching enabled: batch_size_eval=64 receiver_microbatch_size=8
WARNING:tensorflow:Model's `__init__()` arguments contain non-serializable objects. Please implement a `get_config()` method in the subclassed Model for proper saving and loading. Defaulting to empty config.
WARNING:tensorflow:Model's `__init__()` arguments contain non-serializable objects. Please implement a `get_config()` method in the subclassed Model for proper saving and loading. Defaulting to empty config.
[EVAL] loaded UPAIR checkpoint: /scratch/rsadve1/Extended_UPAIR_Narval_b32m16_portable/TWC_plots_comprehensive/runs_rx16/seed7/1dmrs/narrow_d192_b4_r2/checkpoints/best.weights.h5
[EVAL] skipping explicit NMSE channel-estimator calls for: upair5g_lmmse
[EVAL] instrumentation log_latency=True log_gpu_memory=True memory_cleanup_every_batches=1 memory_cleanup_every_microbatch=True stream_eval_microbatches=True compiled_receiver_error_counts=False receiver_call_jit_compile=False per_receiver_stopping=False target_bler_floor=1e-05 floor_num_frames=0 gpu_mem=0.08GiB peak=0.23GiB
[EVAL] receiver_call name=upair5g_lmmse mode=positional_y_no compiled_error_counts=False
[EVAL] progress num_users=3 Eb/N0=0 dB batches=10/20 frame_err=upair5g_lmmse:2/1920 elapsed=105.2s avg_batch=10.520s gpu_mem=5.73GiB peak=5.88GiB
[EVAL] progress num_users=3 Eb/N0=0 dB batches=20/20 frame_err=upair5g_lmmse:3/3840 elapsed=210.4s avg_batch=10.522s gpu_mem=11.37GiB peak=11.52GiB
[EVAL] receiver=           upair5g_lmmse Eb/N0= 0.0 dB BER=1.72386e-05 BLER=7.81250e-04 NMSE=nan bit_err=   197/11427840 blk_err=    3/3840   batches=  20 stop=global_stop rx_time=133.62s rx_ms_batch=6681.2 rx_ms_frame=34.798 point_time=210.44s gpu_mem=11.37GiB peak=11.52GiB
[ISO-CHUNK] wrote: /home/rsadve1/scratch/Extended_UPAIR_Narval_b32m16_portable/_isolated_eval_chunks/narrow_d192_b4_r2_u3_upair5g_lmmse_ebno0p0_chunk0002_m8_b20/chunk_result.csv
[ISO-CHUNK] DONE
[PIPELINE] status done=0 reason=continue chunks=3 batches=60 block_errors=8/100 next_chunk=3
2026-06-10 07:01:07.640798: E external/local_xla/xla/stream_executor/cuda/cuda_dnn.cc:9261] Unable to register cuDNN factory: Attempting to register factory for plugin cuDNN when one has already been registered
2026-06-10 07:01:07.640847: E external/local_xla/xla/stream_executor/cuda/cuda_fft.cc:607] Unable to register cuFFT factory: Attempting to register factory for plugin cuFFT when one has already been registered
2026-06-10 07:01:07.641887: E external/local_xla/xla/stream_executor/cuda/cuda_blas.cc:1515] Unable to register cuBLAS factory: Attempting to register factory for plugin cuBLAS when one has already been registered
[COMPREHENSIVE] loaded Optuna best JSON for narrow_d192_b4_r2 from /home/rsadve1/scratch/Extended_UPAIR_Narval_b32m16_portable/optuna/clean_b32_prb8_d256_40k_smart_trueDMRS_u34610_1dmrs_stageB_narrow_d192_b4_r2_best_params.json
[ISO-CHUNK] variant: narrow_d192_b4_r2
[ISO-CHUNK] receiver: upair5g_lmmse
[ISO-CHUNK] num_users: 3
[ISO-CHUNK] ebno_db: 0.0
[ISO-CHUNK] chunk_idx: 3
[ISO-CHUNK] chunk_batches: 20
[ISO-CHUNK] receiver_microbatch_size: 8
[ISO-CHUNK] chunk_seed: 2004043
[ISO-CHUNK] checkpoint: /scratch/rsadve1/Extended_UPAIR_Narval_b32m16_portable/TWC_plots_comprehensive/runs_rx16/seed7/1dmrs/narrow_d192_b4_r2/checkpoints/best.weights.h5
[ISO-CHUNK] TF_GPU_ALLOCATOR: cuda_malloc_async
[ISO-CHUNK] output tag: narrow_d192_b4_r2_u3_upair5g_lmmse_ebno0p0_chunk0003_m8_b20
[EVAL] receiver microbatching enabled: batch_size_eval=64 receiver_microbatch_size=8
WARNING:tensorflow:Model's `__init__()` arguments contain non-serializable objects. Please implement a `get_config()` method in the subclassed Model for proper saving and loading. Defaulting to empty config.
WARNING:tensorflow:Model's `__init__()` arguments contain non-serializable objects. Please implement a `get_config()` method in the subclassed Model for proper saving and loading. Defaulting to empty config.
[EVAL] loaded UPAIR checkpoint: /scratch/rsadve1/Extended_UPAIR_Narval_b32m16_portable/TWC_plots_comprehensive/runs_rx16/seed7/1dmrs/narrow_d192_b4_r2/checkpoints/best.weights.h5
[EVAL] skipping explicit NMSE channel-estimator calls for: upair5g_lmmse
[EVAL] instrumentation log_latency=True log_gpu_memory=True memory_cleanup_every_batches=1 memory_cleanup_every_microbatch=True stream_eval_microbatches=True compiled_receiver_error_counts=False receiver_call_jit_compile=False per_receiver_stopping=False target_bler_floor=1e-05 floor_num_frames=0 gpu_mem=0.08GiB peak=0.23GiB
[EVAL] receiver_call name=upair5g_lmmse mode=positional_y_no compiled_error_counts=False
[EVAL] progress num_users=3 Eb/N0=0 dB batches=10/20 frame_err=upair5g_lmmse:1/1920 elapsed=104.8s avg_batch=10.476s gpu_mem=5.73GiB peak=5.88GiB
[EVAL] progress num_users=3 Eb/N0=0 dB batches=20/20 frame_err=upair5g_lmmse:2/3840 elapsed=209.1s avg_batch=10.453s gpu_mem=11.37GiB peak=11.52GiB
[EVAL] receiver=           upair5g_lmmse Eb/N0= 0.0 dB BER=5.33784e-06 BLER=5.20833e-04 NMSE=nan bit_err=    61/11427840 blk_err=    2/3840   batches=  20 stop=global_stop rx_time=133.12s rx_ms_batch=6656.2 rx_ms_frame=34.668 point_time=209.07s gpu_mem=11.37GiB peak=11.52GiB
[ISO-CHUNK] wrote: /home/rsadve1/scratch/Extended_UPAIR_Narval_b32m16_portable/_isolated_eval_chunks/narrow_d192_b4_r2_u3_upair5g_lmmse_ebno0p0_chunk0003_m8_b20/chunk_result.csv
[ISO-CHUNK] DONE
[PIPELINE] status done=0 reason=continue chunks=4 batches=80 block_errors=10/100 next_chunk=4
2026-06-10 07:05:02.788022: E external/local_xla/xla/stream_executor/cuda/cuda_dnn.cc:9261] Unable to register cuDNN factory: Attempting to register factory for plugin cuDNN when one has already been registered
2026-06-10 07:05:02.788073: E external/local_xla/xla/stream_executor/cuda/cuda_fft.cc:607] Unable to register cuFFT factory: Attempting to register factory for plugin cuFFT when one has already been registered
2026-06-10 07:05:02.789159: E external/local_xla/xla/stream_executor/cuda/cuda_blas.cc:1515] Unable to register cuBLAS factory: Attempting to register factory for plugin cuBLAS when one has already been registered
[COMPREHENSIVE] loaded Optuna best JSON for narrow_d192_b4_r2 from /home/rsadve1/scratch/Extended_UPAIR_Narval_b32m16_portable/optuna/clean_b32_prb8_d256_40k_smart_trueDMRS_u34610_1dmrs_stageB_narrow_d192_b4_r2_best_params.json
[ISO-CHUNK] variant: narrow_d192_b4_r2
[ISO-CHUNK] receiver: upair5g_lmmse
[ISO-CHUNK] num_users: 3
[ISO-CHUNK] ebno_db: 0.0
[ISO-CHUNK] chunk_idx: 4
[ISO-CHUNK] chunk_batches: 20
[ISO-CHUNK] receiver_microbatch_size: 8
[ISO-CHUNK] chunk_seed: 2104046
[ISO-CHUNK] checkpoint: /scratch/rsadve1/Extended_UPAIR_Narval_b32m16_portable/TWC_plots_comprehensive/runs_rx16/seed7/1dmrs/narrow_d192_b4_r2/checkpoints/best.weights.h5
[ISO-CHUNK] TF_GPU_ALLOCATOR: cuda_malloc_async
[ISO-CHUNK] output tag: narrow_d192_b4_r2_u3_upair5g_lmmse_ebno0p0_chunk0004_m8_b20
[EVAL] receiver microbatching enabled: batch_size_eval=64 receiver_microbatch_size=8
WARNING:tensorflow:Model's `__init__()` arguments contain non-serializable objects. Please implement a `get_config()` method in the subclassed Model for proper saving and loading. Defaulting to empty config.
WARNING:tensorflow:Model's `__init__()` arguments contain non-serializable objects. Please implement a `get_config()` method in the subclassed Model for proper saving and loading. Defaulting to empty config.
[EVAL] loaded UPAIR checkpoint: /scratch/rsadve1/Extended_UPAIR_Narval_b32m16_portable/TWC_plots_comprehensive/runs_rx16/seed7/1dmrs/narrow_d192_b4_r2/checkpoints/best.weights.h5
[EVAL] skipping explicit NMSE channel-estimator calls for: upair5g_lmmse
[EVAL] instrumentation log_latency=True log_gpu_memory=True memory_cleanup_every_batches=1 memory_cleanup_every_microbatch=True stream_eval_microbatches=True compiled_receiver_error_counts=False receiver_call_jit_compile=False per_receiver_stopping=False target_bler_floor=1e-05 floor_num_frames=0 gpu_mem=0.08GiB peak=0.23GiB
[EVAL] receiver_call name=upair5g_lmmse mode=positional_y_no compiled_error_counts=False
[EVAL] progress num_users=3 Eb/N0=0 dB batches=10/20 frame_err=upair5g_lmmse:0/1920 elapsed=104.5s avg_batch=10.450s gpu_mem=5.73GiB peak=5.88GiB
[EVAL] progress num_users=3 Eb/N0=0 dB batches=20/20 frame_err=upair5g_lmmse:3/3840 elapsed=208.8s avg_batch=10.442s gpu_mem=11.37GiB peak=11.52GiB
[EVAL] receiver=           upair5g_lmmse Eb/N0= 0.0 dB BER=5.27659e-05 BLER=7.81250e-04 NMSE=nan bit_err=   603/11427840 blk_err=    3/3840   batches=  20 stop=global_stop rx_time=132.73s rx_ms_batch=6636.4 rx_ms_frame=34.565 point_time=208.84s gpu_mem=11.37GiB peak=11.52GiB
[ISO-CHUNK] wrote: /home/rsadve1/scratch/Extended_UPAIR_Narval_b32m16_portable/_isolated_eval_chunks/narrow_d192_b4_r2_u3_upair5g_lmmse_ebno0p0_chunk0004_m8_b20/chunk_result.csv
[ISO-CHUNK] DONE
[PIPELINE] status done=0 reason=continue chunks=5 batches=100 block_errors=13/100 next_chunk=5
2026-06-10 07:08:55.222010: E external/local_xla/xla/stream_executor/cuda/cuda_dnn.cc:9261] Unable to register cuDNN factory: Attempting to register factory for plugin cuDNN when one has already been registered
2026-06-10 07:08:55.222072: E external/local_xla/xla/stream_executor/cuda/cuda_fft.cc:607] Unable to register cuFFT factory: Attempting to register factory for plugin cuFFT when one has already been registered
2026-06-10 07:08:55.223153: E external/local_xla/xla/stream_executor/cuda/cuda_blas.cc:1515] Unable to register cuBLAS factory: Attempting to register factory for plugin cuBLAS when one has already been registered
[COMPREHENSIVE] loaded Optuna best JSON for narrow_d192_b4_r2 from /home/rsadve1/scratch/Extended_UPAIR_Narval_b32m16_portable/optuna/clean_b32_prb8_d256_40k_smart_trueDMRS_u34610_1dmrs_stageB_narrow_d192_b4_r2_best_params.json
[ISO-CHUNK] variant: narrow_d192_b4_r2
[ISO-CHUNK] receiver: upair5g_lmmse
[ISO-CHUNK] num_users: 3
[ISO-CHUNK] ebno_db: 0.0
[ISO-CHUNK] chunk_idx: 5
[ISO-CHUNK] chunk_batches: 20
[ISO-CHUNK] receiver_microbatch_size: 8
[ISO-CHUNK] chunk_seed: 2204049
[ISO-CHUNK] checkpoint: /scratch/rsadve1/Extended_UPAIR_Narval_b32m16_portable/TWC_plots_comprehensive/runs_rx16/seed7/1dmrs/narrow_d192_b4_r2/checkpoints/best.weights.h5
[ISO-CHUNK] TF_GPU_ALLOCATOR: cuda_malloc_async
[ISO-CHUNK] output tag: narrow_d192_b4_r2_u3_upair5g_lmmse_ebno0p0_chunk0005_m8_b20
[EVAL] receiver microbatching enabled: batch_size_eval=64 receiver_microbatch_size=8
WARNING:tensorflow:Model's `__init__()` arguments contain non-serializable objects. Please implement a `get_config()` method in the subclassed Model for proper saving and loading. Defaulting to empty config.
WARNING:tensorflow:Model's `__init__()` arguments contain non-serializable objects. Please implement a `get_config()` method in the subclassed Model for proper saving and loading. Defaulting to empty config.
[EVAL] loaded UPAIR checkpoint: /scratch/rsadve1/Extended_UPAIR_Narval_b32m16_portable/TWC_plots_comprehensive/runs_rx16/seed7/1dmrs/narrow_d192_b4_r2/checkpoints/best.weights.h5
[EVAL] skipping explicit NMSE channel-estimator calls for: upair5g_lmmse
[EVAL] instrumentation log_latency=True log_gpu_memory=True memory_cleanup_every_batches=1 memory_cleanup_every_microbatch=True stream_eval_microbatches=True compiled_receiver_error_counts=False receiver_call_jit_compile=False per_receiver_stopping=False target_bler_floor=1e-05 floor_num_frames=0 gpu_mem=0.08GiB peak=0.23GiB
[EVAL] receiver_call name=upair5g_lmmse mode=positional_y_no compiled_error_counts=False
[EVAL] progress num_users=3 Eb/N0=0 dB batches=10/20 frame_err=upair5g_lmmse:0/1920 elapsed=104.8s avg_batch=10.476s gpu_mem=5.73GiB peak=5.88GiB
[EVAL] progress num_users=3 Eb/N0=0 dB batches=20/20 frame_err=upair5g_lmmse:0/3840 elapsed=210.2s avg_batch=10.508s gpu_mem=11.37GiB peak=11.52GiB
[EVAL] receiver=           upair5g_lmmse Eb/N0= 0.0 dB BER=0.00000e+00 BLER=0.00000e+00 NMSE=nan bit_err=     0/11427840 blk_err=    0/3840   batches=  20 stop=global_stop bler_ub=7.813e-04 rx_time=133.84s rx_ms_batch=6692.1 rx_ms_frame=34.855 point_time=210.17s gpu_mem=11.37GiB peak=11.52GiB
[ISO-CHUNK] wrote: /home/rsadve1/scratch/Extended_UPAIR_Narval_b32m16_portable/_isolated_eval_chunks/narrow_d192_b4_r2_u3_upair5g_lmmse_ebno0p0_chunk0005_m8_b20/chunk_result.csv
[ISO-CHUNK] DONE
[PIPELINE] status done=0 reason=continue chunks=6 batches=120 block_errors=13/100 next_chunk=6
2026-06-10 07:12:50.804681: E external/local_xla/xla/stream_executor/cuda/cuda_dnn.cc:9261] Unable to register cuDNN factory: Attempting to register factory for plugin cuDNN when one has already been registered
2026-06-10 07:12:50.804745: E external/local_xla/xla/stream_executor/cuda/cuda_fft.cc:607] Unable to register cuFFT factory: Attempting to register factory for plugin cuFFT when one has already been registered
2026-06-10 07:12:50.805819: E external/local_xla/xla/stream_executor/cuda/cuda_blas.cc:1515] Unable to register cuBLAS factory: Attempting to register factory for plugin cuBLAS when one has already been registered
[COMPREHENSIVE] loaded Optuna best JSON for narrow_d192_b4_r2 from /home/rsadve1/scratch/Extended_UPAIR_Narval_b32m16_portable/optuna/clean_b32_prb8_d256_40k_smart_trueDMRS_u34610_1dmrs_stageB_narrow_d192_b4_r2_best_params.json
[ISO-CHUNK] variant: narrow_d192_b4_r2
[ISO-CHUNK] receiver: upair5g_lmmse
[ISO-CHUNK] num_users: 3
[ISO-CHUNK] ebno_db: 0.0
[ISO-CHUNK] chunk_idx: 6
[ISO-CHUNK] chunk_batches: 20
[ISO-CHUNK] receiver_microbatch_size: 8
[ISO-CHUNK] chunk_seed: 2304052
[ISO-CHUNK] checkpoint: /scratch/rsadve1/Extended_UPAIR_Narval_b32m16_portable/TWC_plots_comprehensive/runs_rx16/seed7/1dmrs/narrow_d192_b4_r2/checkpoints/best.weights.h5
[ISO-CHUNK] TF_GPU_ALLOCATOR: cuda_malloc_async
[ISO-CHUNK] output tag: narrow_d192_b4_r2_u3_upair5g_lmmse_ebno0p0_chunk0006_m8_b20
[EVAL] receiver microbatching enabled: batch_size_eval=64 receiver_microbatch_size=8
WARNING:tensorflow:Model's `__init__()` arguments contain non-serializable objects. Please implement a `get_config()` method in the subclassed Model for proper saving and loading. Defaulting to empty config.
WARNING:tensorflow:Model's `__init__()` arguments contain non-serializable objects. Please implement a `get_config()` method in the subclassed Model for proper saving and loading. Defaulting to empty config.
[EVAL] loaded UPAIR checkpoint: /scratch/rsadve1/Extended_UPAIR_Narval_b32m16_portable/TWC_plots_comprehensive/runs_rx16/seed7/1dmrs/narrow_d192_b4_r2/checkpoints/best.weights.h5
[EVAL] skipping explicit NMSE channel-estimator calls for: upair5g_lmmse
[EVAL] instrumentation log_latency=True log_gpu_memory=True memory_cleanup_every_batches=1 memory_cleanup_every_microbatch=True stream_eval_microbatches=True compiled_receiver_error_counts=False receiver_call_jit_compile=False per_receiver_stopping=False target_bler_floor=1e-05 floor_num_frames=0 gpu_mem=0.08GiB peak=0.23GiB
[EVAL] receiver_call name=upair5g_lmmse mode=positional_y_no compiled_error_counts=False
[EVAL] progress num_users=3 Eb/N0=0 dB batches=10/20 frame_err=upair5g_lmmse:2/1920 elapsed=104.9s avg_batch=10.488s gpu_mem=5.73GiB peak=5.88GiB
[EVAL] progress num_users=3 Eb/N0=0 dB batches=20/20 frame_err=upair5g_lmmse:3/3840 elapsed=209.6s avg_batch=10.479s gpu_mem=11.37GiB peak=11.52GiB
[EVAL] receiver=           upair5g_lmmse Eb/N0= 0.0 dB BER=1.61885e-05 BLER=7.81250e-04 NMSE=nan bit_err=   185/11427840 blk_err=    3/3840   batches=  20 stop=global_stop rx_time=133.00s rx_ms_batch=6650.0 rx_ms_frame=34.636 point_time=209.57s gpu_mem=11.37GiB peak=11.52GiB
[ISO-CHUNK] wrote: /home/rsadve1/scratch/Extended_UPAIR_Narval_b32m16_portable/_isolated_eval_chunks/narrow_d192_b4_r2_u3_upair5g_lmmse_ebno0p0_chunk0006_m8_b20/chunk_result.csv
[ISO-CHUNK] DONE
[PIPELINE] status done=0 reason=continue chunks=7 batches=140 block_errors=16/100 next_chunk=7
2026-06-10 07:16:43.077512: E external/local_xla/xla/stream_executor/cuda/cuda_dnn.cc:9261] Unable to register cuDNN factory: Attempting to register factory for plugin cuDNN when one has already been registered
2026-06-10 07:16:43.077571: E external/local_xla/xla/stream_executor/cuda/cuda_fft.cc:607] Unable to register cuFFT factory: Attempting to register factory for plugin cuFFT when one has already been registered
2026-06-10 07:16:43.078647: E external/local_xla/xla/stream_executor/cuda/cuda_blas.cc:1515] Unable to register cuBLAS factory: Attempting to register factory for plugin cuBLAS when one has already been registered
[COMPREHENSIVE] loaded Optuna best JSON for narrow_d192_b4_r2 from /home/rsadve1/scratch/Extended_UPAIR_Narval_b32m16_portable/optuna/clean_b32_prb8_d256_40k_smart_trueDMRS_u34610_1dmrs_stageB_narrow_d192_b4_r2_best_params.json
[ISO-CHUNK] variant: narrow_d192_b4_r2
[ISO-CHUNK] receiver: upair5g_lmmse
[ISO-CHUNK] num_users: 3
[ISO-CHUNK] ebno_db: 0.0
[ISO-CHUNK] chunk_idx: 7
[ISO-CHUNK] chunk_batches: 20
[ISO-CHUNK] receiver_microbatch_size: 8
[ISO-CHUNK] chunk_seed: 2404055
[ISO-CHUNK] checkpoint: /scratch/rsadve1/Extended_UPAIR_Narval_b32m16_portable/TWC_plots_comprehensive/runs_rx16/seed7/1dmrs/narrow_d192_b4_r2/checkpoints/best.weights.h5
[ISO-CHUNK] TF_GPU_ALLOCATOR: cuda_malloc_async
[ISO-CHUNK] output tag: narrow_d192_b4_r2_u3_upair5g_lmmse_ebno0p0_chunk0007_m8_b20
[EVAL] receiver microbatching enabled: batch_size_eval=64 receiver_microbatch_size=8
WARNING:tensorflow:Model's `__init__()` arguments contain non-serializable objects. Please implement a `get_config()` method in the subclassed Model for proper saving and loading. Defaulting to empty config.
WARNING:tensorflow:Model's `__init__()` arguments contain non-serializable objects. Please implement a `get_config()` method in the subclassed Model for proper saving and loading. Defaulting to empty config.
[EVAL] loaded UPAIR checkpoint: /scratch/rsadve1/Extended_UPAIR_Narval_b32m16_portable/TWC_plots_comprehensive/runs_rx16/seed7/1dmrs/narrow_d192_b4_r2/checkpoints/best.weights.h5
[EVAL] skipping explicit NMSE channel-estimator calls for: upair5g_lmmse
[EVAL] instrumentation log_latency=True log_gpu_memory=True memory_cleanup_every_batches=1 memory_cleanup_every_microbatch=True stream_eval_microbatches=True compiled_receiver_error_counts=False receiver_call_jit_compile=False per_receiver_stopping=False target_bler_floor=1e-05 floor_num_frames=0 gpu_mem=0.08GiB peak=0.23GiB
[EVAL] receiver_call name=upair5g_lmmse mode=positional_y_no compiled_error_counts=False
[EVAL] progress num_users=3 Eb/N0=0 dB batches=10/20 frame_err=upair5g_lmmse:1/1920 elapsed=105.3s avg_batch=10.534s gpu_mem=5.73GiB peak=5.88GiB
[EVAL] progress num_users=3 Eb/N0=0 dB batches=20/20 frame_err=upair5g_lmmse:1/3840 elapsed=209.6s avg_batch=10.479s gpu_mem=11.37GiB peak=11.52GiB
[EVAL] receiver=           upair5g_lmmse Eb/N0= 0.0 dB BER=1.68886e-05 BLER=2.60417e-04 NMSE=nan bit_err=   193/11427840 blk_err=    1/3840   batches=  20 stop=global_stop rx_time=133.26s rx_ms_batch=6663.2 rx_ms_frame=34.704 point_time=209.58s gpu_mem=11.37GiB peak=11.52GiB
[ISO-CHUNK] wrote: /home/rsadve1/scratch/Extended_UPAIR_Narval_b32m16_portable/_isolated_eval_chunks/narrow_d192_b4_r2_u3_upair5g_lmmse_ebno0p0_chunk0007_m8_b20/chunk_result.csv
[ISO-CHUNK] DONE
[PIPELINE] status done=0 reason=continue chunks=8 batches=160 block_errors=17/100 next_chunk=8
2026-06-10 07:20:39.761639: E external/local_xla/xla/stream_executor/cuda/cuda_dnn.cc:9261] Unable to register cuDNN factory: Attempting to register factory for plugin cuDNN when one has already been registered
2026-06-10 07:20:39.761682: E external/local_xla/xla/stream_executor/cuda/cuda_fft.cc:607] Unable to register cuFFT factory: Attempting to register factory for plugin cuFFT when one has already been registered
2026-06-10 07:20:39.762768: E external/local_xla/xla/stream_executor/cuda/cuda_blas.cc:1515] Unable to register cuBLAS factory: Attempting to register factory for plugin cuBLAS when one has already been registered
[COMPREHENSIVE] loaded Optuna best JSON for narrow_d192_b4_r2 from /home/rsadve1/scratch/Extended_UPAIR_Narval_b32m16_portable/optuna/clean_b32_prb8_d256_40k_smart_trueDMRS_u34610_1dmrs_stageB_narrow_d192_b4_r2_best_params.json
[ISO-CHUNK] variant: narrow_d192_b4_r2
[ISO-CHUNK] receiver: upair5g_lmmse
[ISO-CHUNK] num_users: 3
[ISO-CHUNK] ebno_db: 0.0
[ISO-CHUNK] chunk_idx: 8
[ISO-CHUNK] chunk_batches: 20
[ISO-CHUNK] receiver_microbatch_size: 8
[ISO-CHUNK] chunk_seed: 2504058
[ISO-CHUNK] checkpoint: /scratch/rsadve1/Extended_UPAIR_Narval_b32m16_portable/TWC_plots_comprehensive/runs_rx16/seed7/1dmrs/narrow_d192_b4_r2/checkpoints/best.weights.h5
[ISO-CHUNK] TF_GPU_ALLOCATOR: cuda_malloc_async
[ISO-CHUNK] output tag: narrow_d192_b4_r2_u3_upair5g_lmmse_ebno0p0_chunk0008_m8_b20
[EVAL] receiver microbatching enabled: batch_size_eval=64 receiver_microbatch_size=8
WARNING:tensorflow:Model's `__init__()` arguments contain non-serializable objects. Please implement a `get_config()` method in the subclassed Model for proper saving and loading. Defaulting to empty config.
WARNING:tensorflow:Model's `__init__()` arguments contain non-serializable objects. Please implement a `get_config()` method in the subclassed Model for proper saving and loading. Defaulting to empty config.
[EVAL] loaded UPAIR checkpoint: /scratch/rsadve1/Extended_UPAIR_Narval_b32m16_portable/TWC_plots_comprehensive/runs_rx16/seed7/1dmrs/narrow_d192_b4_r2/checkpoints/best.weights.h5
[EVAL] skipping explicit NMSE channel-estimator calls for: upair5g_lmmse
[EVAL] instrumentation log_latency=True log_gpu_memory=True memory_cleanup_every_batches=1 memory_cleanup_every_microbatch=True stream_eval_microbatches=True compiled_receiver_error_counts=False receiver_call_jit_compile=False per_receiver_stopping=False target_bler_floor=1e-05 floor_num_frames=0 gpu_mem=0.08GiB peak=0.23GiB
[EVAL] receiver_call name=upair5g_lmmse mode=positional_y_no compiled_error_counts=False
[EVAL] progress num_users=3 Eb/N0=0 dB batches=10/20 frame_err=upair5g_lmmse:2/1920 elapsed=105.4s avg_batch=10.539s gpu_mem=5.73GiB peak=5.88GiB
[EVAL] progress num_users=3 Eb/N0=0 dB batches=20/20 frame_err=upair5g_lmmse:4/3840 elapsed=210.3s avg_batch=10.513s gpu_mem=11.37GiB peak=11.52GiB
[EVAL] receiver=           upair5g_lmmse Eb/N0= 0.0 dB BER=5.28534e-05 BLER=1.04167e-03 NMSE=nan bit_err=   604/11427840 blk_err=    4/3840   batches=  20 stop=global_stop rx_time=134.03s rx_ms_batch=6701.7 rx_ms_frame=34.905 point_time=210.26s gpu_mem=11.37GiB peak=11.52GiB
[ISO-CHUNK] wrote: /home/rsadve1/scratch/Extended_UPAIR_Narval_b32m16_portable/_isolated_eval_chunks/narrow_d192_b4_r2_u3_upair5g_lmmse_ebno0p0_chunk0008_m8_b20/chunk_result.csv
[ISO-CHUNK] DONE
[PIPELINE] status done=0 reason=continue chunks=9 batches=180 block_errors=21/100 next_chunk=9
2026-06-10 07:24:35.833501: E external/local_xla/xla/stream_executor/cuda/cuda_dnn.cc:9261] Unable to register cuDNN factory: Attempting to register factory for plugin cuDNN when one has already been registered
2026-06-10 07:24:35.833560: E external/local_xla/xla/stream_executor/cuda/cuda_fft.cc:607] Unable to register cuFFT factory: Attempting to register factory for plugin cuFFT when one has already been registered
2026-06-10 07:24:35.834654: E external/local_xla/xla/stream_executor/cuda/cuda_blas.cc:1515] Unable to register cuBLAS factory: Attempting to register factory for plugin cuBLAS when one has already been registered
[COMPREHENSIVE] loaded Optuna best JSON for narrow_d192_b4_r2 from /home/rsadve1/scratch/Extended_UPAIR_Narval_b32m16_portable/optuna/clean_b32_prb8_d256_40k_smart_trueDMRS_u34610_1dmrs_stageB_narrow_d192_b4_r2_best_params.json
[ISO-CHUNK] variant: narrow_d192_b4_r2
[ISO-CHUNK] receiver: upair5g_lmmse
[ISO-CHUNK] num_users: 3
[ISO-CHUNK] ebno_db: 0.0
[ISO-CHUNK] chunk_idx: 9
[ISO-CHUNK] chunk_batches: 20
[ISO-CHUNK] receiver_microbatch_size: 8
[ISO-CHUNK] chunk_seed: 2604061
[ISO-CHUNK] checkpoint: /scratch/rsadve1/Extended_UPAIR_Narval_b32m16_portable/TWC_plots_comprehensive/runs_rx16/seed7/1dmrs/narrow_d192_b4_r2/checkpoints/best.weights.h5
[ISO-CHUNK] TF_GPU_ALLOCATOR: cuda_malloc_async
[ISO-CHUNK] output tag: narrow_d192_b4_r2_u3_upair5g_lmmse_ebno0p0_chunk0009_m8_b20
[EVAL] receiver microbatching enabled: batch_size_eval=64 receiver_microbatch_size=8
WARNING:tensorflow:Model's `__init__()` arguments contain non-serializable objects. Please implement a `get_config()` method in the subclassed Model for proper saving and loading. Defaulting to empty config.
WARNING:tensorflow:Model's `__init__()` arguments contain non-serializable objects. Please implement a `get_config()` method in the subclassed Model for proper saving and loading. Defaulting to empty config.
[EVAL] loaded UPAIR checkpoint: /scratch/rsadve1/Extended_UPAIR_Narval_b32m16_portable/TWC_plots_comprehensive/runs_rx16/seed7/1dmrs/narrow_d192_b4_r2/checkpoints/best.weights.h5
[EVAL] skipping explicit NMSE channel-estimator calls for: upair5g_lmmse
[EVAL] instrumentation log_latency=True log_gpu_memory=True memory_cleanup_every_batches=1 memory_cleanup_every_microbatch=True stream_eval_microbatches=True compiled_receiver_error_counts=False receiver_call_jit_compile=False per_receiver_stopping=False target_bler_floor=1e-05 floor_num_frames=0 gpu_mem=0.08GiB peak=0.23GiB
[EVAL] receiver_call name=upair5g_lmmse mode=positional_y_no compiled_error_counts=False
[EVAL] progress num_users=3 Eb/N0=0 dB batches=10/20 frame_err=upair5g_lmmse:0/1920 elapsed=105.1s avg_batch=10.510s gpu_mem=5.73GiB peak=5.88GiB
[EVAL] progress num_users=3 Eb/N0=0 dB batches=20/20 frame_err=upair5g_lmmse:0/3840 elapsed=210.1s avg_batch=10.506s gpu_mem=11.37GiB peak=11.52GiB
[EVAL] receiver=           upair5g_lmmse Eb/N0= 0.0 dB BER=0.00000e+00 BLER=0.00000e+00 NMSE=nan bit_err=     0/11427840 blk_err=    0/3840   batches=  20 stop=global_stop bler_ub=7.813e-04 rx_time=133.69s rx_ms_batch=6684.4 rx_ms_frame=34.815 point_time=210.12s gpu_mem=11.37GiB peak=11.52GiB
[ISO-CHUNK] wrote: /home/rsadve1/scratch/Extended_UPAIR_Narval_b32m16_portable/_isolated_eval_chunks/narrow_d192_b4_r2_u3_upair5g_lmmse_ebno0p0_chunk0009_m8_b20/chunk_result.csv
[ISO-CHUNK] DONE
[PIPELINE] status done=0 reason=continue chunks=10 batches=200 block_errors=21/100 next_chunk=10
2026-06-10 07:28:29.916406: E external/local_xla/xla/stream_executor/cuda/cuda_dnn.cc:9261] Unable to register cuDNN factory: Attempting to register factory for plugin cuDNN when one has already been registered
2026-06-10 07:28:29.916458: E external/local_xla/xla/stream_executor/cuda/cuda_fft.cc:607] Unable to register cuFFT factory: Attempting to register factory for plugin cuFFT when one has already been registered
2026-06-10 07:28:29.917539: E external/local_xla/xla/stream_executor/cuda/cuda_blas.cc:1515] Unable to register cuBLAS factory: Attempting to register factory for plugin cuBLAS when one has already been registered
[COMPREHENSIVE] loaded Optuna best JSON for narrow_d192_b4_r2 from /home/rsadve1/scratch/Extended_UPAIR_Narval_b32m16_portable/optuna/clean_b32_prb8_d256_40k_smart_trueDMRS_u34610_1dmrs_stageB_narrow_d192_b4_r2_best_params.json
[ISO-CHUNK] variant: narrow_d192_b4_r2
[ISO-CHUNK] receiver: upair5g_lmmse
[ISO-CHUNK] num_users: 3
[ISO-CHUNK] ebno_db: 0.0
[ISO-CHUNK] chunk_idx: 10
[ISO-CHUNK] chunk_batches: 20
[ISO-CHUNK] receiver_microbatch_size: 8
[ISO-CHUNK] chunk_seed: 2704064
[ISO-CHUNK] checkpoint: /scratch/rsadve1/Extended_UPAIR_Narval_b32m16_portable/TWC_plots_comprehensive/runs_rx16/seed7/1dmrs/narrow_d192_b4_r2/checkpoints/best.weights.h5
[ISO-CHUNK] TF_GPU_ALLOCATOR: cuda_malloc_async
[ISO-CHUNK] output tag: narrow_d192_b4_r2_u3_upair5g_lmmse_ebno0p0_chunk0010_m8_b20
[EVAL] receiver microbatching enabled: batch_size_eval=64 receiver_microbatch_size=8
WARNING:tensorflow:Model's `__init__()` arguments contain non-serializable objects. Please implement a `get_config()` method in the subclassed Model for proper saving and loading. Defaulting to empty config.
WARNING:tensorflow:Model's `__init__()` arguments contain non-serializable objects. Please implement a `get_config()` method in the subclassed Model for proper saving and loading. Defaulting to empty config.
[EVAL] loaded UPAIR checkpoint: /scratch/rsadve1/Extended_UPAIR_Narval_b32m16_portable/TWC_plots_comprehensive/runs_rx16/seed7/1dmrs/narrow_d192_b4_r2/checkpoints/best.weights.h5
[EVAL] skipping explicit NMSE channel-estimator calls for: upair5g_lmmse
[EVAL] instrumentation log_latency=True log_gpu_memory=True memory_cleanup_every_batches=1 memory_cleanup_every_microbatch=True stream_eval_microbatches=True compiled_receiver_error_counts=False receiver_call_jit_compile=False per_receiver_stopping=False target_bler_floor=1e-05 floor_num_frames=0 gpu_mem=0.08GiB peak=0.23GiB
[EVAL] receiver_call name=upair5g_lmmse mode=positional_y_no compiled_error_counts=False
[EVAL] progress num_users=3 Eb/N0=0 dB batches=10/20 frame_err=upair5g_lmmse:0/1920 elapsed=104.9s avg_batch=10.491s gpu_mem=5.73GiB peak=5.88GiB
[EVAL] progress num_users=3 Eb/N0=0 dB batches=20/20 frame_err=upair5g_lmmse:0/3840 elapsed=209.8s avg_batch=10.488s gpu_mem=11.37GiB peak=11.52GiB
[EVAL] receiver=           upair5g_lmmse Eb/N0= 0.0 dB BER=0.00000e+00 BLER=0.00000e+00 NMSE=nan bit_err=     0/11427840 blk_err=    0/3840   batches=  20 stop=global_stop bler_ub=7.813e-04 rx_time=133.45s rx_ms_batch=6672.5 rx_ms_frame=34.753 point_time=209.76s gpu_mem=11.37GiB peak=11.52GiB
[ISO-CHUNK] wrote: /home/rsadve1/scratch/Extended_UPAIR_Narval_b32m16_portable/_isolated_eval_chunks/narrow_d192_b4_r2_u3_upair5g_lmmse_ebno0p0_chunk0010_m8_b20/chunk_result.csv
[ISO-CHUNK] DONE
[PIPELINE] status done=0 reason=continue chunks=11 batches=220 block_errors=21/100 next_chunk=11
2026-06-10 07:32:22.298124: E external/local_xla/xla/stream_executor/cuda/cuda_dnn.cc:9261] Unable to register cuDNN factory: Attempting to register factory for plugin cuDNN when one has already been registered
2026-06-10 07:32:22.298172: E external/local_xla/xla/stream_executor/cuda/cuda_fft.cc:607] Unable to register cuFFT factory: Attempting to register factory for plugin cuFFT when one has already been registered
2026-06-10 07:32:22.299270: E external/local_xla/xla/stream_executor/cuda/cuda_blas.cc:1515] Unable to register cuBLAS factory: Attempting to register factory for plugin cuBLAS when one has already been registered
[COMPREHENSIVE] loaded Optuna best JSON for narrow_d192_b4_r2 from /home/rsadve1/scratch/Extended_UPAIR_Narval_b32m16_portable/optuna/clean_b32_prb8_d256_40k_smart_trueDMRS_u34610_1dmrs_stageB_narrow_d192_b4_r2_best_params.json
[ISO-CHUNK] variant: narrow_d192_b4_r2
[ISO-CHUNK] receiver: upair5g_lmmse
[ISO-CHUNK] num_users: 3
[ISO-CHUNK] ebno_db: 0.0
[ISO-CHUNK] chunk_idx: 11
[ISO-CHUNK] chunk_batches: 20
[ISO-CHUNK] receiver_microbatch_size: 8
[ISO-CHUNK] chunk_seed: 2804067
[ISO-CHUNK] checkpoint: /scratch/rsadve1/Extended_UPAIR_Narval_b32m16_portable/TWC_plots_comprehensive/runs_rx16/seed7/1dmrs/narrow_d192_b4_r2/checkpoints/best.weights.h5
[ISO-CHUNK] TF_GPU_ALLOCATOR: cuda_malloc_async
[ISO-CHUNK] output tag: narrow_d192_b4_r2_u3_upair5g_lmmse_ebno0p0_chunk0011_m8_b20
[EVAL] receiver microbatching enabled: batch_size_eval=64 receiver_microbatch_size=8
WARNING:tensorflow:Model's `__init__()` arguments contain non-serializable objects. Please implement a `get_config()` method in the subclassed Model for proper saving and loading. Defaulting to empty config.
WARNING:tensorflow:Model's `__init__()` arguments contain non-serializable objects. Please implement a `get_config()` method in the subclassed Model for proper saving and loading. Defaulting to empty config.
[EVAL] loaded UPAIR checkpoint: /scratch/rsadve1/Extended_UPAIR_Narval_b32m16_portable/TWC_plots_comprehensive/runs_rx16/seed7/1dmrs/narrow_d192_b4_r2/checkpoints/best.weights.h5
[EVAL] skipping explicit NMSE channel-estimator calls for: upair5g_lmmse
[EVAL] instrumentation log_latency=True log_gpu_memory=True memory_cleanup_every_batches=1 memory_cleanup_every_microbatch=True stream_eval_microbatches=True compiled_receiver_error_counts=False receiver_call_jit_compile=False per_receiver_stopping=False target_bler_floor=1e-05 floor_num_frames=0 gpu_mem=0.08GiB peak=0.23GiB
[EVAL] receiver_call name=upair5g_lmmse mode=positional_y_no compiled_error_counts=False
[EVAL] progress num_users=3 Eb/N0=0 dB batches=10/20 frame_err=upair5g_lmmse:2/1920 elapsed=104.4s avg_batch=10.437s gpu_mem=5.73GiB peak=5.88GiB
[EVAL] progress num_users=3 Eb/N0=0 dB batches=20/20 frame_err=upair5g_lmmse:2/3840 elapsed=208.9s avg_batch=10.446s gpu_mem=11.37GiB peak=11.52GiB
[EVAL] receiver=           upair5g_lmmse Eb/N0= 0.0 dB BER=1.49635e-05 BLER=5.20833e-04 NMSE=nan bit_err=   171/11427840 blk_err=    2/3840   batches=  20 stop=global_stop rx_time=133.13s rx_ms_batch=6656.4 rx_ms_frame=34.669 point_time=208.91s gpu_mem=11.37GiB peak=11.52GiB
[ISO-CHUNK] wrote: /home/rsadve1/scratch/Extended_UPAIR_Narval_b32m16_portable/_isolated_eval_chunks/narrow_d192_b4_r2_u3_upair5g_lmmse_ebno0p0_chunk0011_m8_b20/chunk_result.csv
[ISO-CHUNK] DONE
[PIPELINE] status done=0 reason=continue chunks=12 batches=240 block_errors=23/100 next_chunk=12
2026-06-10 07:36:20.630949: E external/local_xla/xla/stream_executor/cuda/cuda_dnn.cc:9261] Unable to register cuDNN factory: Attempting to register factory for plugin cuDNN when one has already been registered
2026-06-10 07:36:20.631004: E external/local_xla/xla/stream_executor/cuda/cuda_fft.cc:607] Unable to register cuFFT factory: Attempting to register factory for plugin cuFFT when one has already been registered
2026-06-10 07:36:20.632098: E external/local_xla/xla/stream_executor/cuda/cuda_blas.cc:1515] Unable to register cuBLAS factory: Attempting to register factory for plugin cuBLAS when one has already been registered
[COMPREHENSIVE] loaded Optuna best JSON for narrow_d192_b4_r2 from /home/rsadve1/scratch/Extended_UPAIR_Narval_b32m16_portable/optuna/clean_b32_prb8_d256_40k_smart_trueDMRS_u34610_1dmrs_stageB_narrow_d192_b4_r2_best_params.json
[ISO-CHUNK] variant: narrow_d192_b4_r2
[ISO-CHUNK] receiver: upair5g_lmmse
[ISO-CHUNK] num_users: 3
[ISO-CHUNK] ebno_db: 0.0
[ISO-CHUNK] chunk_idx: 12
[ISO-CHUNK] chunk_batches: 20
[ISO-CHUNK] receiver_microbatch_size: 8
[ISO-CHUNK] chunk_seed: 2904070
[ISO-CHUNK] checkpoint: /scratch/rsadve1/Extended_UPAIR_Narval_b32m16_portable/TWC_plots_comprehensive/runs_rx16/seed7/1dmrs/narrow_d192_b4_r2/checkpoints/best.weights.h5
[ISO-CHUNK] TF_GPU_ALLOCATOR: cuda_malloc_async
[ISO-CHUNK] output tag: narrow_d192_b4_r2_u3_upair5g_lmmse_ebno0p0_chunk0012_m8_b20
[EVAL] receiver microbatching enabled: batch_size_eval=64 receiver_microbatch_size=8
WARNING:tensorflow:Model's `__init__()` arguments contain non-serializable objects. Please implement a `get_config()` method in the subclassed Model for proper saving and loading. Defaulting to empty config.
WARNING:tensorflow:Model's `__init__()` arguments contain non-serializable objects. Please implement a `get_config()` method in the subclassed Model for proper saving and loading. Defaulting to empty config.
[EVAL] loaded UPAIR checkpoint: /scratch/rsadve1/Extended_UPAIR_Narval_b32m16_portable/TWC_plots_comprehensive/runs_rx16/seed7/1dmrs/narrow_d192_b4_r2/checkpoints/best.weights.h5
[EVAL] skipping explicit NMSE channel-estimator calls for: upair5g_lmmse
[EVAL] instrumentation log_latency=True log_gpu_memory=True memory_cleanup_every_batches=1 memory_cleanup_every_microbatch=True stream_eval_microbatches=True compiled_receiver_error_counts=False receiver_call_jit_compile=False per_receiver_stopping=False target_bler_floor=1e-05 floor_num_frames=0 gpu_mem=0.08GiB peak=0.23GiB
[EVAL] receiver_call name=upair5g_lmmse mode=positional_y_no compiled_error_counts=False
[EVAL] progress num_users=3 Eb/N0=0 dB batches=10/20 frame_err=upair5g_lmmse:1/1920 elapsed=104.9s avg_batch=10.487s gpu_mem=5.73GiB peak=5.88GiB
[EVAL] progress num_users=3 Eb/N0=0 dB batches=20/20 frame_err=upair5g_lmmse:1/3840 elapsed=209.1s avg_batch=10.455s gpu_mem=11.37GiB peak=11.52GiB
[EVAL] receiver=           upair5g_lmmse Eb/N0= 0.0 dB BER=8.05052e-06 BLER=2.60417e-04 NMSE=nan bit_err=    92/11427840 blk_err=    1/3840   batches=  20 stop=global_stop rx_time=133.36s rx_ms_batch=6668.0 rx_ms_frame=34.729 point_time=209.10s gpu_mem=11.37GiB peak=11.52GiB
[ISO-CHUNK] wrote: /home/rsadve1/scratch/Extended_UPAIR_Narval_b32m16_portable/_isolated_eval_chunks/narrow_d192_b4_r2_u3_upair5g_lmmse_ebno0p0_chunk0012_m8_b20/chunk_result.csv
[ISO-CHUNK] DONE
[PIPELINE] status done=0 reason=continue chunks=13 batches=260 block_errors=24/100 next_chunk=13
2026-06-10 07:40:14.318146: E external/local_xla/xla/stream_executor/cuda/cuda_dnn.cc:9261] Unable to register cuDNN factory: Attempting to register factory for plugin cuDNN when one has already been registered
2026-06-10 07:40:14.318193: E external/local_xla/xla/stream_executor/cuda/cuda_fft.cc:607] Unable to register cuFFT factory: Attempting to register factory for plugin cuFFT when one has already been registered
2026-06-10 07:40:14.319290: E external/local_xla/xla/stream_executor/cuda/cuda_blas.cc:1515] Unable to register cuBLAS factory: Attempting to register factory for plugin cuBLAS when one has already been registered
[COMPREHENSIVE] loaded Optuna best JSON for narrow_d192_b4_r2 from /home/rsadve1/scratch/Extended_UPAIR_Narval_b32m16_portable/optuna/clean_b32_prb8_d256_40k_smart_trueDMRS_u34610_1dmrs_stageB_narrow_d192_b4_r2_best_params.json
[ISO-CHUNK] variant: narrow_d192_b4_r2
[ISO-CHUNK] receiver: upair5g_lmmse
[ISO-CHUNK] num_users: 3
[ISO-CHUNK] ebno_db: 0.0
[ISO-CHUNK] chunk_idx: 13
[ISO-CHUNK] chunk_batches: 20
[ISO-CHUNK] receiver_microbatch_size: 8
[ISO-CHUNK] chunk_seed: 3004073
[ISO-CHUNK] checkpoint: /scratch/rsadve1/Extended_UPAIR_Narval_b32m16_portable/TWC_plots_comprehensive/runs_rx16/seed7/1dmrs/narrow_d192_b4_r2/checkpoints/best.weights.h5
[ISO-CHUNK] TF_GPU_ALLOCATOR: cuda_malloc_async
[ISO-CHUNK] output tag: narrow_d192_b4_r2_u3_upair5g_lmmse_ebno0p0_chunk0013_m8_b20
[EVAL] receiver microbatching enabled: batch_size_eval=64 receiver_microbatch_size=8
WARNING:tensorflow:Model's `__init__()` arguments contain non-serializable objects. Please implement a `get_config()` method in the subclassed Model for proper saving and loading. Defaulting to empty config.
WARNING:tensorflow:Model's `__init__()` arguments contain non-serializable objects. Please implement a `get_config()` method in the subclassed Model for proper saving and loading. Defaulting to empty config.
[EVAL] loaded UPAIR checkpoint: /scratch/rsadve1/Extended_UPAIR_Narval_b32m16_portable/TWC_plots_comprehensive/runs_rx16/seed7/1dmrs/narrow_d192_b4_r2/checkpoints/best.weights.h5
[EVAL] skipping explicit NMSE channel-estimator calls for: upair5g_lmmse
[EVAL] instrumentation log_latency=True log_gpu_memory=True memory_cleanup_every_batches=1 memory_cleanup_every_microbatch=True stream_eval_microbatches=True compiled_receiver_error_counts=False receiver_call_jit_compile=False per_receiver_stopping=False target_bler_floor=1e-05 floor_num_frames=0 gpu_mem=0.08GiB peak=0.23GiB
[EVAL] receiver_call name=upair5g_lmmse mode=positional_y_no compiled_error_counts=False
[EVAL] progress num_users=3 Eb/N0=0 dB batches=10/20 frame_err=upair5g_lmmse:0/1920 elapsed=104.8s avg_batch=10.481s gpu_mem=5.73GiB peak=5.88GiB
[EVAL] progress num_users=3 Eb/N0=0 dB batches=20/20 frame_err=upair5g_lmmse:0/3840 elapsed=209.6s avg_batch=10.478s gpu_mem=11.37GiB peak=11.52GiB
[EVAL] receiver=           upair5g_lmmse Eb/N0= 0.0 dB BER=0.00000e+00 BLER=0.00000e+00 NMSE=nan bit_err=     0/11427840 blk_err=    0/3840   batches=  20 stop=global_stop bler_ub=7.813e-04 rx_time=133.50s rx_ms_batch=6675.0 rx_ms_frame=34.766 point_time=209.56s gpu_mem=11.37GiB peak=11.52GiB
[ISO-CHUNK] wrote: /home/rsadve1/scratch/Extended_UPAIR_Narval_b32m16_portable/_isolated_eval_chunks/narrow_d192_b4_r2_u3_upair5g_lmmse_ebno0p0_chunk0013_m8_b20/chunk_result.csv
[ISO-CHUNK] DONE
[PIPELINE] status done=0 reason=continue chunks=14 batches=280 block_errors=24/100 next_chunk=14
2026-06-10 07:44:07.984722: E external/local_xla/xla/stream_executor/cuda/cuda_dnn.cc:9261] Unable to register cuDNN factory: Attempting to register factory for plugin cuDNN when one has already been registered
2026-06-10 07:44:07.984776: E external/local_xla/xla/stream_executor/cuda/cuda_fft.cc:607] Unable to register cuFFT factory: Attempting to register factory for plugin cuFFT when one has already been registered
2026-06-10 07:44:07.985834: E external/local_xla/xla/stream_executor/cuda/cuda_blas.cc:1515] Unable to register cuBLAS factory: Attempting to register factory for plugin cuBLAS when one has already been registered
[COMPREHENSIVE] loaded Optuna best JSON for narrow_d192_b4_r2 from /home/rsadve1/scratch/Extended_UPAIR_Narval_b32m16_portable/optuna/clean_b32_prb8_d256_40k_smart_trueDMRS_u34610_1dmrs_stageB_narrow_d192_b4_r2_best_params.json
[ISO-CHUNK] variant: narrow_d192_b4_r2
[ISO-CHUNK] receiver: upair5g_lmmse
[ISO-CHUNK] num_users: 3
[ISO-CHUNK] ebno_db: 0.0
[ISO-CHUNK] chunk_idx: 14
[ISO-CHUNK] chunk_batches: 20
[ISO-CHUNK] receiver_microbatch_size: 8
[ISO-CHUNK] chunk_seed: 3104076
[ISO-CHUNK] checkpoint: /scratch/rsadve1/Extended_UPAIR_Narval_b32m16_portable/TWC_plots_comprehensive/runs_rx16/seed7/1dmrs/narrow_d192_b4_r2/checkpoints/best.weights.h5
[ISO-CHUNK] TF_GPU_ALLOCATOR: cuda_malloc_async
[ISO-CHUNK] output tag: narrow_d192_b4_r2_u3_upair5g_lmmse_ebno0p0_chunk0014_m8_b20
[EVAL] receiver microbatching enabled: batch_size_eval=64 receiver_microbatch_size=8
WARNING:tensorflow:Model's `__init__()` arguments contain non-serializable objects. Please implement a `get_config()` method in the subclassed Model for proper saving and loading. Defaulting to empty config.
WARNING:tensorflow:Model's `__init__()` arguments contain non-serializable objects. Please implement a `get_config()` method in the subclassed Model for proper saving and loading. Defaulting to empty config.
[EVAL] loaded UPAIR checkpoint: /scratch/rsadve1/Extended_UPAIR_Narval_b32m16_portable/TWC_plots_comprehensive/runs_rx16/seed7/1dmrs/narrow_d192_b4_r2/checkpoints/best.weights.h5
[EVAL] skipping explicit NMSE channel-estimator calls for: upair5g_lmmse
[EVAL] instrumentation log_latency=True log_gpu_memory=True memory_cleanup_every_batches=1 memory_cleanup_every_microbatch=True stream_eval_microbatches=True compiled_receiver_error_counts=False receiver_call_jit_compile=False per_receiver_stopping=False target_bler_floor=1e-05 floor_num_frames=0 gpu_mem=0.08GiB peak=0.23GiB
[EVAL] receiver_call name=upair5g_lmmse mode=positional_y_no compiled_error_counts=False
[EVAL] progress num_users=3 Eb/N0=0 dB batches=10/20 frame_err=upair5g_lmmse:0/1920 elapsed=105.7s avg_batch=10.573s gpu_mem=5.73GiB peak=5.88GiB
[EVAL] progress num_users=3 Eb/N0=0 dB batches=20/20 frame_err=upair5g_lmmse:0/3840 elapsed=210.9s avg_batch=10.547s gpu_mem=11.37GiB peak=11.52GiB
[EVAL] receiver=           upair5g_lmmse Eb/N0= 0.0 dB BER=0.00000e+00 BLER=0.00000e+00 NMSE=nan bit_err=     0/11427840 blk_err=    0/3840   batches=  20 stop=global_stop bler_ub=7.813e-04 rx_time=133.66s rx_ms_batch=6683.1 rx_ms_frame=34.808 point_time=210.95s gpu_mem=11.37GiB peak=11.52GiB
[ISO-CHUNK] wrote: /home/rsadve1/scratch/Extended_UPAIR_Narval_b32m16_portable/_isolated_eval_chunks/narrow_d192_b4_r2_u3_upair5g_lmmse_ebno0p0_chunk0014_m8_b20/chunk_result.csv
[ISO-CHUNK] DONE
[PIPELINE] status done=0 reason=continue chunks=15 batches=300 block_errors=24/100 next_chunk=15
2026-06-10 07:48:02.854493: E external/local_xla/xla/stream_executor/cuda/cuda_dnn.cc:9261] Unable to register cuDNN factory: Attempting to register factory for plugin cuDNN when one has already been registered
2026-06-10 07:48:02.854545: E external/local_xla/xla/stream_executor/cuda/cuda_fft.cc:607] Unable to register cuFFT factory: Attempting to register factory for plugin cuFFT when one has already been registered
2026-06-10 07:48:02.855615: E external/local_xla/xla/stream_executor/cuda/cuda_blas.cc:1515] Unable to register cuBLAS factory: Attempting to register factory for plugin cuBLAS when one has already been registered
[COMPREHENSIVE] loaded Optuna best JSON for narrow_d192_b4_r2 from /home/rsadve1/scratch/Extended_UPAIR_Narval_b32m16_portable/optuna/clean_b32_prb8_d256_40k_smart_trueDMRS_u34610_1dmrs_stageB_narrow_d192_b4_r2_best_params.json
[ISO-CHUNK] variant: narrow_d192_b4_r2
[ISO-CHUNK] receiver: upair5g_lmmse
[ISO-CHUNK] num_users: 3
[ISO-CHUNK] ebno_db: 0.0
[ISO-CHUNK] chunk_idx: 15
[ISO-CHUNK] chunk_batches: 20
[ISO-CHUNK] receiver_microbatch_size: 8
[ISO-CHUNK] chunk_seed: 3204079
[ISO-CHUNK] checkpoint: /scratch/rsadve1/Extended_UPAIR_Narval_b32m16_portable/TWC_plots_comprehensive/runs_rx16/seed7/1dmrs/narrow_d192_b4_r2/checkpoints/best.weights.h5
[ISO-CHUNK] TF_GPU_ALLOCATOR: cuda_malloc_async
[ISO-CHUNK] output tag: narrow_d192_b4_r2_u3_upair5g_lmmse_ebno0p0_chunk0015_m8_b20
[EVAL] receiver microbatching enabled: batch_size_eval=64 receiver_microbatch_size=8
WARNING:tensorflow:Model's `__init__()` arguments contain non-serializable objects. Please implement a `get_config()` method in the subclassed Model for proper saving and loading. Defaulting to empty config.
WARNING:tensorflow:Model's `__init__()` arguments contain non-serializable objects. Please implement a `get_config()` method in the subclassed Model for proper saving and loading. Defaulting to empty config.
[EVAL] loaded UPAIR checkpoint: /scratch/rsadve1/Extended_UPAIR_Narval_b32m16_portable/TWC_plots_comprehensive/runs_rx16/seed7/1dmrs/narrow_d192_b4_r2/checkpoints/best.weights.h5
[EVAL] skipping explicit NMSE channel-estimator calls for: upair5g_lmmse
[EVAL] instrumentation log_latency=True log_gpu_memory=True memory_cleanup_every_batches=1 memory_cleanup_every_microbatch=True stream_eval_microbatches=True compiled_receiver_error_counts=False receiver_call_jit_compile=False per_receiver_stopping=False target_bler_floor=1e-05 floor_num_frames=0 gpu_mem=0.08GiB peak=0.23GiB
[EVAL] receiver_call name=upair5g_lmmse mode=positional_y_no compiled_error_counts=False
[EVAL] progress num_users=3 Eb/N0=0 dB batches=10/20 frame_err=upair5g_lmmse:0/1920 elapsed=105.4s avg_batch=10.535s gpu_mem=5.73GiB peak=5.88GiB
[EVAL] progress num_users=3 Eb/N0=0 dB batches=20/20 frame_err=upair5g_lmmse:0/3840 elapsed=210.2s avg_batch=10.509s gpu_mem=11.37GiB peak=11.52GiB
[EVAL] receiver=           upair5g_lmmse Eb/N0= 0.0 dB BER=0.00000e+00 BLER=0.00000e+00 NMSE=nan bit_err=     0/11427840 blk_err=    0/3840   batches=  20 stop=global_stop bler_ub=7.813e-04 rx_time=134.19s rx_ms_batch=6709.7 rx_ms_frame=34.946 point_time=210.19s gpu_mem=11.37GiB peak=11.52GiB
[ISO-CHUNK] wrote: /home/rsadve1/scratch/Extended_UPAIR_Narval_b32m16_portable/_isolated_eval_chunks/narrow_d192_b4_r2_u3_upair5g_lmmse_ebno0p0_chunk0015_m8_b20/chunk_result.csv
[ISO-CHUNK] DONE
[PIPELINE] status done=0 reason=continue chunks=16 batches=320 block_errors=24/100 next_chunk=16
2026-06-10 07:52:06.627089: E external/local_xla/xla/stream_executor/cuda/cuda_dnn.cc:9261] Unable to register cuDNN factory: Attempting to register factory for plugin cuDNN when one has already been registered
2026-06-10 07:52:06.627132: E external/local_xla/xla/stream_executor/cuda/cuda_fft.cc:607] Unable to register cuFFT factory: Attempting to register factory for plugin cuFFT when one has already been registered
2026-06-10 07:52:06.628184: E external/local_xla/xla/stream_executor/cuda/cuda_blas.cc:1515] Unable to register cuBLAS factory: Attempting to register factory for plugin cuBLAS when one has already been registered
[COMPREHENSIVE] loaded Optuna best JSON for narrow_d192_b4_r2 from /home/rsadve1/scratch/Extended_UPAIR_Narval_b32m16_portable/optuna/clean_b32_prb8_d256_40k_smart_trueDMRS_u34610_1dmrs_stageB_narrow_d192_b4_r2_best_params.json
[ISO-CHUNK] variant: narrow_d192_b4_r2
[ISO-CHUNK] receiver: upair5g_lmmse
[ISO-CHUNK] num_users: 3
[ISO-CHUNK] ebno_db: 0.0
[ISO-CHUNK] chunk_idx: 16
[ISO-CHUNK] chunk_batches: 20
[ISO-CHUNK] receiver_microbatch_size: 8
[ISO-CHUNK] chunk_seed: 3304082
[ISO-CHUNK] checkpoint: /scratch/rsadve1/Extended_UPAIR_Narval_b32m16_portable/TWC_plots_comprehensive/runs_rx16/seed7/1dmrs/narrow_d192_b4_r2/checkpoints/best.weights.h5
[ISO-CHUNK] TF_GPU_ALLOCATOR: cuda_malloc_async
[ISO-CHUNK] output tag: narrow_d192_b4_r2_u3_upair5g_lmmse_ebno0p0_chunk0016_m8_b20
[EVAL] receiver microbatching enabled: batch_size_eval=64 receiver_microbatch_size=8
WARNING:tensorflow:Model's `__init__()` arguments contain non-serializable objects. Please implement a `get_config()` method in the subclassed Model for proper saving and loading. Defaulting to empty config.
WARNING:tensorflow:Model's `__init__()` arguments contain non-serializable objects. Please implement a `get_config()` method in the subclassed Model for proper saving and loading. Defaulting to empty config.
[EVAL] loaded UPAIR checkpoint: /scratch/rsadve1/Extended_UPAIR_Narval_b32m16_portable/TWC_plots_comprehensive/runs_rx16/seed7/1dmrs/narrow_d192_b4_r2/checkpoints/best.weights.h5
[EVAL] skipping explicit NMSE channel-estimator calls for: upair5g_lmmse
[EVAL] instrumentation log_latency=True log_gpu_memory=True memory_cleanup_every_batches=1 memory_cleanup_every_microbatch=True stream_eval_microbatches=True compiled_receiver_error_counts=False receiver_call_jit_compile=False per_receiver_stopping=False target_bler_floor=1e-05 floor_num_frames=0 gpu_mem=0.08GiB peak=0.23GiB
[EVAL] receiver_call name=upair5g_lmmse mode=positional_y_no compiled_error_counts=False
[EVAL] progress num_users=3 Eb/N0=0 dB batches=10/20 frame_err=upair5g_lmmse:0/1920 elapsed=105.6s avg_batch=10.562s gpu_mem=5.73GiB peak=5.88GiB
[EVAL] progress num_users=3 Eb/N0=0 dB batches=20/20 frame_err=upair5g_lmmse:0/3840 elapsed=211.3s avg_batch=10.567s gpu_mem=11.37GiB peak=11.52GiB
[EVAL] receiver=           upair5g_lmmse Eb/N0= 0.0 dB BER=0.00000e+00 BLER=0.00000e+00 NMSE=nan bit_err=     0/11427840 blk_err=    0/3840   batches=  20 stop=global_stop bler_ub=7.813e-04 rx_time=133.81s rx_ms_batch=6690.4 rx_ms_frame=34.846 point_time=211.34s gpu_mem=11.37GiB peak=11.52GiB
[ISO-CHUNK] wrote: /home/rsadve1/scratch/Extended_UPAIR_Narval_b32m16_portable/_isolated_eval_chunks/narrow_d192_b4_r2_u3_upair5g_lmmse_ebno0p0_chunk0016_m8_b20/chunk_result.csv
[ISO-CHUNK] DONE
[PIPELINE] status done=0 reason=continue chunks=17 batches=340 block_errors=24/100 next_chunk=17
2026-06-10 07:56:04.102969: E external/local_xla/xla/stream_executor/cuda/cuda_dnn.cc:9261] Unable to register cuDNN factory: Attempting to register factory for plugin cuDNN when one has already been registered
2026-06-10 07:56:04.103008: E external/local_xla/xla/stream_executor/cuda/cuda_fft.cc:607] Unable to register cuFFT factory: Attempting to register factory for plugin cuFFT when one has already been registered
2026-06-10 07:56:04.104093: E external/local_xla/xla/stream_executor/cuda/cuda_blas.cc:1515] Unable to register cuBLAS factory: Attempting to register factory for plugin cuBLAS when one has already been registered
[COMPREHENSIVE] loaded Optuna best JSON for narrow_d192_b4_r2 from /home/rsadve1/scratch/Extended_UPAIR_Narval_b32m16_portable/optuna/clean_b32_prb8_d256_40k_smart_trueDMRS_u34610_1dmrs_stageB_narrow_d192_b4_r2_best_params.json
[ISO-CHUNK] variant: narrow_d192_b4_r2
[ISO-CHUNK] receiver: upair5g_lmmse
[ISO-CHUNK] num_users: 3
[ISO-CHUNK] ebno_db: 0.0
[ISO-CHUNK] chunk_idx: 17
[ISO-CHUNK] chunk_batches: 20
[ISO-CHUNK] receiver_microbatch_size: 8
[ISO-CHUNK] chunk_seed: 3404085
[ISO-CHUNK] checkpoint: /scratch/rsadve1/Extended_UPAIR_Narval_b32m16_portable/TWC_plots_comprehensive/runs_rx16/seed7/1dmrs/narrow_d192_b4_r2/checkpoints/best.weights.h5
[ISO-CHUNK] TF_GPU_ALLOCATOR: cuda_malloc_async
[ISO-CHUNK] output tag: narrow_d192_b4_r2_u3_upair5g_lmmse_ebno0p0_chunk0017_m8_b20
[EVAL] receiver microbatching enabled: batch_size_eval=64 receiver_microbatch_size=8
WARNING:tensorflow:Model's `__init__()` arguments contain non-serializable objects. Please implement a `get_config()` method in the subclassed Model for proper saving and loading. Defaulting to empty config.
WARNING:tensorflow:Model's `__init__()` arguments contain non-serializable objects. Please implement a `get_config()` method in the subclassed Model for proper saving and loading. Defaulting to empty config.
[EVAL] loaded UPAIR checkpoint: /scratch/rsadve1/Extended_UPAIR_Narval_b32m16_portable/TWC_plots_comprehensive/runs_rx16/seed7/1dmrs/narrow_d192_b4_r2/checkpoints/best.weights.h5
[EVAL] skipping explicit NMSE channel-estimator calls for: upair5g_lmmse
[EVAL] instrumentation log_latency=True log_gpu_memory=True memory_cleanup_every_batches=1 memory_cleanup_every_microbatch=True stream_eval_microbatches=True compiled_receiver_error_counts=False receiver_call_jit_compile=False per_receiver_stopping=False target_bler_floor=1e-05 floor_num_frames=0 gpu_mem=0.08GiB peak=0.23GiB
[EVAL] receiver_call name=upair5g_lmmse mode=positional_y_no compiled_error_counts=False
[EVAL] progress num_users=3 Eb/N0=0 dB batches=10/20 frame_err=upair5g_lmmse:0/1920 elapsed=104.4s avg_batch=10.443s gpu_mem=5.73GiB peak=5.88GiB
[EVAL] progress num_users=3 Eb/N0=0 dB batches=20/20 frame_err=upair5g_lmmse:1/3840 elapsed=209.0s avg_batch=10.451s gpu_mem=11.37GiB peak=11.52GiB
[EVAL] receiver=           upair5g_lmmse Eb/N0= 0.0 dB BER=1.07632e-05 BLER=2.60417e-04 NMSE=nan bit_err=   123/11427840 blk_err=    1/3840   batches=  20 stop=global_stop rx_time=133.09s rx_ms_batch=6654.6 rx_ms_frame=34.659 point_time=209.01s gpu_mem=11.37GiB peak=11.52GiB
[ISO-CHUNK] wrote: /home/rsadve1/scratch/Extended_UPAIR_Narval_b32m16_portable/_isolated_eval_chunks/narrow_d192_b4_r2_u3_upair5g_lmmse_ebno0p0_chunk0017_m8_b20/chunk_result.csv
[ISO-CHUNK] DONE
[PIPELINE] status done=0 reason=continue chunks=18 batches=360 block_errors=25/100 next_chunk=18
2026-06-10 07:59:57.020767: E external/local_xla/xla/stream_executor/cuda/cuda_dnn.cc:9261] Unable to register cuDNN factory: Attempting to register factory for plugin cuDNN when one has already been registered
2026-06-10 07:59:57.020815: E external/local_xla/xla/stream_executor/cuda/cuda_fft.cc:607] Unable to register cuFFT factory: Attempting to register factory for plugin cuFFT when one has already been registered
2026-06-10 07:59:57.021858: E external/local_xla/xla/stream_executor/cuda/cuda_blas.cc:1515] Unable to register cuBLAS factory: Attempting to register factory for plugin cuBLAS when one has already been registered
[COMPREHENSIVE] loaded Optuna best JSON for narrow_d192_b4_r2 from /home/rsadve1/scratch/Extended_UPAIR_Narval_b32m16_portable/optuna/clean_b32_prb8_d256_40k_smart_trueDMRS_u34610_1dmrs_stageB_narrow_d192_b4_r2_best_params.json
[ISO-CHUNK] variant: narrow_d192_b4_r2
[ISO-CHUNK] receiver: upair5g_lmmse
[ISO-CHUNK] num_users: 3
[ISO-CHUNK] ebno_db: 0.0
[ISO-CHUNK] chunk_idx: 18
[ISO-CHUNK] chunk_batches: 20
[ISO-CHUNK] receiver_microbatch_size: 8
[ISO-CHUNK] chunk_seed: 3504088
[ISO-CHUNK] checkpoint: /scratch/rsadve1/Extended_UPAIR_Narval_b32m16_portable/TWC_plots_comprehensive/runs_rx16/seed7/1dmrs/narrow_d192_b4_r2/checkpoints/best.weights.h5
[ISO-CHUNK] TF_GPU_ALLOCATOR: cuda_malloc_async
[ISO-CHUNK] output tag: narrow_d192_b4_r2_u3_upair5g_lmmse_ebno0p0_chunk0018_m8_b20
[EVAL] receiver microbatching enabled: batch_size_eval=64 receiver_microbatch_size=8
WARNING:tensorflow:Model's `__init__()` arguments contain non-serializable objects. Please implement a `get_config()` method in the subclassed Model for proper saving and loading. Defaulting to empty config.
WARNING:tensorflow:Model's `__init__()` arguments contain non-serializable objects. Please implement a `get_config()` method in the subclassed Model for proper saving and loading. Defaulting to empty config.
[EVAL] loaded UPAIR checkpoint: /scratch/rsadve1/Extended_UPAIR_Narval_b32m16_portable/TWC_plots_comprehensive/runs_rx16/seed7/1dmrs/narrow_d192_b4_r2/checkpoints/best.weights.h5
[EVAL] skipping explicit NMSE channel-estimator calls for: upair5g_lmmse
[EVAL] instrumentation log_latency=True log_gpu_memory=True memory_cleanup_every_batches=1 memory_cleanup_every_microbatch=True stream_eval_microbatches=True compiled_receiver_error_counts=False receiver_call_jit_compile=False per_receiver_stopping=False target_bler_floor=1e-05 floor_num_frames=0 gpu_mem=0.08GiB peak=0.23GiB
[EVAL] receiver_call name=upair5g_lmmse mode=positional_y_no compiled_error_counts=False
[EVAL] progress num_users=3 Eb/N0=0 dB batches=10/20 frame_err=upair5g_lmmse:0/1920 elapsed=105.1s avg_batch=10.508s gpu_mem=5.73GiB peak=5.88GiB
[EVAL] progress num_users=3 Eb/N0=0 dB batches=20/20 frame_err=upair5g_lmmse:1/3840 elapsed=209.4s avg_batch=10.469s gpu_mem=11.37GiB peak=11.52GiB
[EVAL] receiver=           upair5g_lmmse Eb/N0= 0.0 dB BER=5.86288e-06 BLER=2.60417e-04 NMSE=nan bit_err=    67/11427840 blk_err=    1/3840   batches=  20 stop=global_stop rx_time=133.65s rx_ms_batch=6682.4 rx_ms_frame=34.804 point_time=209.39s gpu_mem=11.37GiB peak=11.52GiB
[ISO-CHUNK] wrote: /home/rsadve1/scratch/Extended_UPAIR_Narval_b32m16_portable/_isolated_eval_chunks/narrow_d192_b4_r2_u3_upair5g_lmmse_ebno0p0_chunk0018_m8_b20/chunk_result.csv
[ISO-CHUNK] DONE
[PIPELINE] status done=0 reason=continue chunks=19 batches=380 block_errors=26/100 next_chunk=19
2026-06-10 08:03:53.268668: E external/local_xla/xla/stream_executor/cuda/cuda_dnn.cc:9261] Unable to register cuDNN factory: Attempting to register factory for plugin cuDNN when one has already been registered
2026-06-10 08:03:53.268722: E external/local_xla/xla/stream_executor/cuda/cuda_fft.cc:607] Unable to register cuFFT factory: Attempting to register factory for plugin cuFFT when one has already been registered
2026-06-10 08:03:53.269792: E external/local_xla/xla/stream_executor/cuda/cuda_blas.cc:1515] Unable to register cuBLAS factory: Attempting to register factory for plugin cuBLAS when one has already been registered
[COMPREHENSIVE] loaded Optuna best JSON for narrow_d192_b4_r2 from /home/rsadve1/scratch/Extended_UPAIR_Narval_b32m16_portable/optuna/clean_b32_prb8_d256_40k_smart_trueDMRS_u34610_1dmrs_stageB_narrow_d192_b4_r2_best_params.json
[ISO-CHUNK] variant: narrow_d192_b4_r2
[ISO-CHUNK] receiver: upair5g_lmmse
[ISO-CHUNK] num_users: 3
[ISO-CHUNK] ebno_db: 0.0
[ISO-CHUNK] chunk_idx: 19
[ISO-CHUNK] chunk_batches: 20
[ISO-CHUNK] receiver_microbatch_size: 8
[ISO-CHUNK] chunk_seed: 3604091
[ISO-CHUNK] checkpoint: /scratch/rsadve1/Extended_UPAIR_Narval_b32m16_portable/TWC_plots_comprehensive/runs_rx16/seed7/1dmrs/narrow_d192_b4_r2/checkpoints/best.weights.h5
[ISO-CHUNK] TF_GPU_ALLOCATOR: cuda_malloc_async
[ISO-CHUNK] output tag: narrow_d192_b4_r2_u3_upair5g_lmmse_ebno0p0_chunk0019_m8_b20
[EVAL] receiver microbatching enabled: batch_size_eval=64 receiver_microbatch_size=8
WARNING:tensorflow:Model's `__init__()` arguments contain non-serializable objects. Please implement a `get_config()` method in the subclassed Model for proper saving and loading. Defaulting to empty config.
WARNING:tensorflow:Model's `__init__()` arguments contain non-serializable objects. Please implement a `get_config()` method in the subclassed Model for proper saving and loading. Defaulting to empty config.
[EVAL] loaded UPAIR checkpoint: /scratch/rsadve1/Extended_UPAIR_Narval_b32m16_portable/TWC_plots_comprehensive/runs_rx16/seed7/1dmrs/narrow_d192_b4_r2/checkpoints/best.weights.h5
[EVAL] skipping explicit NMSE channel-estimator calls for: upair5g_lmmse
[EVAL] instrumentation log_latency=True log_gpu_memory=True memory_cleanup_every_batches=1 memory_cleanup_every_microbatch=True stream_eval_microbatches=True compiled_receiver_error_counts=False receiver_call_jit_compile=False per_receiver_stopping=False target_bler_floor=1e-05 floor_num_frames=0 gpu_mem=0.08GiB peak=0.23GiB
[EVAL] receiver_call name=upair5g_lmmse mode=positional_y_no compiled_error_counts=False
[EVAL] progress num_users=3 Eb/N0=0 dB batches=10/20 frame_err=upair5g_lmmse:0/1920 elapsed=105.3s avg_batch=10.526s gpu_mem=5.73GiB peak=5.88GiB
[EVAL] progress num_users=3 Eb/N0=0 dB batches=20/20 frame_err=upair5g_lmmse:0/3840 elapsed=209.6s avg_batch=10.478s gpu_mem=11.37GiB peak=11.52GiB
[EVAL] receiver=           upair5g_lmmse Eb/N0= 0.0 dB BER=0.00000e+00 BLER=0.00000e+00 NMSE=nan bit_err=     0/11427840 blk_err=    0/3840   batches=  20 stop=global_stop bler_ub=7.813e-04 rx_time=133.04s rx_ms_batch=6652.0 rx_ms_frame=34.646 point_time=209.56s gpu_mem=11.37GiB peak=11.52GiB
[ISO-CHUNK] wrote: /home/rsadve1/scratch/Extended_UPAIR_Narval_b32m16_portable/_isolated_eval_chunks/narrow_d192_b4_r2_u3_upair5g_lmmse_ebno0p0_chunk0019_m8_b20/chunk_result.csv
[ISO-CHUNK] DONE
[PIPELINE] status done=0 reason=continue chunks=20 batches=400 block_errors=26/100 next_chunk=20
2026-06-10 08:07:47.559907: E external/local_xla/xla/stream_executor/cuda/cuda_dnn.cc:9261] Unable to register cuDNN factory: Attempting to register factory for plugin cuDNN when one has already been registered
2026-06-10 08:07:47.559956: E external/local_xla/xla/stream_executor/cuda/cuda_fft.cc:607] Unable to register cuFFT factory: Attempting to register factory for plugin cuFFT when one has already been registered
2026-06-10 08:07:47.561040: E external/local_xla/xla/stream_executor/cuda/cuda_blas.cc:1515] Unable to register cuBLAS factory: Attempting to register factory for plugin cuBLAS when one has already been registered
[COMPREHENSIVE] loaded Optuna best JSON for narrow_d192_b4_r2 from /home/rsadve1/scratch/Extended_UPAIR_Narval_b32m16_portable/optuna/clean_b32_prb8_d256_40k_smart_trueDMRS_u34610_1dmrs_stageB_narrow_d192_b4_r2_best_params.json
[ISO-CHUNK] variant: narrow_d192_b4_r2
[ISO-CHUNK] receiver: upair5g_lmmse
[ISO-CHUNK] num_users: 3
[ISO-CHUNK] ebno_db: 0.0
[ISO-CHUNK] chunk_idx: 20
[ISO-CHUNK] chunk_batches: 20
[ISO-CHUNK] receiver_microbatch_size: 8
[ISO-CHUNK] chunk_seed: 3704094
[ISO-CHUNK] checkpoint: /scratch/rsadve1/Extended_UPAIR_Narval_b32m16_portable/TWC_plots_comprehensive/runs_rx16/seed7/1dmrs/narrow_d192_b4_r2/checkpoints/best.weights.h5
[ISO-CHUNK] TF_GPU_ALLOCATOR: cuda_malloc_async
[ISO-CHUNK] output tag: narrow_d192_b4_r2_u3_upair5g_lmmse_ebno0p0_chunk0020_m8_b20
[EVAL] receiver microbatching enabled: batch_size_eval=64 receiver_microbatch_size=8
WARNING:tensorflow:Model's `__init__()` arguments contain non-serializable objects. Please implement a `get_config()` method in the subclassed Model for proper saving and loading. Defaulting to empty config.
WARNING:tensorflow:Model's `__init__()` arguments contain non-serializable objects. Please implement a `get_config()` method in the subclassed Model for proper saving and loading. Defaulting to empty config.
[EVAL] loaded UPAIR checkpoint: /scratch/rsadve1/Extended_UPAIR_Narval_b32m16_portable/TWC_plots_comprehensive/runs_rx16/seed7/1dmrs/narrow_d192_b4_r2/checkpoints/best.weights.h5
[EVAL] skipping explicit NMSE channel-estimator calls for: upair5g_lmmse
[EVAL] instrumentation log_latency=True log_gpu_memory=True memory_cleanup_every_batches=1 memory_cleanup_every_microbatch=True stream_eval_microbatches=True compiled_receiver_error_counts=False receiver_call_jit_compile=False per_receiver_stopping=False target_bler_floor=1e-05 floor_num_frames=0 gpu_mem=0.08GiB peak=0.23GiB
[EVAL] receiver_call name=upair5g_lmmse mode=positional_y_no compiled_error_counts=False
[EVAL] progress num_users=3 Eb/N0=0 dB batches=10/20 frame_err=upair5g_lmmse:1/1920 elapsed=104.9s avg_batch=10.490s gpu_mem=5.73GiB peak=5.88GiB
[EVAL] progress num_users=3 Eb/N0=0 dB batches=20/20 frame_err=upair5g_lmmse:3/3840 elapsed=209.3s avg_batch=10.465s gpu_mem=11.37GiB peak=11.52GiB
[EVAL] receiver=           upair5g_lmmse Eb/N0= 0.0 dB BER=4.83906e-05 BLER=7.81250e-04 NMSE=nan bit_err=   553/11427840 blk_err=    3/3840   batches=  20 stop=global_stop rx_time=133.19s rx_ms_batch=6659.3 rx_ms_frame=34.684 point_time=209.30s gpu_mem=11.37GiB peak=11.52GiB
[ISO-CHUNK] wrote: /home/rsadve1/scratch/Extended_UPAIR_Narval_b32m16_portable/_isolated_eval_chunks/narrow_d192_b4_r2_u3_upair5g_lmmse_ebno0p0_chunk0020_m8_b20/chunk_result.csv
[ISO-CHUNK] DONE
[PIPELINE] status done=0 reason=continue chunks=21 batches=420 block_errors=29/100 next_chunk=21
2026-06-10 08:11:41.216691: E external/local_xla/xla/stream_executor/cuda/cuda_dnn.cc:9261] Unable to register cuDNN factory: Attempting to register factory for plugin cuDNN when one has already been registered
2026-06-10 08:11:41.216744: E external/local_xla/xla/stream_executor/cuda/cuda_fft.cc:607] Unable to register cuFFT factory: Attempting to register factory for plugin cuFFT when one has already been registered
2026-06-10 08:11:41.217804: E external/local_xla/xla/stream_executor/cuda/cuda_blas.cc:1515] Unable to register cuBLAS factory: Attempting to register factory for plugin cuBLAS when one has already been registered
[COMPREHENSIVE] loaded Optuna best JSON for narrow_d192_b4_r2 from /home/rsadve1/scratch/Extended_UPAIR_Narval_b32m16_portable/optuna/clean_b32_prb8_d256_40k_smart_trueDMRS_u34610_1dmrs_stageB_narrow_d192_b4_r2_best_params.json
[ISO-CHUNK] variant: narrow_d192_b4_r2
[ISO-CHUNK] receiver: upair5g_lmmse
[ISO-CHUNK] num_users: 3
[ISO-CHUNK] ebno_db: 0.0
[ISO-CHUNK] chunk_idx: 21
[ISO-CHUNK] chunk_batches: 20
[ISO-CHUNK] receiver_microbatch_size: 8
[ISO-CHUNK] chunk_seed: 3804097
[ISO-CHUNK] checkpoint: /scratch/rsadve1/Extended_UPAIR_Narval_b32m16_portable/TWC_plots_comprehensive/runs_rx16/seed7/1dmrs/narrow_d192_b4_r2/checkpoints/best.weights.h5
[ISO-CHUNK] TF_GPU_ALLOCATOR: cuda_malloc_async
[ISO-CHUNK] output tag: narrow_d192_b4_r2_u3_upair5g_lmmse_ebno0p0_chunk0021_m8_b20
[EVAL] receiver microbatching enabled: batch_size_eval=64 receiver_microbatch_size=8
WARNING:tensorflow:Model's `__init__()` arguments contain non-serializable objects. Please implement a `get_config()` method in the subclassed Model for proper saving and loading. Defaulting to empty config.
WARNING:tensorflow:Model's `__init__()` arguments contain non-serializable objects. Please implement a `get_config()` method in the subclassed Model for proper saving and loading. Defaulting to empty config.
[EVAL] loaded UPAIR checkpoint: /scratch/rsadve1/Extended_UPAIR_Narval_b32m16_portable/TWC_plots_comprehensive/runs_rx16/seed7/1dmrs/narrow_d192_b4_r2/checkpoints/best.weights.h5
[EVAL] skipping explicit NMSE channel-estimator calls for: upair5g_lmmse
[EVAL] instrumentation log_latency=True log_gpu_memory=True memory_cleanup_every_batches=1 memory_cleanup_every_microbatch=True stream_eval_microbatches=True compiled_receiver_error_counts=False receiver_call_jit_compile=False per_receiver_stopping=False target_bler_floor=1e-05 floor_num_frames=0 gpu_mem=0.08GiB peak=0.23GiB
[EVAL] receiver_call name=upair5g_lmmse mode=positional_y_no compiled_error_counts=False
[EVAL] progress num_users=3 Eb/N0=0 dB batches=10/20 frame_err=upair5g_lmmse:0/1920 elapsed=105.2s avg_batch=10.522s gpu_mem=5.73GiB peak=5.88GiB
[EVAL] progress num_users=3 Eb/N0=0 dB batches=20/20 frame_err=upair5g_lmmse:0/3840 elapsed=210.2s avg_batch=10.512s gpu_mem=11.37GiB peak=11.52GiB
[EVAL] receiver=           upair5g_lmmse Eb/N0= 0.0 dB BER=0.00000e+00 BLER=0.00000e+00 NMSE=nan bit_err=     0/11427840 blk_err=    0/3840   batches=  20 stop=global_stop bler_ub=7.813e-04 rx_time=133.39s rx_ms_batch=6669.7 rx_ms_frame=34.738 point_time=210.23s gpu_mem=11.37GiB peak=11.52GiB
[ISO-CHUNK] wrote: /home/rsadve1/scratch/Extended_UPAIR_Narval_b32m16_portable/_isolated_eval_chunks/narrow_d192_b4_r2_u3_upair5g_lmmse_ebno0p0_chunk0021_m8_b20/chunk_result.csv
[ISO-CHUNK] DONE
[PIPELINE] status done=0 reason=continue chunks=22 batches=440 block_errors=29/100 next_chunk=22
2026-06-10 08:15:37.098864: E external/local_xla/xla/stream_executor/cuda/cuda_dnn.cc:9261] Unable to register cuDNN factory: Attempting to register factory for plugin cuDNN when one has already been registered
2026-06-10 08:15:37.098914: E external/local_xla/xla/stream_executor/cuda/cuda_fft.cc:607] Unable to register cuFFT factory: Attempting to register factory for plugin cuFFT when one has already been registered
2026-06-10 08:15:37.100072: E external/local_xla/xla/stream_executor/cuda/cuda_blas.cc:1515] Unable to register cuBLAS factory: Attempting to register factory for plugin cuBLAS when one has already been registered
[COMPREHENSIVE] loaded Optuna best JSON for narrow_d192_b4_r2 from /home/rsadve1/scratch/Extended_UPAIR_Narval_b32m16_portable/optuna/clean_b32_prb8_d256_40k_smart_trueDMRS_u34610_1dmrs_stageB_narrow_d192_b4_r2_best_params.json
[ISO-CHUNK] variant: narrow_d192_b4_r2
[ISO-CHUNK] receiver: upair5g_lmmse
[ISO-CHUNK] num_users: 3
[ISO-CHUNK] ebno_db: 0.0
[ISO-CHUNK] chunk_idx: 22
[ISO-CHUNK] chunk_batches: 20
[ISO-CHUNK] receiver_microbatch_size: 8
[ISO-CHUNK] chunk_seed: 3904100
[ISO-CHUNK] checkpoint: /scratch/rsadve1/Extended_UPAIR_Narval_b32m16_portable/TWC_plots_comprehensive/runs_rx16/seed7/1dmrs/narrow_d192_b4_r2/checkpoints/best.weights.h5
[ISO-CHUNK] TF_GPU_ALLOCATOR: cuda_malloc_async
[ISO-CHUNK] output tag: narrow_d192_b4_r2_u3_upair5g_lmmse_ebno0p0_chunk0022_m8_b20
[EVAL] receiver microbatching enabled: batch_size_eval=64 receiver_microbatch_size=8
WARNING:tensorflow:Model's `__init__()` arguments contain non-serializable objects. Please implement a `get_config()` method in the subclassed Model for proper saving and loading. Defaulting to empty config.
WARNING:tensorflow:Model's `__init__()` arguments contain non-serializable objects. Please implement a `get_config()` method in the subclassed Model for proper saving and loading. Defaulting to empty config.
[EVAL] loaded UPAIR checkpoint: /scratch/rsadve1/Extended_UPAIR_Narval_b32m16_portable/TWC_plots_comprehensive/runs_rx16/seed7/1dmrs/narrow_d192_b4_r2/checkpoints/best.weights.h5
[EVAL] skipping explicit NMSE channel-estimator calls for: upair5g_lmmse
[EVAL] instrumentation log_latency=True log_gpu_memory=True memory_cleanup_every_batches=1 memory_cleanup_every_microbatch=True stream_eval_microbatches=True compiled_receiver_error_counts=False receiver_call_jit_compile=False per_receiver_stopping=False target_bler_floor=1e-05 floor_num_frames=0 gpu_mem=0.08GiB peak=0.23GiB
[EVAL] receiver_call name=upair5g_lmmse mode=positional_y_no compiled_error_counts=False
[EVAL] progress num_users=3 Eb/N0=0 dB batches=10/20 frame_err=upair5g_lmmse:2/1920 elapsed=104.6s avg_batch=10.456s gpu_mem=5.73GiB peak=5.88GiB
[EVAL] progress num_users=3 Eb/N0=0 dB batches=20/20 frame_err=upair5g_lmmse:4/3840 elapsed=209.2s avg_batch=10.462s gpu_mem=11.37GiB peak=11.52GiB
[EVAL] receiver=           upair5g_lmmse Eb/N0= 0.0 dB BER=1.42634e-05 BLER=1.04167e-03 NMSE=nan bit_err=   163/11427840 blk_err=    4/3840   batches=  20 stop=global_stop rx_time=133.32s rx_ms_batch=6666.1 rx_ms_frame=34.719 point_time=209.24s gpu_mem=11.37GiB peak=11.52GiB
[ISO-CHUNK] wrote: /home/rsadve1/scratch/Extended_UPAIR_Narval_b32m16_portable/_isolated_eval_chunks/narrow_d192_b4_r2_u3_upair5g_lmmse_ebno0p0_chunk0022_m8_b20/chunk_result.csv
[ISO-CHUNK] DONE
[PIPELINE] status done=0 reason=continue chunks=23 batches=460 block_errors=33/100 next_chunk=23
2026-06-10 08:19:30.863188: E external/local_xla/xla/stream_executor/cuda/cuda_dnn.cc:9261] Unable to register cuDNN factory: Attempting to register factory for plugin cuDNN when one has already been registered
2026-06-10 08:19:30.863243: E external/local_xla/xla/stream_executor/cuda/cuda_fft.cc:607] Unable to register cuFFT factory: Attempting to register factory for plugin cuFFT when one has already been registered
2026-06-10 08:19:30.864303: E external/local_xla/xla/stream_executor/cuda/cuda_blas.cc:1515] Unable to register cuBLAS factory: Attempting to register factory for plugin cuBLAS when one has already been registered
[COMPREHENSIVE] loaded Optuna best JSON for narrow_d192_b4_r2 from /home/rsadve1/scratch/Extended_UPAIR_Narval_b32m16_portable/optuna/clean_b32_prb8_d256_40k_smart_trueDMRS_u34610_1dmrs_stageB_narrow_d192_b4_r2_best_params.json
[ISO-CHUNK] variant: narrow_d192_b4_r2
[ISO-CHUNK] receiver: upair5g_lmmse
[ISO-CHUNK] num_users: 3
[ISO-CHUNK] ebno_db: 0.0
[ISO-CHUNK] chunk_idx: 23
[ISO-CHUNK] chunk_batches: 20
[ISO-CHUNK] receiver_microbatch_size: 8
[ISO-CHUNK] chunk_seed: 4004103
[ISO-CHUNK] checkpoint: /scratch/rsadve1/Extended_UPAIR_Narval_b32m16_portable/TWC_plots_comprehensive/runs_rx16/seed7/1dmrs/narrow_d192_b4_r2/checkpoints/best.weights.h5
[ISO-CHUNK] TF_GPU_ALLOCATOR: cuda_malloc_async
[ISO-CHUNK] output tag: narrow_d192_b4_r2_u3_upair5g_lmmse_ebno0p0_chunk0023_m8_b20
[EVAL] receiver microbatching enabled: batch_size_eval=64 receiver_microbatch_size=8
WARNING:tensorflow:Model's `__init__()` arguments contain non-serializable objects. Please implement a `get_config()` method in the subclassed Model for proper saving and loading. Defaulting to empty config.
WARNING:tensorflow:Model's `__init__()` arguments contain non-serializable objects. Please implement a `get_config()` method in the subclassed Model for proper saving and loading. Defaulting to empty config.
[EVAL] loaded UPAIR checkpoint: /scratch/rsadve1/Extended_UPAIR_Narval_b32m16_portable/TWC_plots_comprehensive/runs_rx16/seed7/1dmrs/narrow_d192_b4_r2/checkpoints/best.weights.h5
[EVAL] skipping explicit NMSE channel-estimator calls for: upair5g_lmmse
[EVAL] instrumentation log_latency=True log_gpu_memory=True memory_cleanup_every_batches=1 memory_cleanup_every_microbatch=True stream_eval_microbatches=True compiled_receiver_error_counts=False receiver_call_jit_compile=False per_receiver_stopping=False target_bler_floor=1e-05 floor_num_frames=0 gpu_mem=0.08GiB peak=0.23GiB
[EVAL] receiver_call name=upair5g_lmmse mode=positional_y_no compiled_error_counts=False
[EVAL] progress num_users=3 Eb/N0=0 dB batches=10/20 frame_err=upair5g_lmmse:1/1920 elapsed=105.9s avg_batch=10.588s gpu_mem=5.73GiB peak=5.88GiB
[EVAL] progress num_users=3 Eb/N0=0 dB batches=20/20 frame_err=upair5g_lmmse:2/3840 elapsed=210.0s avg_batch=10.502s gpu_mem=11.37GiB peak=11.52GiB
[EVAL] receiver=           upair5g_lmmse Eb/N0= 0.0 dB BER=7.35047e-06 BLER=5.20833e-04 NMSE=nan bit_err=    84/11427840 blk_err=    2/3840   batches=  20 stop=global_stop rx_time=133.66s rx_ms_batch=6683.2 rx_ms_frame=34.808 point_time=210.04s gpu_mem=11.37GiB peak=11.52GiB
[ISO-CHUNK] wrote: /home/rsadve1/scratch/Extended_UPAIR_Narval_b32m16_portable/_isolated_eval_chunks/narrow_d192_b4_r2_u3_upair5g_lmmse_ebno0p0_chunk0023_m8_b20/chunk_result.csv
[ISO-CHUNK] DONE
[PIPELINE] status done=0 reason=continue chunks=24 batches=480 block_errors=35/100 next_chunk=24
2026-06-10 08:23:26.900139: E external/local_xla/xla/stream_executor/cuda/cuda_dnn.cc:9261] Unable to register cuDNN factory: Attempting to register factory for plugin cuDNN when one has already been registered
2026-06-10 08:23:26.900186: E external/local_xla/xla/stream_executor/cuda/cuda_fft.cc:607] Unable to register cuFFT factory: Attempting to register factory for plugin cuFFT when one has already been registered
2026-06-10 08:23:26.901277: E external/local_xla/xla/stream_executor/cuda/cuda_blas.cc:1515] Unable to register cuBLAS factory: Attempting to register factory for plugin cuBLAS when one has already been registered
[COMPREHENSIVE] loaded Optuna best JSON for narrow_d192_b4_r2 from /home/rsadve1/scratch/Extended_UPAIR_Narval_b32m16_portable/optuna/clean_b32_prb8_d256_40k_smart_trueDMRS_u34610_1dmrs_stageB_narrow_d192_b4_r2_best_params.json
[ISO-CHUNK] variant: narrow_d192_b4_r2
[ISO-CHUNK] receiver: upair5g_lmmse
[ISO-CHUNK] num_users: 3
[ISO-CHUNK] ebno_db: 0.0
[ISO-CHUNK] chunk_idx: 24
[ISO-CHUNK] chunk_batches: 20
[ISO-CHUNK] receiver_microbatch_size: 8
[ISO-CHUNK] chunk_seed: 4104106
[ISO-CHUNK] checkpoint: /scratch/rsadve1/Extended_UPAIR_Narval_b32m16_portable/TWC_plots_comprehensive/runs_rx16/seed7/1dmrs/narrow_d192_b4_r2/checkpoints/best.weights.h5
[ISO-CHUNK] TF_GPU_ALLOCATOR: cuda_malloc_async
[ISO-CHUNK] output tag: narrow_d192_b4_r2_u3_upair5g_lmmse_ebno0p0_chunk0024_m8_b20
[EVAL] receiver microbatching enabled: batch_size_eval=64 receiver_microbatch_size=8
WARNING:tensorflow:Model's `__init__()` arguments contain non-serializable objects. Please implement a `get_config()` method in the subclassed Model for proper saving and loading. Defaulting to empty config.
WARNING:tensorflow:Model's `__init__()` arguments contain non-serializable objects. Please implement a `get_config()` method in the subclassed Model for proper saving and loading. Defaulting to empty config.
[EVAL] loaded UPAIR checkpoint: /scratch/rsadve1/Extended_UPAIR_Narval_b32m16_portable/TWC_plots_comprehensive/runs_rx16/seed7/1dmrs/narrow_d192_b4_r2/checkpoints/best.weights.h5
[EVAL] skipping explicit NMSE channel-estimator calls for: upair5g_lmmse
[EVAL] instrumentation log_latency=True log_gpu_memory=True memory_cleanup_every_batches=1 memory_cleanup_every_microbatch=True stream_eval_microbatches=True compiled_receiver_error_counts=False receiver_call_jit_compile=False per_receiver_stopping=False target_bler_floor=1e-05 floor_num_frames=0 gpu_mem=0.08GiB peak=0.23GiB
[EVAL] receiver_call name=upair5g_lmmse mode=positional_y_no compiled_error_counts=False
[EVAL] progress num_users=3 Eb/N0=0 dB batches=10/20 frame_err=upair5g_lmmse:0/1920 elapsed=105.7s avg_batch=10.568s gpu_mem=5.73GiB peak=5.88GiB
[EVAL] progress num_users=3 Eb/N0=0 dB batches=20/20 frame_err=upair5g_lmmse:3/3840 elapsed=210.7s avg_batch=10.537s gpu_mem=11.37GiB peak=11.52GiB
[EVAL] receiver=           upair5g_lmmse Eb/N0= 0.0 dB BER=4.58529e-05 BLER=7.81250e-04 NMSE=nan bit_err=   524/11427840 blk_err=    3/3840   batches=  20 stop=global_stop rx_time=134.10s rx_ms_batch=6704.8 rx_ms_frame=34.921 point_time=210.74s gpu_mem=11.37GiB peak=11.52GiB
[ISO-CHUNK] wrote: /home/rsadve1/scratch/Extended_UPAIR_Narval_b32m16_portable/_isolated_eval_chunks/narrow_d192_b4_r2_u3_upair5g_lmmse_ebno0p0_chunk0024_m8_b20/chunk_result.csv
[ISO-CHUNK] DONE
[PIPELINE] status done=0 reason=continue chunks=25 batches=500 block_errors=38/100 next_chunk=25
2026-06-10 08:27:22.008419: E external/local_xla/xla/stream_executor/cuda/cuda_dnn.cc:9261] Unable to register cuDNN factory: Attempting to register factory for plugin cuDNN when one has already been registered
2026-06-10 08:27:22.008465: E external/local_xla/xla/stream_executor/cuda/cuda_fft.cc:607] Unable to register cuFFT factory: Attempting to register factory for plugin cuFFT when one has already been registered
2026-06-10 08:27:22.009534: E external/local_xla/xla/stream_executor/cuda/cuda_blas.cc:1515] Unable to register cuBLAS factory: Attempting to register factory for plugin cuBLAS when one has already been registered
[COMPREHENSIVE] loaded Optuna best JSON for narrow_d192_b4_r2 from /home/rsadve1/scratch/Extended_UPAIR_Narval_b32m16_portable/optuna/clean_b32_prb8_d256_40k_smart_trueDMRS_u34610_1dmrs_stageB_narrow_d192_b4_r2_best_params.json
[ISO-CHUNK] variant: narrow_d192_b4_r2
[ISO-CHUNK] receiver: upair5g_lmmse
[ISO-CHUNK] num_users: 3
[ISO-CHUNK] ebno_db: 0.0
[ISO-CHUNK] chunk_idx: 25
[ISO-CHUNK] chunk_batches: 20
[ISO-CHUNK] receiver_microbatch_size: 8
[ISO-CHUNK] chunk_seed: 4204109
[ISO-CHUNK] checkpoint: /scratch/rsadve1/Extended_UPAIR_Narval_b32m16_portable/TWC_plots_comprehensive/runs_rx16/seed7/1dmrs/narrow_d192_b4_r2/checkpoints/best.weights.h5
[ISO-CHUNK] TF_GPU_ALLOCATOR: cuda_malloc_async
[ISO-CHUNK] output tag: narrow_d192_b4_r2_u3_upair5g_lmmse_ebno0p0_chunk0025_m8_b20
[EVAL] receiver microbatching enabled: batch_size_eval=64 receiver_microbatch_size=8
WARNING:tensorflow:Model's `__init__()` arguments contain non-serializable objects. Please implement a `get_config()` method in the subclassed Model for proper saving and loading. Defaulting to empty config.
WARNING:tensorflow:Model's `__init__()` arguments contain non-serializable objects. Please implement a `get_config()` method in the subclassed Model for proper saving and loading. Defaulting to empty config.
[EVAL] loaded UPAIR checkpoint: /scratch/rsadve1/Extended_UPAIR_Narval_b32m16_portable/TWC_plots_comprehensive/runs_rx16/seed7/1dmrs/narrow_d192_b4_r2/checkpoints/best.weights.h5
[EVAL] skipping explicit NMSE channel-estimator calls for: upair5g_lmmse
[EVAL] instrumentation log_latency=True log_gpu_memory=True memory_cleanup_every_batches=1 memory_cleanup_every_microbatch=True stream_eval_microbatches=True compiled_receiver_error_counts=False receiver_call_jit_compile=False per_receiver_stopping=False target_bler_floor=1e-05 floor_num_frames=0 gpu_mem=0.08GiB peak=0.23GiB
[EVAL] receiver_call name=upair5g_lmmse mode=positional_y_no compiled_error_counts=False
[EVAL] progress num_users=3 Eb/N0=0 dB batches=10/20 frame_err=upair5g_lmmse:1/1920 elapsed=104.6s avg_batch=10.465s gpu_mem=5.73GiB peak=5.88GiB
[EVAL] progress num_users=3 Eb/N0=0 dB batches=20/20 frame_err=upair5g_lmmse:3/3840 elapsed=209.3s avg_batch=10.463s gpu_mem=11.37GiB peak=11.52GiB
[EVAL] receiver=           upair5g_lmmse Eb/N0= 0.0 dB BER=3.91150e-05 BLER=7.81250e-04 NMSE=nan bit_err=   447/11427840 blk_err=    3/3840   batches=  20 stop=global_stop rx_time=133.04s rx_ms_batch=6651.9 rx_ms_frame=34.645 point_time=209.26s gpu_mem=11.37GiB peak=11.52GiB
[ISO-CHUNK] wrote: /home/rsadve1/scratch/Extended_UPAIR_Narval_b32m16_portable/_isolated_eval_chunks/narrow_d192_b4_r2_u3_upair5g_lmmse_ebno0p0_chunk0025_m8_b20/chunk_result.csv
[ISO-CHUNK] DONE
[PIPELINE] status done=0 reason=continue chunks=26 batches=520 block_errors=41/100 next_chunk=26
2026-06-10 08:31:16.841355: E external/local_xla/xla/stream_executor/cuda/cuda_dnn.cc:9261] Unable to register cuDNN factory: Attempting to register factory for plugin cuDNN when one has already been registered
2026-06-10 08:31:16.841406: E external/local_xla/xla/stream_executor/cuda/cuda_fft.cc:607] Unable to register cuFFT factory: Attempting to register factory for plugin cuFFT when one has already been registered
2026-06-10 08:31:16.842497: E external/local_xla/xla/stream_executor/cuda/cuda_blas.cc:1515] Unable to register cuBLAS factory: Attempting to register factory for plugin cuBLAS when one has already been registered
[COMPREHENSIVE] loaded Optuna best JSON for narrow_d192_b4_r2 from /home/rsadve1/scratch/Extended_UPAIR_Narval_b32m16_portable/optuna/clean_b32_prb8_d256_40k_smart_trueDMRS_u34610_1dmrs_stageB_narrow_d192_b4_r2_best_params.json
[ISO-CHUNK] variant: narrow_d192_b4_r2
[ISO-CHUNK] receiver: upair5g_lmmse
[ISO-CHUNK] num_users: 3
[ISO-CHUNK] ebno_db: 0.0
[ISO-CHUNK] chunk_idx: 26
[ISO-CHUNK] chunk_batches: 20
[ISO-CHUNK] receiver_microbatch_size: 8
[ISO-CHUNK] chunk_seed: 4304112
[ISO-CHUNK] checkpoint: /scratch/rsadve1/Extended_UPAIR_Narval_b32m16_portable/TWC_plots_comprehensive/runs_rx16/seed7/1dmrs/narrow_d192_b4_r2/checkpoints/best.weights.h5
[ISO-CHUNK] TF_GPU_ALLOCATOR: cuda_malloc_async
[ISO-CHUNK] output tag: narrow_d192_b4_r2_u3_upair5g_lmmse_ebno0p0_chunk0026_m8_b20
[EVAL] receiver microbatching enabled: batch_size_eval=64 receiver_microbatch_size=8
WARNING:tensorflow:Model's `__init__()` arguments contain non-serializable objects. Please implement a `get_config()` method in the subclassed Model for proper saving and loading. Defaulting to empty config.
WARNING:tensorflow:Model's `__init__()` arguments contain non-serializable objects. Please implement a `get_config()` method in the subclassed Model for proper saving and loading. Defaulting to empty config.
[EVAL] loaded UPAIR checkpoint: /scratch/rsadve1/Extended_UPAIR_Narval_b32m16_portable/TWC_plots_comprehensive/runs_rx16/seed7/1dmrs/narrow_d192_b4_r2/checkpoints/best.weights.h5
[EVAL] skipping explicit NMSE channel-estimator calls for: upair5g_lmmse
[EVAL] instrumentation log_latency=True log_gpu_memory=True memory_cleanup_every_batches=1 memory_cleanup_every_microbatch=True stream_eval_microbatches=True compiled_receiver_error_counts=False receiver_call_jit_compile=False per_receiver_stopping=False target_bler_floor=1e-05 floor_num_frames=0 gpu_mem=0.08GiB peak=0.23GiB
[EVAL] receiver_call name=upair5g_lmmse mode=positional_y_no compiled_error_counts=False
[EVAL] progress num_users=3 Eb/N0=0 dB batches=10/20 frame_err=upair5g_lmmse:1/1920 elapsed=104.8s avg_batch=10.483s gpu_mem=5.73GiB peak=5.88GiB
[EVAL] progress num_users=3 Eb/N0=0 dB batches=20/20 frame_err=upair5g_lmmse:1/3840 elapsed=209.3s avg_batch=10.465s gpu_mem=11.37GiB peak=11.52GiB
[EVAL] receiver=           upair5g_lmmse Eb/N0= 0.0 dB BER=3.23771e-06 BLER=2.60417e-04 NMSE=nan bit_err=    37/11427840 blk_err=    1/3840   batches=  20 stop=global_stop rx_time=133.04s rx_ms_batch=6652.0 rx_ms_frame=34.646 point_time=209.30s gpu_mem=11.37GiB peak=11.52GiB
[ISO-CHUNK] wrote: /home/rsadve1/scratch/Extended_UPAIR_Narval_b32m16_portable/_isolated_eval_chunks/narrow_d192_b4_r2_u3_upair5g_lmmse_ebno0p0_chunk0026_m8_b20/chunk_result.csv
[ISO-CHUNK] DONE
[PIPELINE] status done=0 reason=continue chunks=27 batches=540 block_errors=42/100 next_chunk=27
2026-06-10 08:35:16.537776: E external/local_xla/xla/stream_executor/cuda/cuda_dnn.cc:9261] Unable to register cuDNN factory: Attempting to register factory for plugin cuDNN when one has already been registered
2026-06-10 08:35:16.537832: E external/local_xla/xla/stream_executor/cuda/cuda_fft.cc:607] Unable to register cuFFT factory: Attempting to register factory for plugin cuFFT when one has already been registered
2026-06-10 08:35:16.539059: E external/local_xla/xla/stream_executor/cuda/cuda_blas.cc:1515] Unable to register cuBLAS factory: Attempting to register factory for plugin cuBLAS when one has already been registered
[COMPREHENSIVE] loaded Optuna best JSON for narrow_d192_b4_r2 from /home/rsadve1/scratch/Extended_UPAIR_Narval_b32m16_portable/optuna/clean_b32_prb8_d256_40k_smart_trueDMRS_u34610_1dmrs_stageB_narrow_d192_b4_r2_best_params.json
[ISO-CHUNK] variant: narrow_d192_b4_r2
[ISO-CHUNK] receiver: upair5g_lmmse
[ISO-CHUNK] num_users: 3
[ISO-CHUNK] ebno_db: 0.0
[ISO-CHUNK] chunk_idx: 27
[ISO-CHUNK] chunk_batches: 20
[ISO-CHUNK] receiver_microbatch_size: 8
[ISO-CHUNK] chunk_seed: 4404115
[ISO-CHUNK] checkpoint: /scratch/rsadve1/Extended_UPAIR_Narval_b32m16_portable/TWC_plots_comprehensive/runs_rx16/seed7/1dmrs/narrow_d192_b4_r2/checkpoints/best.weights.h5
[ISO-CHUNK] TF_GPU_ALLOCATOR: cuda_malloc_async
[ISO-CHUNK] output tag: narrow_d192_b4_r2_u3_upair5g_lmmse_ebno0p0_chunk0027_m8_b20
[EVAL] receiver microbatching enabled: batch_size_eval=64 receiver_microbatch_size=8
WARNING:tensorflow:Model's `__init__()` arguments contain non-serializable objects. Please implement a `get_config()` method in the subclassed Model for proper saving and loading. Defaulting to empty config.
WARNING:tensorflow:Model's `__init__()` arguments contain non-serializable objects. Please implement a `get_config()` method in the subclassed Model for proper saving and loading. Defaulting to empty config.
[EVAL] loaded UPAIR checkpoint: /scratch/rsadve1/Extended_UPAIR_Narval_b32m16_portable/TWC_plots_comprehensive/runs_rx16/seed7/1dmrs/narrow_d192_b4_r2/checkpoints/best.weights.h5
[EVAL] skipping explicit NMSE channel-estimator calls for: upair5g_lmmse
[EVAL] instrumentation log_latency=True log_gpu_memory=True memory_cleanup_every_batches=1 memory_cleanup_every_microbatch=True stream_eval_microbatches=True compiled_receiver_error_counts=False receiver_call_jit_compile=False per_receiver_stopping=False target_bler_floor=1e-05 floor_num_frames=0 gpu_mem=0.08GiB peak=0.23GiB
[EVAL] receiver_call name=upair5g_lmmse mode=positional_y_no compiled_error_counts=False
[EVAL] progress num_users=3 Eb/N0=0 dB batches=10/20 frame_err=upair5g_lmmse:4/1920 elapsed=104.6s avg_batch=10.457s gpu_mem=5.73GiB peak=5.88GiB
[EVAL] progress num_users=3 Eb/N0=0 dB batches=20/20 frame_err=upair5g_lmmse:5/3840 elapsed=209.3s avg_batch=10.463s gpu_mem=11.37GiB peak=11.52GiB
[EVAL] receiver=           upair5g_lmmse Eb/N0= 0.0 dB BER=6.41416e-05 BLER=1.30208e-03 NMSE=nan bit_err=   733/11427840 blk_err=    5/3840   batches=  20 stop=global_stop rx_time=133.49s rx_ms_batch=6674.7 rx_ms_frame=34.764 point_time=209.25s gpu_mem=11.37GiB peak=11.52GiB
[ISO-CHUNK] wrote: /home/rsadve1/scratch/Extended_UPAIR_Narval_b32m16_portable/_isolated_eval_chunks/narrow_d192_b4_r2_u3_upair5g_lmmse_ebno0p0_chunk0027_m8_b20/chunk_result.csv
[ISO-CHUNK] DONE
[PIPELINE] status done=0 reason=continue chunks=28 batches=560 block_errors=47/100 next_chunk=28
2026-06-10 08:39:13.651072: E external/local_xla/xla/stream_executor/cuda/cuda_dnn.cc:9261] Unable to register cuDNN factory: Attempting to register factory for plugin cuDNN when one has already been registered
2026-06-10 08:39:13.651118: E external/local_xla/xla/stream_executor/cuda/cuda_fft.cc:607] Unable to register cuFFT factory: Attempting to register factory for plugin cuFFT when one has already been registered
2026-06-10 08:39:13.652205: E external/local_xla/xla/stream_executor/cuda/cuda_blas.cc:1515] Unable to register cuBLAS factory: Attempting to register factory for plugin cuBLAS when one has already been registered
[COMPREHENSIVE] loaded Optuna best JSON for narrow_d192_b4_r2 from /home/rsadve1/scratch/Extended_UPAIR_Narval_b32m16_portable/optuna/clean_b32_prb8_d256_40k_smart_trueDMRS_u34610_1dmrs_stageB_narrow_d192_b4_r2_best_params.json
[ISO-CHUNK] variant: narrow_d192_b4_r2
[ISO-CHUNK] receiver: upair5g_lmmse
[ISO-CHUNK] num_users: 3
[ISO-CHUNK] ebno_db: 0.0
[ISO-CHUNK] chunk_idx: 28
[ISO-CHUNK] chunk_batches: 20
[ISO-CHUNK] receiver_microbatch_size: 8
[ISO-CHUNK] chunk_seed: 4504118
[ISO-CHUNK] checkpoint: /scratch/rsadve1/Extended_UPAIR_Narval_b32m16_portable/TWC_plots_comprehensive/runs_rx16/seed7/1dmrs/narrow_d192_b4_r2/checkpoints/best.weights.h5
[ISO-CHUNK] TF_GPU_ALLOCATOR: cuda_malloc_async
[ISO-CHUNK] output tag: narrow_d192_b4_r2_u3_upair5g_lmmse_ebno0p0_chunk0028_m8_b20
[EVAL] receiver microbatching enabled: batch_size_eval=64 receiver_microbatch_size=8
WARNING:tensorflow:Model's `__init__()` arguments contain non-serializable objects. Please implement a `get_config()` method in the subclassed Model for proper saving and loading. Defaulting to empty config.
WARNING:tensorflow:Model's `__init__()` arguments contain non-serializable objects. Please implement a `get_config()` method in the subclassed Model for proper saving and loading. Defaulting to empty config.
[EVAL] loaded UPAIR checkpoint: /scratch/rsadve1/Extended_UPAIR_Narval_b32m16_portable/TWC_plots_comprehensive/runs_rx16/seed7/1dmrs/narrow_d192_b4_r2/checkpoints/best.weights.h5
[EVAL] skipping explicit NMSE channel-estimator calls for: upair5g_lmmse
[EVAL] instrumentation log_latency=True log_gpu_memory=True memory_cleanup_every_batches=1 memory_cleanup_every_microbatch=True stream_eval_microbatches=True compiled_receiver_error_counts=False receiver_call_jit_compile=False per_receiver_stopping=False target_bler_floor=1e-05 floor_num_frames=0 gpu_mem=0.08GiB peak=0.23GiB
[EVAL] receiver_call name=upair5g_lmmse mode=positional_y_no compiled_error_counts=False
[EVAL] progress num_users=3 Eb/N0=0 dB batches=10/20 frame_err=upair5g_lmmse:1/1920 elapsed=105.1s avg_batch=10.509s gpu_mem=5.73GiB peak=5.88GiB
[EVAL] progress num_users=3 Eb/N0=0 dB batches=20/20 frame_err=upair5g_lmmse:1/3840 elapsed=210.2s avg_batch=10.509s gpu_mem=11.37GiB peak=11.52GiB
[EVAL] receiver=           upair5g_lmmse Eb/N0= 0.0 dB BER=8.75056e-08 BLER=2.60417e-04 NMSE=nan bit_err=     1/11427840 blk_err=    1/3840   batches=  20 stop=global_stop rx_time=133.85s rx_ms_batch=6692.4 rx_ms_frame=34.856 point_time=210.17s gpu_mem=11.37GiB peak=11.52GiB
[ISO-CHUNK] wrote: /home/rsadve1/scratch/Extended_UPAIR_Narval_b32m16_portable/_isolated_eval_chunks/narrow_d192_b4_r2_u3_upair5g_lmmse_ebno0p0_chunk0028_m8_b20/chunk_result.csv
[ISO-CHUNK] DONE
[PIPELINE] status done=0 reason=continue chunks=29 batches=580 block_errors=48/100 next_chunk=29
2026-06-10 08:43:06.265155: E external/local_xla/xla/stream_executor/cuda/cuda_dnn.cc:9261] Unable to register cuDNN factory: Attempting to register factory for plugin cuDNN when one has already been registered
2026-06-10 08:43:06.265211: E external/local_xla/xla/stream_executor/cuda/cuda_fft.cc:607] Unable to register cuFFT factory: Attempting to register factory for plugin cuFFT when one has already been registered
2026-06-10 08:43:06.266300: E external/local_xla/xla/stream_executor/cuda/cuda_blas.cc:1515] Unable to register cuBLAS factory: Attempting to register factory for plugin cuBLAS when one has already been registered
[COMPREHENSIVE] loaded Optuna best JSON for narrow_d192_b4_r2 from /home/rsadve1/scratch/Extended_UPAIR_Narval_b32m16_portable/optuna/clean_b32_prb8_d256_40k_smart_trueDMRS_u34610_1dmrs_stageB_narrow_d192_b4_r2_best_params.json
[ISO-CHUNK] variant: narrow_d192_b4_r2
[ISO-CHUNK] receiver: upair5g_lmmse
[ISO-CHUNK] num_users: 3
[ISO-CHUNK] ebno_db: 0.0
[ISO-CHUNK] chunk_idx: 29
[ISO-CHUNK] chunk_batches: 20
[ISO-CHUNK] receiver_microbatch_size: 8
[ISO-CHUNK] chunk_seed: 4604121
[ISO-CHUNK] checkpoint: /scratch/rsadve1/Extended_UPAIR_Narval_b32m16_portable/TWC_plots_comprehensive/runs_rx16/seed7/1dmrs/narrow_d192_b4_r2/checkpoints/best.weights.h5
[ISO-CHUNK] TF_GPU_ALLOCATOR: cuda_malloc_async
[ISO-CHUNK] output tag: narrow_d192_b4_r2_u3_upair5g_lmmse_ebno0p0_chunk0029_m8_b20
[EVAL] receiver microbatching enabled: batch_size_eval=64 receiver_microbatch_size=8
WARNING:tensorflow:Model's `__init__()` arguments contain non-serializable objects. Please implement a `get_config()` method in the subclassed Model for proper saving and loading. Defaulting to empty config.
WARNING:tensorflow:Model's `__init__()` arguments contain non-serializable objects. Please implement a `get_config()` method in the subclassed Model for proper saving and loading. Defaulting to empty config.
[EVAL] loaded UPAIR checkpoint: /scratch/rsadve1/Extended_UPAIR_Narval_b32m16_portable/TWC_plots_comprehensive/runs_rx16/seed7/1dmrs/narrow_d192_b4_r2/checkpoints/best.weights.h5
[EVAL] skipping explicit NMSE channel-estimator calls for: upair5g_lmmse
[EVAL] instrumentation log_latency=True log_gpu_memory=True memory_cleanup_every_batches=1 memory_cleanup_every_microbatch=True stream_eval_microbatches=True compiled_receiver_error_counts=False receiver_call_jit_compile=False per_receiver_stopping=False target_bler_floor=1e-05 floor_num_frames=0 gpu_mem=0.08GiB peak=0.23GiB
[EVAL] receiver_call name=upair5g_lmmse mode=positional_y_no compiled_error_counts=False
[EVAL] progress num_users=3 Eb/N0=0 dB batches=10/20 frame_err=upair5g_lmmse:0/1920 elapsed=104.5s avg_batch=10.450s gpu_mem=5.73GiB peak=5.88GiB
[EVAL] progress num_users=3 Eb/N0=0 dB batches=20/20 frame_err=upair5g_lmmse:0/3840 elapsed=209.3s avg_batch=10.466s gpu_mem=11.37GiB peak=11.52GiB
[EVAL] receiver=           upair5g_lmmse Eb/N0= 0.0 dB BER=0.00000e+00 BLER=0.00000e+00 NMSE=nan bit_err=     0/11427840 blk_err=    0/3840   batches=  20 stop=global_stop bler_ub=7.813e-04 rx_time=133.13s rx_ms_batch=6656.4 rx_ms_frame=34.669 point_time=209.32s gpu_mem=11.37GiB peak=11.52GiB
[ISO-CHUNK] wrote: /home/rsadve1/scratch/Extended_UPAIR_Narval_b32m16_portable/_isolated_eval_chunks/narrow_d192_b4_r2_u3_upair5g_lmmse_ebno0p0_chunk0029_m8_b20/chunk_result.csv
[ISO-CHUNK] DONE
[PIPELINE] status done=0 reason=continue chunks=30 batches=600 block_errors=48/100 next_chunk=30
2026-06-10 08:46:59.887605: E external/local_xla/xla/stream_executor/cuda/cuda_dnn.cc:9261] Unable to register cuDNN factory: Attempting to register factory for plugin cuDNN when one has already been registered
2026-06-10 08:46:59.887653: E external/local_xla/xla/stream_executor/cuda/cuda_fft.cc:607] Unable to register cuFFT factory: Attempting to register factory for plugin cuFFT when one has already been registered
2026-06-10 08:46:59.888726: E external/local_xla/xla/stream_executor/cuda/cuda_blas.cc:1515] Unable to register cuBLAS factory: Attempting to register factory for plugin cuBLAS when one has already been registered
[COMPREHENSIVE] loaded Optuna best JSON for narrow_d192_b4_r2 from /home/rsadve1/scratch/Extended_UPAIR_Narval_b32m16_portable/optuna/clean_b32_prb8_d256_40k_smart_trueDMRS_u34610_1dmrs_stageB_narrow_d192_b4_r2_best_params.json
[ISO-CHUNK] variant: narrow_d192_b4_r2
[ISO-CHUNK] receiver: upair5g_lmmse
[ISO-CHUNK] num_users: 3
[ISO-CHUNK] ebno_db: 0.0
[ISO-CHUNK] chunk_idx: 30
[ISO-CHUNK] chunk_batches: 20
[ISO-CHUNK] receiver_microbatch_size: 8
[ISO-CHUNK] chunk_seed: 4704124
[ISO-CHUNK] checkpoint: /scratch/rsadve1/Extended_UPAIR_Narval_b32m16_portable/TWC_plots_comprehensive/runs_rx16/seed7/1dmrs/narrow_d192_b4_r2/checkpoints/best.weights.h5
[ISO-CHUNK] TF_GPU_ALLOCATOR: cuda_malloc_async
[ISO-CHUNK] output tag: narrow_d192_b4_r2_u3_upair5g_lmmse_ebno0p0_chunk0030_m8_b20
[EVAL] receiver microbatching enabled: batch_size_eval=64 receiver_microbatch_size=8
WARNING:tensorflow:Model's `__init__()` arguments contain non-serializable objects. Please implement a `get_config()` method in the subclassed Model for proper saving and loading. Defaulting to empty config.
WARNING:tensorflow:Model's `__init__()` arguments contain non-serializable objects. Please implement a `get_config()` method in the subclassed Model for proper saving and loading. Defaulting to empty config.
[EVAL] loaded UPAIR checkpoint: /scratch/rsadve1/Extended_UPAIR_Narval_b32m16_portable/TWC_plots_comprehensive/runs_rx16/seed7/1dmrs/narrow_d192_b4_r2/checkpoints/best.weights.h5
[EVAL] skipping explicit NMSE channel-estimator calls for: upair5g_lmmse
[EVAL] instrumentation log_latency=True log_gpu_memory=True memory_cleanup_every_batches=1 memory_cleanup_every_microbatch=True stream_eval_microbatches=True compiled_receiver_error_counts=False receiver_call_jit_compile=False per_receiver_stopping=False target_bler_floor=1e-05 floor_num_frames=0 gpu_mem=0.08GiB peak=0.23GiB
[EVAL] receiver_call name=upair5g_lmmse mode=positional_y_no compiled_error_counts=False
[EVAL] progress num_users=3 Eb/N0=0 dB batches=10/20 frame_err=upair5g_lmmse:1/1920 elapsed=104.4s avg_batch=10.440s gpu_mem=5.73GiB peak=5.88GiB
[EVAL] progress num_users=3 Eb/N0=0 dB batches=20/20 frame_err=upair5g_lmmse:1/3840 elapsed=209.6s avg_batch=10.478s gpu_mem=11.37GiB peak=11.52GiB
[EVAL] receiver=           upair5g_lmmse Eb/N0= 0.0 dB BER=1.26008e-05 BLER=2.60417e-04 NMSE=nan bit_err=   144/11427840 blk_err=    1/3840   batches=  20 stop=global_stop rx_time=133.03s rx_ms_batch=6651.3 rx_ms_frame=34.642 point_time=209.56s gpu_mem=11.37GiB peak=11.52GiB
[ISO-CHUNK] wrote: /home/rsadve1/scratch/Extended_UPAIR_Narval_b32m16_portable/_isolated_eval_chunks/narrow_d192_b4_r2_u3_upair5g_lmmse_ebno0p0_chunk0030_m8_b20/chunk_result.csv
[ISO-CHUNK] DONE
[PIPELINE] status done=0 reason=continue chunks=31 batches=620 block_errors=49/100 next_chunk=31
2026-06-10 08:50:55.534038: E external/local_xla/xla/stream_executor/cuda/cuda_dnn.cc:9261] Unable to register cuDNN factory: Attempting to register factory for plugin cuDNN when one has already been registered
2026-06-10 08:50:55.534093: E external/local_xla/xla/stream_executor/cuda/cuda_fft.cc:607] Unable to register cuFFT factory: Attempting to register factory for plugin cuFFT when one has already been registered
2026-06-10 08:50:55.535166: E external/local_xla/xla/stream_executor/cuda/cuda_blas.cc:1515] Unable to register cuBLAS factory: Attempting to register factory for plugin cuBLAS when one has already been registered
[COMPREHENSIVE] loaded Optuna best JSON for narrow_d192_b4_r2 from /home/rsadve1/scratch/Extended_UPAIR_Narval_b32m16_portable/optuna/clean_b32_prb8_d256_40k_smart_trueDMRS_u34610_1dmrs_stageB_narrow_d192_b4_r2_best_params.json
[ISO-CHUNK] variant: narrow_d192_b4_r2
[ISO-CHUNK] receiver: upair5g_lmmse
[ISO-CHUNK] num_users: 3
[ISO-CHUNK] ebno_db: 0.0
[ISO-CHUNK] chunk_idx: 31
[ISO-CHUNK] chunk_batches: 20
[ISO-CHUNK] receiver_microbatch_size: 8
[ISO-CHUNK] chunk_seed: 4804127
[ISO-CHUNK] checkpoint: /scratch/rsadve1/Extended_UPAIR_Narval_b32m16_portable/TWC_plots_comprehensive/runs_rx16/seed7/1dmrs/narrow_d192_b4_r2/checkpoints/best.weights.h5
[ISO-CHUNK] TF_GPU_ALLOCATOR: cuda_malloc_async
[ISO-CHUNK] output tag: narrow_d192_b4_r2_u3_upair5g_lmmse_ebno0p0_chunk0031_m8_b20
[EVAL] receiver microbatching enabled: batch_size_eval=64 receiver_microbatch_size=8
WARNING:tensorflow:Model's `__init__()` arguments contain non-serializable objects. Please implement a `get_config()` method in the subclassed Model for proper saving and loading. Defaulting to empty config.
WARNING:tensorflow:Model's `__init__()` arguments contain non-serializable objects. Please implement a `get_config()` method in the subclassed Model for proper saving and loading. Defaulting to empty config.
[EVAL] loaded UPAIR checkpoint: /scratch/rsadve1/Extended_UPAIR_Narval_b32m16_portable/TWC_plots_comprehensive/runs_rx16/seed7/1dmrs/narrow_d192_b4_r2/checkpoints/best.weights.h5
[EVAL] skipping explicit NMSE channel-estimator calls for: upair5g_lmmse
[EVAL] instrumentation log_latency=True log_gpu_memory=True memory_cleanup_every_batches=1 memory_cleanup_every_microbatch=True stream_eval_microbatches=True compiled_receiver_error_counts=False receiver_call_jit_compile=False per_receiver_stopping=False target_bler_floor=1e-05 floor_num_frames=0 gpu_mem=0.08GiB peak=0.23GiB
[EVAL] receiver_call name=upair5g_lmmse mode=positional_y_no compiled_error_counts=False
[EVAL] progress num_users=3 Eb/N0=0 dB batches=10/20 frame_err=upair5g_lmmse:2/1920 elapsed=104.3s avg_batch=10.434s gpu_mem=5.73GiB peak=5.88GiB
[EVAL] progress num_users=3 Eb/N0=0 dB batches=20/20 frame_err=upair5g_lmmse:2/3840 elapsed=209.4s avg_batch=10.469s gpu_mem=11.37GiB peak=11.52GiB
[EVAL] receiver=           upair5g_lmmse Eb/N0= 0.0 dB BER=1.83762e-06 BLER=5.20833e-04 NMSE=nan bit_err=    21/11427840 blk_err=    2/3840   batches=  20 stop=global_stop rx_time=133.18s rx_ms_batch=6659.2 rx_ms_frame=34.683 point_time=209.38s gpu_mem=11.37GiB peak=11.52GiB
[ISO-CHUNK] wrote: /home/rsadve1/scratch/Extended_UPAIR_Narval_b32m16_portable/_isolated_eval_chunks/narrow_d192_b4_r2_u3_upair5g_lmmse_ebno0p0_chunk0031_m8_b20/chunk_result.csv
[ISO-CHUNK] DONE
[PIPELINE] status done=0 reason=continue chunks=32 batches=640 block_errors=51/100 next_chunk=32
2026-06-10 08:54:46.633107: E external/local_xla/xla/stream_executor/cuda/cuda_dnn.cc:9261] Unable to register cuDNN factory: Attempting to register factory for plugin cuDNN when one has already been registered
2026-06-10 08:54:46.633157: E external/local_xla/xla/stream_executor/cuda/cuda_fft.cc:607] Unable to register cuFFT factory: Attempting to register factory for plugin cuFFT when one has already been registered
2026-06-10 08:54:46.634246: E external/local_xla/xla/stream_executor/cuda/cuda_blas.cc:1515] Unable to register cuBLAS factory: Attempting to register factory for plugin cuBLAS when one has already been registered
[COMPREHENSIVE] loaded Optuna best JSON for narrow_d192_b4_r2 from /home/rsadve1/scratch/Extended_UPAIR_Narval_b32m16_portable/optuna/clean_b32_prb8_d256_40k_smart_trueDMRS_u34610_1dmrs_stageB_narrow_d192_b4_r2_best_params.json
[ISO-CHUNK] variant: narrow_d192_b4_r2
[ISO-CHUNK] receiver: upair5g_lmmse
[ISO-CHUNK] num_users: 3
[ISO-CHUNK] ebno_db: 0.0
[ISO-CHUNK] chunk_idx: 32
[ISO-CHUNK] chunk_batches: 20
[ISO-CHUNK] receiver_microbatch_size: 8
[ISO-CHUNK] chunk_seed: 4904130
[ISO-CHUNK] checkpoint: /scratch/rsadve1/Extended_UPAIR_Narval_b32m16_portable/TWC_plots_comprehensive/runs_rx16/seed7/1dmrs/narrow_d192_b4_r2/checkpoints/best.weights.h5
[ISO-CHUNK] TF_GPU_ALLOCATOR: cuda_malloc_async
[ISO-CHUNK] output tag: narrow_d192_b4_r2_u3_upair5g_lmmse_ebno0p0_chunk0032_m8_b20
[EVAL] receiver microbatching enabled: batch_size_eval=64 receiver_microbatch_size=8
WARNING:tensorflow:Model's `__init__()` arguments contain non-serializable objects. Please implement a `get_config()` method in the subclassed Model for proper saving and loading. Defaulting to empty config.
WARNING:tensorflow:Model's `__init__()` arguments contain non-serializable objects. Please implement a `get_config()` method in the subclassed Model for proper saving and loading. Defaulting to empty config.
[EVAL] loaded UPAIR checkpoint: /scratch/rsadve1/Extended_UPAIR_Narval_b32m16_portable/TWC_plots_comprehensive/runs_rx16/seed7/1dmrs/narrow_d192_b4_r2/checkpoints/best.weights.h5
[EVAL] skipping explicit NMSE channel-estimator calls for: upair5g_lmmse
[EVAL] instrumentation log_latency=True log_gpu_memory=True memory_cleanup_every_batches=1 memory_cleanup_every_microbatch=True stream_eval_microbatches=True compiled_receiver_error_counts=False receiver_call_jit_compile=False per_receiver_stopping=False target_bler_floor=1e-05 floor_num_frames=0 gpu_mem=0.08GiB peak=0.23GiB
[EVAL] receiver_call name=upair5g_lmmse mode=positional_y_no compiled_error_counts=False
[EVAL] progress num_users=3 Eb/N0=0 dB batches=10/20 frame_err=upair5g_lmmse:1/1920 elapsed=104.8s avg_batch=10.483s gpu_mem=5.73GiB peak=5.88GiB
[EVAL] progress num_users=3 Eb/N0=0 dB batches=20/20 frame_err=upair5g_lmmse:1/3840 elapsed=209.9s avg_batch=10.494s gpu_mem=11.37GiB peak=11.52GiB
[EVAL] receiver=           upair5g_lmmse Eb/N0= 0.0 dB BER=9.18809e-06 BLER=2.60417e-04 NMSE=nan bit_err=   105/11427840 blk_err=    1/3840   batches=  20 stop=global_stop rx_time=133.43s rx_ms_batch=6671.3 rx_ms_frame=34.746 point_time=209.87s gpu_mem=11.37GiB peak=11.52GiB
[ISO-CHUNK] wrote: /home/rsadve1/scratch/Extended_UPAIR_Narval_b32m16_portable/_isolated_eval_chunks/narrow_d192_b4_r2_u3_upair5g_lmmse_ebno0p0_chunk0032_m8_b20/chunk_result.csv
[ISO-CHUNK] DONE
[PIPELINE] status done=0 reason=continue chunks=33 batches=660 block_errors=52/100 next_chunk=33
2026-06-10 08:58:39.578977: E external/local_xla/xla/stream_executor/cuda/cuda_dnn.cc:9261] Unable to register cuDNN factory: Attempting to register factory for plugin cuDNN when one has already been registered
2026-06-10 08:58:39.579021: E external/local_xla/xla/stream_executor/cuda/cuda_fft.cc:607] Unable to register cuFFT factory: Attempting to register factory for plugin cuFFT when one has already been registered
2026-06-10 08:58:39.580081: E external/local_xla/xla/stream_executor/cuda/cuda_blas.cc:1515] Unable to register cuBLAS factory: Attempting to register factory for plugin cuBLAS when one has already been registered
[COMPREHENSIVE] loaded Optuna best JSON for narrow_d192_b4_r2 from /home/rsadve1/scratch/Extended_UPAIR_Narval_b32m16_portable/optuna/clean_b32_prb8_d256_40k_smart_trueDMRS_u34610_1dmrs_stageB_narrow_d192_b4_r2_best_params.json
[ISO-CHUNK] variant: narrow_d192_b4_r2
[ISO-CHUNK] receiver: upair5g_lmmse
[ISO-CHUNK] num_users: 3
[ISO-CHUNK] ebno_db: 0.0
[ISO-CHUNK] chunk_idx: 33
[ISO-CHUNK] chunk_batches: 20
[ISO-CHUNK] receiver_microbatch_size: 8
[ISO-CHUNK] chunk_seed: 5004133
[ISO-CHUNK] checkpoint: /scratch/rsadve1/Extended_UPAIR_Narval_b32m16_portable/TWC_plots_comprehensive/runs_rx16/seed7/1dmrs/narrow_d192_b4_r2/checkpoints/best.weights.h5
[ISO-CHUNK] TF_GPU_ALLOCATOR: cuda_malloc_async
[ISO-CHUNK] output tag: narrow_d192_b4_r2_u3_upair5g_lmmse_ebno0p0_chunk0033_m8_b20
[EVAL] receiver microbatching enabled: batch_size_eval=64 receiver_microbatch_size=8
WARNING:tensorflow:Model's `__init__()` arguments contain non-serializable objects. Please implement a `get_config()` method in the subclassed Model for proper saving and loading. Defaulting to empty config.
WARNING:tensorflow:Model's `__init__()` arguments contain non-serializable objects. Please implement a `get_config()` method in the subclassed Model for proper saving and loading. Defaulting to empty config.
[EVAL] loaded UPAIR checkpoint: /scratch/rsadve1/Extended_UPAIR_Narval_b32m16_portable/TWC_plots_comprehensive/runs_rx16/seed7/1dmrs/narrow_d192_b4_r2/checkpoints/best.weights.h5
[EVAL] skipping explicit NMSE channel-estimator calls for: upair5g_lmmse
[EVAL] instrumentation log_latency=True log_gpu_memory=True memory_cleanup_every_batches=1 memory_cleanup_every_microbatch=True stream_eval_microbatches=True compiled_receiver_error_counts=False receiver_call_jit_compile=False per_receiver_stopping=False target_bler_floor=1e-05 floor_num_frames=0 gpu_mem=0.08GiB peak=0.23GiB
[EVAL] receiver_call name=upair5g_lmmse mode=positional_y_no compiled_error_counts=False
[EVAL] progress num_users=3 Eb/N0=0 dB batches=10/20 frame_err=upair5g_lmmse:1/1920 elapsed=104.4s avg_batch=10.442s gpu_mem=5.73GiB peak=5.88GiB
[EVAL] progress num_users=3 Eb/N0=0 dB batches=20/20 frame_err=upair5g_lmmse:1/3840 elapsed=208.3s avg_batch=10.414s gpu_mem=11.37GiB peak=11.52GiB
[EVAL] receiver=           upair5g_lmmse Eb/N0= 0.0 dB BER=1.68011e-05 BLER=2.60417e-04 NMSE=nan bit_err=   192/11427840 blk_err=    1/3840   batches=  20 stop=global_stop rx_time=132.65s rx_ms_batch=6632.3 rx_ms_frame=34.543 point_time=208.29s gpu_mem=11.37GiB peak=11.52GiB
[ISO-CHUNK] wrote: /home/rsadve1/scratch/Extended_UPAIR_Narval_b32m16_portable/_isolated_eval_chunks/narrow_d192_b4_r2_u3_upair5g_lmmse_ebno0p0_chunk0033_m8_b20/chunk_result.csv
[ISO-CHUNK] DONE
[PIPELINE] status done=0 reason=continue chunks=34 batches=680 block_errors=53/100 next_chunk=34
2026-06-10 09:02:30.838103: E external/local_xla/xla/stream_executor/cuda/cuda_dnn.cc:9261] Unable to register cuDNN factory: Attempting to register factory for plugin cuDNN when one has already been registered
2026-06-10 09:02:30.838160: E external/local_xla/xla/stream_executor/cuda/cuda_fft.cc:607] Unable to register cuFFT factory: Attempting to register factory for plugin cuFFT when one has already been registered
2026-06-10 09:02:30.839225: E external/local_xla/xla/stream_executor/cuda/cuda_blas.cc:1515] Unable to register cuBLAS factory: Attempting to register factory for plugin cuBLAS when one has already been registered
[COMPREHENSIVE] loaded Optuna best JSON for narrow_d192_b4_r2 from /home/rsadve1/scratch/Extended_UPAIR_Narval_b32m16_portable/optuna/clean_b32_prb8_d256_40k_smart_trueDMRS_u34610_1dmrs_stageB_narrow_d192_b4_r2_best_params.json
[ISO-CHUNK] variant: narrow_d192_b4_r2
[ISO-CHUNK] receiver: upair5g_lmmse
[ISO-CHUNK] num_users: 3
[ISO-CHUNK] ebno_db: 0.0
[ISO-CHUNK] chunk_idx: 34
[ISO-CHUNK] chunk_batches: 20
[ISO-CHUNK] receiver_microbatch_size: 8
[ISO-CHUNK] chunk_seed: 5104136
[ISO-CHUNK] checkpoint: /scratch/rsadve1/Extended_UPAIR_Narval_b32m16_portable/TWC_plots_comprehensive/runs_rx16/seed7/1dmrs/narrow_d192_b4_r2/checkpoints/best.weights.h5
[ISO-CHUNK] TF_GPU_ALLOCATOR: cuda_malloc_async
[ISO-CHUNK] output tag: narrow_d192_b4_r2_u3_upair5g_lmmse_ebno0p0_chunk0034_m8_b20
[EVAL] receiver microbatching enabled: batch_size_eval=64 receiver_microbatch_size=8
WARNING:tensorflow:Model's `__init__()` arguments contain non-serializable objects. Please implement a `get_config()` method in the subclassed Model for proper saving and loading. Defaulting to empty config.
WARNING:tensorflow:Model's `__init__()` arguments contain non-serializable objects. Please implement a `get_config()` method in the subclassed Model for proper saving and loading. Defaulting to empty config.
[EVAL] loaded UPAIR checkpoint: /scratch/rsadve1/Extended_UPAIR_Narval_b32m16_portable/TWC_plots_comprehensive/runs_rx16/seed7/1dmrs/narrow_d192_b4_r2/checkpoints/best.weights.h5
[EVAL] skipping explicit NMSE channel-estimator calls for: upair5g_lmmse
[EVAL] instrumentation log_latency=True log_gpu_memory=True memory_cleanup_every_batches=1 memory_cleanup_every_microbatch=True stream_eval_microbatches=True compiled_receiver_error_counts=False receiver_call_jit_compile=False per_receiver_stopping=False target_bler_floor=1e-05 floor_num_frames=0 gpu_mem=0.08GiB peak=0.23GiB
[EVAL] receiver_call name=upair5g_lmmse mode=positional_y_no compiled_error_counts=False
[EVAL] progress num_users=3 Eb/N0=0 dB batches=10/20 frame_err=upair5g_lmmse:2/1920 elapsed=104.5s avg_batch=10.448s gpu_mem=5.73GiB peak=5.88GiB
[EVAL] progress num_users=3 Eb/N0=0 dB batches=20/20 frame_err=upair5g_lmmse:2/3840 elapsed=208.7s avg_batch=10.435s gpu_mem=11.37GiB peak=11.52GiB
[EVAL] receiver=           upair5g_lmmse Eb/N0= 0.0 dB BER=2.45891e-05 BLER=5.20833e-04 NMSE=nan bit_err=   281/11427840 blk_err=    2/3840   batches=  20 stop=global_stop rx_time=132.82s rx_ms_batch=6641.1 rx_ms_frame=34.589 point_time=208.70s gpu_mem=11.37GiB peak=11.52GiB
[ISO-CHUNK] wrote: /home/rsadve1/scratch/Extended_UPAIR_Narval_b32m16_portable/_isolated_eval_chunks/narrow_d192_b4_r2_u3_upair5g_lmmse_ebno0p0_chunk0034_m8_b20/chunk_result.csv
[ISO-CHUNK] DONE
[PIPELINE] status done=0 reason=continue chunks=35 batches=700 block_errors=55/100 next_chunk=35
2026-06-10 09:06:26.142784: E external/local_xla/xla/stream_executor/cuda/cuda_dnn.cc:9261] Unable to register cuDNN factory: Attempting to register factory for plugin cuDNN when one has already been registered
2026-06-10 09:06:26.142838: E external/local_xla/xla/stream_executor/cuda/cuda_fft.cc:607] Unable to register cuFFT factory: Attempting to register factory for plugin cuFFT when one has already been registered
2026-06-10 09:06:26.143902: E external/local_xla/xla/stream_executor/cuda/cuda_blas.cc:1515] Unable to register cuBLAS factory: Attempting to register factory for plugin cuBLAS when one has already been registered
[COMPREHENSIVE] loaded Optuna best JSON for narrow_d192_b4_r2 from /home/rsadve1/scratch/Extended_UPAIR_Narval_b32m16_portable/optuna/clean_b32_prb8_d256_40k_smart_trueDMRS_u34610_1dmrs_stageB_narrow_d192_b4_r2_best_params.json
[ISO-CHUNK] variant: narrow_d192_b4_r2
[ISO-CHUNK] receiver: upair5g_lmmse
[ISO-CHUNK] num_users: 3
[ISO-CHUNK] ebno_db: 0.0
[ISO-CHUNK] chunk_idx: 35
[ISO-CHUNK] chunk_batches: 20
[ISO-CHUNK] receiver_microbatch_size: 8
[ISO-CHUNK] chunk_seed: 5204139
[ISO-CHUNK] checkpoint: /scratch/rsadve1/Extended_UPAIR_Narval_b32m16_portable/TWC_plots_comprehensive/runs_rx16/seed7/1dmrs/narrow_d192_b4_r2/checkpoints/best.weights.h5
[ISO-CHUNK] TF_GPU_ALLOCATOR: cuda_malloc_async
[ISO-CHUNK] output tag: narrow_d192_b4_r2_u3_upair5g_lmmse_ebno0p0_chunk0035_m8_b20
[EVAL] receiver microbatching enabled: batch_size_eval=64 receiver_microbatch_size=8
WARNING:tensorflow:Model's `__init__()` arguments contain non-serializable objects. Please implement a `get_config()` method in the subclassed Model for proper saving and loading. Defaulting to empty config.
WARNING:tensorflow:Model's `__init__()` arguments contain non-serializable objects. Please implement a `get_config()` method in the subclassed Model for proper saving and loading. Defaulting to empty config.
[EVAL] loaded UPAIR checkpoint: /scratch/rsadve1/Extended_UPAIR_Narval_b32m16_portable/TWC_plots_comprehensive/runs_rx16/seed7/1dmrs/narrow_d192_b4_r2/checkpoints/best.weights.h5
[EVAL] skipping explicit NMSE channel-estimator calls for: upair5g_lmmse
[EVAL] instrumentation log_latency=True log_gpu_memory=True memory_cleanup_every_batches=1 memory_cleanup_every_microbatch=True stream_eval_microbatches=True compiled_receiver_error_counts=False receiver_call_jit_compile=False per_receiver_stopping=False target_bler_floor=1e-05 floor_num_frames=0 gpu_mem=0.08GiB peak=0.23GiB
[EVAL] receiver_call name=upair5g_lmmse mode=positional_y_no compiled_error_counts=False
[EVAL] progress num_users=3 Eb/N0=0 dB batches=10/20 frame_err=upair5g_lmmse:0/1920 elapsed=105.9s avg_batch=10.587s gpu_mem=5.73GiB peak=5.88GiB
[EVAL] progress num_users=3 Eb/N0=0 dB batches=20/20 frame_err=upair5g_lmmse:0/3840 elapsed=210.5s avg_batch=10.523s gpu_mem=11.37GiB peak=11.52GiB
[EVAL] receiver=           upair5g_lmmse Eb/N0= 0.0 dB BER=0.00000e+00 BLER=0.00000e+00 NMSE=nan bit_err=     0/11427840 blk_err=    0/3840   batches=  20 stop=global_stop bler_ub=7.813e-04 rx_time=133.78s rx_ms_batch=6689.2 rx_ms_frame=34.840 point_time=210.46s gpu_mem=11.37GiB peak=11.52GiB
[ISO-CHUNK] wrote: /home/rsadve1/scratch/Extended_UPAIR_Narval_b32m16_portable/_isolated_eval_chunks/narrow_d192_b4_r2_u3_upair5g_lmmse_ebno0p0_chunk0035_m8_b20/chunk_result.csv
[ISO-CHUNK] DONE
[PIPELINE] status done=0 reason=continue chunks=36 batches=720 block_errors=55/100 next_chunk=36
2026-06-10 09:10:19.953019: E external/local_xla/xla/stream_executor/cuda/cuda_dnn.cc:9261] Unable to register cuDNN factory: Attempting to register factory for plugin cuDNN when one has already been registered
2026-06-10 09:10:19.953068: E external/local_xla/xla/stream_executor/cuda/cuda_fft.cc:607] Unable to register cuFFT factory: Attempting to register factory for plugin cuFFT when one has already been registered
2026-06-10 09:10:19.954267: E external/local_xla/xla/stream_executor/cuda/cuda_blas.cc:1515] Unable to register cuBLAS factory: Attempting to register factory for plugin cuBLAS when one has already been registered
[COMPREHENSIVE] loaded Optuna best JSON for narrow_d192_b4_r2 from /home/rsadve1/scratch/Extended_UPAIR_Narval_b32m16_portable/optuna/clean_b32_prb8_d256_40k_smart_trueDMRS_u34610_1dmrs_stageB_narrow_d192_b4_r2_best_params.json
[ISO-CHUNK] variant: narrow_d192_b4_r2
[ISO-CHUNK] receiver: upair5g_lmmse
[ISO-CHUNK] num_users: 3
[ISO-CHUNK] ebno_db: 0.0
[ISO-CHUNK] chunk_idx: 36
[ISO-CHUNK] chunk_batches: 20
[ISO-CHUNK] receiver_microbatch_size: 8
[ISO-CHUNK] chunk_seed: 5304142
[ISO-CHUNK] checkpoint: /scratch/rsadve1/Extended_UPAIR_Narval_b32m16_portable/TWC_plots_comprehensive/runs_rx16/seed7/1dmrs/narrow_d192_b4_r2/checkpoints/best.weights.h5
[ISO-CHUNK] TF_GPU_ALLOCATOR: cuda_malloc_async
[ISO-CHUNK] output tag: narrow_d192_b4_r2_u3_upair5g_lmmse_ebno0p0_chunk0036_m8_b20
[EVAL] receiver microbatching enabled: batch_size_eval=64 receiver_microbatch_size=8
WARNING:tensorflow:Model's `__init__()` arguments contain non-serializable objects. Please implement a `get_config()` method in the subclassed Model for proper saving and loading. Defaulting to empty config.
WARNING:tensorflow:Model's `__init__()` arguments contain non-serializable objects. Please implement a `get_config()` method in the subclassed Model for proper saving and loading. Defaulting to empty config.
[EVAL] loaded UPAIR checkpoint: /scratch/rsadve1/Extended_UPAIR_Narval_b32m16_portable/TWC_plots_comprehensive/runs_rx16/seed7/1dmrs/narrow_d192_b4_r2/checkpoints/best.weights.h5
[EVAL] skipping explicit NMSE channel-estimator calls for: upair5g_lmmse
[EVAL] instrumentation log_latency=True log_gpu_memory=True memory_cleanup_every_batches=1 memory_cleanup_every_microbatch=True stream_eval_microbatches=True compiled_receiver_error_counts=False receiver_call_jit_compile=False per_receiver_stopping=False target_bler_floor=1e-05 floor_num_frames=0 gpu_mem=0.08GiB peak=0.23GiB
[EVAL] receiver_call name=upair5g_lmmse mode=positional_y_no compiled_error_counts=False
[EVAL] progress num_users=3 Eb/N0=0 dB batches=10/20 frame_err=upair5g_lmmse:0/1920 elapsed=104.7s avg_batch=10.469s gpu_mem=5.73GiB peak=5.88GiB
[EVAL] progress num_users=3 Eb/N0=0 dB batches=20/20 frame_err=upair5g_lmmse:1/3840 elapsed=208.8s avg_batch=10.440s gpu_mem=11.37GiB peak=11.52GiB
[EVAL] receiver=           upair5g_lmmse Eb/N0= 0.0 dB BER=8.75056e-08 BLER=2.60417e-04 NMSE=nan bit_err=     1/11427840 blk_err=    1/3840   batches=  20 stop=global_stop rx_time=132.80s rx_ms_batch=6639.9 rx_ms_frame=34.583 point_time=208.81s gpu_mem=11.37GiB peak=11.52GiB
[ISO-CHUNK] wrote: /home/rsadve1/scratch/Extended_UPAIR_Narval_b32m16_portable/_isolated_eval_chunks/narrow_d192_b4_r2_u3_upair5g_lmmse_ebno0p0_chunk0036_m8_b20/chunk_result.csv
[ISO-CHUNK] DONE
[PIPELINE] status done=0 reason=continue chunks=37 batches=740 block_errors=56/100 next_chunk=37
2026-06-10 09:14:13.055894: E external/local_xla/xla/stream_executor/cuda/cuda_dnn.cc:9261] Unable to register cuDNN factory: Attempting to register factory for plugin cuDNN when one has already been registered
2026-06-10 09:14:13.055944: E external/local_xla/xla/stream_executor/cuda/cuda_fft.cc:607] Unable to register cuFFT factory: Attempting to register factory for plugin cuFFT when one has already been registered
2026-06-10 09:14:13.057011: E external/local_xla/xla/stream_executor/cuda/cuda_blas.cc:1515] Unable to register cuBLAS factory: Attempting to register factory for plugin cuBLAS when one has already been registered
[COMPREHENSIVE] loaded Optuna best JSON for narrow_d192_b4_r2 from /home/rsadve1/scratch/Extended_UPAIR_Narval_b32m16_portable/optuna/clean_b32_prb8_d256_40k_smart_trueDMRS_u34610_1dmrs_stageB_narrow_d192_b4_r2_best_params.json
[ISO-CHUNK] variant: narrow_d192_b4_r2
[ISO-CHUNK] receiver: upair5g_lmmse
[ISO-CHUNK] num_users: 3
[ISO-CHUNK] ebno_db: 0.0
[ISO-CHUNK] chunk_idx: 37
[ISO-CHUNK] chunk_batches: 20
[ISO-CHUNK] receiver_microbatch_size: 8
[ISO-CHUNK] chunk_seed: 5404145
[ISO-CHUNK] checkpoint: /scratch/rsadve1/Extended_UPAIR_Narval_b32m16_portable/TWC_plots_comprehensive/runs_rx16/seed7/1dmrs/narrow_d192_b4_r2/checkpoints/best.weights.h5
[ISO-CHUNK] TF_GPU_ALLOCATOR: cuda_malloc_async
[ISO-CHUNK] output tag: narrow_d192_b4_r2_u3_upair5g_lmmse_ebno0p0_chunk0037_m8_b20
[EVAL] receiver microbatching enabled: batch_size_eval=64 receiver_microbatch_size=8
WARNING:tensorflow:Model's `__init__()` arguments contain non-serializable objects. Please implement a `get_config()` method in the subclassed Model for proper saving and loading. Defaulting to empty config.
WARNING:tensorflow:Model's `__init__()` arguments contain non-serializable objects. Please implement a `get_config()` method in the subclassed Model for proper saving and loading. Defaulting to empty config.
[EVAL] loaded UPAIR checkpoint: /scratch/rsadve1/Extended_UPAIR_Narval_b32m16_portable/TWC_plots_comprehensive/runs_rx16/seed7/1dmrs/narrow_d192_b4_r2/checkpoints/best.weights.h5
[EVAL] skipping explicit NMSE channel-estimator calls for: upair5g_lmmse
[EVAL] instrumentation log_latency=True log_gpu_memory=True memory_cleanup_every_batches=1 memory_cleanup_every_microbatch=True stream_eval_microbatches=True compiled_receiver_error_counts=False receiver_call_jit_compile=False per_receiver_stopping=False target_bler_floor=1e-05 floor_num_frames=0 gpu_mem=0.08GiB peak=0.23GiB
[EVAL] receiver_call name=upair5g_lmmse mode=positional_y_no compiled_error_counts=False
[EVAL] progress num_users=3 Eb/N0=0 dB batches=10/20 frame_err=upair5g_lmmse:2/1920 elapsed=104.9s avg_batch=10.493s gpu_mem=5.73GiB peak=5.88GiB
[EVAL] progress num_users=3 Eb/N0=0 dB batches=20/20 frame_err=upair5g_lmmse:2/3840 elapsed=209.5s avg_batch=10.473s gpu_mem=11.37GiB peak=11.52GiB
[EVAL] receiver=           upair5g_lmmse Eb/N0= 0.0 dB BER=2.45016e-06 BLER=5.20833e-04 NMSE=nan bit_err=    28/11427840 blk_err=    2/3840   batches=  20 stop=global_stop rx_time=133.16s rx_ms_batch=6658.2 rx_ms_frame=34.678 point_time=209.45s gpu_mem=11.37GiB peak=11.52GiB
[ISO-CHUNK] wrote: /home/rsadve1/scratch/Extended_UPAIR_Narval_b32m16_portable/_isolated_eval_chunks/narrow_d192_b4_r2_u3_upair5g_lmmse_ebno0p0_chunk0037_m8_b20/chunk_result.csv
[ISO-CHUNK] DONE
[PIPELINE] status done=0 reason=continue chunks=38 batches=760 block_errors=58/100 next_chunk=38
2026-06-10 09:18:06.042509: E external/local_xla/xla/stream_executor/cuda/cuda_dnn.cc:9261] Unable to register cuDNN factory: Attempting to register factory for plugin cuDNN when one has already been registered
2026-06-10 09:18:06.042564: E external/local_xla/xla/stream_executor/cuda/cuda_fft.cc:607] Unable to register cuFFT factory: Attempting to register factory for plugin cuFFT when one has already been registered
2026-06-10 09:18:06.043668: E external/local_xla/xla/stream_executor/cuda/cuda_blas.cc:1515] Unable to register cuBLAS factory: Attempting to register factory for plugin cuBLAS when one has already been registered
[COMPREHENSIVE] loaded Optuna best JSON for narrow_d192_b4_r2 from /home/rsadve1/scratch/Extended_UPAIR_Narval_b32m16_portable/optuna/clean_b32_prb8_d256_40k_smart_trueDMRS_u34610_1dmrs_stageB_narrow_d192_b4_r2_best_params.json
[ISO-CHUNK] variant: narrow_d192_b4_r2
[ISO-CHUNK] receiver: upair5g_lmmse
[ISO-CHUNK] num_users: 3
[ISO-CHUNK] ebno_db: 0.0
[ISO-CHUNK] chunk_idx: 38
[ISO-CHUNK] chunk_batches: 20
[ISO-CHUNK] receiver_microbatch_size: 8
[ISO-CHUNK] chunk_seed: 5504148
[ISO-CHUNK] checkpoint: /scratch/rsadve1/Extended_UPAIR_Narval_b32m16_portable/TWC_plots_comprehensive/runs_rx16/seed7/1dmrs/narrow_d192_b4_r2/checkpoints/best.weights.h5
[ISO-CHUNK] TF_GPU_ALLOCATOR: cuda_malloc_async
[ISO-CHUNK] output tag: narrow_d192_b4_r2_u3_upair5g_lmmse_ebno0p0_chunk0038_m8_b20
[EVAL] receiver microbatching enabled: batch_size_eval=64 receiver_microbatch_size=8
WARNING:tensorflow:Model's `__init__()` arguments contain non-serializable objects. Please implement a `get_config()` method in the subclassed Model for proper saving and loading. Defaulting to empty config.
WARNING:tensorflow:Model's `__init__()` arguments contain non-serializable objects. Please implement a `get_config()` method in the subclassed Model for proper saving and loading. Defaulting to empty config.
[EVAL] loaded UPAIR checkpoint: /scratch/rsadve1/Extended_UPAIR_Narval_b32m16_portable/TWC_plots_comprehensive/runs_rx16/seed7/1dmrs/narrow_d192_b4_r2/checkpoints/best.weights.h5
[EVAL] skipping explicit NMSE channel-estimator calls for: upair5g_lmmse
[EVAL] instrumentation log_latency=True log_gpu_memory=True memory_cleanup_every_batches=1 memory_cleanup_every_microbatch=True stream_eval_microbatches=True compiled_receiver_error_counts=False receiver_call_jit_compile=False per_receiver_stopping=False target_bler_floor=1e-05 floor_num_frames=0 gpu_mem=0.08GiB peak=0.23GiB
[EVAL] receiver_call name=upair5g_lmmse mode=positional_y_no compiled_error_counts=False
[EVAL] progress num_users=3 Eb/N0=0 dB batches=10/20 frame_err=upair5g_lmmse:3/1920 elapsed=105.4s avg_batch=10.541s gpu_mem=5.73GiB peak=5.88GiB
[EVAL] progress num_users=3 Eb/N0=0 dB batches=20/20 frame_err=upair5g_lmmse:4/3840 elapsed=210.0s avg_batch=10.498s gpu_mem=11.37GiB peak=11.52GiB
[EVAL] receiver=           upair5g_lmmse Eb/N0= 0.0 dB BER=3.52648e-05 BLER=1.04167e-03 NMSE=nan bit_err=   403/11427840 blk_err=    4/3840   batches=  20 stop=global_stop rx_time=133.88s rx_ms_batch=6693.9 rx_ms_frame=34.864 point_time=209.97s gpu_mem=11.37GiB peak=11.52GiB
[ISO-CHUNK] wrote: /home/rsadve1/scratch/Extended_UPAIR_Narval_b32m16_portable/_isolated_eval_chunks/narrow_d192_b4_r2_u3_upair5g_lmmse_ebno0p0_chunk0038_m8_b20/chunk_result.csv
[ISO-CHUNK] DONE
[PIPELINE] status done=0 reason=continue chunks=39 batches=780 block_errors=62/100 next_chunk=39
2026-06-10 09:22:02.752373: E external/local_xla/xla/stream_executor/cuda/cuda_dnn.cc:9261] Unable to register cuDNN factory: Attempting to register factory for plugin cuDNN when one has already been registered
2026-06-10 09:22:02.752426: E external/local_xla/xla/stream_executor/cuda/cuda_fft.cc:607] Unable to register cuFFT factory: Attempting to register factory for plugin cuFFT when one has already been registered
2026-06-10 09:22:02.753496: E external/local_xla/xla/stream_executor/cuda/cuda_blas.cc:1515] Unable to register cuBLAS factory: Attempting to register factory for plugin cuBLAS when one has already been registered
[COMPREHENSIVE] loaded Optuna best JSON for narrow_d192_b4_r2 from /home/rsadve1/scratch/Extended_UPAIR_Narval_b32m16_portable/optuna/clean_b32_prb8_d256_40k_smart_trueDMRS_u34610_1dmrs_stageB_narrow_d192_b4_r2_best_params.json
[ISO-CHUNK] variant: narrow_d192_b4_r2
[ISO-CHUNK] receiver: upair5g_lmmse
[ISO-CHUNK] num_users: 3
[ISO-CHUNK] ebno_db: 0.0
[ISO-CHUNK] chunk_idx: 39
[ISO-CHUNK] chunk_batches: 20
[ISO-CHUNK] receiver_microbatch_size: 8
[ISO-CHUNK] chunk_seed: 5604151
[ISO-CHUNK] checkpoint: /scratch/rsadve1/Extended_UPAIR_Narval_b32m16_portable/TWC_plots_comprehensive/runs_rx16/seed7/1dmrs/narrow_d192_b4_r2/checkpoints/best.weights.h5
[ISO-CHUNK] TF_GPU_ALLOCATOR: cuda_malloc_async
[ISO-CHUNK] output tag: narrow_d192_b4_r2_u3_upair5g_lmmse_ebno0p0_chunk0039_m8_b20
[EVAL] receiver microbatching enabled: batch_size_eval=64 receiver_microbatch_size=8
WARNING:tensorflow:Model's `__init__()` arguments contain non-serializable objects. Please implement a `get_config()` method in the subclassed Model for proper saving and loading. Defaulting to empty config.
WARNING:tensorflow:Model's `__init__()` arguments contain non-serializable objects. Please implement a `get_config()` method in the subclassed Model for proper saving and loading. Defaulting to empty config.
[EVAL] loaded UPAIR checkpoint: /scratch/rsadve1/Extended_UPAIR_Narval_b32m16_portable/TWC_plots_comprehensive/runs_rx16/seed7/1dmrs/narrow_d192_b4_r2/checkpoints/best.weights.h5
[EVAL] skipping explicit NMSE channel-estimator calls for: upair5g_lmmse
[EVAL] instrumentation log_latency=True log_gpu_memory=True memory_cleanup_every_batches=1 memory_cleanup_every_microbatch=True stream_eval_microbatches=True compiled_receiver_error_counts=False receiver_call_jit_compile=False per_receiver_stopping=False target_bler_floor=1e-05 floor_num_frames=0 gpu_mem=0.08GiB peak=0.23GiB
[EVAL] receiver_call name=upair5g_lmmse mode=positional_y_no compiled_error_counts=False
[EVAL] progress num_users=3 Eb/N0=0 dB batches=10/20 frame_err=upair5g_lmmse:0/1920 elapsed=104.6s avg_batch=10.462s gpu_mem=5.73GiB peak=5.88GiB
[EVAL] progress num_users=3 Eb/N0=0 dB batches=20/20 frame_err=upair5g_lmmse:3/3840 elapsed=209.1s avg_batch=10.456s gpu_mem=11.37GiB peak=11.52GiB
[EVAL] receiver=           upair5g_lmmse Eb/N0= 0.0 dB BER=3.71024e-05 BLER=7.81250e-04 NMSE=nan bit_err=   424/11427840 blk_err=    3/3840   batches=  20 stop=global_stop rx_time=132.97s rx_ms_batch=6648.4 rx_ms_frame=34.627 point_time=209.12s gpu_mem=11.37GiB peak=11.52GiB
[ISO-CHUNK] wrote: /home/rsadve1/scratch/Extended_UPAIR_Narval_b32m16_portable/_isolated_eval_chunks/narrow_d192_b4_r2_u3_upair5g_lmmse_ebno0p0_chunk0039_m8_b20/chunk_result.csv
[ISO-CHUNK] DONE
[PIPELINE] status done=0 reason=continue chunks=40 batches=800 block_errors=65/100 next_chunk=40
2026-06-10 09:25:53.187005: E external/local_xla/xla/stream_executor/cuda/cuda_dnn.cc:9261] Unable to register cuDNN factory: Attempting to register factory for plugin cuDNN when one has already been registered
2026-06-10 09:25:53.187059: E external/local_xla/xla/stream_executor/cuda/cuda_fft.cc:607] Unable to register cuFFT factory: Attempting to register factory for plugin cuFFT when one has already been registered
2026-06-10 09:25:53.188156: E external/local_xla/xla/stream_executor/cuda/cuda_blas.cc:1515] Unable to register cuBLAS factory: Attempting to register factory for plugin cuBLAS when one has already been registered
[COMPREHENSIVE] loaded Optuna best JSON for narrow_d192_b4_r2 from /home/rsadve1/scratch/Extended_UPAIR_Narval_b32m16_portable/optuna/clean_b32_prb8_d256_40k_smart_trueDMRS_u34610_1dmrs_stageB_narrow_d192_b4_r2_best_params.json
[ISO-CHUNK] variant: narrow_d192_b4_r2
[ISO-CHUNK] receiver: upair5g_lmmse
[ISO-CHUNK] num_users: 3
[ISO-CHUNK] ebno_db: 0.0
[ISO-CHUNK] chunk_idx: 40
[ISO-CHUNK] chunk_batches: 20
[ISO-CHUNK] receiver_microbatch_size: 8
[ISO-CHUNK] chunk_seed: 5704154
[ISO-CHUNK] checkpoint: /scratch/rsadve1/Extended_UPAIR_Narval_b32m16_portable/TWC_plots_comprehensive/runs_rx16/seed7/1dmrs/narrow_d192_b4_r2/checkpoints/best.weights.h5
[ISO-CHUNK] TF_GPU_ALLOCATOR: cuda_malloc_async
[ISO-CHUNK] output tag: narrow_d192_b4_r2_u3_upair5g_lmmse_ebno0p0_chunk0040_m8_b20
[EVAL] receiver microbatching enabled: batch_size_eval=64 receiver_microbatch_size=8
WARNING:tensorflow:Model's `__init__()` arguments contain non-serializable objects. Please implement a `get_config()` method in the subclassed Model for proper saving and loading. Defaulting to empty config.
WARNING:tensorflow:Model's `__init__()` arguments contain non-serializable objects. Please implement a `get_config()` method in the subclassed Model for proper saving and loading. Defaulting to empty config.
[EVAL] loaded UPAIR checkpoint: /scratch/rsadve1/Extended_UPAIR_Narval_b32m16_portable/TWC_plots_comprehensive/runs_rx16/seed7/1dmrs/narrow_d192_b4_r2/checkpoints/best.weights.h5
[EVAL] skipping explicit NMSE channel-estimator calls for: upair5g_lmmse
[EVAL] instrumentation log_latency=True log_gpu_memory=True memory_cleanup_every_batches=1 memory_cleanup_every_microbatch=True stream_eval_microbatches=True compiled_receiver_error_counts=False receiver_call_jit_compile=False per_receiver_stopping=False target_bler_floor=1e-05 floor_num_frames=0 gpu_mem=0.08GiB peak=0.23GiB
[EVAL] receiver_call name=upair5g_lmmse mode=positional_y_no compiled_error_counts=False
[EVAL] progress num_users=3 Eb/N0=0 dB batches=10/20 frame_err=upair5g_lmmse:0/1920 elapsed=105.9s avg_batch=10.586s gpu_mem=5.73GiB peak=5.88GiB
[EVAL] progress num_users=3 Eb/N0=0 dB batches=20/20 frame_err=upair5g_lmmse:0/3840 elapsed=210.8s avg_batch=10.538s gpu_mem=11.37GiB peak=11.52GiB
[EVAL] receiver=           upair5g_lmmse Eb/N0= 0.0 dB BER=0.00000e+00 BLER=0.00000e+00 NMSE=nan bit_err=     0/11427840 blk_err=    0/3840   batches=  20 stop=global_stop bler_ub=7.813e-04 rx_time=133.98s rx_ms_batch=6699.0 rx_ms_frame=34.890 point_time=210.77s gpu_mem=11.37GiB peak=11.52GiB
[ISO-CHUNK] wrote: /home/rsadve1/scratch/Extended_UPAIR_Narval_b32m16_portable/_isolated_eval_chunks/narrow_d192_b4_r2_u3_upair5g_lmmse_ebno0p0_chunk0040_m8_b20/chunk_result.csv
[ISO-CHUNK] DONE
[PIPELINE] status done=0 reason=continue chunks=41 batches=820 block_errors=65/100 next_chunk=41
2026-06-10 09:29:44.895584: E external/local_xla/xla/stream_executor/cuda/cuda_dnn.cc:9261] Unable to register cuDNN factory: Attempting to register factory for plugin cuDNN when one has already been registered
2026-06-10 09:29:44.895633: E external/local_xla/xla/stream_executor/cuda/cuda_fft.cc:607] Unable to register cuFFT factory: Attempting to register factory for plugin cuFFT when one has already been registered
2026-06-10 09:29:44.896694: E external/local_xla/xla/stream_executor/cuda/cuda_blas.cc:1515] Unable to register cuBLAS factory: Attempting to register factory for plugin cuBLAS when one has already been registered
[COMPREHENSIVE] loaded Optuna best JSON for narrow_d192_b4_r2 from /home/rsadve1/scratch/Extended_UPAIR_Narval_b32m16_portable/optuna/clean_b32_prb8_d256_40k_smart_trueDMRS_u34610_1dmrs_stageB_narrow_d192_b4_r2_best_params.json
[ISO-CHUNK] variant: narrow_d192_b4_r2
[ISO-CHUNK] receiver: upair5g_lmmse
[ISO-CHUNK] num_users: 3
[ISO-CHUNK] ebno_db: 0.0
[ISO-CHUNK] chunk_idx: 41
[ISO-CHUNK] chunk_batches: 20
[ISO-CHUNK] receiver_microbatch_size: 8
[ISO-CHUNK] chunk_seed: 5804157
[ISO-CHUNK] checkpoint: /scratch/rsadve1/Extended_UPAIR_Narval_b32m16_portable/TWC_plots_comprehensive/runs_rx16/seed7/1dmrs/narrow_d192_b4_r2/checkpoints/best.weights.h5
[ISO-CHUNK] TF_GPU_ALLOCATOR: cuda_malloc_async
[ISO-CHUNK] output tag: narrow_d192_b4_r2_u3_upair5g_lmmse_ebno0p0_chunk0041_m8_b20
[EVAL] receiver microbatching enabled: batch_size_eval=64 receiver_microbatch_size=8
