[ENV] Reusing portable venv: /home/rsadve1/scratch/.vevn_upair_potable
[ENV] Checking installed package metadata only; TensorFlow/Sionna are not imported here.
[ENV] Python 3.11.5
[ENV] numpy 1.26.4+computecanada
[ENV] pandas 2.2.3+computecanada
[ENV] matplotlib 3.10.0+computecanada
[ENV] PyYAML 6.0.2+computecanada
[ENV] scipy 1.15.1+computecanada
[ENV] tensorflow 2.15.1+computecanada
[ENV] sionna-no-rt 1.2.1
[ENV] optuna 4.8.0+computecanada
[ENV] Skipping TensorFlow/Sionna import check on this node. Set UPAIR_DEEP_IMPORT_CHECK=1 to test imports explicitly.
[ENV] Ready: REPO=/home/rsadve1/scratch/Extended_UPAIR_Narval_b32m16_portable
[ENV] Ready: VENV=/home/rsadve1/scratch/.vevn_upair_potable
[ENV] Reusing portable venv: /home/rsadve1/scratch/.vevn_upair_potable
[ENV] Checking installed package metadata only; TensorFlow/Sionna are not imported here.
[ENV] Python 3.11.5
[ENV] numpy 1.26.4+computecanada
[ENV] pandas 2.2.3+computecanada
[ENV] matplotlib 3.10.0+computecanada
[ENV] PyYAML 6.0.2+computecanada
[ENV] scipy 1.15.1+computecanada
[ENV] tensorflow 2.15.1+computecanada
[ENV] sionna-no-rt 1.2.1
[ENV] optuna 4.8.0+computecanada
[ENV] Skipping TensorFlow/Sionna import check on this node. Set UPAIR_DEEP_IMPORT_CHECK=1 to test imports explicitly.
[ENV] Ready: REPO=/home/rsadve1/scratch/Extended_UPAIR_Narval_b32m16_portable
[ENV] Ready: VENV=/home/rsadve1/scratch/.vevn_upair_potable
================================================================================
[PIPELINE] variant=main_d256_b4_r2
[PIPELINE] root=/home/rsadve1/scratch/Extended_UPAIR_Narval_b32m16_portable
[PIPELINE] stageB_prefix=clean_b32_prb8_d256_40k_smart_trueDMRS_u34610_1dmrs_stageB
[PIPELINE] receivers=upair5g_lmmse,baseline_ls_lmmse,baseline_ls_2dlmmse_lmmse,perfect_csi_lmmse
[PIPELINE] users=3
[PIPELINE] ebnos=-4,-3,-2,-1,0,1,2,3,4
[PIPELINE] chunk_batches=20 micro=8
================================================================================
[PIPELINE] training already complete for main_d256_b4_r2; skipping training.
[PIPELINE] starting/resuming isolated evaluation for main_d256_b4_r2.

--------------------------------------------------------------------------------
[PIPELINE] eval point variant=main_d256_b4_r2 receiver=upair5g_lmmse U=3 Eb/N0=-4
--------------------------------------------------------------------------------
[PIPELINE] status done=0 reason=continue chunks=0 batches=0 block_errors=0/100 next_chunk=0
2026-06-10 04:01:05.680764: E external/local_xla/xla/stream_executor/cuda/cuda_dnn.cc:9261] Unable to register cuDNN factory: Attempting to register factory for plugin cuDNN when one has already been registered
2026-06-10 04:01:05.680832: E external/local_xla/xla/stream_executor/cuda/cuda_fft.cc:607] Unable to register cuFFT factory: Attempting to register factory for plugin cuFFT when one has already been registered
2026-06-10 04:01:06.071030: E external/local_xla/xla/stream_executor/cuda/cuda_blas.cc:1515] Unable to register cuBLAS factory: Attempting to register factory for plugin cuBLAS when one has already been registered
[COMPREHENSIVE] loaded Optuna best JSON for main_d256_b4_r2 from /home/rsadve1/scratch/Extended_UPAIR_Narval_b32m16_portable/optuna/clean_b32_prb8_d256_40k_smart_trueDMRS_u34610_1dmrs_stageB_main_d256_b4_r2_best_params.json
[ISO-CHUNK] variant: main_d256_b4_r2
[ISO-CHUNK] receiver: upair5g_lmmse
[ISO-CHUNK] num_users: 3
[ISO-CHUNK] ebno_db: -4.0
[ISO-CHUNK] chunk_idx: 0
[ISO-CHUNK] chunk_batches: 20
[ISO-CHUNK] receiver_microbatch_size: 8
[ISO-CHUNK] chunk_seed: 1636034
[ISO-CHUNK] checkpoint: /scratch/rsadve1/Extended_UPAIR_Narval_b32m16_portable/TWC_plots_comprehensive/runs_rx16/seed7/1dmrs/main_d256_b4_r2/checkpoints/best.weights.h5
[ISO-CHUNK] TF_GPU_ALLOCATOR: cuda_malloc_async
[ISO-CHUNK] output tag: main_d256_b4_r2_u3_upair5g_lmmse_ebnom4p0_chunk0000_m8_b20
[EVAL] receiver microbatching enabled: batch_size_eval=64 receiver_microbatch_size=8
WARNING:tensorflow:Model's `__init__()` arguments contain non-serializable objects. Please implement a `get_config()` method in the subclassed Model for proper saving and loading. Defaulting to empty config.
WARNING:tensorflow:Model's `__init__()` arguments contain non-serializable objects. Please implement a `get_config()` method in the subclassed Model for proper saving and loading. Defaulting to empty config.
[EVAL] loaded UPAIR checkpoint: /scratch/rsadve1/Extended_UPAIR_Narval_b32m16_portable/TWC_plots_comprehensive/runs_rx16/seed7/1dmrs/main_d256_b4_r2/checkpoints/best.weights.h5
[EVAL] skipping explicit NMSE channel-estimator calls for: upair5g_lmmse
[EVAL] instrumentation log_latency=True log_gpu_memory=True memory_cleanup_every_batches=1 memory_cleanup_every_microbatch=True stream_eval_microbatches=True compiled_receiver_error_counts=False receiver_call_jit_compile=False per_receiver_stopping=False target_bler_floor=1e-05 floor_num_frames=0 gpu_mem=0.09GiB peak=0.27GiB
[EVAL] receiver_call name=upair5g_lmmse mode=positional_y_no compiled_error_counts=False
[EVAL] progress num_users=3 Eb/N0=-4 dB batches=10/20 frame_err=upair5g_lmmse:227/1920 elapsed=105.3s avg_batch=10.527s gpu_mem=5.74GiB peak=5.92GiB
[EVAL] progress num_users=3 Eb/N0=-4 dB batches=20/20 frame_err=upair5g_lmmse:424/3840 elapsed=210.2s avg_batch=10.511s gpu_mem=11.38GiB peak=11.56GiB
[EVAL] receiver=           upair5g_lmmse Eb/N0=-4.0 dB BER=6.89492e-03 BLER=1.10417e-01 NMSE=nan bit_err= 78794/11427840 blk_err=  424/3840   batches=  20 stop=global_stop rx_time=131.95s rx_ms_batch=6597.3 rx_ms_frame=34.361 point_time=210.23s gpu_mem=11.38GiB peak=11.56GiB
[ISO-CHUNK] wrote: /home/rsadve1/scratch/Extended_UPAIR_Narval_b32m16_portable/_isolated_eval_chunks/main_d256_b4_r2_u3_upair5g_lmmse_ebnom4p0_chunk0000_m8_b20/chunk_result.csv
[ISO-CHUNK] DONE
[PIPELINE] status done=1 reason=target_block_errors chunks=1 batches=20 block_errors=424/100 next_chunk=-1
[ISO-MERGE] chunks: 1
[ISO-MERGE] rows: 1
[ISO-MERGE] wrote: /home/rsadve1/scratch/Extended_UPAIR_Narval_b32m16_portable/_isolated_eval_chunks/merged_main_d256_b4_r2_u3_upair5g_lmmse_em4.csv
[ISO-MERGE] wrote: /home/rsadve1/scratch/Extended_UPAIR_Narval_b32m16_portable/_isolated_eval_chunks/merged_main_d256_b4_r2_u3_upair5g_lmmse_em4.summary.json
     receiver         variant dmrs_case  seed  training_seed  num_users  ebno_db  num_chunks chunk_indices  bit_errors  num_bits  block_errors  num_blocks  num_batches_run  point_elapsed_s  data_elapsed_s  receiver_elapsed_s      ber     bler  nmse       mc_stop_reason  target_bler_floor  bler_zero_error_upper_bound  ber_zero_error_upper_bound  receiver_ms_per_batch  receiver_ms_per_frame  reliable_ber  reliable_bler
upair5g_lmmse main_d256_b4_r2     1dmrs     7              7          3     -4.0           1             0       78794  11427840           424        3840               20       210.226988       58.123725          131.946154 0.006895 0.110417   NaN isolated_chunk_merge                NaN                          NaN                         NaN            6597.307676              34.360977          True           True

--------------------------------------------------------------------------------
[PIPELINE] eval point variant=main_d256_b4_r2 receiver=upair5g_lmmse U=3 Eb/N0=-3
--------------------------------------------------------------------------------
[PIPELINE] status done=0 reason=continue chunks=0 batches=0 block_errors=0/100 next_chunk=0
2026-06-10 04:05:56.332959: E external/local_xla/xla/stream_executor/cuda/cuda_dnn.cc:9261] Unable to register cuDNN factory: Attempting to register factory for plugin cuDNN when one has already been registered
2026-06-10 04:05:56.333003: E external/local_xla/xla/stream_executor/cuda/cuda_fft.cc:607] Unable to register cuFFT factory: Attempting to register factory for plugin cuFFT when one has already been registered
2026-06-10 04:05:56.333979: E external/local_xla/xla/stream_executor/cuda/cuda_blas.cc:1515] Unable to register cuBLAS factory: Attempting to register factory for plugin cuBLAS when one has already been registered
[COMPREHENSIVE] loaded Optuna best JSON for main_d256_b4_r2 from /home/rsadve1/scratch/Extended_UPAIR_Narval_b32m16_portable/optuna/clean_b32_prb8_d256_40k_smart_trueDMRS_u34610_1dmrs_stageB_main_d256_b4_r2_best_params.json
[ISO-CHUNK] variant: main_d256_b4_r2
[ISO-CHUNK] receiver: upair5g_lmmse
[ISO-CHUNK] num_users: 3
[ISO-CHUNK] ebno_db: -3.0
[ISO-CHUNK] chunk_idx: 0
[ISO-CHUNK] chunk_batches: 20
[ISO-CHUNK] receiver_microbatch_size: 8
[ISO-CHUNK] chunk_seed: 1653034
[ISO-CHUNK] checkpoint: /scratch/rsadve1/Extended_UPAIR_Narval_b32m16_portable/TWC_plots_comprehensive/runs_rx16/seed7/1dmrs/main_d256_b4_r2/checkpoints/best.weights.h5
[ISO-CHUNK] TF_GPU_ALLOCATOR: cuda_malloc_async
[ISO-CHUNK] output tag: main_d256_b4_r2_u3_upair5g_lmmse_ebnom3p0_chunk0000_m8_b20
[EVAL] receiver microbatching enabled: batch_size_eval=64 receiver_microbatch_size=8
WARNING:tensorflow:Model's `__init__()` arguments contain non-serializable objects. Please implement a `get_config()` method in the subclassed Model for proper saving and loading. Defaulting to empty config.
WARNING:tensorflow:Model's `__init__()` arguments contain non-serializable objects. Please implement a `get_config()` method in the subclassed Model for proper saving and loading. Defaulting to empty config.
[EVAL] loaded UPAIR checkpoint: /scratch/rsadve1/Extended_UPAIR_Narval_b32m16_portable/TWC_plots_comprehensive/runs_rx16/seed7/1dmrs/main_d256_b4_r2/checkpoints/best.weights.h5
[EVAL] skipping explicit NMSE channel-estimator calls for: upair5g_lmmse
[EVAL] instrumentation log_latency=True log_gpu_memory=True memory_cleanup_every_batches=1 memory_cleanup_every_microbatch=True stream_eval_microbatches=True compiled_receiver_error_counts=False receiver_call_jit_compile=False per_receiver_stopping=False target_bler_floor=1e-05 floor_num_frames=0 gpu_mem=0.09GiB peak=0.27GiB
[EVAL] receiver_call name=upair5g_lmmse mode=positional_y_no compiled_error_counts=False
[EVAL] progress num_users=3 Eb/N0=-3 dB batches=10/20 frame_err=upair5g_lmmse:60/1920 elapsed=105.8s avg_batch=10.579s gpu_mem=5.74GiB peak=5.92GiB
[EVAL] progress num_users=3 Eb/N0=-3 dB batches=20/20 frame_err=upair5g_lmmse:121/3840 elapsed=211.4s avg_batch=10.570s gpu_mem=11.38GiB peak=11.56GiB
[EVAL] receiver=           upair5g_lmmse Eb/N0=-3.0 dB BER=1.87078e-03 BLER=3.15104e-02 NMSE=nan bit_err= 21379/11427840 blk_err=  121/3840   batches=  20 stop=global_stop rx_time=132.27s rx_ms_batch=6613.6 rx_ms_frame=34.446 point_time=211.41s gpu_mem=11.38GiB peak=11.56GiB
[ISO-CHUNK] wrote: /home/rsadve1/scratch/Extended_UPAIR_Narval_b32m16_portable/_isolated_eval_chunks/main_d256_b4_r2_u3_upair5g_lmmse_ebnom3p0_chunk0000_m8_b20/chunk_result.csv
[ISO-CHUNK] DONE
[PIPELINE] status done=1 reason=target_block_errors chunks=1 batches=20 block_errors=121/100 next_chunk=-1
[ISO-MERGE] chunks: 1
[ISO-MERGE] rows: 1
[ISO-MERGE] wrote: /home/rsadve1/scratch/Extended_UPAIR_Narval_b32m16_portable/_isolated_eval_chunks/merged_main_d256_b4_r2_u3_upair5g_lmmse_em3.csv
[ISO-MERGE] wrote: /home/rsadve1/scratch/Extended_UPAIR_Narval_b32m16_portable/_isolated_eval_chunks/merged_main_d256_b4_r2_u3_upair5g_lmmse_em3.summary.json
     receiver         variant dmrs_case  seed  training_seed  num_users  ebno_db  num_chunks chunk_indices  bit_errors  num_bits  block_errors  num_blocks  num_batches_run  point_elapsed_s  data_elapsed_s  receiver_elapsed_s      ber    bler  nmse       mc_stop_reason  target_bler_floor  bler_zero_error_upper_bound  ber_zero_error_upper_bound  receiver_ms_per_batch  receiver_ms_per_frame  reliable_ber  reliable_bler
upair5g_lmmse main_d256_b4_r2     1dmrs     7              7          3     -3.0           1             0       21379  11427840           121        3840               20       211.408695       58.419413          132.272173 0.001871 0.03151   NaN isolated_chunk_merge                NaN                          NaN                         NaN            6613.608661              34.445878          True           True

--------------------------------------------------------------------------------
[PIPELINE] eval point variant=main_d256_b4_r2 receiver=upair5g_lmmse U=3 Eb/N0=-2
--------------------------------------------------------------------------------
[PIPELINE] status done=0 reason=continue chunks=0 batches=0 block_errors=0/100 next_chunk=0
2026-06-10 04:10:07.618523: E external/local_xla/xla/stream_executor/cuda/cuda_dnn.cc:9261] Unable to register cuDNN factory: Attempting to register factory for plugin cuDNN when one has already been registered
2026-06-10 04:10:07.618562: E external/local_xla/xla/stream_executor/cuda/cuda_fft.cc:607] Unable to register cuFFT factory: Attempting to register factory for plugin cuFFT when one has already been registered
2026-06-10 04:10:07.619504: E external/local_xla/xla/stream_executor/cuda/cuda_blas.cc:1515] Unable to register cuBLAS factory: Attempting to register factory for plugin cuBLAS when one has already been registered
[COMPREHENSIVE] loaded Optuna best JSON for main_d256_b4_r2 from /home/rsadve1/scratch/Extended_UPAIR_Narval_b32m16_portable/optuna/clean_b32_prb8_d256_40k_smart_trueDMRS_u34610_1dmrs_stageB_main_d256_b4_r2_best_params.json
[ISO-CHUNK] variant: main_d256_b4_r2
[ISO-CHUNK] receiver: upair5g_lmmse
[ISO-CHUNK] num_users: 3
[ISO-CHUNK] ebno_db: -2.0
[ISO-CHUNK] chunk_idx: 0
[ISO-CHUNK] chunk_batches: 20
[ISO-CHUNK] receiver_microbatch_size: 8
[ISO-CHUNK] chunk_seed: 1670034
[ISO-CHUNK] checkpoint: /scratch/rsadve1/Extended_UPAIR_Narval_b32m16_portable/TWC_plots_comprehensive/runs_rx16/seed7/1dmrs/main_d256_b4_r2/checkpoints/best.weights.h5
[ISO-CHUNK] TF_GPU_ALLOCATOR: cuda_malloc_async
[ISO-CHUNK] output tag: main_d256_b4_r2_u3_upair5g_lmmse_ebnom2p0_chunk0000_m8_b20
[EVAL] receiver microbatching enabled: batch_size_eval=64 receiver_microbatch_size=8
WARNING:tensorflow:Model's `__init__()` arguments contain non-serializable objects. Please implement a `get_config()` method in the subclassed Model for proper saving and loading. Defaulting to empty config.
WARNING:tensorflow:Model's `__init__()` arguments contain non-serializable objects. Please implement a `get_config()` method in the subclassed Model for proper saving and loading. Defaulting to empty config.
[EVAL] loaded UPAIR checkpoint: /scratch/rsadve1/Extended_UPAIR_Narval_b32m16_portable/TWC_plots_comprehensive/runs_rx16/seed7/1dmrs/main_d256_b4_r2/checkpoints/best.weights.h5
[EVAL] skipping explicit NMSE channel-estimator calls for: upair5g_lmmse
[EVAL] instrumentation log_latency=True log_gpu_memory=True memory_cleanup_every_batches=1 memory_cleanup_every_microbatch=True stream_eval_microbatches=True compiled_receiver_error_counts=False receiver_call_jit_compile=False per_receiver_stopping=False target_bler_floor=1e-05 floor_num_frames=0 gpu_mem=0.09GiB peak=0.27GiB
[EVAL] receiver_call name=upair5g_lmmse mode=positional_y_no compiled_error_counts=False
[EVAL] progress num_users=3 Eb/N0=-2 dB batches=10/20 frame_err=upair5g_lmmse:11/1920 elapsed=104.0s avg_batch=10.400s gpu_mem=5.74GiB peak=5.92GiB
[EVAL] progress num_users=3 Eb/N0=-2 dB batches=20/20 frame_err=upair5g_lmmse:26/3840 elapsed=207.7s avg_batch=10.387s gpu_mem=11.38GiB peak=11.56GiB
[EVAL] receiver=           upair5g_lmmse Eb/N0=-2.0 dB BER=3.28496e-04 BLER=6.77083e-03 NMSE=nan bit_err=  3754/11427840 blk_err=   26/3840   batches=  20 stop=global_stop rx_time=130.15s rx_ms_batch=6507.6 rx_ms_frame=33.894 point_time=207.73s gpu_mem=11.38GiB peak=11.56GiB
[ISO-CHUNK] wrote: /home/rsadve1/scratch/Extended_UPAIR_Narval_b32m16_portable/_isolated_eval_chunks/main_d256_b4_r2_u3_upair5g_lmmse_ebnom2p0_chunk0000_m8_b20/chunk_result.csv
[ISO-CHUNK] DONE
[PIPELINE] status done=0 reason=continue chunks=1 batches=20 block_errors=26/100 next_chunk=1
2026-06-10 04:14:10.369403: E external/local_xla/xla/stream_executor/cuda/cuda_dnn.cc:9261] Unable to register cuDNN factory: Attempting to register factory for plugin cuDNN when one has already been registered
2026-06-10 04:14:10.369445: E external/local_xla/xla/stream_executor/cuda/cuda_fft.cc:607] Unable to register cuFFT factory: Attempting to register factory for plugin cuFFT when one has already been registered
2026-06-10 04:14:10.370339: E external/local_xla/xla/stream_executor/cuda/cuda_blas.cc:1515] Unable to register cuBLAS factory: Attempting to register factory for plugin cuBLAS when one has already been registered
[COMPREHENSIVE] loaded Optuna best JSON for main_d256_b4_r2 from /home/rsadve1/scratch/Extended_UPAIR_Narval_b32m16_portable/optuna/clean_b32_prb8_d256_40k_smart_trueDMRS_u34610_1dmrs_stageB_main_d256_b4_r2_best_params.json
[ISO-CHUNK] variant: main_d256_b4_r2
[ISO-CHUNK] receiver: upair5g_lmmse
[ISO-CHUNK] num_users: 3
[ISO-CHUNK] ebno_db: -2.0
[ISO-CHUNK] chunk_idx: 1
[ISO-CHUNK] chunk_batches: 20
[ISO-CHUNK] receiver_microbatch_size: 8
[ISO-CHUNK] chunk_seed: 1770037
[ISO-CHUNK] checkpoint: /scratch/rsadve1/Extended_UPAIR_Narval_b32m16_portable/TWC_plots_comprehensive/runs_rx16/seed7/1dmrs/main_d256_b4_r2/checkpoints/best.weights.h5
[ISO-CHUNK] TF_GPU_ALLOCATOR: cuda_malloc_async
[ISO-CHUNK] output tag: main_d256_b4_r2_u3_upair5g_lmmse_ebnom2p0_chunk0001_m8_b20
[EVAL] receiver microbatching enabled: batch_size_eval=64 receiver_microbatch_size=8
WARNING:tensorflow:Model's `__init__()` arguments contain non-serializable objects. Please implement a `get_config()` method in the subclassed Model for proper saving and loading. Defaulting to empty config.
WARNING:tensorflow:Model's `__init__()` arguments contain non-serializable objects. Please implement a `get_config()` method in the subclassed Model for proper saving and loading. Defaulting to empty config.
[EVAL] loaded UPAIR checkpoint: /scratch/rsadve1/Extended_UPAIR_Narval_b32m16_portable/TWC_plots_comprehensive/runs_rx16/seed7/1dmrs/main_d256_b4_r2/checkpoints/best.weights.h5
[EVAL] skipping explicit NMSE channel-estimator calls for: upair5g_lmmse
[EVAL] instrumentation log_latency=True log_gpu_memory=True memory_cleanup_every_batches=1 memory_cleanup_every_microbatch=True stream_eval_microbatches=True compiled_receiver_error_counts=False receiver_call_jit_compile=False per_receiver_stopping=False target_bler_floor=1e-05 floor_num_frames=0 gpu_mem=0.09GiB peak=0.27GiB
[EVAL] receiver_call name=upair5g_lmmse mode=positional_y_no compiled_error_counts=False
[EVAL] progress num_users=3 Eb/N0=-2 dB batches=10/20 frame_err=upair5g_lmmse:18/1920 elapsed=106.3s avg_batch=10.629s gpu_mem=5.74GiB peak=5.92GiB
[EVAL] progress num_users=3 Eb/N0=-2 dB batches=20/20 frame_err=upair5g_lmmse:34/3840 elapsed=212.5s avg_batch=10.624s gpu_mem=11.38GiB peak=11.56GiB
[EVAL] receiver=           upair5g_lmmse Eb/N0=-2.0 dB BER=4.22477e-04 BLER=8.85417e-03 NMSE=nan bit_err=  4828/11427840 blk_err=   34/3840   batches=  20 stop=global_stop rx_time=133.16s rx_ms_batch=6657.8 rx_ms_frame=34.676 point_time=212.49s gpu_mem=11.38GiB peak=11.56GiB
[ISO-CHUNK] wrote: /home/rsadve1/scratch/Extended_UPAIR_Narval_b32m16_portable/_isolated_eval_chunks/main_d256_b4_r2_u3_upair5g_lmmse_ebnom2p0_chunk0001_m8_b20/chunk_result.csv
[ISO-CHUNK] DONE
[PIPELINE] status done=0 reason=continue chunks=2 batches=40 block_errors=60/100 next_chunk=2
2026-06-10 04:18:17.211441: E external/local_xla/xla/stream_executor/cuda/cuda_dnn.cc:9261] Unable to register cuDNN factory: Attempting to register factory for plugin cuDNN when one has already been registered
2026-06-10 04:18:17.211477: E external/local_xla/xla/stream_executor/cuda/cuda_fft.cc:607] Unable to register cuFFT factory: Attempting to register factory for plugin cuFFT when one has already been registered
2026-06-10 04:18:17.212491: E external/local_xla/xla/stream_executor/cuda/cuda_blas.cc:1515] Unable to register cuBLAS factory: Attempting to register factory for plugin cuBLAS when one has already been registered
[COMPREHENSIVE] loaded Optuna best JSON for main_d256_b4_r2 from /home/rsadve1/scratch/Extended_UPAIR_Narval_b32m16_portable/optuna/clean_b32_prb8_d256_40k_smart_trueDMRS_u34610_1dmrs_stageB_main_d256_b4_r2_best_params.json
[ISO-CHUNK] variant: main_d256_b4_r2
[ISO-CHUNK] receiver: upair5g_lmmse
[ISO-CHUNK] num_users: 3
[ISO-CHUNK] ebno_db: -2.0
[ISO-CHUNK] chunk_idx: 2
[ISO-CHUNK] chunk_batches: 20
[ISO-CHUNK] receiver_microbatch_size: 8
[ISO-CHUNK] chunk_seed: 1870040
[ISO-CHUNK] checkpoint: /scratch/rsadve1/Extended_UPAIR_Narval_b32m16_portable/TWC_plots_comprehensive/runs_rx16/seed7/1dmrs/main_d256_b4_r2/checkpoints/best.weights.h5
[ISO-CHUNK] TF_GPU_ALLOCATOR: cuda_malloc_async
[ISO-CHUNK] output tag: main_d256_b4_r2_u3_upair5g_lmmse_ebnom2p0_chunk0002_m8_b20
[EVAL] receiver microbatching enabled: batch_size_eval=64 receiver_microbatch_size=8
WARNING:tensorflow:Model's `__init__()` arguments contain non-serializable objects. Please implement a `get_config()` method in the subclassed Model for proper saving and loading. Defaulting to empty config.
WARNING:tensorflow:Model's `__init__()` arguments contain non-serializable objects. Please implement a `get_config()` method in the subclassed Model for proper saving and loading. Defaulting to empty config.
[EVAL] loaded UPAIR checkpoint: /scratch/rsadve1/Extended_UPAIR_Narval_b32m16_portable/TWC_plots_comprehensive/runs_rx16/seed7/1dmrs/main_d256_b4_r2/checkpoints/best.weights.h5
[EVAL] skipping explicit NMSE channel-estimator calls for: upair5g_lmmse
[EVAL] instrumentation log_latency=True log_gpu_memory=True memory_cleanup_every_batches=1 memory_cleanup_every_microbatch=True stream_eval_microbatches=True compiled_receiver_error_counts=False receiver_call_jit_compile=False per_receiver_stopping=False target_bler_floor=1e-05 floor_num_frames=0 gpu_mem=0.09GiB peak=0.27GiB
[EVAL] receiver_call name=upair5g_lmmse mode=positional_y_no compiled_error_counts=False
[EVAL] progress num_users=3 Eb/N0=-2 dB batches=10/20 frame_err=upair5g_lmmse:7/1920 elapsed=106.4s avg_batch=10.641s gpu_mem=5.74GiB peak=5.92GiB
[EVAL] progress num_users=3 Eb/N0=-2 dB batches=20/20 frame_err=upair5g_lmmse:20/3840 elapsed=212.0s avg_batch=10.598s gpu_mem=11.38GiB peak=11.56GiB
[EVAL] receiver=           upair5g_lmmse Eb/N0=-2.0 dB BER=2.12551e-04 BLER=5.20833e-03 NMSE=nan bit_err=  2429/11427840 blk_err=   20/3840   batches=  20 stop=global_stop rx_time=132.89s rx_ms_batch=6644.6 rx_ms_frame=34.607 point_time=211.95s gpu_mem=11.38GiB peak=11.56GiB
[ISO-CHUNK] wrote: /home/rsadve1/scratch/Extended_UPAIR_Narval_b32m16_portable/_isolated_eval_chunks/main_d256_b4_r2_u3_upair5g_lmmse_ebnom2p0_chunk0002_m8_b20/chunk_result.csv
[ISO-CHUNK] DONE
[PIPELINE] status done=0 reason=continue chunks=3 batches=60 block_errors=80/100 next_chunk=3
2026-06-10 04:22:28.103064: E external/local_xla/xla/stream_executor/cuda/cuda_dnn.cc:9261] Unable to register cuDNN factory: Attempting to register factory for plugin cuDNN when one has already been registered
2026-06-10 04:22:28.103098: E external/local_xla/xla/stream_executor/cuda/cuda_fft.cc:607] Unable to register cuFFT factory: Attempting to register factory for plugin cuFFT when one has already been registered
2026-06-10 04:22:28.104087: E external/local_xla/xla/stream_executor/cuda/cuda_blas.cc:1515] Unable to register cuBLAS factory: Attempting to register factory for plugin cuBLAS when one has already been registered
[COMPREHENSIVE] loaded Optuna best JSON for main_d256_b4_r2 from /home/rsadve1/scratch/Extended_UPAIR_Narval_b32m16_portable/optuna/clean_b32_prb8_d256_40k_smart_trueDMRS_u34610_1dmrs_stageB_main_d256_b4_r2_best_params.json
[ISO-CHUNK] variant: main_d256_b4_r2
[ISO-CHUNK] receiver: upair5g_lmmse
[ISO-CHUNK] num_users: 3
[ISO-CHUNK] ebno_db: -2.0
[ISO-CHUNK] chunk_idx: 3
[ISO-CHUNK] chunk_batches: 20
[ISO-CHUNK] receiver_microbatch_size: 8
[ISO-CHUNK] chunk_seed: 1970043
[ISO-CHUNK] checkpoint: /scratch/rsadve1/Extended_UPAIR_Narval_b32m16_portable/TWC_plots_comprehensive/runs_rx16/seed7/1dmrs/main_d256_b4_r2/checkpoints/best.weights.h5
[ISO-CHUNK] TF_GPU_ALLOCATOR: cuda_malloc_async
[ISO-CHUNK] output tag: main_d256_b4_r2_u3_upair5g_lmmse_ebnom2p0_chunk0003_m8_b20
[EVAL] receiver microbatching enabled: batch_size_eval=64 receiver_microbatch_size=8
WARNING:tensorflow:Model's `__init__()` arguments contain non-serializable objects. Please implement a `get_config()` method in the subclassed Model for proper saving and loading. Defaulting to empty config.
WARNING:tensorflow:Model's `__init__()` arguments contain non-serializable objects. Please implement a `get_config()` method in the subclassed Model for proper saving and loading. Defaulting to empty config.
[EVAL] loaded UPAIR checkpoint: /scratch/rsadve1/Extended_UPAIR_Narval_b32m16_portable/TWC_plots_comprehensive/runs_rx16/seed7/1dmrs/main_d256_b4_r2/checkpoints/best.weights.h5
[EVAL] skipping explicit NMSE channel-estimator calls for: upair5g_lmmse
[EVAL] instrumentation log_latency=True log_gpu_memory=True memory_cleanup_every_batches=1 memory_cleanup_every_microbatch=True stream_eval_microbatches=True compiled_receiver_error_counts=False receiver_call_jit_compile=False per_receiver_stopping=False target_bler_floor=1e-05 floor_num_frames=0 gpu_mem=0.09GiB peak=0.27GiB
[EVAL] receiver_call name=upair5g_lmmse mode=positional_y_no compiled_error_counts=False
[EVAL] progress num_users=3 Eb/N0=-2 dB batches=10/20 frame_err=upair5g_lmmse:13/1920 elapsed=106.1s avg_batch=10.606s gpu_mem=5.74GiB peak=5.92GiB
[EVAL] progress num_users=3 Eb/N0=-2 dB batches=20/20 frame_err=upair5g_lmmse:26/3840 elapsed=211.9s avg_batch=10.597s gpu_mem=11.38GiB peak=11.56GiB
[EVAL] receiver=           upair5g_lmmse Eb/N0=-2.0 dB BER=2.19727e-04 BLER=6.77083e-03 NMSE=nan bit_err=  2511/11427840 blk_err=   26/3840   batches=  20 stop=global_stop rx_time=132.88s rx_ms_batch=6643.8 rx_ms_frame=34.603 point_time=211.94s gpu_mem=11.38GiB peak=11.56GiB
[ISO-CHUNK] wrote: /home/rsadve1/scratch/Extended_UPAIR_Narval_b32m16_portable/_isolated_eval_chunks/main_d256_b4_r2_u3_upair5g_lmmse_ebnom2p0_chunk0003_m8_b20/chunk_result.csv
[ISO-CHUNK] DONE
[PIPELINE] status done=1 reason=target_block_errors chunks=4 batches=80 block_errors=106/100 next_chunk=-1
[ISO-MERGE] chunks: 4
[ISO-MERGE] rows: 1
[ISO-MERGE] wrote: /home/rsadve1/scratch/Extended_UPAIR_Narval_b32m16_portable/_isolated_eval_chunks/merged_main_d256_b4_r2_u3_upair5g_lmmse_em2.csv
[ISO-MERGE] wrote: /home/rsadve1/scratch/Extended_UPAIR_Narval_b32m16_portable/_isolated_eval_chunks/merged_main_d256_b4_r2_u3_upair5g_lmmse_em2.summary.json
     receiver         variant dmrs_case  seed  training_seed  num_users  ebno_db  num_chunks chunk_indices  bit_errors  num_bits  block_errors  num_blocks  num_batches_run  point_elapsed_s  data_elapsed_s  receiver_elapsed_s      ber     bler  nmse       mc_stop_reason  target_bler_floor  bler_zero_error_upper_bound  ber_zero_error_upper_bound  receiver_ms_per_batch  receiver_ms_per_frame  reliable_ber  reliable_bler
upair5g_lmmse main_d256_b4_r2     1dmrs     7              7          3     -2.0           4       0,1,2,3       13522  45711360           106       15360               80       844.122754      233.127879          529.077396 0.000296 0.006901   NaN isolated_chunk_merge                NaN                          NaN                         NaN            6613.467445              34.445143          True           True

--------------------------------------------------------------------------------
[PIPELINE] eval point variant=main_d256_b4_r2 receiver=upair5g_lmmse U=3 Eb/N0=-1
--------------------------------------------------------------------------------
[PIPELINE] status done=0 reason=continue chunks=0 batches=0 block_errors=0/100 next_chunk=0
2026-06-10 04:26:39.679017: E external/local_xla/xla/stream_executor/cuda/cuda_dnn.cc:9261] Unable to register cuDNN factory: Attempting to register factory for plugin cuDNN when one has already been registered
2026-06-10 04:26:39.679055: E external/local_xla/xla/stream_executor/cuda/cuda_fft.cc:607] Unable to register cuFFT factory: Attempting to register factory for plugin cuFFT when one has already been registered
2026-06-10 04:26:39.680006: E external/local_xla/xla/stream_executor/cuda/cuda_blas.cc:1515] Unable to register cuBLAS factory: Attempting to register factory for plugin cuBLAS when one has already been registered
[COMPREHENSIVE] loaded Optuna best JSON for main_d256_b4_r2 from /home/rsadve1/scratch/Extended_UPAIR_Narval_b32m16_portable/optuna/clean_b32_prb8_d256_40k_smart_trueDMRS_u34610_1dmrs_stageB_main_d256_b4_r2_best_params.json
[ISO-CHUNK] variant: main_d256_b4_r2
[ISO-CHUNK] receiver: upair5g_lmmse
[ISO-CHUNK] num_users: 3
[ISO-CHUNK] ebno_db: -1.0
[ISO-CHUNK] chunk_idx: 0
[ISO-CHUNK] chunk_batches: 20
[ISO-CHUNK] receiver_microbatch_size: 8
[ISO-CHUNK] chunk_seed: 1687034
[ISO-CHUNK] checkpoint: /scratch/rsadve1/Extended_UPAIR_Narval_b32m16_portable/TWC_plots_comprehensive/runs_rx16/seed7/1dmrs/main_d256_b4_r2/checkpoints/best.weights.h5
[ISO-CHUNK] TF_GPU_ALLOCATOR: cuda_malloc_async
[ISO-CHUNK] output tag: main_d256_b4_r2_u3_upair5g_lmmse_ebnom1p0_chunk0000_m8_b20
[EVAL] receiver microbatching enabled: batch_size_eval=64 receiver_microbatch_size=8
WARNING:tensorflow:Model's `__init__()` arguments contain non-serializable objects. Please implement a `get_config()` method in the subclassed Model for proper saving and loading. Defaulting to empty config.
WARNING:tensorflow:Model's `__init__()` arguments contain non-serializable objects. Please implement a `get_config()` method in the subclassed Model for proper saving and loading. Defaulting to empty config.
[EVAL] loaded UPAIR checkpoint: /scratch/rsadve1/Extended_UPAIR_Narval_b32m16_portable/TWC_plots_comprehensive/runs_rx16/seed7/1dmrs/main_d256_b4_r2/checkpoints/best.weights.h5
[EVAL] skipping explicit NMSE channel-estimator calls for: upair5g_lmmse
[EVAL] instrumentation log_latency=True log_gpu_memory=True memory_cleanup_every_batches=1 memory_cleanup_every_microbatch=True stream_eval_microbatches=True compiled_receiver_error_counts=False receiver_call_jit_compile=False per_receiver_stopping=False target_bler_floor=1e-05 floor_num_frames=0 gpu_mem=0.09GiB peak=0.27GiB
[EVAL] receiver_call name=upair5g_lmmse mode=positional_y_no compiled_error_counts=False
[EVAL] progress num_users=3 Eb/N0=-1 dB batches=10/20 frame_err=upair5g_lmmse:3/1920 elapsed=105.9s avg_batch=10.590s gpu_mem=5.74GiB peak=5.92GiB
[EVAL] progress num_users=3 Eb/N0=-1 dB batches=20/20 frame_err=upair5g_lmmse:7/3840 elapsed=211.7s avg_batch=10.585s gpu_mem=11.38GiB peak=11.56GiB
[EVAL] receiver=           upair5g_lmmse Eb/N0=-1.0 dB BER=6.51917e-05 BLER=1.82292e-03 NMSE=nan bit_err=   745/11427840 blk_err=    7/3840   batches=  20 stop=global_stop rx_time=132.78s rx_ms_batch=6638.8 rx_ms_frame=34.577 point_time=211.69s gpu_mem=11.38GiB peak=11.56GiB
[ISO-CHUNK] wrote: /home/rsadve1/scratch/Extended_UPAIR_Narval_b32m16_portable/_isolated_eval_chunks/main_d256_b4_r2_u3_upair5g_lmmse_ebnom1p0_chunk0000_m8_b20/chunk_result.csv
[ISO-CHUNK] DONE
[PIPELINE] status done=0 reason=continue chunks=1 batches=20 block_errors=7/100 next_chunk=1
2026-06-10 04:30:39.716157: E external/local_xla/xla/stream_executor/cuda/cuda_dnn.cc:9261] Unable to register cuDNN factory: Attempting to register factory for plugin cuDNN when one has already been registered
2026-06-10 04:30:39.716208: E external/local_xla/xla/stream_executor/cuda/cuda_fft.cc:607] Unable to register cuFFT factory: Attempting to register factory for plugin cuFFT when one has already been registered
2026-06-10 04:30:39.717147: E external/local_xla/xla/stream_executor/cuda/cuda_blas.cc:1515] Unable to register cuBLAS factory: Attempting to register factory for plugin cuBLAS when one has already been registered
[COMPREHENSIVE] loaded Optuna best JSON for main_d256_b4_r2 from /home/rsadve1/scratch/Extended_UPAIR_Narval_b32m16_portable/optuna/clean_b32_prb8_d256_40k_smart_trueDMRS_u34610_1dmrs_stageB_main_d256_b4_r2_best_params.json
[ISO-CHUNK] variant: main_d256_b4_r2
[ISO-CHUNK] receiver: upair5g_lmmse
[ISO-CHUNK] num_users: 3
[ISO-CHUNK] ebno_db: -1.0
[ISO-CHUNK] chunk_idx: 1
[ISO-CHUNK] chunk_batches: 20
[ISO-CHUNK] receiver_microbatch_size: 8
[ISO-CHUNK] chunk_seed: 1787037
[ISO-CHUNK] checkpoint: /scratch/rsadve1/Extended_UPAIR_Narval_b32m16_portable/TWC_plots_comprehensive/runs_rx16/seed7/1dmrs/main_d256_b4_r2/checkpoints/best.weights.h5
[ISO-CHUNK] TF_GPU_ALLOCATOR: cuda_malloc_async
[ISO-CHUNK] output tag: main_d256_b4_r2_u3_upair5g_lmmse_ebnom1p0_chunk0001_m8_b20
[EVAL] receiver microbatching enabled: batch_size_eval=64 receiver_microbatch_size=8
WARNING:tensorflow:Model's `__init__()` arguments contain non-serializable objects. Please implement a `get_config()` method in the subclassed Model for proper saving and loading. Defaulting to empty config.
WARNING:tensorflow:Model's `__init__()` arguments contain non-serializable objects. Please implement a `get_config()` method in the subclassed Model for proper saving and loading. Defaulting to empty config.
[EVAL] loaded UPAIR checkpoint: /scratch/rsadve1/Extended_UPAIR_Narval_b32m16_portable/TWC_plots_comprehensive/runs_rx16/seed7/1dmrs/main_d256_b4_r2/checkpoints/best.weights.h5
[EVAL] skipping explicit NMSE channel-estimator calls for: upair5g_lmmse
[EVAL] instrumentation log_latency=True log_gpu_memory=True memory_cleanup_every_batches=1 memory_cleanup_every_microbatch=True stream_eval_microbatches=True compiled_receiver_error_counts=False receiver_call_jit_compile=False per_receiver_stopping=False target_bler_floor=1e-05 floor_num_frames=0 gpu_mem=0.09GiB peak=0.27GiB
[EVAL] receiver_call name=upair5g_lmmse mode=positional_y_no compiled_error_counts=False
[EVAL] progress num_users=3 Eb/N0=-1 dB batches=10/20 frame_err=upair5g_lmmse:2/1920 elapsed=107.0s avg_batch=10.703s gpu_mem=5.74GiB peak=5.92GiB
[EVAL] progress num_users=3 Eb/N0=-1 dB batches=20/20 frame_err=upair5g_lmmse:3/3840 elapsed=213.8s avg_batch=10.692s gpu_mem=11.38GiB peak=11.56GiB
[EVAL] receiver=           upair5g_lmmse Eb/N0=-1.0 dB BER=8.40054e-06 BLER=7.81250e-04 NMSE=nan bit_err=    96/11427840 blk_err=    3/3840   batches=  20 stop=global_stop rx_time=134.22s rx_ms_batch=6711.0 rx_ms_frame=34.953 point_time=213.85s gpu_mem=11.38GiB peak=11.56GiB
[ISO-CHUNK] wrote: /home/rsadve1/scratch/Extended_UPAIR_Narval_b32m16_portable/_isolated_eval_chunks/main_d256_b4_r2_u3_upair5g_lmmse_ebnom1p0_chunk0001_m8_b20/chunk_result.csv
[ISO-CHUNK] DONE
[PIPELINE] status done=0 reason=continue chunks=2 batches=40 block_errors=10/100 next_chunk=2
2026-06-10 04:34:47.891994: E external/local_xla/xla/stream_executor/cuda/cuda_dnn.cc:9261] Unable to register cuDNN factory: Attempting to register factory for plugin cuDNN when one has already been registered
2026-06-10 04:34:47.892032: E external/local_xla/xla/stream_executor/cuda/cuda_fft.cc:607] Unable to register cuFFT factory: Attempting to register factory for plugin cuFFT when one has already been registered
2026-06-10 04:34:47.892926: E external/local_xla/xla/stream_executor/cuda/cuda_blas.cc:1515] Unable to register cuBLAS factory: Attempting to register factory for plugin cuBLAS when one has already been registered
[COMPREHENSIVE] loaded Optuna best JSON for main_d256_b4_r2 from /home/rsadve1/scratch/Extended_UPAIR_Narval_b32m16_portable/optuna/clean_b32_prb8_d256_40k_smart_trueDMRS_u34610_1dmrs_stageB_main_d256_b4_r2_best_params.json
[ISO-CHUNK] variant: main_d256_b4_r2
[ISO-CHUNK] receiver: upair5g_lmmse
[ISO-CHUNK] num_users: 3
[ISO-CHUNK] ebno_db: -1.0
[ISO-CHUNK] chunk_idx: 2
[ISO-CHUNK] chunk_batches: 20
[ISO-CHUNK] receiver_microbatch_size: 8
[ISO-CHUNK] chunk_seed: 1887040
[ISO-CHUNK] checkpoint: /scratch/rsadve1/Extended_UPAIR_Narval_b32m16_portable/TWC_plots_comprehensive/runs_rx16/seed7/1dmrs/main_d256_b4_r2/checkpoints/best.weights.h5
[ISO-CHUNK] TF_GPU_ALLOCATOR: cuda_malloc_async
[ISO-CHUNK] output tag: main_d256_b4_r2_u3_upair5g_lmmse_ebnom1p0_chunk0002_m8_b20
[EVAL] receiver microbatching enabled: batch_size_eval=64 receiver_microbatch_size=8
WARNING:tensorflow:Model's `__init__()` arguments contain non-serializable objects. Please implement a `get_config()` method in the subclassed Model for proper saving and loading. Defaulting to empty config.
WARNING:tensorflow:Model's `__init__()` arguments contain non-serializable objects. Please implement a `get_config()` method in the subclassed Model for proper saving and loading. Defaulting to empty config.
[EVAL] loaded UPAIR checkpoint: /scratch/rsadve1/Extended_UPAIR_Narval_b32m16_portable/TWC_plots_comprehensive/runs_rx16/seed7/1dmrs/main_d256_b4_r2/checkpoints/best.weights.h5
[EVAL] skipping explicit NMSE channel-estimator calls for: upair5g_lmmse
[EVAL] instrumentation log_latency=True log_gpu_memory=True memory_cleanup_every_batches=1 memory_cleanup_every_microbatch=True stream_eval_microbatches=True compiled_receiver_error_counts=False receiver_call_jit_compile=False per_receiver_stopping=False target_bler_floor=1e-05 floor_num_frames=0 gpu_mem=0.09GiB peak=0.27GiB
[EVAL] receiver_call name=upair5g_lmmse mode=positional_y_no compiled_error_counts=False
[EVAL] progress num_users=3 Eb/N0=-1 dB batches=10/20 frame_err=upair5g_lmmse:2/1920 elapsed=106.1s avg_batch=10.607s gpu_mem=5.74GiB peak=5.92GiB
[EVAL] progress num_users=3 Eb/N0=-1 dB batches=20/20 frame_err=upair5g_lmmse:5/3840 elapsed=211.7s avg_batch=10.583s gpu_mem=11.38GiB peak=11.56GiB
[EVAL] receiver=           upair5g_lmmse Eb/N0=-1.0 dB BER=7.07045e-05 BLER=1.30208e-03 NMSE=nan bit_err=   808/11427840 blk_err=    5/3840   batches=  20 stop=global_stop rx_time=132.82s rx_ms_batch=6641.2 rx_ms_frame=34.590 point_time=211.66s gpu_mem=11.38GiB peak=11.56GiB
[ISO-CHUNK] wrote: /home/rsadve1/scratch/Extended_UPAIR_Narval_b32m16_portable/_isolated_eval_chunks/main_d256_b4_r2_u3_upair5g_lmmse_ebnom1p0_chunk0002_m8_b20/chunk_result.csv
[ISO-CHUNK] DONE
[PIPELINE] status done=0 reason=continue chunks=3 batches=60 block_errors=15/100 next_chunk=3
2026-06-10 04:38:54.516501: E external/local_xla/xla/stream_executor/cuda/cuda_dnn.cc:9261] Unable to register cuDNN factory: Attempting to register factory for plugin cuDNN when one has already been registered
2026-06-10 04:38:54.516547: E external/local_xla/xla/stream_executor/cuda/cuda_fft.cc:607] Unable to register cuFFT factory: Attempting to register factory for plugin cuFFT when one has already been registered
2026-06-10 04:38:54.517427: E external/local_xla/xla/stream_executor/cuda/cuda_blas.cc:1515] Unable to register cuBLAS factory: Attempting to register factory for plugin cuBLAS when one has already been registered
[COMPREHENSIVE] loaded Optuna best JSON for main_d256_b4_r2 from /home/rsadve1/scratch/Extended_UPAIR_Narval_b32m16_portable/optuna/clean_b32_prb8_d256_40k_smart_trueDMRS_u34610_1dmrs_stageB_main_d256_b4_r2_best_params.json
[ISO-CHUNK] variant: main_d256_b4_r2
[ISO-CHUNK] receiver: upair5g_lmmse
[ISO-CHUNK] num_users: 3
[ISO-CHUNK] ebno_db: -1.0
[ISO-CHUNK] chunk_idx: 3
[ISO-CHUNK] chunk_batches: 20
[ISO-CHUNK] receiver_microbatch_size: 8
[ISO-CHUNK] chunk_seed: 1987043
[ISO-CHUNK] checkpoint: /scratch/rsadve1/Extended_UPAIR_Narval_b32m16_portable/TWC_plots_comprehensive/runs_rx16/seed7/1dmrs/main_d256_b4_r2/checkpoints/best.weights.h5
[ISO-CHUNK] TF_GPU_ALLOCATOR: cuda_malloc_async
[ISO-CHUNK] output tag: main_d256_b4_r2_u3_upair5g_lmmse_ebnom1p0_chunk0003_m8_b20
[EVAL] receiver microbatching enabled: batch_size_eval=64 receiver_microbatch_size=8
WARNING:tensorflow:Model's `__init__()` arguments contain non-serializable objects. Please implement a `get_config()` method in the subclassed Model for proper saving and loading. Defaulting to empty config.
WARNING:tensorflow:Model's `__init__()` arguments contain non-serializable objects. Please implement a `get_config()` method in the subclassed Model for proper saving and loading. Defaulting to empty config.
[EVAL] loaded UPAIR checkpoint: /scratch/rsadve1/Extended_UPAIR_Narval_b32m16_portable/TWC_plots_comprehensive/runs_rx16/seed7/1dmrs/main_d256_b4_r2/checkpoints/best.weights.h5
[EVAL] skipping explicit NMSE channel-estimator calls for: upair5g_lmmse
[EVAL] instrumentation log_latency=True log_gpu_memory=True memory_cleanup_every_batches=1 memory_cleanup_every_microbatch=True stream_eval_microbatches=True compiled_receiver_error_counts=False receiver_call_jit_compile=False per_receiver_stopping=False target_bler_floor=1e-05 floor_num_frames=0 gpu_mem=0.09GiB peak=0.27GiB
[EVAL] receiver_call name=upair5g_lmmse mode=positional_y_no compiled_error_counts=False
[EVAL] progress num_users=3 Eb/N0=-1 dB batches=10/20 frame_err=upair5g_lmmse:3/1920 elapsed=106.7s avg_batch=10.666s gpu_mem=5.74GiB peak=5.92GiB
[EVAL] progress num_users=3 Eb/N0=-1 dB batches=20/20 frame_err=upair5g_lmmse:4/3840 elapsed=212.8s avg_batch=10.640s gpu_mem=11.38GiB peak=11.56GiB
[EVAL] receiver=           upair5g_lmmse Eb/N0=-1.0 dB BER=3.93775e-05 BLER=1.04167e-03 NMSE=nan bit_err=   450/11427840 blk_err=    4/3840   batches=  20 stop=global_stop rx_time=133.47s rx_ms_batch=6673.5 rx_ms_frame=34.758 point_time=212.81s gpu_mem=11.38GiB peak=11.56GiB
[ISO-CHUNK] wrote: /home/rsadve1/scratch/Extended_UPAIR_Narval_b32m16_portable/_isolated_eval_chunks/main_d256_b4_r2_u3_upair5g_lmmse_ebnom1p0_chunk0003_m8_b20/chunk_result.csv
[ISO-CHUNK] DONE
[PIPELINE] status done=0 reason=continue chunks=4 batches=80 block_errors=19/100 next_chunk=4
2026-06-10 04:42:58.813014: E external/local_xla/xla/stream_executor/cuda/cuda_dnn.cc:9261] Unable to register cuDNN factory: Attempting to register factory for plugin cuDNN when one has already been registered
2026-06-10 04:42:58.813050: E external/local_xla/xla/stream_executor/cuda/cuda_fft.cc:607] Unable to register cuFFT factory: Attempting to register factory for plugin cuFFT when one has already been registered
2026-06-10 04:42:58.813912: E external/local_xla/xla/stream_executor/cuda/cuda_blas.cc:1515] Unable to register cuBLAS factory: Attempting to register factory for plugin cuBLAS when one has already been registered
[COMPREHENSIVE] loaded Optuna best JSON for main_d256_b4_r2 from /home/rsadve1/scratch/Extended_UPAIR_Narval_b32m16_portable/optuna/clean_b32_prb8_d256_40k_smart_trueDMRS_u34610_1dmrs_stageB_main_d256_b4_r2_best_params.json
[ISO-CHUNK] variant: main_d256_b4_r2
[ISO-CHUNK] receiver: upair5g_lmmse
[ISO-CHUNK] num_users: 3
[ISO-CHUNK] ebno_db: -1.0
[ISO-CHUNK] chunk_idx: 4
[ISO-CHUNK] chunk_batches: 20
[ISO-CHUNK] receiver_microbatch_size: 8
[ISO-CHUNK] chunk_seed: 2087046
[ISO-CHUNK] checkpoint: /scratch/rsadve1/Extended_UPAIR_Narval_b32m16_portable/TWC_plots_comprehensive/runs_rx16/seed7/1dmrs/main_d256_b4_r2/checkpoints/best.weights.h5
[ISO-CHUNK] TF_GPU_ALLOCATOR: cuda_malloc_async
[ISO-CHUNK] output tag: main_d256_b4_r2_u3_upair5g_lmmse_ebnom1p0_chunk0004_m8_b20
[EVAL] receiver microbatching enabled: batch_size_eval=64 receiver_microbatch_size=8
WARNING:tensorflow:Model's `__init__()` arguments contain non-serializable objects. Please implement a `get_config()` method in the subclassed Model for proper saving and loading. Defaulting to empty config.
WARNING:tensorflow:Model's `__init__()` arguments contain non-serializable objects. Please implement a `get_config()` method in the subclassed Model for proper saving and loading. Defaulting to empty config.
[EVAL] loaded UPAIR checkpoint: /scratch/rsadve1/Extended_UPAIR_Narval_b32m16_portable/TWC_plots_comprehensive/runs_rx16/seed7/1dmrs/main_d256_b4_r2/checkpoints/best.weights.h5
[EVAL] skipping explicit NMSE channel-estimator calls for: upair5g_lmmse
[EVAL] instrumentation log_latency=True log_gpu_memory=True memory_cleanup_every_batches=1 memory_cleanup_every_microbatch=True stream_eval_microbatches=True compiled_receiver_error_counts=False receiver_call_jit_compile=False per_receiver_stopping=False target_bler_floor=1e-05 floor_num_frames=0 gpu_mem=0.09GiB peak=0.27GiB
[EVAL] receiver_call name=upair5g_lmmse mode=positional_y_no compiled_error_counts=False
[EVAL] progress num_users=3 Eb/N0=-1 dB batches=10/20 frame_err=upair5g_lmmse:2/1920 elapsed=106.2s avg_batch=10.625s gpu_mem=5.74GiB peak=5.92GiB
[EVAL] progress num_users=3 Eb/N0=-1 dB batches=20/20 frame_err=upair5g_lmmse:5/3840 elapsed=212.5s avg_batch=10.623s gpu_mem=11.38GiB peak=11.56GiB
[EVAL] receiver=           upair5g_lmmse Eb/N0=-1.0 dB BER=1.71511e-05 BLER=1.30208e-03 NMSE=nan bit_err=   196/11427840 blk_err=    5/3840   batches=  20 stop=global_stop rx_time=133.24s rx_ms_batch=6662.0 rx_ms_frame=34.698 point_time=212.46s gpu_mem=11.38GiB peak=11.56GiB
[ISO-CHUNK] wrote: /home/rsadve1/scratch/Extended_UPAIR_Narval_b32m16_portable/_isolated_eval_chunks/main_d256_b4_r2_u3_upair5g_lmmse_ebnom1p0_chunk0004_m8_b20/chunk_result.csv
[ISO-CHUNK] DONE
[PIPELINE] status done=0 reason=continue chunks=5 batches=100 block_errors=24/100 next_chunk=5
2026-06-10 04:47:06.429141: E external/local_xla/xla/stream_executor/cuda/cuda_dnn.cc:9261] Unable to register cuDNN factory: Attempting to register factory for plugin cuDNN when one has already been registered
2026-06-10 04:47:06.429182: E external/local_xla/xla/stream_executor/cuda/cuda_fft.cc:607] Unable to register cuFFT factory: Attempting to register factory for plugin cuFFT when one has already been registered
2026-06-10 04:47:06.430157: E external/local_xla/xla/stream_executor/cuda/cuda_blas.cc:1515] Unable to register cuBLAS factory: Attempting to register factory for plugin cuBLAS when one has already been registered
[COMPREHENSIVE] loaded Optuna best JSON for main_d256_b4_r2 from /home/rsadve1/scratch/Extended_UPAIR_Narval_b32m16_portable/optuna/clean_b32_prb8_d256_40k_smart_trueDMRS_u34610_1dmrs_stageB_main_d256_b4_r2_best_params.json
[ISO-CHUNK] variant: main_d256_b4_r2
[ISO-CHUNK] receiver: upair5g_lmmse
[ISO-CHUNK] num_users: 3
[ISO-CHUNK] ebno_db: -1.0
[ISO-CHUNK] chunk_idx: 5
[ISO-CHUNK] chunk_batches: 20
[ISO-CHUNK] receiver_microbatch_size: 8
[ISO-CHUNK] chunk_seed: 2187049
[ISO-CHUNK] checkpoint: /scratch/rsadve1/Extended_UPAIR_Narval_b32m16_portable/TWC_plots_comprehensive/runs_rx16/seed7/1dmrs/main_d256_b4_r2/checkpoints/best.weights.h5
[ISO-CHUNK] TF_GPU_ALLOCATOR: cuda_malloc_async
[ISO-CHUNK] output tag: main_d256_b4_r2_u3_upair5g_lmmse_ebnom1p0_chunk0005_m8_b20
[EVAL] receiver microbatching enabled: batch_size_eval=64 receiver_microbatch_size=8
WARNING:tensorflow:Model's `__init__()` arguments contain non-serializable objects. Please implement a `get_config()` method in the subclassed Model for proper saving and loading. Defaulting to empty config.
WARNING:tensorflow:Model's `__init__()` arguments contain non-serializable objects. Please implement a `get_config()` method in the subclassed Model for proper saving and loading. Defaulting to empty config.
[EVAL] loaded UPAIR checkpoint: /scratch/rsadve1/Extended_UPAIR_Narval_b32m16_portable/TWC_plots_comprehensive/runs_rx16/seed7/1dmrs/main_d256_b4_r2/checkpoints/best.weights.h5
[EVAL] skipping explicit NMSE channel-estimator calls for: upair5g_lmmse
[EVAL] instrumentation log_latency=True log_gpu_memory=True memory_cleanup_every_batches=1 memory_cleanup_every_microbatch=True stream_eval_microbatches=True compiled_receiver_error_counts=False receiver_call_jit_compile=False per_receiver_stopping=False target_bler_floor=1e-05 floor_num_frames=0 gpu_mem=0.09GiB peak=0.27GiB
[EVAL] receiver_call name=upair5g_lmmse mode=positional_y_no compiled_error_counts=False
[EVAL] progress num_users=3 Eb/N0=-1 dB batches=10/20 frame_err=upair5g_lmmse:3/1920 elapsed=106.6s avg_batch=10.662s gpu_mem=5.74GiB peak=5.92GiB
[EVAL] progress num_users=3 Eb/N0=-1 dB batches=20/20 frame_err=upair5g_lmmse:8/3840 elapsed=211.9s avg_batch=10.597s gpu_mem=11.38GiB peak=11.56GiB
[EVAL] receiver=           upair5g_lmmse Eb/N0=-1.0 dB BER=1.08069e-04 BLER=2.08333e-03 NMSE=nan bit_err=  1235/11427840 blk_err=    8/3840   batches=  20 stop=global_stop rx_time=133.16s rx_ms_batch=6658.1 rx_ms_frame=34.678 point_time=211.95s gpu_mem=11.38GiB peak=11.56GiB
[ISO-CHUNK] wrote: /home/rsadve1/scratch/Extended_UPAIR_Narval_b32m16_portable/_isolated_eval_chunks/main_d256_b4_r2_u3_upair5g_lmmse_ebnom1p0_chunk0005_m8_b20/chunk_result.csv
[ISO-CHUNK] DONE
[PIPELINE] status done=0 reason=continue chunks=6 batches=120 block_errors=32/100 next_chunk=6
2026-06-10 04:51:08.667220: E external/local_xla/xla/stream_executor/cuda/cuda_dnn.cc:9261] Unable to register cuDNN factory: Attempting to register factory for plugin cuDNN when one has already been registered
2026-06-10 04:51:08.667262: E external/local_xla/xla/stream_executor/cuda/cuda_fft.cc:607] Unable to register cuFFT factory: Attempting to register factory for plugin cuFFT when one has already been registered
2026-06-10 04:51:08.668139: E external/local_xla/xla/stream_executor/cuda/cuda_blas.cc:1515] Unable to register cuBLAS factory: Attempting to register factory for plugin cuBLAS when one has already been registered
[COMPREHENSIVE] loaded Optuna best JSON for main_d256_b4_r2 from /home/rsadve1/scratch/Extended_UPAIR_Narval_b32m16_portable/optuna/clean_b32_prb8_d256_40k_smart_trueDMRS_u34610_1dmrs_stageB_main_d256_b4_r2_best_params.json
[ISO-CHUNK] variant: main_d256_b4_r2
[ISO-CHUNK] receiver: upair5g_lmmse
[ISO-CHUNK] num_users: 3
[ISO-CHUNK] ebno_db: -1.0
[ISO-CHUNK] chunk_idx: 6
[ISO-CHUNK] chunk_batches: 20
[ISO-CHUNK] receiver_microbatch_size: 8
[ISO-CHUNK] chunk_seed: 2287052
[ISO-CHUNK] checkpoint: /scratch/rsadve1/Extended_UPAIR_Narval_b32m16_portable/TWC_plots_comprehensive/runs_rx16/seed7/1dmrs/main_d256_b4_r2/checkpoints/best.weights.h5
[ISO-CHUNK] TF_GPU_ALLOCATOR: cuda_malloc_async
[ISO-CHUNK] output tag: main_d256_b4_r2_u3_upair5g_lmmse_ebnom1p0_chunk0006_m8_b20
[EVAL] receiver microbatching enabled: batch_size_eval=64 receiver_microbatch_size=8
WARNING:tensorflow:Model's `__init__()` arguments contain non-serializable objects. Please implement a `get_config()` method in the subclassed Model for proper saving and loading. Defaulting to empty config.
WARNING:tensorflow:Model's `__init__()` arguments contain non-serializable objects. Please implement a `get_config()` method in the subclassed Model for proper saving and loading. Defaulting to empty config.
[EVAL] loaded UPAIR checkpoint: /scratch/rsadve1/Extended_UPAIR_Narval_b32m16_portable/TWC_plots_comprehensive/runs_rx16/seed7/1dmrs/main_d256_b4_r2/checkpoints/best.weights.h5
[EVAL] skipping explicit NMSE channel-estimator calls for: upair5g_lmmse
[EVAL] instrumentation log_latency=True log_gpu_memory=True memory_cleanup_every_batches=1 memory_cleanup_every_microbatch=True stream_eval_microbatches=True compiled_receiver_error_counts=False receiver_call_jit_compile=False per_receiver_stopping=False target_bler_floor=1e-05 floor_num_frames=0 gpu_mem=0.09GiB peak=0.27GiB
[EVAL] receiver_call name=upair5g_lmmse mode=positional_y_no compiled_error_counts=False
[EVAL] progress num_users=3 Eb/N0=-1 dB batches=10/20 frame_err=upair5g_lmmse:3/1920 elapsed=106.3s avg_batch=10.632s gpu_mem=5.74GiB peak=5.92GiB
[EVAL] progress num_users=3 Eb/N0=-1 dB batches=20/20 frame_err=upair5g_lmmse:6/3840 elapsed=211.8s avg_batch=10.588s gpu_mem=11.38GiB peak=11.56GiB
[EVAL] receiver=           upair5g_lmmse Eb/N0=-1.0 dB BER=4.65530e-05 BLER=1.56250e-03 NMSE=nan bit_err=   532/11427840 blk_err=    6/3840   batches=  20 stop=global_stop rx_time=132.89s rx_ms_batch=6644.6 rx_ms_frame=34.607 point_time=211.76s gpu_mem=11.38GiB peak=11.56GiB
[ISO-CHUNK] wrote: /home/rsadve1/scratch/Extended_UPAIR_Narval_b32m16_portable/_isolated_eval_chunks/main_d256_b4_r2_u3_upair5g_lmmse_ebnom1p0_chunk0006_m8_b20/chunk_result.csv
[ISO-CHUNK] DONE
[PIPELINE] status done=0 reason=continue chunks=7 batches=140 block_errors=38/100 next_chunk=7
2026-06-10 04:55:18.465460: E external/local_xla/xla/stream_executor/cuda/cuda_dnn.cc:9261] Unable to register cuDNN factory: Attempting to register factory for plugin cuDNN when one has already been registered
2026-06-10 04:55:18.465495: E external/local_xla/xla/stream_executor/cuda/cuda_fft.cc:607] Unable to register cuFFT factory: Attempting to register factory for plugin cuFFT when one has already been registered
2026-06-10 04:55:18.466445: E external/local_xla/xla/stream_executor/cuda/cuda_blas.cc:1515] Unable to register cuBLAS factory: Attempting to register factory for plugin cuBLAS when one has already been registered
[COMPREHENSIVE] loaded Optuna best JSON for main_d256_b4_r2 from /home/rsadve1/scratch/Extended_UPAIR_Narval_b32m16_portable/optuna/clean_b32_prb8_d256_40k_smart_trueDMRS_u34610_1dmrs_stageB_main_d256_b4_r2_best_params.json
[ISO-CHUNK] variant: main_d256_b4_r2
[ISO-CHUNK] receiver: upair5g_lmmse
[ISO-CHUNK] num_users: 3
[ISO-CHUNK] ebno_db: -1.0
[ISO-CHUNK] chunk_idx: 7
[ISO-CHUNK] chunk_batches: 20
[ISO-CHUNK] receiver_microbatch_size: 8
[ISO-CHUNK] chunk_seed: 2387055
[ISO-CHUNK] checkpoint: /scratch/rsadve1/Extended_UPAIR_Narval_b32m16_portable/TWC_plots_comprehensive/runs_rx16/seed7/1dmrs/main_d256_b4_r2/checkpoints/best.weights.h5
[ISO-CHUNK] TF_GPU_ALLOCATOR: cuda_malloc_async
[ISO-CHUNK] output tag: main_d256_b4_r2_u3_upair5g_lmmse_ebnom1p0_chunk0007_m8_b20
[EVAL] receiver microbatching enabled: batch_size_eval=64 receiver_microbatch_size=8
WARNING:tensorflow:Model's `__init__()` arguments contain non-serializable objects. Please implement a `get_config()` method in the subclassed Model for proper saving and loading. Defaulting to empty config.
WARNING:tensorflow:Model's `__init__()` arguments contain non-serializable objects. Please implement a `get_config()` method in the subclassed Model for proper saving and loading. Defaulting to empty config.
[EVAL] loaded UPAIR checkpoint: /scratch/rsadve1/Extended_UPAIR_Narval_b32m16_portable/TWC_plots_comprehensive/runs_rx16/seed7/1dmrs/main_d256_b4_r2/checkpoints/best.weights.h5
[EVAL] skipping explicit NMSE channel-estimator calls for: upair5g_lmmse
[EVAL] instrumentation log_latency=True log_gpu_memory=True memory_cleanup_every_batches=1 memory_cleanup_every_microbatch=True stream_eval_microbatches=True compiled_receiver_error_counts=False receiver_call_jit_compile=False per_receiver_stopping=False target_bler_floor=1e-05 floor_num_frames=0 gpu_mem=0.09GiB peak=0.27GiB
[EVAL] receiver_call name=upair5g_lmmse mode=positional_y_no compiled_error_counts=False
[EVAL] progress num_users=3 Eb/N0=-1 dB batches=10/20 frame_err=upair5g_lmmse:3/1920 elapsed=106.2s avg_batch=10.623s gpu_mem=5.74GiB peak=5.92GiB
[EVAL] progress num_users=3 Eb/N0=-1 dB batches=20/20 frame_err=upair5g_lmmse:7/3840 elapsed=211.9s avg_batch=10.597s gpu_mem=11.38GiB peak=11.56GiB
[EVAL] receiver=           upair5g_lmmse Eb/N0=-1.0 dB BER=1.82799e-04 BLER=1.82292e-03 NMSE=nan bit_err=  2089/11427840 blk_err=    7/3840   batches=  20 stop=global_stop rx_time=133.17s rx_ms_batch=6658.5 rx_ms_frame=34.679 point_time=211.94s gpu_mem=11.38GiB peak=11.56GiB
[ISO-CHUNK] wrote: /home/rsadve1/scratch/Extended_UPAIR_Narval_b32m16_portable/_isolated_eval_chunks/main_d256_b4_r2_u3_upair5g_lmmse_ebnom1p0_chunk0007_m8_b20/chunk_result.csv
[ISO-CHUNK] DONE
[PIPELINE] status done=0 reason=continue chunks=8 batches=160 block_errors=45/100 next_chunk=8
2026-06-10 04:59:28.220914: E external/local_xla/xla/stream_executor/cuda/cuda_dnn.cc:9261] Unable to register cuDNN factory: Attempting to register factory for plugin cuDNN when one has already been registered
2026-06-10 04:59:28.220951: E external/local_xla/xla/stream_executor/cuda/cuda_fft.cc:607] Unable to register cuFFT factory: Attempting to register factory for plugin cuFFT when one has already been registered
2026-06-10 04:59:28.221830: E external/local_xla/xla/stream_executor/cuda/cuda_blas.cc:1515] Unable to register cuBLAS factory: Attempting to register factory for plugin cuBLAS when one has already been registered
[COMPREHENSIVE] loaded Optuna best JSON for main_d256_b4_r2 from /home/rsadve1/scratch/Extended_UPAIR_Narval_b32m16_portable/optuna/clean_b32_prb8_d256_40k_smart_trueDMRS_u34610_1dmrs_stageB_main_d256_b4_r2_best_params.json
[ISO-CHUNK] variant: main_d256_b4_r2
[ISO-CHUNK] receiver: upair5g_lmmse
[ISO-CHUNK] num_users: 3
[ISO-CHUNK] ebno_db: -1.0
[ISO-CHUNK] chunk_idx: 8
[ISO-CHUNK] chunk_batches: 20
[ISO-CHUNK] receiver_microbatch_size: 8
[ISO-CHUNK] chunk_seed: 2487058
[ISO-CHUNK] checkpoint: /scratch/rsadve1/Extended_UPAIR_Narval_b32m16_portable/TWC_plots_comprehensive/runs_rx16/seed7/1dmrs/main_d256_b4_r2/checkpoints/best.weights.h5
[ISO-CHUNK] TF_GPU_ALLOCATOR: cuda_malloc_async
[ISO-CHUNK] output tag: main_d256_b4_r2_u3_upair5g_lmmse_ebnom1p0_chunk0008_m8_b20
[EVAL] receiver microbatching enabled: batch_size_eval=64 receiver_microbatch_size=8
WARNING:tensorflow:Model's `__init__()` arguments contain non-serializable objects. Please implement a `get_config()` method in the subclassed Model for proper saving and loading. Defaulting to empty config.
WARNING:tensorflow:Model's `__init__()` arguments contain non-serializable objects. Please implement a `get_config()` method in the subclassed Model for proper saving and loading. Defaulting to empty config.
[EVAL] loaded UPAIR checkpoint: /scratch/rsadve1/Extended_UPAIR_Narval_b32m16_portable/TWC_plots_comprehensive/runs_rx16/seed7/1dmrs/main_d256_b4_r2/checkpoints/best.weights.h5
[EVAL] skipping explicit NMSE channel-estimator calls for: upair5g_lmmse
[EVAL] instrumentation log_latency=True log_gpu_memory=True memory_cleanup_every_batches=1 memory_cleanup_every_microbatch=True stream_eval_microbatches=True compiled_receiver_error_counts=False receiver_call_jit_compile=False per_receiver_stopping=False target_bler_floor=1e-05 floor_num_frames=0 gpu_mem=0.09GiB peak=0.27GiB
[EVAL] receiver_call name=upair5g_lmmse mode=positional_y_no compiled_error_counts=False
[EVAL] progress num_users=3 Eb/N0=-1 dB batches=10/20 frame_err=upair5g_lmmse:4/1920 elapsed=106.5s avg_batch=10.652s gpu_mem=5.74GiB peak=5.92GiB
[EVAL] progress num_users=3 Eb/N0=-1 dB batches=20/20 frame_err=upair5g_lmmse:9/3840 elapsed=212.8s avg_batch=10.641s gpu_mem=11.38GiB peak=11.56GiB
[EVAL] receiver=           upair5g_lmmse Eb/N0=-1.0 dB BER=1.35721e-04 BLER=2.34375e-03 NMSE=nan bit_err=  1551/11427840 blk_err=    9/3840   batches=  20 stop=global_stop rx_time=133.81s rx_ms_batch=6690.6 rx_ms_frame=34.847 point_time=212.82s gpu_mem=11.38GiB peak=11.56GiB
[ISO-CHUNK] wrote: /home/rsadve1/scratch/Extended_UPAIR_Narval_b32m16_portable/_isolated_eval_chunks/main_d256_b4_r2_u3_upair5g_lmmse_ebnom1p0_chunk0008_m8_b20/chunk_result.csv
[ISO-CHUNK] DONE
[PIPELINE] status done=0 reason=continue chunks=9 batches=180 block_errors=54/100 next_chunk=9
2026-06-10 05:03:29.866858: E external/local_xla/xla/stream_executor/cuda/cuda_dnn.cc:9261] Unable to register cuDNN factory: Attempting to register factory for plugin cuDNN when one has already been registered
2026-06-10 05:03:29.866894: E external/local_xla/xla/stream_executor/cuda/cuda_fft.cc:607] Unable to register cuFFT factory: Attempting to register factory for plugin cuFFT when one has already been registered
2026-06-10 05:03:29.867841: E external/local_xla/xla/stream_executor/cuda/cuda_blas.cc:1515] Unable to register cuBLAS factory: Attempting to register factory for plugin cuBLAS when one has already been registered
[COMPREHENSIVE] loaded Optuna best JSON for main_d256_b4_r2 from /home/rsadve1/scratch/Extended_UPAIR_Narval_b32m16_portable/optuna/clean_b32_prb8_d256_40k_smart_trueDMRS_u34610_1dmrs_stageB_main_d256_b4_r2_best_params.json
[ISO-CHUNK] variant: main_d256_b4_r2
[ISO-CHUNK] receiver: upair5g_lmmse
[ISO-CHUNK] num_users: 3
[ISO-CHUNK] ebno_db: -1.0
[ISO-CHUNK] chunk_idx: 9
[ISO-CHUNK] chunk_batches: 20
[ISO-CHUNK] receiver_microbatch_size: 8
[ISO-CHUNK] chunk_seed: 2587061
[ISO-CHUNK] checkpoint: /scratch/rsadve1/Extended_UPAIR_Narval_b32m16_portable/TWC_plots_comprehensive/runs_rx16/seed7/1dmrs/main_d256_b4_r2/checkpoints/best.weights.h5
[ISO-CHUNK] TF_GPU_ALLOCATOR: cuda_malloc_async
[ISO-CHUNK] output tag: main_d256_b4_r2_u3_upair5g_lmmse_ebnom1p0_chunk0009_m8_b20
[EVAL] receiver microbatching enabled: batch_size_eval=64 receiver_microbatch_size=8
WARNING:tensorflow:Model's `__init__()` arguments contain non-serializable objects. Please implement a `get_config()` method in the subclassed Model for proper saving and loading. Defaulting to empty config.
WARNING:tensorflow:Model's `__init__()` arguments contain non-serializable objects. Please implement a `get_config()` method in the subclassed Model for proper saving and loading. Defaulting to empty config.
[EVAL] loaded UPAIR checkpoint: /scratch/rsadve1/Extended_UPAIR_Narval_b32m16_portable/TWC_plots_comprehensive/runs_rx16/seed7/1dmrs/main_d256_b4_r2/checkpoints/best.weights.h5
[EVAL] skipping explicit NMSE channel-estimator calls for: upair5g_lmmse
[EVAL] instrumentation log_latency=True log_gpu_memory=True memory_cleanup_every_batches=1 memory_cleanup_every_microbatch=True stream_eval_microbatches=True compiled_receiver_error_counts=False receiver_call_jit_compile=False per_receiver_stopping=False target_bler_floor=1e-05 floor_num_frames=0 gpu_mem=0.09GiB peak=0.27GiB
[EVAL] receiver_call name=upair5g_lmmse mode=positional_y_no compiled_error_counts=False
[EVAL] progress num_users=3 Eb/N0=-1 dB batches=10/20 frame_err=upair5g_lmmse:1/1920 elapsed=106.4s avg_batch=10.638s gpu_mem=5.74GiB peak=5.92GiB
[EVAL] progress num_users=3 Eb/N0=-1 dB batches=20/20 frame_err=upair5g_lmmse:2/3840 elapsed=212.1s avg_batch=10.603s gpu_mem=11.38GiB peak=11.56GiB
[EVAL] receiver=           upair5g_lmmse Eb/N0=-1.0 dB BER=5.18033e-05 BLER=5.20833e-04 NMSE=nan bit_err=   592/11427840 blk_err=    2/3840   batches=  20 stop=global_stop rx_time=132.90s rx_ms_batch=6645.2 rx_ms_frame=34.610 point_time=212.06s gpu_mem=11.38GiB peak=11.56GiB
[ISO-CHUNK] wrote: /home/rsadve1/scratch/Extended_UPAIR_Narval_b32m16_portable/_isolated_eval_chunks/main_d256_b4_r2_u3_upair5g_lmmse_ebnom1p0_chunk0009_m8_b20/chunk_result.csv
[ISO-CHUNK] DONE
[PIPELINE] status done=0 reason=continue chunks=10 batches=200 block_errors=56/100 next_chunk=10
2026-06-10 05:07:30.575731: E external/local_xla/xla/stream_executor/cuda/cuda_dnn.cc:9261] Unable to register cuDNN factory: Attempting to register factory for plugin cuDNN when one has already been registered
2026-06-10 05:07:30.575770: E external/local_xla/xla/stream_executor/cuda/cuda_fft.cc:607] Unable to register cuFFT factory: Attempting to register factory for plugin cuFFT when one has already been registered
2026-06-10 05:07:30.576641: E external/local_xla/xla/stream_executor/cuda/cuda_blas.cc:1515] Unable to register cuBLAS factory: Attempting to register factory for plugin cuBLAS when one has already been registered
[COMPREHENSIVE] loaded Optuna best JSON for main_d256_b4_r2 from /home/rsadve1/scratch/Extended_UPAIR_Narval_b32m16_portable/optuna/clean_b32_prb8_d256_40k_smart_trueDMRS_u34610_1dmrs_stageB_main_d256_b4_r2_best_params.json
[ISO-CHUNK] variant: main_d256_b4_r2
[ISO-CHUNK] receiver: upair5g_lmmse
[ISO-CHUNK] num_users: 3
[ISO-CHUNK] ebno_db: -1.0
[ISO-CHUNK] chunk_idx: 10
[ISO-CHUNK] chunk_batches: 20
[ISO-CHUNK] receiver_microbatch_size: 8
[ISO-CHUNK] chunk_seed: 2687064
[ISO-CHUNK] checkpoint: /scratch/rsadve1/Extended_UPAIR_Narval_b32m16_portable/TWC_plots_comprehensive/runs_rx16/seed7/1dmrs/main_d256_b4_r2/checkpoints/best.weights.h5
[ISO-CHUNK] TF_GPU_ALLOCATOR: cuda_malloc_async
[ISO-CHUNK] output tag: main_d256_b4_r2_u3_upair5g_lmmse_ebnom1p0_chunk0010_m8_b20
[EVAL] receiver microbatching enabled: batch_size_eval=64 receiver_microbatch_size=8
WARNING:tensorflow:Model's `__init__()` arguments contain non-serializable objects. Please implement a `get_config()` method in the subclassed Model for proper saving and loading. Defaulting to empty config.
WARNING:tensorflow:Model's `__init__()` arguments contain non-serializable objects. Please implement a `get_config()` method in the subclassed Model for proper saving and loading. Defaulting to empty config.
[EVAL] loaded UPAIR checkpoint: /scratch/rsadve1/Extended_UPAIR_Narval_b32m16_portable/TWC_plots_comprehensive/runs_rx16/seed7/1dmrs/main_d256_b4_r2/checkpoints/best.weights.h5
[EVAL] skipping explicit NMSE channel-estimator calls for: upair5g_lmmse
[EVAL] instrumentation log_latency=True log_gpu_memory=True memory_cleanup_every_batches=1 memory_cleanup_every_microbatch=True stream_eval_microbatches=True compiled_receiver_error_counts=False receiver_call_jit_compile=False per_receiver_stopping=False target_bler_floor=1e-05 floor_num_frames=0 gpu_mem=0.09GiB peak=0.27GiB
[EVAL] receiver_call name=upair5g_lmmse mode=positional_y_no compiled_error_counts=False
[EVAL] progress num_users=3 Eb/N0=-1 dB batches=10/20 frame_err=upair5g_lmmse:3/1920 elapsed=105.4s avg_batch=10.536s gpu_mem=5.74GiB peak=5.92GiB
[EVAL] progress num_users=3 Eb/N0=-1 dB batches=20/20 frame_err=upair5g_lmmse:7/3840 elapsed=211.1s avg_batch=10.555s gpu_mem=11.38GiB peak=11.56GiB
[EVAL] receiver=           upair5g_lmmse Eb/N0=-1.0 dB BER=1.07369e-04 BLER=1.82292e-03 NMSE=nan bit_err=  1227/11427840 blk_err=    7/3840   batches=  20 stop=global_stop rx_time=132.25s rx_ms_batch=6612.3 rx_ms_frame=34.439 point_time=211.10s gpu_mem=11.38GiB peak=11.56GiB
[ISO-CHUNK] wrote: /home/rsadve1/scratch/Extended_UPAIR_Narval_b32m16_portable/_isolated_eval_chunks/main_d256_b4_r2_u3_upair5g_lmmse_ebnom1p0_chunk0010_m8_b20/chunk_result.csv
[ISO-CHUNK] DONE
[PIPELINE] status done=0 reason=continue chunks=11 batches=220 block_errors=63/100 next_chunk=11
2026-06-10 05:11:32.779497: E external/local_xla/xla/stream_executor/cuda/cuda_dnn.cc:9261] Unable to register cuDNN factory: Attempting to register factory for plugin cuDNN when one has already been registered
2026-06-10 05:11:32.779542: E external/local_xla/xla/stream_executor/cuda/cuda_fft.cc:607] Unable to register cuFFT factory: Attempting to register factory for plugin cuFFT when one has already been registered
2026-06-10 05:11:32.780417: E external/local_xla/xla/stream_executor/cuda/cuda_blas.cc:1515] Unable to register cuBLAS factory: Attempting to register factory for plugin cuBLAS when one has already been registered
[COMPREHENSIVE] loaded Optuna best JSON for main_d256_b4_r2 from /home/rsadve1/scratch/Extended_UPAIR_Narval_b32m16_portable/optuna/clean_b32_prb8_d256_40k_smart_trueDMRS_u34610_1dmrs_stageB_main_d256_b4_r2_best_params.json
[ISO-CHUNK] variant: main_d256_b4_r2
[ISO-CHUNK] receiver: upair5g_lmmse
[ISO-CHUNK] num_users: 3
[ISO-CHUNK] ebno_db: -1.0
[ISO-CHUNK] chunk_idx: 11
[ISO-CHUNK] chunk_batches: 20
[ISO-CHUNK] receiver_microbatch_size: 8
[ISO-CHUNK] chunk_seed: 2787067
[ISO-CHUNK] checkpoint: /scratch/rsadve1/Extended_UPAIR_Narval_b32m16_portable/TWC_plots_comprehensive/runs_rx16/seed7/1dmrs/main_d256_b4_r2/checkpoints/best.weights.h5
[ISO-CHUNK] TF_GPU_ALLOCATOR: cuda_malloc_async
[ISO-CHUNK] output tag: main_d256_b4_r2_u3_upair5g_lmmse_ebnom1p0_chunk0011_m8_b20
[EVAL] receiver microbatching enabled: batch_size_eval=64 receiver_microbatch_size=8
WARNING:tensorflow:Model's `__init__()` arguments contain non-serializable objects. Please implement a `get_config()` method in the subclassed Model for proper saving and loading. Defaulting to empty config.
WARNING:tensorflow:Model's `__init__()` arguments contain non-serializable objects. Please implement a `get_config()` method in the subclassed Model for proper saving and loading. Defaulting to empty config.
[EVAL] loaded UPAIR checkpoint: /scratch/rsadve1/Extended_UPAIR_Narval_b32m16_portable/TWC_plots_comprehensive/runs_rx16/seed7/1dmrs/main_d256_b4_r2/checkpoints/best.weights.h5
[EVAL] skipping explicit NMSE channel-estimator calls for: upair5g_lmmse
[EVAL] instrumentation log_latency=True log_gpu_memory=True memory_cleanup_every_batches=1 memory_cleanup_every_microbatch=True stream_eval_microbatches=True compiled_receiver_error_counts=False receiver_call_jit_compile=False per_receiver_stopping=False target_bler_floor=1e-05 floor_num_frames=0 gpu_mem=0.09GiB peak=0.27GiB
[EVAL] receiver_call name=upair5g_lmmse mode=positional_y_no compiled_error_counts=False
[EVAL] progress num_users=3 Eb/N0=-1 dB batches=10/20 frame_err=upair5g_lmmse:4/1920 elapsed=106.9s avg_batch=10.686s gpu_mem=5.74GiB peak=5.92GiB
[EVAL] progress num_users=3 Eb/N0=-1 dB batches=20/20 frame_err=upair5g_lmmse:9/3840 elapsed=212.6s avg_batch=10.631s gpu_mem=11.38GiB peak=11.56GiB
[EVAL] receiver=           upair5g_lmmse Eb/N0=-1.0 dB BER=1.05619e-04 BLER=2.34375e-03 NMSE=nan bit_err=  1207/11427840 blk_err=    9/3840   batches=  20 stop=global_stop rx_time=133.53s rx_ms_batch=6676.5 rx_ms_frame=34.773 point_time=212.63s gpu_mem=11.38GiB peak=11.56GiB
[ISO-CHUNK] wrote: /home/rsadve1/scratch/Extended_UPAIR_Narval_b32m16_portable/_isolated_eval_chunks/main_d256_b4_r2_u3_upair5g_lmmse_ebnom1p0_chunk0011_m8_b20/chunk_result.csv
[ISO-CHUNK] DONE
[PIPELINE] status done=0 reason=continue chunks=12 batches=240 block_errors=72/100 next_chunk=12
2026-06-10 05:15:33.907840: E external/local_xla/xla/stream_executor/cuda/cuda_dnn.cc:9261] Unable to register cuDNN factory: Attempting to register factory for plugin cuDNN when one has already been registered
2026-06-10 05:15:33.907876: E external/local_xla/xla/stream_executor/cuda/cuda_fft.cc:607] Unable to register cuFFT factory: Attempting to register factory for plugin cuFFT when one has already been registered
2026-06-10 05:15:33.908839: E external/local_xla/xla/stream_executor/cuda/cuda_blas.cc:1515] Unable to register cuBLAS factory: Attempting to register factory for plugin cuBLAS when one has already been registered
[COMPREHENSIVE] loaded Optuna best JSON for main_d256_b4_r2 from /home/rsadve1/scratch/Extended_UPAIR_Narval_b32m16_portable/optuna/clean_b32_prb8_d256_40k_smart_trueDMRS_u34610_1dmrs_stageB_main_d256_b4_r2_best_params.json
[ISO-CHUNK] variant: main_d256_b4_r2
[ISO-CHUNK] receiver: upair5g_lmmse
[ISO-CHUNK] num_users: 3
[ISO-CHUNK] ebno_db: -1.0
[ISO-CHUNK] chunk_idx: 12
[ISO-CHUNK] chunk_batches: 20
[ISO-CHUNK] receiver_microbatch_size: 8
[ISO-CHUNK] chunk_seed: 2887070
[ISO-CHUNK] checkpoint: /scratch/rsadve1/Extended_UPAIR_Narval_b32m16_portable/TWC_plots_comprehensive/runs_rx16/seed7/1dmrs/main_d256_b4_r2/checkpoints/best.weights.h5
[ISO-CHUNK] TF_GPU_ALLOCATOR: cuda_malloc_async
[ISO-CHUNK] output tag: main_d256_b4_r2_u3_upair5g_lmmse_ebnom1p0_chunk0012_m8_b20
[EVAL] receiver microbatching enabled: batch_size_eval=64 receiver_microbatch_size=8
WARNING:tensorflow:Model's `__init__()` arguments contain non-serializable objects. Please implement a `get_config()` method in the subclassed Model for proper saving and loading. Defaulting to empty config.
WARNING:tensorflow:Model's `__init__()` arguments contain non-serializable objects. Please implement a `get_config()` method in the subclassed Model for proper saving and loading. Defaulting to empty config.
[EVAL] loaded UPAIR checkpoint: /scratch/rsadve1/Extended_UPAIR_Narval_b32m16_portable/TWC_plots_comprehensive/runs_rx16/seed7/1dmrs/main_d256_b4_r2/checkpoints/best.weights.h5
[EVAL] skipping explicit NMSE channel-estimator calls for: upair5g_lmmse
[EVAL] instrumentation log_latency=True log_gpu_memory=True memory_cleanup_every_batches=1 memory_cleanup_every_microbatch=True stream_eval_microbatches=True compiled_receiver_error_counts=False receiver_call_jit_compile=False per_receiver_stopping=False target_bler_floor=1e-05 floor_num_frames=0 gpu_mem=0.09GiB peak=0.27GiB
[EVAL] receiver_call name=upair5g_lmmse mode=positional_y_no compiled_error_counts=False
[EVAL] progress num_users=3 Eb/N0=-1 dB batches=10/20 frame_err=upair5g_lmmse:1/1920 elapsed=106.7s avg_batch=10.668s gpu_mem=5.74GiB peak=5.92GiB
[EVAL] progress num_users=3 Eb/N0=-1 dB batches=20/20 frame_err=upair5g_lmmse:5/3840 elapsed=212.7s avg_batch=10.633s gpu_mem=11.38GiB peak=11.56GiB
[EVAL] receiver=           upair5g_lmmse Eb/N0=-1.0 dB BER=5.53035e-05 BLER=1.30208e-03 NMSE=nan bit_err=   632/11427840 blk_err=    5/3840   batches=  20 stop=global_stop rx_time=133.62s rx_ms_batch=6680.9 rx_ms_frame=34.796 point_time=212.67s gpu_mem=11.38GiB peak=11.56GiB
[ISO-CHUNK] wrote: /home/rsadve1/scratch/Extended_UPAIR_Narval_b32m16_portable/_isolated_eval_chunks/main_d256_b4_r2_u3_upair5g_lmmse_ebnom1p0_chunk0012_m8_b20/chunk_result.csv
[ISO-CHUNK] DONE
[PIPELINE] status done=0 reason=continue chunks=13 batches=260 block_errors=77/100 next_chunk=13
2026-06-10 05:19:39.719376: E external/local_xla/xla/stream_executor/cuda/cuda_dnn.cc:9261] Unable to register cuDNN factory: Attempting to register factory for plugin cuDNN when one has already been registered
2026-06-10 05:19:39.719422: E external/local_xla/xla/stream_executor/cuda/cuda_fft.cc:607] Unable to register cuFFT factory: Attempting to register factory for plugin cuFFT when one has already been registered
2026-06-10 05:19:39.720313: E external/local_xla/xla/stream_executor/cuda/cuda_blas.cc:1515] Unable to register cuBLAS factory: Attempting to register factory for plugin cuBLAS when one has already been registered
[COMPREHENSIVE] loaded Optuna best JSON for main_d256_b4_r2 from /home/rsadve1/scratch/Extended_UPAIR_Narval_b32m16_portable/optuna/clean_b32_prb8_d256_40k_smart_trueDMRS_u34610_1dmrs_stageB_main_d256_b4_r2_best_params.json
[ISO-CHUNK] variant: main_d256_b4_r2
[ISO-CHUNK] receiver: upair5g_lmmse
[ISO-CHUNK] num_users: 3
[ISO-CHUNK] ebno_db: -1.0
[ISO-CHUNK] chunk_idx: 13
[ISO-CHUNK] chunk_batches: 20
[ISO-CHUNK] receiver_microbatch_size: 8
[ISO-CHUNK] chunk_seed: 2987073
[ISO-CHUNK] checkpoint: /scratch/rsadve1/Extended_UPAIR_Narval_b32m16_portable/TWC_plots_comprehensive/runs_rx16/seed7/1dmrs/main_d256_b4_r2/checkpoints/best.weights.h5
[ISO-CHUNK] TF_GPU_ALLOCATOR: cuda_malloc_async
[ISO-CHUNK] output tag: main_d256_b4_r2_u3_upair5g_lmmse_ebnom1p0_chunk0013_m8_b20
[EVAL] receiver microbatching enabled: batch_size_eval=64 receiver_microbatch_size=8
WARNING:tensorflow:Model's `__init__()` arguments contain non-serializable objects. Please implement a `get_config()` method in the subclassed Model for proper saving and loading. Defaulting to empty config.
WARNING:tensorflow:Model's `__init__()` arguments contain non-serializable objects. Please implement a `get_config()` method in the subclassed Model for proper saving and loading. Defaulting to empty config.
[EVAL] loaded UPAIR checkpoint: /scratch/rsadve1/Extended_UPAIR_Narval_b32m16_portable/TWC_plots_comprehensive/runs_rx16/seed7/1dmrs/main_d256_b4_r2/checkpoints/best.weights.h5
[EVAL] skipping explicit NMSE channel-estimator calls for: upair5g_lmmse
[EVAL] instrumentation log_latency=True log_gpu_memory=True memory_cleanup_every_batches=1 memory_cleanup_every_microbatch=True stream_eval_microbatches=True compiled_receiver_error_counts=False receiver_call_jit_compile=False per_receiver_stopping=False target_bler_floor=1e-05 floor_num_frames=0 gpu_mem=0.09GiB peak=0.27GiB
[EVAL] receiver_call name=upair5g_lmmse mode=positional_y_no compiled_error_counts=False
[EVAL] progress num_users=3 Eb/N0=-1 dB batches=10/20 frame_err=upair5g_lmmse:1/1920 elapsed=106.6s avg_batch=10.660s gpu_mem=5.74GiB peak=5.92GiB
[EVAL] progress num_users=3 Eb/N0=-1 dB batches=20/20 frame_err=upair5g_lmmse:2/3840 elapsed=213.0s avg_batch=10.650s gpu_mem=11.38GiB peak=11.56GiB
[EVAL] receiver=           upair5g_lmmse Eb/N0=-1.0 dB BER=1.26883e-05 BLER=5.20833e-04 NMSE=nan bit_err=   145/11427840 blk_err=    2/3840   batches=  20 stop=global_stop rx_time=133.93s rx_ms_batch=6696.5 rx_ms_frame=34.878 point_time=213.00s gpu_mem=11.38GiB peak=11.56GiB
[ISO-CHUNK] wrote: /home/rsadve1/scratch/Extended_UPAIR_Narval_b32m16_portable/_isolated_eval_chunks/main_d256_b4_r2_u3_upair5g_lmmse_ebnom1p0_chunk0013_m8_b20/chunk_result.csv
[ISO-CHUNK] DONE
[PIPELINE] status done=0 reason=continue chunks=14 batches=280 block_errors=79/100 next_chunk=14
2026-06-10 05:23:49.142118: E external/local_xla/xla/stream_executor/cuda/cuda_dnn.cc:9261] Unable to register cuDNN factory: Attempting to register factory for plugin cuDNN when one has already been registered
2026-06-10 05:23:49.142162: E external/local_xla/xla/stream_executor/cuda/cuda_fft.cc:607] Unable to register cuFFT factory: Attempting to register factory for plugin cuFFT when one has already been registered
2026-06-10 05:23:49.143096: E external/local_xla/xla/stream_executor/cuda/cuda_blas.cc:1515] Unable to register cuBLAS factory: Attempting to register factory for plugin cuBLAS when one has already been registered
[COMPREHENSIVE] loaded Optuna best JSON for main_d256_b4_r2 from /home/rsadve1/scratch/Extended_UPAIR_Narval_b32m16_portable/optuna/clean_b32_prb8_d256_40k_smart_trueDMRS_u34610_1dmrs_stageB_main_d256_b4_r2_best_params.json
[ISO-CHUNK] variant: main_d256_b4_r2
[ISO-CHUNK] receiver: upair5g_lmmse
[ISO-CHUNK] num_users: 3
[ISO-CHUNK] ebno_db: -1.0
[ISO-CHUNK] chunk_idx: 14
[ISO-CHUNK] chunk_batches: 20
[ISO-CHUNK] receiver_microbatch_size: 8
[ISO-CHUNK] chunk_seed: 3087076
[ISO-CHUNK] checkpoint: /scratch/rsadve1/Extended_UPAIR_Narval_b32m16_portable/TWC_plots_comprehensive/runs_rx16/seed7/1dmrs/main_d256_b4_r2/checkpoints/best.weights.h5
[ISO-CHUNK] TF_GPU_ALLOCATOR: cuda_malloc_async
[ISO-CHUNK] output tag: main_d256_b4_r2_u3_upair5g_lmmse_ebnom1p0_chunk0014_m8_b20
[EVAL] receiver microbatching enabled: batch_size_eval=64 receiver_microbatch_size=8
WARNING:tensorflow:Model's `__init__()` arguments contain non-serializable objects. Please implement a `get_config()` method in the subclassed Model for proper saving and loading. Defaulting to empty config.
WARNING:tensorflow:Model's `__init__()` arguments contain non-serializable objects. Please implement a `get_config()` method in the subclassed Model for proper saving and loading. Defaulting to empty config.
[EVAL] loaded UPAIR checkpoint: /scratch/rsadve1/Extended_UPAIR_Narval_b32m16_portable/TWC_plots_comprehensive/runs_rx16/seed7/1dmrs/main_d256_b4_r2/checkpoints/best.weights.h5
[EVAL] skipping explicit NMSE channel-estimator calls for: upair5g_lmmse
[EVAL] instrumentation log_latency=True log_gpu_memory=True memory_cleanup_every_batches=1 memory_cleanup_every_microbatch=True stream_eval_microbatches=True compiled_receiver_error_counts=False receiver_call_jit_compile=False per_receiver_stopping=False target_bler_floor=1e-05 floor_num_frames=0 gpu_mem=0.09GiB peak=0.27GiB
[EVAL] receiver_call name=upair5g_lmmse mode=positional_y_no compiled_error_counts=False
[EVAL] progress num_users=3 Eb/N0=-1 dB batches=10/20 frame_err=upair5g_lmmse:2/1920 elapsed=106.5s avg_batch=10.651s gpu_mem=5.74GiB peak=5.92GiB
[EVAL] progress num_users=3 Eb/N0=-1 dB batches=20/20 frame_err=upair5g_lmmse:2/3840 elapsed=212.5s avg_batch=10.625s gpu_mem=11.38GiB peak=11.56GiB
[EVAL] receiver=           upair5g_lmmse Eb/N0=-1.0 dB BER=6.14289e-05 BLER=5.20833e-04 NMSE=nan bit_err=   702/11427840 blk_err=    2/3840   batches=  20 stop=global_stop rx_time=133.49s rx_ms_batch=6674.6 rx_ms_frame=34.763 point_time=212.50s gpu_mem=11.38GiB peak=11.56GiB
[ISO-CHUNK] wrote: /home/rsadve1/scratch/Extended_UPAIR_Narval_b32m16_portable/_isolated_eval_chunks/main_d256_b4_r2_u3_upair5g_lmmse_ebnom1p0_chunk0014_m8_b20/chunk_result.csv
[ISO-CHUNK] DONE
[PIPELINE] status done=0 reason=continue chunks=15 batches=300 block_errors=81/100 next_chunk=15
2026-06-10 05:27:58.184665: E external/local_xla/xla/stream_executor/cuda/cuda_dnn.cc:9261] Unable to register cuDNN factory: Attempting to register factory for plugin cuDNN when one has already been registered
2026-06-10 05:27:58.184703: E external/local_xla/xla/stream_executor/cuda/cuda_fft.cc:607] Unable to register cuFFT factory: Attempting to register factory for plugin cuFFT when one has already been registered
2026-06-10 05:27:58.185644: E external/local_xla/xla/stream_executor/cuda/cuda_blas.cc:1515] Unable to register cuBLAS factory: Attempting to register factory for plugin cuBLAS when one has already been registered
[COMPREHENSIVE] loaded Optuna best JSON for main_d256_b4_r2 from /home/rsadve1/scratch/Extended_UPAIR_Narval_b32m16_portable/optuna/clean_b32_prb8_d256_40k_smart_trueDMRS_u34610_1dmrs_stageB_main_d256_b4_r2_best_params.json
[ISO-CHUNK] variant: main_d256_b4_r2
[ISO-CHUNK] receiver: upair5g_lmmse
[ISO-CHUNK] num_users: 3
[ISO-CHUNK] ebno_db: -1.0
[ISO-CHUNK] chunk_idx: 15
[ISO-CHUNK] chunk_batches: 20
[ISO-CHUNK] receiver_microbatch_size: 8
[ISO-CHUNK] chunk_seed: 3187079
[ISO-CHUNK] checkpoint: /scratch/rsadve1/Extended_UPAIR_Narval_b32m16_portable/TWC_plots_comprehensive/runs_rx16/seed7/1dmrs/main_d256_b4_r2/checkpoints/best.weights.h5
[ISO-CHUNK] TF_GPU_ALLOCATOR: cuda_malloc_async
[ISO-CHUNK] output tag: main_d256_b4_r2_u3_upair5g_lmmse_ebnom1p0_chunk0015_m8_b20
[EVAL] receiver microbatching enabled: batch_size_eval=64 receiver_microbatch_size=8
WARNING:tensorflow:Model's `__init__()` arguments contain non-serializable objects. Please implement a `get_config()` method in the subclassed Model for proper saving and loading. Defaulting to empty config.
WARNING:tensorflow:Model's `__init__()` arguments contain non-serializable objects. Please implement a `get_config()` method in the subclassed Model for proper saving and loading. Defaulting to empty config.
[EVAL] loaded UPAIR checkpoint: /scratch/rsadve1/Extended_UPAIR_Narval_b32m16_portable/TWC_plots_comprehensive/runs_rx16/seed7/1dmrs/main_d256_b4_r2/checkpoints/best.weights.h5
[EVAL] skipping explicit NMSE channel-estimator calls for: upair5g_lmmse
[EVAL] instrumentation log_latency=True log_gpu_memory=True memory_cleanup_every_batches=1 memory_cleanup_every_microbatch=True stream_eval_microbatches=True compiled_receiver_error_counts=False receiver_call_jit_compile=False per_receiver_stopping=False target_bler_floor=1e-05 floor_num_frames=0 gpu_mem=0.09GiB peak=0.27GiB
[EVAL] receiver_call name=upair5g_lmmse mode=positional_y_no compiled_error_counts=False
[EVAL] progress num_users=3 Eb/N0=-1 dB batches=10/20 frame_err=upair5g_lmmse:8/1920 elapsed=106.2s avg_batch=10.621s gpu_mem=5.74GiB peak=5.92GiB
[EVAL] progress num_users=3 Eb/N0=-1 dB batches=20/20 frame_err=upair5g_lmmse:10/3840 elapsed=211.9s avg_batch=10.595s gpu_mem=11.38GiB peak=11.56GiB
[EVAL] receiver=           upair5g_lmmse Eb/N0=-1.0 dB BER=1.75799e-04 BLER=2.60417e-03 NMSE=nan bit_err=  2009/11427840 blk_err=   10/3840   batches=  20 stop=global_stop rx_time=133.10s rx_ms_batch=6654.9 rx_ms_frame=34.661 point_time=211.91s gpu_mem=11.38GiB peak=11.56GiB
[ISO-CHUNK] wrote: /home/rsadve1/scratch/Extended_UPAIR_Narval_b32m16_portable/_isolated_eval_chunks/main_d256_b4_r2_u3_upair5g_lmmse_ebnom1p0_chunk0015_m8_b20/chunk_result.csv
[ISO-CHUNK] DONE
[PIPELINE] status done=0 reason=continue chunks=16 batches=320 block_errors=91/100 next_chunk=16
2026-06-10 05:32:01.233580: E external/local_xla/xla/stream_executor/cuda/cuda_dnn.cc:9261] Unable to register cuDNN factory: Attempting to register factory for plugin cuDNN when one has already been registered
2026-06-10 05:32:01.233620: E external/local_xla/xla/stream_executor/cuda/cuda_fft.cc:607] Unable to register cuFFT factory: Attempting to register factory for plugin cuFFT when one has already been registered
2026-06-10 05:32:01.234554: E external/local_xla/xla/stream_executor/cuda/cuda_blas.cc:1515] Unable to register cuBLAS factory: Attempting to register factory for plugin cuBLAS when one has already been registered
[COMPREHENSIVE] loaded Optuna best JSON for main_d256_b4_r2 from /home/rsadve1/scratch/Extended_UPAIR_Narval_b32m16_portable/optuna/clean_b32_prb8_d256_40k_smart_trueDMRS_u34610_1dmrs_stageB_main_d256_b4_r2_best_params.json
[ISO-CHUNK] variant: main_d256_b4_r2
[ISO-CHUNK] receiver: upair5g_lmmse
[ISO-CHUNK] num_users: 3
[ISO-CHUNK] ebno_db: -1.0
[ISO-CHUNK] chunk_idx: 16
[ISO-CHUNK] chunk_batches: 20
[ISO-CHUNK] receiver_microbatch_size: 8
[ISO-CHUNK] chunk_seed: 3287082
[ISO-CHUNK] checkpoint: /scratch/rsadve1/Extended_UPAIR_Narval_b32m16_portable/TWC_plots_comprehensive/runs_rx16/seed7/1dmrs/main_d256_b4_r2/checkpoints/best.weights.h5
[ISO-CHUNK] TF_GPU_ALLOCATOR: cuda_malloc_async
[ISO-CHUNK] output tag: main_d256_b4_r2_u3_upair5g_lmmse_ebnom1p0_chunk0016_m8_b20
[EVAL] receiver microbatching enabled: batch_size_eval=64 receiver_microbatch_size=8
WARNING:tensorflow:Model's `__init__()` arguments contain non-serializable objects. Please implement a `get_config()` method in the subclassed Model for proper saving and loading. Defaulting to empty config.
WARNING:tensorflow:Model's `__init__()` arguments contain non-serializable objects. Please implement a `get_config()` method in the subclassed Model for proper saving and loading. Defaulting to empty config.
[EVAL] loaded UPAIR checkpoint: /scratch/rsadve1/Extended_UPAIR_Narval_b32m16_portable/TWC_plots_comprehensive/runs_rx16/seed7/1dmrs/main_d256_b4_r2/checkpoints/best.weights.h5
[EVAL] skipping explicit NMSE channel-estimator calls for: upair5g_lmmse
[EVAL] instrumentation log_latency=True log_gpu_memory=True memory_cleanup_every_batches=1 memory_cleanup_every_microbatch=True stream_eval_microbatches=True compiled_receiver_error_counts=False receiver_call_jit_compile=False per_receiver_stopping=False target_bler_floor=1e-05 floor_num_frames=0 gpu_mem=0.09GiB peak=0.27GiB
[EVAL] receiver_call name=upair5g_lmmse mode=positional_y_no compiled_error_counts=False
[EVAL] progress num_users=3 Eb/N0=-1 dB batches=10/20 frame_err=upair5g_lmmse:1/1920 elapsed=105.2s avg_batch=10.525s gpu_mem=5.74GiB peak=5.92GiB
[EVAL] progress num_users=3 Eb/N0=-1 dB batches=20/20 frame_err=upair5g_lmmse:4/3840 elapsed=210.5s avg_batch=10.523s gpu_mem=11.38GiB peak=11.56GiB
[EVAL] receiver=           upair5g_lmmse Eb/N0=-1.0 dB BER=5.71412e-05 BLER=1.04167e-03 NMSE=nan bit_err=   653/11427840 blk_err=    4/3840   batches=  20 stop=global_stop rx_time=132.12s rx_ms_batch=6606.0 rx_ms_frame=34.406 point_time=210.46s gpu_mem=11.38GiB peak=11.56GiB
[ISO-CHUNK] wrote: /home/rsadve1/scratch/Extended_UPAIR_Narval_b32m16_portable/_isolated_eval_chunks/main_d256_b4_r2_u3_upair5g_lmmse_ebnom1p0_chunk0016_m8_b20/chunk_result.csv
[ISO-CHUNK] DONE
[PIPELINE] status done=0 reason=continue chunks=17 batches=340 block_errors=95/100 next_chunk=17
2026-06-10 05:36:12.383183: E external/local_xla/xla/stream_executor/cuda/cuda_dnn.cc:9261] Unable to register cuDNN factory: Attempting to register factory for plugin cuDNN when one has already been registered
2026-06-10 05:36:12.383221: E external/local_xla/xla/stream_executor/cuda/cuda_fft.cc:607] Unable to register cuFFT factory: Attempting to register factory for plugin cuFFT when one has already been registered
2026-06-10 05:36:12.384090: E external/local_xla/xla/stream_executor/cuda/cuda_blas.cc:1515] Unable to register cuBLAS factory: Attempting to register factory for plugin cuBLAS when one has already been registered
[COMPREHENSIVE] loaded Optuna best JSON for main_d256_b4_r2 from /home/rsadve1/scratch/Extended_UPAIR_Narval_b32m16_portable/optuna/clean_b32_prb8_d256_40k_smart_trueDMRS_u34610_1dmrs_stageB_main_d256_b4_r2_best_params.json
[ISO-CHUNK] variant: main_d256_b4_r2
[ISO-CHUNK] receiver: upair5g_lmmse
[ISO-CHUNK] num_users: 3
[ISO-CHUNK] ebno_db: -1.0
[ISO-CHUNK] chunk_idx: 17
[ISO-CHUNK] chunk_batches: 20
[ISO-CHUNK] receiver_microbatch_size: 8
[ISO-CHUNK] chunk_seed: 3387085
[ISO-CHUNK] checkpoint: /scratch/rsadve1/Extended_UPAIR_Narval_b32m16_portable/TWC_plots_comprehensive/runs_rx16/seed7/1dmrs/main_d256_b4_r2/checkpoints/best.weights.h5
[ISO-CHUNK] TF_GPU_ALLOCATOR: cuda_malloc_async
[ISO-CHUNK] output tag: main_d256_b4_r2_u3_upair5g_lmmse_ebnom1p0_chunk0017_m8_b20
[EVAL] receiver microbatching enabled: batch_size_eval=64 receiver_microbatch_size=8
WARNING:tensorflow:Model's `__init__()` arguments contain non-serializable objects. Please implement a `get_config()` method in the subclassed Model for proper saving and loading. Defaulting to empty config.
WARNING:tensorflow:Model's `__init__()` arguments contain non-serializable objects. Please implement a `get_config()` method in the subclassed Model for proper saving and loading. Defaulting to empty config.
[EVAL] loaded UPAIR checkpoint: /scratch/rsadve1/Extended_UPAIR_Narval_b32m16_portable/TWC_plots_comprehensive/runs_rx16/seed7/1dmrs/main_d256_b4_r2/checkpoints/best.weights.h5
[EVAL] skipping explicit NMSE channel-estimator calls for: upair5g_lmmse
[EVAL] instrumentation log_latency=True log_gpu_memory=True memory_cleanup_every_batches=1 memory_cleanup_every_microbatch=True stream_eval_microbatches=True compiled_receiver_error_counts=False receiver_call_jit_compile=False per_receiver_stopping=False target_bler_floor=1e-05 floor_num_frames=0 gpu_mem=0.09GiB peak=0.27GiB
[EVAL] receiver_call name=upair5g_lmmse mode=positional_y_no compiled_error_counts=False
[EVAL] progress num_users=3 Eb/N0=-1 dB batches=10/20 frame_err=upair5g_lmmse:4/1920 elapsed=107.1s avg_batch=10.713s gpu_mem=5.74GiB peak=5.92GiB
[EVAL] progress num_users=3 Eb/N0=-1 dB batches=20/20 frame_err=upair5g_lmmse:6/3840 elapsed=214.0s avg_batch=10.700s gpu_mem=11.38GiB peak=11.56GiB
[EVAL] receiver=           upair5g_lmmse Eb/N0=-1.0 dB BER=9.04808e-05 BLER=1.56250e-03 NMSE=nan bit_err=  1034/11427840 blk_err=    6/3840   batches=  20 stop=global_stop rx_time=134.71s rx_ms_batch=6735.7 rx_ms_frame=35.082 point_time=214.01s gpu_mem=11.38GiB peak=11.56GiB
[ISO-CHUNK] wrote: /home/rsadve1/scratch/Extended_UPAIR_Narval_b32m16_portable/_isolated_eval_chunks/main_d256_b4_r2_u3_upair5g_lmmse_ebnom1p0_chunk0017_m8_b20/chunk_result.csv
[ISO-CHUNK] DONE
[PIPELINE] status done=1 reason=target_block_errors chunks=18 batches=360 block_errors=101/100 next_chunk=-1
[ISO-MERGE] chunks: 18
[ISO-MERGE] rows: 1
[ISO-MERGE] wrote: /home/rsadve1/scratch/Extended_UPAIR_Narval_b32m16_portable/_isolated_eval_chunks/merged_main_d256_b4_r2_u3_upair5g_lmmse_em1.csv
[ISO-MERGE] wrote: /home/rsadve1/scratch/Extended_UPAIR_Narval_b32m16_portable/_isolated_eval_chunks/merged_main_d256_b4_r2_u3_upair5g_lmmse_em1.summary.json
     receiver         variant dmrs_case  seed  training_seed  num_users  ebno_db  num_chunks                               chunk_indices  bit_errors  num_bits  block_errors  num_blocks  num_batches_run  point_elapsed_s  data_elapsed_s  receiver_elapsed_s      ber     bler  nmse       mc_stop_reason  target_bler_floor  bler_zero_error_upper_bound  ber_zero_error_upper_bound  receiver_ms_per_batch  receiver_ms_per_frame  reliable_ber  reliable_bler
upair5g_lmmse main_d256_b4_r2     1dmrs     7              7          3     -1.0          18 0,1,2,3,4,5,6,7,8,9,10,11,12,13,14,15,16,17       15903 205701120           101       69120              360      3821.279694     1051.295389         2399.217055 0.000077 0.001461   NaN isolated_chunk_merge                NaN                          NaN                         NaN             6664.49182              34.710895          True           True

--------------------------------------------------------------------------------
[PIPELINE] eval point variant=main_d256_b4_r2 receiver=upair5g_lmmse U=3 Eb/N0=0
--------------------------------------------------------------------------------
[PIPELINE] status done=0 reason=continue chunks=0 batches=0 block_errors=0/100 next_chunk=0
2026-06-10 05:40:21.852462: E external/local_xla/xla/stream_executor/cuda/cuda_dnn.cc:9261] Unable to register cuDNN factory: Attempting to register factory for plugin cuDNN when one has already been registered
2026-06-10 05:40:21.852503: E external/local_xla/xla/stream_executor/cuda/cuda_fft.cc:607] Unable to register cuFFT factory: Attempting to register factory for plugin cuFFT when one has already been registered
2026-06-10 05:40:21.853384: E external/local_xla/xla/stream_executor/cuda/cuda_blas.cc:1515] Unable to register cuBLAS factory: Attempting to register factory for plugin cuBLAS when one has already been registered
[COMPREHENSIVE] loaded Optuna best JSON for main_d256_b4_r2 from /home/rsadve1/scratch/Extended_UPAIR_Narval_b32m16_portable/optuna/clean_b32_prb8_d256_40k_smart_trueDMRS_u34610_1dmrs_stageB_main_d256_b4_r2_best_params.json
[ISO-CHUNK] variant: main_d256_b4_r2
[ISO-CHUNK] receiver: upair5g_lmmse
[ISO-CHUNK] num_users: 3
[ISO-CHUNK] ebno_db: 0.0
[ISO-CHUNK] chunk_idx: 0
[ISO-CHUNK] chunk_batches: 20
[ISO-CHUNK] receiver_microbatch_size: 8
[ISO-CHUNK] chunk_seed: 1704034
[ISO-CHUNK] checkpoint: /scratch/rsadve1/Extended_UPAIR_Narval_b32m16_portable/TWC_plots_comprehensive/runs_rx16/seed7/1dmrs/main_d256_b4_r2/checkpoints/best.weights.h5
[ISO-CHUNK] TF_GPU_ALLOCATOR: cuda_malloc_async
[ISO-CHUNK] output tag: main_d256_b4_r2_u3_upair5g_lmmse_ebno0p0_chunk0000_m8_b20
[EVAL] receiver microbatching enabled: batch_size_eval=64 receiver_microbatch_size=8
WARNING:tensorflow:Model's `__init__()` arguments contain non-serializable objects. Please implement a `get_config()` method in the subclassed Model for proper saving and loading. Defaulting to empty config.
WARNING:tensorflow:Model's `__init__()` arguments contain non-serializable objects. Please implement a `get_config()` method in the subclassed Model for proper saving and loading. Defaulting to empty config.
[EVAL] loaded UPAIR checkpoint: /scratch/rsadve1/Extended_UPAIR_Narval_b32m16_portable/TWC_plots_comprehensive/runs_rx16/seed7/1dmrs/main_d256_b4_r2/checkpoints/best.weights.h5
[EVAL] skipping explicit NMSE channel-estimator calls for: upair5g_lmmse
[EVAL] instrumentation log_latency=True log_gpu_memory=True memory_cleanup_every_batches=1 memory_cleanup_every_microbatch=True stream_eval_microbatches=True compiled_receiver_error_counts=False receiver_call_jit_compile=False per_receiver_stopping=False target_bler_floor=1e-05 floor_num_frames=0 gpu_mem=0.09GiB peak=0.27GiB
[EVAL] receiver_call name=upair5g_lmmse mode=positional_y_no compiled_error_counts=False
[EVAL] progress num_users=3 Eb/N0=0 dB batches=10/20 frame_err=upair5g_lmmse:0/1920 elapsed=105.5s avg_batch=10.545s gpu_mem=5.74GiB peak=5.92GiB
[EVAL] progress num_users=3 Eb/N0=0 dB batches=20/20 frame_err=upair5g_lmmse:0/3840 elapsed=210.6s avg_batch=10.531s gpu_mem=11.38GiB peak=11.56GiB
[EVAL] receiver=           upair5g_lmmse Eb/N0= 0.0 dB BER=0.00000e+00 BLER=0.00000e+00 NMSE=nan bit_err=     0/11427840 blk_err=    0/3840   batches=  20 stop=global_stop bler_ub=7.813e-04 rx_time=132.19s rx_ms_batch=6609.6 rx_ms_frame=34.425 point_time=210.63s gpu_mem=11.38GiB peak=11.56GiB
[ISO-CHUNK] wrote: /home/rsadve1/scratch/Extended_UPAIR_Narval_b32m16_portable/_isolated_eval_chunks/main_d256_b4_r2_u3_upair5g_lmmse_ebno0p0_chunk0000_m8_b20/chunk_result.csv
[ISO-CHUNK] DONE
[PIPELINE] status done=0 reason=continue chunks=1 batches=20 block_errors=0/100 next_chunk=1
2026-06-10 05:44:24.188049: E external/local_xla/xla/stream_executor/cuda/cuda_dnn.cc:9261] Unable to register cuDNN factory: Attempting to register factory for plugin cuDNN when one has already been registered
2026-06-10 05:44:24.188089: E external/local_xla/xla/stream_executor/cuda/cuda_fft.cc:607] Unable to register cuFFT factory: Attempting to register factory for plugin cuFFT when one has already been registered
2026-06-10 05:44:24.188981: E external/local_xla/xla/stream_executor/cuda/cuda_blas.cc:1515] Unable to register cuBLAS factory: Attempting to register factory for plugin cuBLAS when one has already been registered
[COMPREHENSIVE] loaded Optuna best JSON for main_d256_b4_r2 from /home/rsadve1/scratch/Extended_UPAIR_Narval_b32m16_portable/optuna/clean_b32_prb8_d256_40k_smart_trueDMRS_u34610_1dmrs_stageB_main_d256_b4_r2_best_params.json
[ISO-CHUNK] variant: main_d256_b4_r2
[ISO-CHUNK] receiver: upair5g_lmmse
[ISO-CHUNK] num_users: 3
[ISO-CHUNK] ebno_db: 0.0
[ISO-CHUNK] chunk_idx: 1
[ISO-CHUNK] chunk_batches: 20
[ISO-CHUNK] receiver_microbatch_size: 8
[ISO-CHUNK] chunk_seed: 1804037
[ISO-CHUNK] checkpoint: /scratch/rsadve1/Extended_UPAIR_Narval_b32m16_portable/TWC_plots_comprehensive/runs_rx16/seed7/1dmrs/main_d256_b4_r2/checkpoints/best.weights.h5
[ISO-CHUNK] TF_GPU_ALLOCATOR: cuda_malloc_async
[ISO-CHUNK] output tag: main_d256_b4_r2_u3_upair5g_lmmse_ebno0p0_chunk0001_m8_b20
[EVAL] receiver microbatching enabled: batch_size_eval=64 receiver_microbatch_size=8
WARNING:tensorflow:Model's `__init__()` arguments contain non-serializable objects. Please implement a `get_config()` method in the subclassed Model for proper saving and loading. Defaulting to empty config.
WARNING:tensorflow:Model's `__init__()` arguments contain non-serializable objects. Please implement a `get_config()` method in the subclassed Model for proper saving and loading. Defaulting to empty config.
[EVAL] loaded UPAIR checkpoint: /scratch/rsadve1/Extended_UPAIR_Narval_b32m16_portable/TWC_plots_comprehensive/runs_rx16/seed7/1dmrs/main_d256_b4_r2/checkpoints/best.weights.h5
[EVAL] skipping explicit NMSE channel-estimator calls for: upair5g_lmmse
[EVAL] instrumentation log_latency=True log_gpu_memory=True memory_cleanup_every_batches=1 memory_cleanup_every_microbatch=True stream_eval_microbatches=True compiled_receiver_error_counts=False receiver_call_jit_compile=False per_receiver_stopping=False target_bler_floor=1e-05 floor_num_frames=0 gpu_mem=0.09GiB peak=0.27GiB
[EVAL] receiver_call name=upair5g_lmmse mode=positional_y_no compiled_error_counts=False
[EVAL] progress num_users=3 Eb/N0=0 dB batches=10/20 frame_err=upair5g_lmmse:0/1920 elapsed=106.2s avg_batch=10.623s gpu_mem=5.74GiB peak=5.92GiB
[EVAL] progress num_users=3 Eb/N0=0 dB batches=20/20 frame_err=upair5g_lmmse:0/3840 elapsed=212.3s avg_batch=10.615s gpu_mem=11.38GiB peak=11.56GiB
[EVAL] receiver=           upair5g_lmmse Eb/N0= 0.0 dB BER=0.00000e+00 BLER=0.00000e+00 NMSE=nan bit_err=     0/11427840 blk_err=    0/3840   batches=  20 stop=global_stop bler_ub=7.813e-04 rx_time=133.13s rx_ms_batch=6656.3 rx_ms_frame=34.668 point_time=212.30s gpu_mem=11.38GiB peak=11.56GiB
[ISO-CHUNK] wrote: /home/rsadve1/scratch/Extended_UPAIR_Narval_b32m16_portable/_isolated_eval_chunks/main_d256_b4_r2_u3_upair5g_lmmse_ebno0p0_chunk0001_m8_b20/chunk_result.csv
[ISO-CHUNK] DONE
[PIPELINE] status done=0 reason=continue chunks=2 batches=40 block_errors=0/100 next_chunk=2
2026-06-10 05:48:31.256103: E external/local_xla/xla/stream_executor/cuda/cuda_dnn.cc:9261] Unable to register cuDNN factory: Attempting to register factory for plugin cuDNN when one has already been registered
2026-06-10 05:48:31.256144: E external/local_xla/xla/stream_executor/cuda/cuda_fft.cc:607] Unable to register cuFFT factory: Attempting to register factory for plugin cuFFT when one has already been registered
2026-06-10 05:48:31.257106: E external/local_xla/xla/stream_executor/cuda/cuda_blas.cc:1515] Unable to register cuBLAS factory: Attempting to register factory for plugin cuBLAS when one has already been registered
[COMPREHENSIVE] loaded Optuna best JSON for main_d256_b4_r2 from /home/rsadve1/scratch/Extended_UPAIR_Narval_b32m16_portable/optuna/clean_b32_prb8_d256_40k_smart_trueDMRS_u34610_1dmrs_stageB_main_d256_b4_r2_best_params.json
[ISO-CHUNK] variant: main_d256_b4_r2
[ISO-CHUNK] receiver: upair5g_lmmse
[ISO-CHUNK] num_users: 3
[ISO-CHUNK] ebno_db: 0.0
[ISO-CHUNK] chunk_idx: 2
[ISO-CHUNK] chunk_batches: 20
[ISO-CHUNK] receiver_microbatch_size: 8
[ISO-CHUNK] chunk_seed: 1904040
[ISO-CHUNK] checkpoint: /scratch/rsadve1/Extended_UPAIR_Narval_b32m16_portable/TWC_plots_comprehensive/runs_rx16/seed7/1dmrs/main_d256_b4_r2/checkpoints/best.weights.h5
[ISO-CHUNK] TF_GPU_ALLOCATOR: cuda_malloc_async
[ISO-CHUNK] output tag: main_d256_b4_r2_u3_upair5g_lmmse_ebno0p0_chunk0002_m8_b20
[EVAL] receiver microbatching enabled: batch_size_eval=64 receiver_microbatch_size=8
WARNING:tensorflow:Model's `__init__()` arguments contain non-serializable objects. Please implement a `get_config()` method in the subclassed Model for proper saving and loading. Defaulting to empty config.
WARNING:tensorflow:Model's `__init__()` arguments contain non-serializable objects. Please implement a `get_config()` method in the subclassed Model for proper saving and loading. Defaulting to empty config.
[EVAL] loaded UPAIR checkpoint: /scratch/rsadve1/Extended_UPAIR_Narval_b32m16_portable/TWC_plots_comprehensive/runs_rx16/seed7/1dmrs/main_d256_b4_r2/checkpoints/best.weights.h5
[EVAL] skipping explicit NMSE channel-estimator calls for: upair5g_lmmse
[EVAL] instrumentation log_latency=True log_gpu_memory=True memory_cleanup_every_batches=1 memory_cleanup_every_microbatch=True stream_eval_microbatches=True compiled_receiver_error_counts=False receiver_call_jit_compile=False per_receiver_stopping=False target_bler_floor=1e-05 floor_num_frames=0 gpu_mem=0.09GiB peak=0.27GiB
[EVAL] receiver_call name=upair5g_lmmse mode=positional_y_no compiled_error_counts=False
[EVAL] progress num_users=3 Eb/N0=0 dB batches=10/20 frame_err=upair5g_lmmse:0/1920 elapsed=105.5s avg_batch=10.555s gpu_mem=5.74GiB peak=5.92GiB
[EVAL] progress num_users=3 Eb/N0=0 dB batches=20/20 frame_err=upair5g_lmmse:0/3840 elapsed=211.3s avg_batch=10.564s gpu_mem=11.38GiB peak=11.56GiB
[EVAL] receiver=           upair5g_lmmse Eb/N0= 0.0 dB BER=0.00000e+00 BLER=0.00000e+00 NMSE=nan bit_err=     0/11427840 blk_err=    0/3840   batches=  20 stop=global_stop bler_ub=7.813e-04 rx_time=132.82s rx_ms_batch=6641.0 rx_ms_frame=34.589 point_time=211.29s gpu_mem=11.38GiB peak=11.56GiB
[ISO-CHUNK] wrote: /home/rsadve1/scratch/Extended_UPAIR_Narval_b32m16_portable/_isolated_eval_chunks/main_d256_b4_r2_u3_upair5g_lmmse_ebno0p0_chunk0002_m8_b20/chunk_result.csv
[ISO-CHUNK] DONE
[PIPELINE] status done=0 reason=continue chunks=3 batches=60 block_errors=0/100 next_chunk=3
2026-06-10 05:52:43.846309: E external/local_xla/xla/stream_executor/cuda/cuda_dnn.cc:9261] Unable to register cuDNN factory: Attempting to register factory for plugin cuDNN when one has already been registered
2026-06-10 05:52:43.846350: E external/local_xla/xla/stream_executor/cuda/cuda_fft.cc:607] Unable to register cuFFT factory: Attempting to register factory for plugin cuFFT when one has already been registered
2026-06-10 05:52:43.847297: E external/local_xla/xla/stream_executor/cuda/cuda_blas.cc:1515] Unable to register cuBLAS factory: Attempting to register factory for plugin cuBLAS when one has already been registered
[COMPREHENSIVE] loaded Optuna best JSON for main_d256_b4_r2 from /home/rsadve1/scratch/Extended_UPAIR_Narval_b32m16_portable/optuna/clean_b32_prb8_d256_40k_smart_trueDMRS_u34610_1dmrs_stageB_main_d256_b4_r2_best_params.json
[ISO-CHUNK] variant: main_d256_b4_r2
[ISO-CHUNK] receiver: upair5g_lmmse
[ISO-CHUNK] num_users: 3
[ISO-CHUNK] ebno_db: 0.0
[ISO-CHUNK] chunk_idx: 3
[ISO-CHUNK] chunk_batches: 20
[ISO-CHUNK] receiver_microbatch_size: 8
[ISO-CHUNK] chunk_seed: 2004043
[ISO-CHUNK] checkpoint: /scratch/rsadve1/Extended_UPAIR_Narval_b32m16_portable/TWC_plots_comprehensive/runs_rx16/seed7/1dmrs/main_d256_b4_r2/checkpoints/best.weights.h5
[ISO-CHUNK] TF_GPU_ALLOCATOR: cuda_malloc_async
[ISO-CHUNK] output tag: main_d256_b4_r2_u3_upair5g_lmmse_ebno0p0_chunk0003_m8_b20
[EVAL] receiver microbatching enabled: batch_size_eval=64 receiver_microbatch_size=8
WARNING:tensorflow:Model's `__init__()` arguments contain non-serializable objects. Please implement a `get_config()` method in the subclassed Model for proper saving and loading. Defaulting to empty config.
WARNING:tensorflow:Model's `__init__()` arguments contain non-serializable objects. Please implement a `get_config()` method in the subclassed Model for proper saving and loading. Defaulting to empty config.
[EVAL] loaded UPAIR checkpoint: /scratch/rsadve1/Extended_UPAIR_Narval_b32m16_portable/TWC_plots_comprehensive/runs_rx16/seed7/1dmrs/main_d256_b4_r2/checkpoints/best.weights.h5
[EVAL] skipping explicit NMSE channel-estimator calls for: upair5g_lmmse
[EVAL] instrumentation log_latency=True log_gpu_memory=True memory_cleanup_every_batches=1 memory_cleanup_every_microbatch=True stream_eval_microbatches=True compiled_receiver_error_counts=False receiver_call_jit_compile=False per_receiver_stopping=False target_bler_floor=1e-05 floor_num_frames=0 gpu_mem=0.09GiB peak=0.27GiB
[EVAL] receiver_call name=upair5g_lmmse mode=positional_y_no compiled_error_counts=False
[EVAL] progress num_users=3 Eb/N0=0 dB batches=10/20 frame_err=upair5g_lmmse:2/1920 elapsed=106.6s avg_batch=10.656s gpu_mem=5.74GiB peak=5.92GiB
[EVAL] progress num_users=3 Eb/N0=0 dB batches=20/20 frame_err=upair5g_lmmse:2/3840 elapsed=210.9s avg_batch=10.545s gpu_mem=11.38GiB peak=11.56GiB
[EVAL] receiver=           upair5g_lmmse Eb/N0= 0.0 dB BER=6.53667e-05 BLER=5.20833e-04 NMSE=nan bit_err=   747/11427840 blk_err=    2/3840   batches=  20 stop=global_stop rx_time=132.54s rx_ms_batch=6627.2 rx_ms_frame=34.517 point_time=210.91s gpu_mem=11.38GiB peak=11.56GiB
[ISO-CHUNK] wrote: /home/rsadve1/scratch/Extended_UPAIR_Narval_b32m16_portable/_isolated_eval_chunks/main_d256_b4_r2_u3_upair5g_lmmse_ebno0p0_chunk0003_m8_b20/chunk_result.csv
[ISO-CHUNK] DONE
[PIPELINE] status done=0 reason=continue chunks=4 batches=80 block_errors=2/100 next_chunk=4
2026-06-10 05:56:47.190942: E external/local_xla/xla/stream_executor/cuda/cuda_dnn.cc:9261] Unable to register cuDNN factory: Attempting to register factory for plugin cuDNN when one has already been registered
2026-06-10 05:56:47.190980: E external/local_xla/xla/stream_executor/cuda/cuda_fft.cc:607] Unable to register cuFFT factory: Attempting to register factory for plugin cuFFT when one has already been registered
2026-06-10 05:56:47.191848: E external/local_xla/xla/stream_executor/cuda/cuda_blas.cc:1515] Unable to register cuBLAS factory: Attempting to register factory for plugin cuBLAS when one has already been registered
[COMPREHENSIVE] loaded Optuna best JSON for main_d256_b4_r2 from /home/rsadve1/scratch/Extended_UPAIR_Narval_b32m16_portable/optuna/clean_b32_prb8_d256_40k_smart_trueDMRS_u34610_1dmrs_stageB_main_d256_b4_r2_best_params.json
[ISO-CHUNK] variant: main_d256_b4_r2
[ISO-CHUNK] receiver: upair5g_lmmse
[ISO-CHUNK] num_users: 3
[ISO-CHUNK] ebno_db: 0.0
[ISO-CHUNK] chunk_idx: 4
[ISO-CHUNK] chunk_batches: 20
[ISO-CHUNK] receiver_microbatch_size: 8
[ISO-CHUNK] chunk_seed: 2104046
[ISO-CHUNK] checkpoint: /scratch/rsadve1/Extended_UPAIR_Narval_b32m16_portable/TWC_plots_comprehensive/runs_rx16/seed7/1dmrs/main_d256_b4_r2/checkpoints/best.weights.h5
[ISO-CHUNK] TF_GPU_ALLOCATOR: cuda_malloc_async
[ISO-CHUNK] output tag: main_d256_b4_r2_u3_upair5g_lmmse_ebno0p0_chunk0004_m8_b20
[EVAL] receiver microbatching enabled: batch_size_eval=64 receiver_microbatch_size=8
WARNING:tensorflow:Model's `__init__()` arguments contain non-serializable objects. Please implement a `get_config()` method in the subclassed Model for proper saving and loading. Defaulting to empty config.
WARNING:tensorflow:Model's `__init__()` arguments contain non-serializable objects. Please implement a `get_config()` method in the subclassed Model for proper saving and loading. Defaulting to empty config.
[EVAL] loaded UPAIR checkpoint: /scratch/rsadve1/Extended_UPAIR_Narval_b32m16_portable/TWC_plots_comprehensive/runs_rx16/seed7/1dmrs/main_d256_b4_r2/checkpoints/best.weights.h5
[EVAL] skipping explicit NMSE channel-estimator calls for: upair5g_lmmse
[EVAL] instrumentation log_latency=True log_gpu_memory=True memory_cleanup_every_batches=1 memory_cleanup_every_microbatch=True stream_eval_microbatches=True compiled_receiver_error_counts=False receiver_call_jit_compile=False per_receiver_stopping=False target_bler_floor=1e-05 floor_num_frames=0 gpu_mem=0.09GiB peak=0.27GiB
[EVAL] receiver_call name=upair5g_lmmse mode=positional_y_no compiled_error_counts=False
[EVAL] progress num_users=3 Eb/N0=0 dB batches=10/20 frame_err=upair5g_lmmse:0/1920 elapsed=105.4s avg_batch=10.541s gpu_mem=5.74GiB peak=5.92GiB
[EVAL] progress num_users=3 Eb/N0=0 dB batches=20/20 frame_err=upair5g_lmmse:2/3840 elapsed=210.2s avg_batch=10.509s gpu_mem=11.38GiB peak=11.56GiB
[EVAL] receiver=           upair5g_lmmse Eb/N0= 0.0 dB BER=2.74768e-05 BLER=5.20833e-04 NMSE=nan bit_err=   314/11427840 blk_err=    2/3840   batches=  20 stop=global_stop rx_time=131.55s rx_ms_batch=6577.7 rx_ms_frame=34.259 point_time=210.19s gpu_mem=11.38GiB peak=11.56GiB
[ISO-CHUNK] wrote: /home/rsadve1/scratch/Extended_UPAIR_Narval_b32m16_portable/_isolated_eval_chunks/main_d256_b4_r2_u3_upair5g_lmmse_ebno0p0_chunk0004_m8_b20/chunk_result.csv
[ISO-CHUNK] DONE
[PIPELINE] status done=0 reason=continue chunks=5 batches=100 block_errors=4/100 next_chunk=5
2026-06-10 06:00:46.054229: E external/local_xla/xla/stream_executor/cuda/cuda_dnn.cc:9261] Unable to register cuDNN factory: Attempting to register factory for plugin cuDNN when one has already been registered
2026-06-10 06:00:46.054275: E external/local_xla/xla/stream_executor/cuda/cuda_fft.cc:607] Unable to register cuFFT factory: Attempting to register factory for plugin cuFFT when one has already been registered
2026-06-10 06:00:46.055156: E external/local_xla/xla/stream_executor/cuda/cuda_blas.cc:1515] Unable to register cuBLAS factory: Attempting to register factory for plugin cuBLAS when one has already been registered
[COMPREHENSIVE] loaded Optuna best JSON for main_d256_b4_r2 from /home/rsadve1/scratch/Extended_UPAIR_Narval_b32m16_portable/optuna/clean_b32_prb8_d256_40k_smart_trueDMRS_u34610_1dmrs_stageB_main_d256_b4_r2_best_params.json
[ISO-CHUNK] variant: main_d256_b4_r2
[ISO-CHUNK] receiver: upair5g_lmmse
[ISO-CHUNK] num_users: 3
[ISO-CHUNK] ebno_db: 0.0
[ISO-CHUNK] chunk_idx: 5
[ISO-CHUNK] chunk_batches: 20
[ISO-CHUNK] receiver_microbatch_size: 8
[ISO-CHUNK] chunk_seed: 2204049
[ISO-CHUNK] checkpoint: /scratch/rsadve1/Extended_UPAIR_Narval_b32m16_portable/TWC_plots_comprehensive/runs_rx16/seed7/1dmrs/main_d256_b4_r2/checkpoints/best.weights.h5
[ISO-CHUNK] TF_GPU_ALLOCATOR: cuda_malloc_async
[ISO-CHUNK] output tag: main_d256_b4_r2_u3_upair5g_lmmse_ebno0p0_chunk0005_m8_b20
[EVAL] receiver microbatching enabled: batch_size_eval=64 receiver_microbatch_size=8
WARNING:tensorflow:Model's `__init__()` arguments contain non-serializable objects. Please implement a `get_config()` method in the subclassed Model for proper saving and loading. Defaulting to empty config.
WARNING:tensorflow:Model's `__init__()` arguments contain non-serializable objects. Please implement a `get_config()` method in the subclassed Model for proper saving and loading. Defaulting to empty config.
[EVAL] loaded UPAIR checkpoint: /scratch/rsadve1/Extended_UPAIR_Narval_b32m16_portable/TWC_plots_comprehensive/runs_rx16/seed7/1dmrs/main_d256_b4_r2/checkpoints/best.weights.h5
[EVAL] skipping explicit NMSE channel-estimator calls for: upair5g_lmmse
[EVAL] instrumentation log_latency=True log_gpu_memory=True memory_cleanup_every_batches=1 memory_cleanup_every_microbatch=True stream_eval_microbatches=True compiled_receiver_error_counts=False receiver_call_jit_compile=False per_receiver_stopping=False target_bler_floor=1e-05 floor_num_frames=0 gpu_mem=0.09GiB peak=0.27GiB
[EVAL] receiver_call name=upair5g_lmmse mode=positional_y_no compiled_error_counts=False
[EVAL] progress num_users=3 Eb/N0=0 dB batches=10/20 frame_err=upair5g_lmmse:0/1920 elapsed=107.0s avg_batch=10.702s gpu_mem=5.74GiB peak=5.92GiB
[EVAL] progress num_users=3 Eb/N0=0 dB batches=20/20 frame_err=upair5g_lmmse:0/3840 elapsed=213.0s avg_batch=10.648s gpu_mem=11.38GiB peak=11.56GiB
[EVAL] receiver=           upair5g_lmmse Eb/N0= 0.0 dB BER=0.00000e+00 BLER=0.00000e+00 NMSE=nan bit_err=     0/11427840 blk_err=    0/3840   batches=  20 stop=global_stop bler_ub=7.813e-04 rx_time=133.52s rx_ms_batch=6676.2 rx_ms_frame=34.772 point_time=212.97s gpu_mem=11.38GiB peak=11.56GiB
[ISO-CHUNK] wrote: /home/rsadve1/scratch/Extended_UPAIR_Narval_b32m16_portable/_isolated_eval_chunks/main_d256_b4_r2_u3_upair5g_lmmse_ebno0p0_chunk0005_m8_b20/chunk_result.csv
[ISO-CHUNK] DONE
[PIPELINE] status done=0 reason=continue chunks=6 batches=120 block_errors=4/100 next_chunk=6
2026-06-10 06:04:54.857430: E external/local_xla/xla/stream_executor/cuda/cuda_dnn.cc:9261] Unable to register cuDNN factory: Attempting to register factory for plugin cuDNN when one has already been registered
2026-06-10 06:04:54.857466: E external/local_xla/xla/stream_executor/cuda/cuda_fft.cc:607] Unable to register cuFFT factory: Attempting to register factory for plugin cuFFT when one has already been registered
2026-06-10 06:04:54.858407: E external/local_xla/xla/stream_executor/cuda/cuda_blas.cc:1515] Unable to register cuBLAS factory: Attempting to register factory for plugin cuBLAS when one has already been registered
[COMPREHENSIVE] loaded Optuna best JSON for main_d256_b4_r2 from /home/rsadve1/scratch/Extended_UPAIR_Narval_b32m16_portable/optuna/clean_b32_prb8_d256_40k_smart_trueDMRS_u34610_1dmrs_stageB_main_d256_b4_r2_best_params.json
[ISO-CHUNK] variant: main_d256_b4_r2
[ISO-CHUNK] receiver: upair5g_lmmse
[ISO-CHUNK] num_users: 3
[ISO-CHUNK] ebno_db: 0.0
[ISO-CHUNK] chunk_idx: 6
[ISO-CHUNK] chunk_batches: 20
[ISO-CHUNK] receiver_microbatch_size: 8
[ISO-CHUNK] chunk_seed: 2304052
[ISO-CHUNK] checkpoint: /scratch/rsadve1/Extended_UPAIR_Narval_b32m16_portable/TWC_plots_comprehensive/runs_rx16/seed7/1dmrs/main_d256_b4_r2/checkpoints/best.weights.h5
[ISO-CHUNK] TF_GPU_ALLOCATOR: cuda_malloc_async
[ISO-CHUNK] output tag: main_d256_b4_r2_u3_upair5g_lmmse_ebno0p0_chunk0006_m8_b20
[EVAL] receiver microbatching enabled: batch_size_eval=64 receiver_microbatch_size=8
WARNING:tensorflow:Model's `__init__()` arguments contain non-serializable objects. Please implement a `get_config()` method in the subclassed Model for proper saving and loading. Defaulting to empty config.
WARNING:tensorflow:Model's `__init__()` arguments contain non-serializable objects. Please implement a `get_config()` method in the subclassed Model for proper saving and loading. Defaulting to empty config.
[EVAL] loaded UPAIR checkpoint: /scratch/rsadve1/Extended_UPAIR_Narval_b32m16_portable/TWC_plots_comprehensive/runs_rx16/seed7/1dmrs/main_d256_b4_r2/checkpoints/best.weights.h5
[EVAL] skipping explicit NMSE channel-estimator calls for: upair5g_lmmse
[EVAL] instrumentation log_latency=True log_gpu_memory=True memory_cleanup_every_batches=1 memory_cleanup_every_microbatch=True stream_eval_microbatches=True compiled_receiver_error_counts=False receiver_call_jit_compile=False per_receiver_stopping=False target_bler_floor=1e-05 floor_num_frames=0 gpu_mem=0.09GiB peak=0.27GiB
[EVAL] receiver_call name=upair5g_lmmse mode=positional_y_no compiled_error_counts=False
[EVAL] progress num_users=3 Eb/N0=0 dB batches=10/20 frame_err=upair5g_lmmse:0/1920 elapsed=106.9s avg_batch=10.693s gpu_mem=5.74GiB peak=5.92GiB
[EVAL] progress num_users=3 Eb/N0=0 dB batches=20/20 frame_err=upair5g_lmmse:0/3840 elapsed=212.5s avg_batch=10.624s gpu_mem=11.38GiB peak=11.56GiB
[EVAL] receiver=           upair5g_lmmse Eb/N0= 0.0 dB BER=0.00000e+00 BLER=0.00000e+00 NMSE=nan bit_err=     0/11427840 blk_err=    0/3840   batches=  20 stop=global_stop bler_ub=7.813e-04 rx_time=133.18s rx_ms_batch=6658.8 rx_ms_frame=34.681 point_time=212.48s gpu_mem=11.38GiB peak=11.56GiB
[ISO-CHUNK] wrote: /home/rsadve1/scratch/Extended_UPAIR_Narval_b32m16_portable/_isolated_eval_chunks/main_d256_b4_r2_u3_upair5g_lmmse_ebno0p0_chunk0006_m8_b20/chunk_result.csv
[ISO-CHUNK] DONE
[PIPELINE] status done=0 reason=continue chunks=7 batches=140 block_errors=4/100 next_chunk=7
2026-06-10 06:08:58.818633: E external/local_xla/xla/stream_executor/cuda/cuda_dnn.cc:9261] Unable to register cuDNN factory: Attempting to register factory for plugin cuDNN when one has already been registered
2026-06-10 06:08:58.818669: E external/local_xla/xla/stream_executor/cuda/cuda_fft.cc:607] Unable to register cuFFT factory: Attempting to register factory for plugin cuFFT when one has already been registered
2026-06-10 06:08:58.819605: E external/local_xla/xla/stream_executor/cuda/cuda_blas.cc:1515] Unable to register cuBLAS factory: Attempting to register factory for plugin cuBLAS when one has already been registered
[COMPREHENSIVE] loaded Optuna best JSON for main_d256_b4_r2 from /home/rsadve1/scratch/Extended_UPAIR_Narval_b32m16_portable/optuna/clean_b32_prb8_d256_40k_smart_trueDMRS_u34610_1dmrs_stageB_main_d256_b4_r2_best_params.json
[ISO-CHUNK] variant: main_d256_b4_r2
[ISO-CHUNK] receiver: upair5g_lmmse
[ISO-CHUNK] num_users: 3
[ISO-CHUNK] ebno_db: 0.0
[ISO-CHUNK] chunk_idx: 7
[ISO-CHUNK] chunk_batches: 20
[ISO-CHUNK] receiver_microbatch_size: 8
[ISO-CHUNK] chunk_seed: 2404055
[ISO-CHUNK] checkpoint: /scratch/rsadve1/Extended_UPAIR_Narval_b32m16_portable/TWC_plots_comprehensive/runs_rx16/seed7/1dmrs/main_d256_b4_r2/checkpoints/best.weights.h5
[ISO-CHUNK] TF_GPU_ALLOCATOR: cuda_malloc_async
[ISO-CHUNK] output tag: main_d256_b4_r2_u3_upair5g_lmmse_ebno0p0_chunk0007_m8_b20
[EVAL] receiver microbatching enabled: batch_size_eval=64 receiver_microbatch_size=8
WARNING:tensorflow:Model's `__init__()` arguments contain non-serializable objects. Please implement a `get_config()` method in the subclassed Model for proper saving and loading. Defaulting to empty config.
WARNING:tensorflow:Model's `__init__()` arguments contain non-serializable objects. Please implement a `get_config()` method in the subclassed Model for proper saving and loading. Defaulting to empty config.
[EVAL] loaded UPAIR checkpoint: /scratch/rsadve1/Extended_UPAIR_Narval_b32m16_portable/TWC_plots_comprehensive/runs_rx16/seed7/1dmrs/main_d256_b4_r2/checkpoints/best.weights.h5
[EVAL] skipping explicit NMSE channel-estimator calls for: upair5g_lmmse
[EVAL] instrumentation log_latency=True log_gpu_memory=True memory_cleanup_every_batches=1 memory_cleanup_every_microbatch=True stream_eval_microbatches=True compiled_receiver_error_counts=False receiver_call_jit_compile=False per_receiver_stopping=False target_bler_floor=1e-05 floor_num_frames=0 gpu_mem=0.09GiB peak=0.27GiB
[EVAL] receiver_call name=upair5g_lmmse mode=positional_y_no compiled_error_counts=False
[EVAL] progress num_users=3 Eb/N0=0 dB batches=10/20 frame_err=upair5g_lmmse:0/1920 elapsed=105.8s avg_batch=10.575s gpu_mem=5.74GiB peak=5.92GiB
[EVAL] progress num_users=3 Eb/N0=0 dB batches=20/20 frame_err=upair5g_lmmse:0/3840 elapsed=211.7s avg_batch=10.587s gpu_mem=11.38GiB peak=11.56GiB
[EVAL] receiver=           upair5g_lmmse Eb/N0= 0.0 dB BER=0.00000e+00 BLER=0.00000e+00 NMSE=nan bit_err=     0/11427840 blk_err=    0/3840   batches=  20 stop=global_stop bler_ub=7.813e-04 rx_time=132.77s rx_ms_batch=6638.7 rx_ms_frame=34.577 point_time=211.74s gpu_mem=11.38GiB peak=11.56GiB
[ISO-CHUNK] wrote: /home/rsadve1/scratch/Extended_UPAIR_Narval_b32m16_portable/_isolated_eval_chunks/main_d256_b4_r2_u3_upair5g_lmmse_ebno0p0_chunk0007_m8_b20/chunk_result.csv
[ISO-CHUNK] DONE
[PIPELINE] status done=0 reason=continue chunks=8 batches=160 block_errors=4/100 next_chunk=8
2026-06-10 06:13:00.394152: E external/local_xla/xla/stream_executor/cuda/cuda_dnn.cc:9261] Unable to register cuDNN factory: Attempting to register factory for plugin cuDNN when one has already been registered
2026-06-10 06:13:00.394205: E external/local_xla/xla/stream_executor/cuda/cuda_fft.cc:607] Unable to register cuFFT factory: Attempting to register factory for plugin cuFFT when one has already been registered
2026-06-10 06:13:00.395107: E external/local_xla/xla/stream_executor/cuda/cuda_blas.cc:1515] Unable to register cuBLAS factory: Attempting to register factory for plugin cuBLAS when one has already been registered
[COMPREHENSIVE] loaded Optuna best JSON for main_d256_b4_r2 from /home/rsadve1/scratch/Extended_UPAIR_Narval_b32m16_portable/optuna/clean_b32_prb8_d256_40k_smart_trueDMRS_u34610_1dmrs_stageB_main_d256_b4_r2_best_params.json
[ISO-CHUNK] variant: main_d256_b4_r2
[ISO-CHUNK] receiver: upair5g_lmmse
[ISO-CHUNK] num_users: 3
[ISO-CHUNK] ebno_db: 0.0
[ISO-CHUNK] chunk_idx: 8
[ISO-CHUNK] chunk_batches: 20
[ISO-CHUNK] receiver_microbatch_size: 8
[ISO-CHUNK] chunk_seed: 2504058
[ISO-CHUNK] checkpoint: /scratch/rsadve1/Extended_UPAIR_Narval_b32m16_portable/TWC_plots_comprehensive/runs_rx16/seed7/1dmrs/main_d256_b4_r2/checkpoints/best.weights.h5
[ISO-CHUNK] TF_GPU_ALLOCATOR: cuda_malloc_async
[ISO-CHUNK] output tag: main_d256_b4_r2_u3_upair5g_lmmse_ebno0p0_chunk0008_m8_b20
[EVAL] receiver microbatching enabled: batch_size_eval=64 receiver_microbatch_size=8
WARNING:tensorflow:Model's `__init__()` arguments contain non-serializable objects. Please implement a `get_config()` method in the subclassed Model for proper saving and loading. Defaulting to empty config.
WARNING:tensorflow:Model's `__init__()` arguments contain non-serializable objects. Please implement a `get_config()` method in the subclassed Model for proper saving and loading. Defaulting to empty config.
[EVAL] loaded UPAIR checkpoint: /scratch/rsadve1/Extended_UPAIR_Narval_b32m16_portable/TWC_plots_comprehensive/runs_rx16/seed7/1dmrs/main_d256_b4_r2/checkpoints/best.weights.h5
[EVAL] skipping explicit NMSE channel-estimator calls for: upair5g_lmmse
[EVAL] instrumentation log_latency=True log_gpu_memory=True memory_cleanup_every_batches=1 memory_cleanup_every_microbatch=True stream_eval_microbatches=True compiled_receiver_error_counts=False receiver_call_jit_compile=False per_receiver_stopping=False target_bler_floor=1e-05 floor_num_frames=0 gpu_mem=0.09GiB peak=0.27GiB
[EVAL] receiver_call name=upair5g_lmmse mode=positional_y_no compiled_error_counts=False
[EVAL] progress num_users=3 Eb/N0=0 dB batches=10/20 frame_err=upair5g_lmmse:1/1920 elapsed=106.3s avg_batch=10.630s gpu_mem=5.74GiB peak=5.92GiB
[EVAL] progress num_users=3 Eb/N0=0 dB batches=20/20 frame_err=upair5g_lmmse:1/3840 elapsed=212.0s avg_batch=10.601s gpu_mem=11.38GiB peak=11.56GiB
[EVAL] receiver=           upair5g_lmmse Eb/N0= 0.0 dB BER=1.70636e-05 BLER=2.60417e-04 NMSE=nan bit_err=   195/11427840 blk_err=    1/3840   batches=  20 stop=global_stop rx_time=133.03s rx_ms_batch=6651.3 rx_ms_frame=34.642 point_time=212.03s gpu_mem=11.38GiB peak=11.56GiB
[ISO-CHUNK] wrote: /home/rsadve1/scratch/Extended_UPAIR_Narval_b32m16_portable/_isolated_eval_chunks/main_d256_b4_r2_u3_upair5g_lmmse_ebno0p0_chunk0008_m8_b20/chunk_result.csv
[ISO-CHUNK] DONE
[PIPELINE] status done=0 reason=continue chunks=9 batches=180 block_errors=5/100 next_chunk=9
2026-06-10 06:16:59.737415: E external/local_xla/xla/stream_executor/cuda/cuda_dnn.cc:9261] Unable to register cuDNN factory: Attempting to register factory for plugin cuDNN when one has already been registered
2026-06-10 06:16:59.737965: E external/local_xla/xla/stream_executor/cuda/cuda_fft.cc:607] Unable to register cuFFT factory: Attempting to register factory for plugin cuFFT when one has already been registered
2026-06-10 06:16:59.738884: E external/local_xla/xla/stream_executor/cuda/cuda_blas.cc:1515] Unable to register cuBLAS factory: Attempting to register factory for plugin cuBLAS when one has already been registered
[COMPREHENSIVE] loaded Optuna best JSON for main_d256_b4_r2 from /home/rsadve1/scratch/Extended_UPAIR_Narval_b32m16_portable/optuna/clean_b32_prb8_d256_40k_smart_trueDMRS_u34610_1dmrs_stageB_main_d256_b4_r2_best_params.json
[ISO-CHUNK] variant: main_d256_b4_r2
[ISO-CHUNK] receiver: upair5g_lmmse
[ISO-CHUNK] num_users: 3
[ISO-CHUNK] ebno_db: 0.0
[ISO-CHUNK] chunk_idx: 9
[ISO-CHUNK] chunk_batches: 20
[ISO-CHUNK] receiver_microbatch_size: 8
[ISO-CHUNK] chunk_seed: 2604061
[ISO-CHUNK] checkpoint: /scratch/rsadve1/Extended_UPAIR_Narval_b32m16_portable/TWC_plots_comprehensive/runs_rx16/seed7/1dmrs/main_d256_b4_r2/checkpoints/best.weights.h5
[ISO-CHUNK] TF_GPU_ALLOCATOR: cuda_malloc_async
[ISO-CHUNK] output tag: main_d256_b4_r2_u3_upair5g_lmmse_ebno0p0_chunk0009_m8_b20
[EVAL] receiver microbatching enabled: batch_size_eval=64 receiver_microbatch_size=8
WARNING:tensorflow:Model's `__init__()` arguments contain non-serializable objects. Please implement a `get_config()` method in the subclassed Model for proper saving and loading. Defaulting to empty config.
WARNING:tensorflow:Model's `__init__()` arguments contain non-serializable objects. Please implement a `get_config()` method in the subclassed Model for proper saving and loading. Defaulting to empty config.
[EVAL] loaded UPAIR checkpoint: /scratch/rsadve1/Extended_UPAIR_Narval_b32m16_portable/TWC_plots_comprehensive/runs_rx16/seed7/1dmrs/main_d256_b4_r2/checkpoints/best.weights.h5
[EVAL] skipping explicit NMSE channel-estimator calls for: upair5g_lmmse
[EVAL] instrumentation log_latency=True log_gpu_memory=True memory_cleanup_every_batches=1 memory_cleanup_every_microbatch=True stream_eval_microbatches=True compiled_receiver_error_counts=False receiver_call_jit_compile=False per_receiver_stopping=False target_bler_floor=1e-05 floor_num_frames=0 gpu_mem=0.09GiB peak=0.27GiB
[EVAL] receiver_call name=upair5g_lmmse mode=positional_y_no compiled_error_counts=False
[EVAL] progress num_users=3 Eb/N0=0 dB batches=10/20 frame_err=upair5g_lmmse:1/1920 elapsed=107.0s avg_batch=10.704s gpu_mem=5.74GiB peak=5.92GiB
[EVAL] progress num_users=3 Eb/N0=0 dB batches=20/20 frame_err=upair5g_lmmse:4/3840 elapsed=213.1s avg_batch=10.654s gpu_mem=11.38GiB peak=11.56GiB
[EVAL] receiver=           upair5g_lmmse Eb/N0= 0.0 dB BER=2.19639e-05 BLER=1.04167e-03 NMSE=nan bit_err=   251/11427840 blk_err=    4/3840   batches=  20 stop=global_stop rx_time=133.71s rx_ms_batch=6685.6 rx_ms_frame=34.821 point_time=213.08s gpu_mem=11.38GiB peak=11.56GiB
[ISO-CHUNK] wrote: /home/rsadve1/scratch/Extended_UPAIR_Narval_b32m16_portable/_isolated_eval_chunks/main_d256_b4_r2_u3_upair5g_lmmse_ebno0p0_chunk0009_m8_b20/chunk_result.csv
[ISO-CHUNK] DONE
[PIPELINE] status done=0 reason=continue chunks=10 batches=200 block_errors=9/100 next_chunk=10
2026-06-10 06:21:15.745151: E external/local_xla/xla/stream_executor/cuda/cuda_dnn.cc:9261] Unable to register cuDNN factory: Attempting to register factory for plugin cuDNN when one has already been registered
2026-06-10 06:21:15.745189: E external/local_xla/xla/stream_executor/cuda/cuda_fft.cc:607] Unable to register cuFFT factory: Attempting to register factory for plugin cuFFT when one has already been registered
2026-06-10 06:21:15.746129: E external/local_xla/xla/stream_executor/cuda/cuda_blas.cc:1515] Unable to register cuBLAS factory: Attempting to register factory for plugin cuBLAS when one has already been registered
[COMPREHENSIVE] loaded Optuna best JSON for main_d256_b4_r2 from /home/rsadve1/scratch/Extended_UPAIR_Narval_b32m16_portable/optuna/clean_b32_prb8_d256_40k_smart_trueDMRS_u34610_1dmrs_stageB_main_d256_b4_r2_best_params.json
[ISO-CHUNK] variant: main_d256_b4_r2
[ISO-CHUNK] receiver: upair5g_lmmse
[ISO-CHUNK] num_users: 3
[ISO-CHUNK] ebno_db: 0.0
[ISO-CHUNK] chunk_idx: 10
[ISO-CHUNK] chunk_batches: 20
[ISO-CHUNK] receiver_microbatch_size: 8
[ISO-CHUNK] chunk_seed: 2704064
[ISO-CHUNK] checkpoint: /scratch/rsadve1/Extended_UPAIR_Narval_b32m16_portable/TWC_plots_comprehensive/runs_rx16/seed7/1dmrs/main_d256_b4_r2/checkpoints/best.weights.h5
[ISO-CHUNK] TF_GPU_ALLOCATOR: cuda_malloc_async
[ISO-CHUNK] output tag: main_d256_b4_r2_u3_upair5g_lmmse_ebno0p0_chunk0010_m8_b20
[EVAL] receiver microbatching enabled: batch_size_eval=64 receiver_microbatch_size=8
WARNING:tensorflow:Model's `__init__()` arguments contain non-serializable objects. Please implement a `get_config()` method in the subclassed Model for proper saving and loading. Defaulting to empty config.
WARNING:tensorflow:Model's `__init__()` arguments contain non-serializable objects. Please implement a `get_config()` method in the subclassed Model for proper saving and loading. Defaulting to empty config.
[EVAL] loaded UPAIR checkpoint: /scratch/rsadve1/Extended_UPAIR_Narval_b32m16_portable/TWC_plots_comprehensive/runs_rx16/seed7/1dmrs/main_d256_b4_r2/checkpoints/best.weights.h5
[EVAL] skipping explicit NMSE channel-estimator calls for: upair5g_lmmse
[EVAL] instrumentation log_latency=True log_gpu_memory=True memory_cleanup_every_batches=1 memory_cleanup_every_microbatch=True stream_eval_microbatches=True compiled_receiver_error_counts=False receiver_call_jit_compile=False per_receiver_stopping=False target_bler_floor=1e-05 floor_num_frames=0 gpu_mem=0.09GiB peak=0.27GiB
[EVAL] receiver_call name=upair5g_lmmse mode=positional_y_no compiled_error_counts=False
[EVAL] progress num_users=3 Eb/N0=0 dB batches=10/20 frame_err=upair5g_lmmse:0/1920 elapsed=105.5s avg_batch=10.552s gpu_mem=5.74GiB peak=5.92GiB
[EVAL] progress num_users=3 Eb/N0=0 dB batches=20/20 frame_err=upair5g_lmmse:2/3840 elapsed=211.0s avg_batch=10.548s gpu_mem=11.38GiB peak=11.56GiB
[EVAL] receiver=           upair5g_lmmse Eb/N0= 0.0 dB BER=6.12539e-06 BLER=5.20833e-04 NMSE=nan bit_err=    70/11427840 blk_err=    2/3840   batches=  20 stop=global_stop rx_time=132.09s rx_ms_batch=6604.6 rx_ms_frame=34.399 point_time=210.96s gpu_mem=11.38GiB peak=11.56GiB
[ISO-CHUNK] wrote: /home/rsadve1/scratch/Extended_UPAIR_Narval_b32m16_portable/_isolated_eval_chunks/main_d256_b4_r2_u3_upair5g_lmmse_ebno0p0_chunk0010_m8_b20/chunk_result.csv
[ISO-CHUNK] DONE
[PIPELINE] status done=0 reason=continue chunks=11 batches=220 block_errors=11/100 next_chunk=11
2026-06-10 06:25:21.548733: E external/local_xla/xla/stream_executor/cuda/cuda_dnn.cc:9261] Unable to register cuDNN factory: Attempting to register factory for plugin cuDNN when one has already been registered
2026-06-10 06:25:21.548770: E external/local_xla/xla/stream_executor/cuda/cuda_fft.cc:607] Unable to register cuFFT factory: Attempting to register factory for plugin cuFFT when one has already been registered
2026-06-10 06:25:21.549711: E external/local_xla/xla/stream_executor/cuda/cuda_blas.cc:1515] Unable to register cuBLAS factory: Attempting to register factory for plugin cuBLAS when one has already been registered
[COMPREHENSIVE] loaded Optuna best JSON for main_d256_b4_r2 from /home/rsadve1/scratch/Extended_UPAIR_Narval_b32m16_portable/optuna/clean_b32_prb8_d256_40k_smart_trueDMRS_u34610_1dmrs_stageB_main_d256_b4_r2_best_params.json
[ISO-CHUNK] variant: main_d256_b4_r2
[ISO-CHUNK] receiver: upair5g_lmmse
[ISO-CHUNK] num_users: 3
[ISO-CHUNK] ebno_db: 0.0
[ISO-CHUNK] chunk_idx: 11
[ISO-CHUNK] chunk_batches: 20
[ISO-CHUNK] receiver_microbatch_size: 8
[ISO-CHUNK] chunk_seed: 2804067
[ISO-CHUNK] checkpoint: /scratch/rsadve1/Extended_UPAIR_Narval_b32m16_portable/TWC_plots_comprehensive/runs_rx16/seed7/1dmrs/main_d256_b4_r2/checkpoints/best.weights.h5
[ISO-CHUNK] TF_GPU_ALLOCATOR: cuda_malloc_async
[ISO-CHUNK] output tag: main_d256_b4_r2_u3_upair5g_lmmse_ebno0p0_chunk0011_m8_b20
[EVAL] receiver microbatching enabled: batch_size_eval=64 receiver_microbatch_size=8
WARNING:tensorflow:Model's `__init__()` arguments contain non-serializable objects. Please implement a `get_config()` method in the subclassed Model for proper saving and loading. Defaulting to empty config.
WARNING:tensorflow:Model's `__init__()` arguments contain non-serializable objects. Please implement a `get_config()` method in the subclassed Model for proper saving and loading. Defaulting to empty config.
[EVAL] loaded UPAIR checkpoint: /scratch/rsadve1/Extended_UPAIR_Narval_b32m16_portable/TWC_plots_comprehensive/runs_rx16/seed7/1dmrs/main_d256_b4_r2/checkpoints/best.weights.h5
[EVAL] skipping explicit NMSE channel-estimator calls for: upair5g_lmmse
[EVAL] instrumentation log_latency=True log_gpu_memory=True memory_cleanup_every_batches=1 memory_cleanup_every_microbatch=True stream_eval_microbatches=True compiled_receiver_error_counts=False receiver_call_jit_compile=False per_receiver_stopping=False target_bler_floor=1e-05 floor_num_frames=0 gpu_mem=0.09GiB peak=0.27GiB
[EVAL] receiver_call name=upair5g_lmmse mode=positional_y_no compiled_error_counts=False
[EVAL] progress num_users=3 Eb/N0=0 dB batches=10/20 frame_err=upair5g_lmmse:0/1920 elapsed=106.1s avg_batch=10.610s gpu_mem=5.74GiB peak=5.92GiB
[EVAL] progress num_users=3 Eb/N0=0 dB batches=20/20 frame_err=upair5g_lmmse:0/3840 elapsed=212.1s avg_batch=10.604s gpu_mem=11.38GiB peak=11.56GiB
[EVAL] receiver=           upair5g_lmmse Eb/N0= 0.0 dB BER=0.00000e+00 BLER=0.00000e+00 NMSE=nan bit_err=     0/11427840 blk_err=    0/3840   batches=  20 stop=global_stop bler_ub=7.813e-04 rx_time=133.03s rx_ms_batch=6651.5 rx_ms_frame=34.643 point_time=212.07s gpu_mem=11.38GiB peak=11.56GiB
[ISO-CHUNK] wrote: /home/rsadve1/scratch/Extended_UPAIR_Narval_b32m16_portable/_isolated_eval_chunks/main_d256_b4_r2_u3_upair5g_lmmse_ebno0p0_chunk0011_m8_b20/chunk_result.csv
[ISO-CHUNK] DONE
[PIPELINE] status done=0 reason=continue chunks=12 batches=240 block_errors=11/100 next_chunk=12
2026-06-10 06:29:24.790208: E external/local_xla/xla/stream_executor/cuda/cuda_dnn.cc:9261] Unable to register cuDNN factory: Attempting to register factory for plugin cuDNN when one has already been registered
2026-06-10 06:29:24.790246: E external/local_xla/xla/stream_executor/cuda/cuda_fft.cc:607] Unable to register cuFFT factory: Attempting to register factory for plugin cuFFT when one has already been registered
2026-06-10 06:29:24.791199: E external/local_xla/xla/stream_executor/cuda/cuda_blas.cc:1515] Unable to register cuBLAS factory: Attempting to register factory for plugin cuBLAS when one has already been registered
[COMPREHENSIVE] loaded Optuna best JSON for main_d256_b4_r2 from /home/rsadve1/scratch/Extended_UPAIR_Narval_b32m16_portable/optuna/clean_b32_prb8_d256_40k_smart_trueDMRS_u34610_1dmrs_stageB_main_d256_b4_r2_best_params.json
[ISO-CHUNK] variant: main_d256_b4_r2
[ISO-CHUNK] receiver: upair5g_lmmse
[ISO-CHUNK] num_users: 3
[ISO-CHUNK] ebno_db: 0.0
[ISO-CHUNK] chunk_idx: 12
[ISO-CHUNK] chunk_batches: 20
[ISO-CHUNK] receiver_microbatch_size: 8
[ISO-CHUNK] chunk_seed: 2904070
[ISO-CHUNK] checkpoint: /scratch/rsadve1/Extended_UPAIR_Narval_b32m16_portable/TWC_plots_comprehensive/runs_rx16/seed7/1dmrs/main_d256_b4_r2/checkpoints/best.weights.h5
[ISO-CHUNK] TF_GPU_ALLOCATOR: cuda_malloc_async
[ISO-CHUNK] output tag: main_d256_b4_r2_u3_upair5g_lmmse_ebno0p0_chunk0012_m8_b20
[EVAL] receiver microbatching enabled: batch_size_eval=64 receiver_microbatch_size=8
WARNING:tensorflow:Model's `__init__()` arguments contain non-serializable objects. Please implement a `get_config()` method in the subclassed Model for proper saving and loading. Defaulting to empty config.
WARNING:tensorflow:Model's `__init__()` arguments contain non-serializable objects. Please implement a `get_config()` method in the subclassed Model for proper saving and loading. Defaulting to empty config.
[EVAL] loaded UPAIR checkpoint: /scratch/rsadve1/Extended_UPAIR_Narval_b32m16_portable/TWC_plots_comprehensive/runs_rx16/seed7/1dmrs/main_d256_b4_r2/checkpoints/best.weights.h5
[EVAL] skipping explicit NMSE channel-estimator calls for: upair5g_lmmse
[EVAL] instrumentation log_latency=True log_gpu_memory=True memory_cleanup_every_batches=1 memory_cleanup_every_microbatch=True stream_eval_microbatches=True compiled_receiver_error_counts=False receiver_call_jit_compile=False per_receiver_stopping=False target_bler_floor=1e-05 floor_num_frames=0 gpu_mem=0.09GiB peak=0.27GiB
[EVAL] receiver_call name=upair5g_lmmse mode=positional_y_no compiled_error_counts=False
[EVAL] progress num_users=3 Eb/N0=0 dB batches=10/20 frame_err=upair5g_lmmse:0/1920 elapsed=106.1s avg_batch=10.611s gpu_mem=5.74GiB peak=5.92GiB
[EVAL] progress num_users=3 Eb/N0=0 dB batches=20/20 frame_err=upair5g_lmmse:2/3840 elapsed=212.1s avg_batch=10.604s gpu_mem=11.38GiB peak=11.56GiB
[EVAL] receiver=           upair5g_lmmse Eb/N0= 0.0 dB BER=2.73893e-05 BLER=5.20833e-04 NMSE=nan bit_err=   313/11427840 blk_err=    2/3840   batches=  20 stop=global_stop rx_time=133.10s rx_ms_batch=6655.2 rx_ms_frame=34.662 point_time=212.08s gpu_mem=11.38GiB peak=11.56GiB
[ISO-CHUNK] wrote: /home/rsadve1/scratch/Extended_UPAIR_Narval_b32m16_portable/_isolated_eval_chunks/main_d256_b4_r2_u3_upair5g_lmmse_ebno0p0_chunk0012_m8_b20/chunk_result.csv
[ISO-CHUNK] DONE
[PIPELINE] status done=0 reason=continue chunks=13 batches=260 block_errors=13/100 next_chunk=13
2026-06-10 06:33:30.297685: E external/local_xla/xla/stream_executor/cuda/cuda_dnn.cc:9261] Unable to register cuDNN factory: Attempting to register factory for plugin cuDNN when one has already been registered
2026-06-10 06:33:30.297730: E external/local_xla/xla/stream_executor/cuda/cuda_fft.cc:607] Unable to register cuFFT factory: Attempting to register factory for plugin cuFFT when one has already been registered
2026-06-10 06:33:30.298677: E external/local_xla/xla/stream_executor/cuda/cuda_blas.cc:1515] Unable to register cuBLAS factory: Attempting to register factory for plugin cuBLAS when one has already been registered
[COMPREHENSIVE] loaded Optuna best JSON for main_d256_b4_r2 from /home/rsadve1/scratch/Extended_UPAIR_Narval_b32m16_portable/optuna/clean_b32_prb8_d256_40k_smart_trueDMRS_u34610_1dmrs_stageB_main_d256_b4_r2_best_params.json
[ISO-CHUNK] variant: main_d256_b4_r2
[ISO-CHUNK] receiver: upair5g_lmmse
[ISO-CHUNK] num_users: 3
[ISO-CHUNK] ebno_db: 0.0
[ISO-CHUNK] chunk_idx: 13
[ISO-CHUNK] chunk_batches: 20
[ISO-CHUNK] receiver_microbatch_size: 8
[ISO-CHUNK] chunk_seed: 3004073
[ISO-CHUNK] checkpoint: /scratch/rsadve1/Extended_UPAIR_Narval_b32m16_portable/TWC_plots_comprehensive/runs_rx16/seed7/1dmrs/main_d256_b4_r2/checkpoints/best.weights.h5
[ISO-CHUNK] TF_GPU_ALLOCATOR: cuda_malloc_async
[ISO-CHUNK] output tag: main_d256_b4_r2_u3_upair5g_lmmse_ebno0p0_chunk0013_m8_b20
[EVAL] receiver microbatching enabled: batch_size_eval=64 receiver_microbatch_size=8
WARNING:tensorflow:Model's `__init__()` arguments contain non-serializable objects. Please implement a `get_config()` method in the subclassed Model for proper saving and loading. Defaulting to empty config.
WARNING:tensorflow:Model's `__init__()` arguments contain non-serializable objects. Please implement a `get_config()` method in the subclassed Model for proper saving and loading. Defaulting to empty config.
[EVAL] loaded UPAIR checkpoint: /scratch/rsadve1/Extended_UPAIR_Narval_b32m16_portable/TWC_plots_comprehensive/runs_rx16/seed7/1dmrs/main_d256_b4_r2/checkpoints/best.weights.h5
[EVAL] skipping explicit NMSE channel-estimator calls for: upair5g_lmmse
[EVAL] instrumentation log_latency=True log_gpu_memory=True memory_cleanup_every_batches=1 memory_cleanup_every_microbatch=True stream_eval_microbatches=True compiled_receiver_error_counts=False receiver_call_jit_compile=False per_receiver_stopping=False target_bler_floor=1e-05 floor_num_frames=0 gpu_mem=0.09GiB peak=0.27GiB
[EVAL] receiver_call name=upair5g_lmmse mode=positional_y_no compiled_error_counts=False
[EVAL] progress num_users=3 Eb/N0=0 dB batches=10/20 frame_err=upair5g_lmmse:0/1920 elapsed=106.3s avg_batch=10.629s gpu_mem=5.74GiB peak=5.92GiB
[EVAL] progress num_users=3 Eb/N0=0 dB batches=20/20 frame_err=upair5g_lmmse:0/3840 elapsed=211.8s avg_batch=10.592s gpu_mem=11.38GiB peak=11.56GiB
[EVAL] receiver=           upair5g_lmmse Eb/N0= 0.0 dB BER=0.00000e+00 BLER=0.00000e+00 NMSE=nan bit_err=     0/11427840 blk_err=    0/3840   batches=  20 stop=global_stop bler_ub=7.813e-04 rx_time=132.81s rx_ms_batch=6640.5 rx_ms_frame=34.586 point_time=211.83s gpu_mem=11.38GiB peak=11.56GiB
[ISO-CHUNK] wrote: /home/rsadve1/scratch/Extended_UPAIR_Narval_b32m16_portable/_isolated_eval_chunks/main_d256_b4_r2_u3_upair5g_lmmse_ebno0p0_chunk0013_m8_b20/chunk_result.csv
[ISO-CHUNK] DONE
[PIPELINE] status done=0 reason=continue chunks=14 batches=280 block_errors=13/100 next_chunk=14
2026-06-10 06:37:40.248446: E external/local_xla/xla/stream_executor/cuda/cuda_dnn.cc:9261] Unable to register cuDNN factory: Attempting to register factory for plugin cuDNN when one has already been registered
2026-06-10 06:37:40.248493: E external/local_xla/xla/stream_executor/cuda/cuda_fft.cc:607] Unable to register cuFFT factory: Attempting to register factory for plugin cuFFT when one has already been registered
2026-06-10 06:37:40.249447: E external/local_xla/xla/stream_executor/cuda/cuda_blas.cc:1515] Unable to register cuBLAS factory: Attempting to register factory for plugin cuBLAS when one has already been registered
[COMPREHENSIVE] loaded Optuna best JSON for main_d256_b4_r2 from /home/rsadve1/scratch/Extended_UPAIR_Narval_b32m16_portable/optuna/clean_b32_prb8_d256_40k_smart_trueDMRS_u34610_1dmrs_stageB_main_d256_b4_r2_best_params.json
[ISO-CHUNK] variant: main_d256_b4_r2
[ISO-CHUNK] receiver: upair5g_lmmse
[ISO-CHUNK] num_users: 3
[ISO-CHUNK] ebno_db: 0.0
[ISO-CHUNK] chunk_idx: 14
[ISO-CHUNK] chunk_batches: 20
[ISO-CHUNK] receiver_microbatch_size: 8
[ISO-CHUNK] chunk_seed: 3104076
[ISO-CHUNK] checkpoint: /scratch/rsadve1/Extended_UPAIR_Narval_b32m16_portable/TWC_plots_comprehensive/runs_rx16/seed7/1dmrs/main_d256_b4_r2/checkpoints/best.weights.h5
[ISO-CHUNK] TF_GPU_ALLOCATOR: cuda_malloc_async
[ISO-CHUNK] output tag: main_d256_b4_r2_u3_upair5g_lmmse_ebno0p0_chunk0014_m8_b20
[EVAL] receiver microbatching enabled: batch_size_eval=64 receiver_microbatch_size=8
WARNING:tensorflow:Model's `__init__()` arguments contain non-serializable objects. Please implement a `get_config()` method in the subclassed Model for proper saving and loading. Defaulting to empty config.
WARNING:tensorflow:Model's `__init__()` arguments contain non-serializable objects. Please implement a `get_config()` method in the subclassed Model for proper saving and loading. Defaulting to empty config.
[EVAL] loaded UPAIR checkpoint: /scratch/rsadve1/Extended_UPAIR_Narval_b32m16_portable/TWC_plots_comprehensive/runs_rx16/seed7/1dmrs/main_d256_b4_r2/checkpoints/best.weights.h5
[EVAL] skipping explicit NMSE channel-estimator calls for: upair5g_lmmse
[EVAL] instrumentation log_latency=True log_gpu_memory=True memory_cleanup_every_batches=1 memory_cleanup_every_microbatch=True stream_eval_microbatches=True compiled_receiver_error_counts=False receiver_call_jit_compile=False per_receiver_stopping=False target_bler_floor=1e-05 floor_num_frames=0 gpu_mem=0.09GiB peak=0.27GiB
[EVAL] receiver_call name=upair5g_lmmse mode=positional_y_no compiled_error_counts=False
[EVAL] progress num_users=3 Eb/N0=0 dB batches=10/20 frame_err=upair5g_lmmse:0/1920 elapsed=105.7s avg_batch=10.567s gpu_mem=5.74GiB peak=5.92GiB
[EVAL] progress num_users=3 Eb/N0=0 dB batches=20/20 frame_err=upair5g_lmmse:0/3840 elapsed=211.1s avg_batch=10.555s gpu_mem=11.38GiB peak=11.56GiB
[EVAL] receiver=           upair5g_lmmse Eb/N0= 0.0 dB BER=0.00000e+00 BLER=0.00000e+00 NMSE=nan bit_err=     0/11427840 blk_err=    0/3840   batches=  20 stop=global_stop bler_ub=7.813e-04 rx_time=132.31s rx_ms_batch=6615.6 rx_ms_frame=34.456 point_time=211.10s gpu_mem=11.38GiB peak=11.56GiB
[ISO-CHUNK] wrote: /home/rsadve1/scratch/Extended_UPAIR_Narval_b32m16_portable/_isolated_eval_chunks/main_d256_b4_r2_u3_upair5g_lmmse_ebno0p0_chunk0014_m8_b20/chunk_result.csv
[ISO-CHUNK] DONE
[PIPELINE] status done=0 reason=continue chunks=15 batches=300 block_errors=13/100 next_chunk=15
2026-06-10 06:41:42.845976: E external/local_xla/xla/stream_executor/cuda/cuda_dnn.cc:9261] Unable to register cuDNN factory: Attempting to register factory for plugin cuDNN when one has already been registered
2026-06-10 06:41:42.846012: E external/local_xla/xla/stream_executor/cuda/cuda_fft.cc:607] Unable to register cuFFT factory: Attempting to register factory for plugin cuFFT when one has already been registered
2026-06-10 06:41:42.846897: E external/local_xla/xla/stream_executor/cuda/cuda_blas.cc:1515] Unable to register cuBLAS factory: Attempting to register factory for plugin cuBLAS when one has already been registered
[COMPREHENSIVE] loaded Optuna best JSON for main_d256_b4_r2 from /home/rsadve1/scratch/Extended_UPAIR_Narval_b32m16_portable/optuna/clean_b32_prb8_d256_40k_smart_trueDMRS_u34610_1dmrs_stageB_main_d256_b4_r2_best_params.json
[ISO-CHUNK] variant: main_d256_b4_r2
[ISO-CHUNK] receiver: upair5g_lmmse
[ISO-CHUNK] num_users: 3
[ISO-CHUNK] ebno_db: 0.0
[ISO-CHUNK] chunk_idx: 15
[ISO-CHUNK] chunk_batches: 20
[ISO-CHUNK] receiver_microbatch_size: 8
[ISO-CHUNK] chunk_seed: 3204079
[ISO-CHUNK] checkpoint: /scratch/rsadve1/Extended_UPAIR_Narval_b32m16_portable/TWC_plots_comprehensive/runs_rx16/seed7/1dmrs/main_d256_b4_r2/checkpoints/best.weights.h5
[ISO-CHUNK] TF_GPU_ALLOCATOR: cuda_malloc_async
[ISO-CHUNK] output tag: main_d256_b4_r2_u3_upair5g_lmmse_ebno0p0_chunk0015_m8_b20
[EVAL] receiver microbatching enabled: batch_size_eval=64 receiver_microbatch_size=8
WARNING:tensorflow:Model's `__init__()` arguments contain non-serializable objects. Please implement a `get_config()` method in the subclassed Model for proper saving and loading. Defaulting to empty config.
WARNING:tensorflow:Model's `__init__()` arguments contain non-serializable objects. Please implement a `get_config()` method in the subclassed Model for proper saving and loading. Defaulting to empty config.
[EVAL] loaded UPAIR checkpoint: /scratch/rsadve1/Extended_UPAIR_Narval_b32m16_portable/TWC_plots_comprehensive/runs_rx16/seed7/1dmrs/main_d256_b4_r2/checkpoints/best.weights.h5
[EVAL] skipping explicit NMSE channel-estimator calls for: upair5g_lmmse
[EVAL] instrumentation log_latency=True log_gpu_memory=True memory_cleanup_every_batches=1 memory_cleanup_every_microbatch=True stream_eval_microbatches=True compiled_receiver_error_counts=False receiver_call_jit_compile=False per_receiver_stopping=False target_bler_floor=1e-05 floor_num_frames=0 gpu_mem=0.09GiB peak=0.27GiB
[EVAL] receiver_call name=upair5g_lmmse mode=positional_y_no compiled_error_counts=False
[EVAL] progress num_users=3 Eb/N0=0 dB batches=10/20 frame_err=upair5g_lmmse:0/1920 elapsed=105.5s avg_batch=10.547s gpu_mem=5.74GiB peak=5.92GiB
[EVAL] progress num_users=3 Eb/N0=0 dB batches=20/20 frame_err=upair5g_lmmse:0/3840 elapsed=211.2s avg_batch=10.561s gpu_mem=11.38GiB peak=11.56GiB
[EVAL] receiver=           upair5g_lmmse Eb/N0= 0.0 dB BER=0.00000e+00 BLER=0.00000e+00 NMSE=nan bit_err=     0/11427840 blk_err=    0/3840   batches=  20 stop=global_stop bler_ub=7.813e-04 rx_time=132.28s rx_ms_batch=6614.0 rx_ms_frame=34.448 point_time=211.21s gpu_mem=11.38GiB peak=11.56GiB
[ISO-CHUNK] wrote: /home/rsadve1/scratch/Extended_UPAIR_Narval_b32m16_portable/_isolated_eval_chunks/main_d256_b4_r2_u3_upair5g_lmmse_ebno0p0_chunk0015_m8_b20/chunk_result.csv
[ISO-CHUNK] DONE
[PIPELINE] status done=0 reason=continue chunks=16 batches=320 block_errors=13/100 next_chunk=16
2026-06-10 06:45:38.363094: E external/local_xla/xla/stream_executor/cuda/cuda_dnn.cc:9261] Unable to register cuDNN factory: Attempting to register factory for plugin cuDNN when one has already been registered
2026-06-10 06:45:38.363132: E external/local_xla/xla/stream_executor/cuda/cuda_fft.cc:607] Unable to register cuFFT factory: Attempting to register factory for plugin cuFFT when one has already been registered
2026-06-10 06:45:38.364026: E external/local_xla/xla/stream_executor/cuda/cuda_blas.cc:1515] Unable to register cuBLAS factory: Attempting to register factory for plugin cuBLAS when one has already been registered
[COMPREHENSIVE] loaded Optuna best JSON for main_d256_b4_r2 from /home/rsadve1/scratch/Extended_UPAIR_Narval_b32m16_portable/optuna/clean_b32_prb8_d256_40k_smart_trueDMRS_u34610_1dmrs_stageB_main_d256_b4_r2_best_params.json
[ISO-CHUNK] variant: main_d256_b4_r2
[ISO-CHUNK] receiver: upair5g_lmmse
[ISO-CHUNK] num_users: 3
[ISO-CHUNK] ebno_db: 0.0
[ISO-CHUNK] chunk_idx: 16
[ISO-CHUNK] chunk_batches: 20
[ISO-CHUNK] receiver_microbatch_size: 8
[ISO-CHUNK] chunk_seed: 3304082
[ISO-CHUNK] checkpoint: /scratch/rsadve1/Extended_UPAIR_Narval_b32m16_portable/TWC_plots_comprehensive/runs_rx16/seed7/1dmrs/main_d256_b4_r2/checkpoints/best.weights.h5
[ISO-CHUNK] TF_GPU_ALLOCATOR: cuda_malloc_async
[ISO-CHUNK] output tag: main_d256_b4_r2_u3_upair5g_lmmse_ebno0p0_chunk0016_m8_b20
[EVAL] receiver microbatching enabled: batch_size_eval=64 receiver_microbatch_size=8
WARNING:tensorflow:Model's `__init__()` arguments contain non-serializable objects. Please implement a `get_config()` method in the subclassed Model for proper saving and loading. Defaulting to empty config.
WARNING:tensorflow:Model's `__init__()` arguments contain non-serializable objects. Please implement a `get_config()` method in the subclassed Model for proper saving and loading. Defaulting to empty config.
[EVAL] loaded UPAIR checkpoint: /scratch/rsadve1/Extended_UPAIR_Narval_b32m16_portable/TWC_plots_comprehensive/runs_rx16/seed7/1dmrs/main_d256_b4_r2/checkpoints/best.weights.h5
[EVAL] skipping explicit NMSE channel-estimator calls for: upair5g_lmmse
[EVAL] instrumentation log_latency=True log_gpu_memory=True memory_cleanup_every_batches=1 memory_cleanup_every_microbatch=True stream_eval_microbatches=True compiled_receiver_error_counts=False receiver_call_jit_compile=False per_receiver_stopping=False target_bler_floor=1e-05 floor_num_frames=0 gpu_mem=0.09GiB peak=0.27GiB
[EVAL] receiver_call name=upair5g_lmmse mode=positional_y_no compiled_error_counts=False
[EVAL] progress num_users=3 Eb/N0=0 dB batches=10/20 frame_err=upair5g_lmmse:1/1920 elapsed=106.8s avg_batch=10.676s gpu_mem=5.74GiB peak=5.92GiB
[EVAL] progress num_users=3 Eb/N0=0 dB batches=20/20 frame_err=upair5g_lmmse:2/3840 elapsed=212.6s avg_batch=10.628s gpu_mem=11.38GiB peak=11.56GiB
[EVAL] receiver=           upair5g_lmmse Eb/N0= 0.0 dB BER=4.37528e-05 BLER=5.20833e-04 NMSE=nan bit_err=   500/11427840 blk_err=    2/3840   batches=  20 stop=global_stop rx_time=133.15s rx_ms_batch=6657.4 rx_ms_frame=34.674 point_time=212.55s gpu_mem=11.38GiB peak=11.56GiB
[ISO-CHUNK] wrote: /home/rsadve1/scratch/Extended_UPAIR_Narval_b32m16_portable/_isolated_eval_chunks/main_d256_b4_r2_u3_upair5g_lmmse_ebno0p0_chunk0016_m8_b20/chunk_result.csv
[ISO-CHUNK] DONE
[PIPELINE] status done=0 reason=continue chunks=17 batches=340 block_errors=15/100 next_chunk=17
2026-06-10 06:49:39.004184: E external/local_xla/xla/stream_executor/cuda/cuda_dnn.cc:9261] Unable to register cuDNN factory: Attempting to register factory for plugin cuDNN when one has already been registered
2026-06-10 06:49:39.004229: E external/local_xla/xla/stream_executor/cuda/cuda_fft.cc:607] Unable to register cuFFT factory: Attempting to register factory for plugin cuFFT when one has already been registered
2026-06-10 06:49:39.005188: E external/local_xla/xla/stream_executor/cuda/cuda_blas.cc:1515] Unable to register cuBLAS factory: Attempting to register factory for plugin cuBLAS when one has already been registered
[COMPREHENSIVE] loaded Optuna best JSON for main_d256_b4_r2 from /home/rsadve1/scratch/Extended_UPAIR_Narval_b32m16_portable/optuna/clean_b32_prb8_d256_40k_smart_trueDMRS_u34610_1dmrs_stageB_main_d256_b4_r2_best_params.json
[ISO-CHUNK] variant: main_d256_b4_r2
[ISO-CHUNK] receiver: upair5g_lmmse
[ISO-CHUNK] num_users: 3
[ISO-CHUNK] ebno_db: 0.0
[ISO-CHUNK] chunk_idx: 17
[ISO-CHUNK] chunk_batches: 20
[ISO-CHUNK] receiver_microbatch_size: 8
[ISO-CHUNK] chunk_seed: 3404085
[ISO-CHUNK] checkpoint: /scratch/rsadve1/Extended_UPAIR_Narval_b32m16_portable/TWC_plots_comprehensive/runs_rx16/seed7/1dmrs/main_d256_b4_r2/checkpoints/best.weights.h5
[ISO-CHUNK] TF_GPU_ALLOCATOR: cuda_malloc_async
[ISO-CHUNK] output tag: main_d256_b4_r2_u3_upair5g_lmmse_ebno0p0_chunk0017_m8_b20
[EVAL] receiver microbatching enabled: batch_size_eval=64 receiver_microbatch_size=8
WARNING:tensorflow:Model's `__init__()` arguments contain non-serializable objects. Please implement a `get_config()` method in the subclassed Model for proper saving and loading. Defaulting to empty config.
WARNING:tensorflow:Model's `__init__()` arguments contain non-serializable objects. Please implement a `get_config()` method in the subclassed Model for proper saving and loading. Defaulting to empty config.
[EVAL] loaded UPAIR checkpoint: /scratch/rsadve1/Extended_UPAIR_Narval_b32m16_portable/TWC_plots_comprehensive/runs_rx16/seed7/1dmrs/main_d256_b4_r2/checkpoints/best.weights.h5
[EVAL] skipping explicit NMSE channel-estimator calls for: upair5g_lmmse
[EVAL] instrumentation log_latency=True log_gpu_memory=True memory_cleanup_every_batches=1 memory_cleanup_every_microbatch=True stream_eval_microbatches=True compiled_receiver_error_counts=False receiver_call_jit_compile=False per_receiver_stopping=False target_bler_floor=1e-05 floor_num_frames=0 gpu_mem=0.09GiB peak=0.27GiB
[EVAL] receiver_call name=upair5g_lmmse mode=positional_y_no compiled_error_counts=False
[EVAL] progress num_users=3 Eb/N0=0 dB batches=10/20 frame_err=upair5g_lmmse:1/1920 elapsed=106.1s avg_batch=10.615s gpu_mem=5.74GiB peak=5.92GiB
[EVAL] progress num_users=3 Eb/N0=0 dB batches=20/20 frame_err=upair5g_lmmse:3/3840 elapsed=212.2s avg_batch=10.610s gpu_mem=11.38GiB peak=11.56GiB
[EVAL] receiver=           upair5g_lmmse Eb/N0= 0.0 dB BER=4.27027e-05 BLER=7.81250e-04 NMSE=nan bit_err=   488/11427840 blk_err=    3/3840   batches=  20 stop=global_stop rx_time=133.15s rx_ms_batch=6657.5 rx_ms_frame=34.675 point_time=212.19s gpu_mem=11.38GiB peak=11.56GiB
[ISO-CHUNK] wrote: /home/rsadve1/scratch/Extended_UPAIR_Narval_b32m16_portable/_isolated_eval_chunks/main_d256_b4_r2_u3_upair5g_lmmse_ebno0p0_chunk0017_m8_b20/chunk_result.csv
[ISO-CHUNK] DONE
[PIPELINE] status done=0 reason=continue chunks=18 batches=360 block_errors=18/100 next_chunk=18
2026-06-10 06:53:49.542574: E external/local_xla/xla/stream_executor/cuda/cuda_dnn.cc:9261] Unable to register cuDNN factory: Attempting to register factory for plugin cuDNN when one has already been registered
2026-06-10 06:53:49.542615: E external/local_xla/xla/stream_executor/cuda/cuda_fft.cc:607] Unable to register cuFFT factory: Attempting to register factory for plugin cuFFT when one has already been registered
2026-06-10 06:53:49.543557: E external/local_xla/xla/stream_executor/cuda/cuda_blas.cc:1515] Unable to register cuBLAS factory: Attempting to register factory for plugin cuBLAS when one has already been registered
[COMPREHENSIVE] loaded Optuna best JSON for main_d256_b4_r2 from /home/rsadve1/scratch/Extended_UPAIR_Narval_b32m16_portable/optuna/clean_b32_prb8_d256_40k_smart_trueDMRS_u34610_1dmrs_stageB_main_d256_b4_r2_best_params.json
[ISO-CHUNK] variant: main_d256_b4_r2
[ISO-CHUNK] receiver: upair5g_lmmse
[ISO-CHUNK] num_users: 3
[ISO-CHUNK] ebno_db: 0.0
[ISO-CHUNK] chunk_idx: 18
[ISO-CHUNK] chunk_batches: 20
[ISO-CHUNK] receiver_microbatch_size: 8
[ISO-CHUNK] chunk_seed: 3504088
[ISO-CHUNK] checkpoint: /scratch/rsadve1/Extended_UPAIR_Narval_b32m16_portable/TWC_plots_comprehensive/runs_rx16/seed7/1dmrs/main_d256_b4_r2/checkpoints/best.weights.h5
[ISO-CHUNK] TF_GPU_ALLOCATOR: cuda_malloc_async
[ISO-CHUNK] output tag: main_d256_b4_r2_u3_upair5g_lmmse_ebno0p0_chunk0018_m8_b20
[EVAL] receiver microbatching enabled: batch_size_eval=64 receiver_microbatch_size=8
WARNING:tensorflow:Model's `__init__()` arguments contain non-serializable objects. Please implement a `get_config()` method in the subclassed Model for proper saving and loading. Defaulting to empty config.
WARNING:tensorflow:Model's `__init__()` arguments contain non-serializable objects. Please implement a `get_config()` method in the subclassed Model for proper saving and loading. Defaulting to empty config.
[EVAL] loaded UPAIR checkpoint: /scratch/rsadve1/Extended_UPAIR_Narval_b32m16_portable/TWC_plots_comprehensive/runs_rx16/seed7/1dmrs/main_d256_b4_r2/checkpoints/best.weights.h5
[EVAL] skipping explicit NMSE channel-estimator calls for: upair5g_lmmse
[EVAL] instrumentation log_latency=True log_gpu_memory=True memory_cleanup_every_batches=1 memory_cleanup_every_microbatch=True stream_eval_microbatches=True compiled_receiver_error_counts=False receiver_call_jit_compile=False per_receiver_stopping=False target_bler_floor=1e-05 floor_num_frames=0 gpu_mem=0.09GiB peak=0.27GiB
[EVAL] receiver_call name=upair5g_lmmse mode=positional_y_no compiled_error_counts=False
[EVAL] progress num_users=3 Eb/N0=0 dB batches=10/20 frame_err=upair5g_lmmse:2/1920 elapsed=105.2s avg_batch=10.521s gpu_mem=5.74GiB peak=5.92GiB
[EVAL] progress num_users=3 Eb/N0=0 dB batches=20/20 frame_err=upair5g_lmmse:3/3840 elapsed=210.4s avg_batch=10.522s gpu_mem=11.38GiB peak=11.56GiB
[EVAL] receiver=           upair5g_lmmse Eb/N0= 0.0 dB BER=4.46279e-05 BLER=7.81250e-04 NMSE=nan bit_err=   510/11427840 blk_err=    3/3840   batches=  20 stop=global_stop rx_time=131.89s rx_ms_batch=6594.5 rx_ms_frame=34.346 point_time=210.44s gpu_mem=11.38GiB peak=11.56GiB
[ISO-CHUNK] wrote: /home/rsadve1/scratch/Extended_UPAIR_Narval_b32m16_portable/_isolated_eval_chunks/main_d256_b4_r2_u3_upair5g_lmmse_ebno0p0_chunk0018_m8_b20/chunk_result.csv
[ISO-CHUNK] DONE
[PIPELINE] status done=0 reason=continue chunks=19 batches=380 block_errors=21/100 next_chunk=19
2026-06-10 06:57:54.992696: E external/local_xla/xla/stream_executor/cuda/cuda_dnn.cc:9261] Unable to register cuDNN factory: Attempting to register factory for plugin cuDNN when one has already been registered
2026-06-10 06:57:54.992745: E external/local_xla/xla/stream_executor/cuda/cuda_fft.cc:607] Unable to register cuFFT factory: Attempting to register factory for plugin cuFFT when one has already been registered
2026-06-10 06:57:54.993634: E external/local_xla/xla/stream_executor/cuda/cuda_blas.cc:1515] Unable to register cuBLAS factory: Attempting to register factory for plugin cuBLAS when one has already been registered
[COMPREHENSIVE] loaded Optuna best JSON for main_d256_b4_r2 from /home/rsadve1/scratch/Extended_UPAIR_Narval_b32m16_portable/optuna/clean_b32_prb8_d256_40k_smart_trueDMRS_u34610_1dmrs_stageB_main_d256_b4_r2_best_params.json
[ISO-CHUNK] variant: main_d256_b4_r2
[ISO-CHUNK] receiver: upair5g_lmmse
[ISO-CHUNK] num_users: 3
[ISO-CHUNK] ebno_db: 0.0
[ISO-CHUNK] chunk_idx: 19
[ISO-CHUNK] chunk_batches: 20
[ISO-CHUNK] receiver_microbatch_size: 8
[ISO-CHUNK] chunk_seed: 3604091
[ISO-CHUNK] checkpoint: /scratch/rsadve1/Extended_UPAIR_Narval_b32m16_portable/TWC_plots_comprehensive/runs_rx16/seed7/1dmrs/main_d256_b4_r2/checkpoints/best.weights.h5
[ISO-CHUNK] TF_GPU_ALLOCATOR: cuda_malloc_async
[ISO-CHUNK] output tag: main_d256_b4_r2_u3_upair5g_lmmse_ebno0p0_chunk0019_m8_b20
[EVAL] receiver microbatching enabled: batch_size_eval=64 receiver_microbatch_size=8
WARNING:tensorflow:Model's `__init__()` arguments contain non-serializable objects. Please implement a `get_config()` method in the subclassed Model for proper saving and loading. Defaulting to empty config.
WARNING:tensorflow:Model's `__init__()` arguments contain non-serializable objects. Please implement a `get_config()` method in the subclassed Model for proper saving and loading. Defaulting to empty config.
[EVAL] loaded UPAIR checkpoint: /scratch/rsadve1/Extended_UPAIR_Narval_b32m16_portable/TWC_plots_comprehensive/runs_rx16/seed7/1dmrs/main_d256_b4_r2/checkpoints/best.weights.h5
[EVAL] skipping explicit NMSE channel-estimator calls for: upair5g_lmmse
[EVAL] instrumentation log_latency=True log_gpu_memory=True memory_cleanup_every_batches=1 memory_cleanup_every_microbatch=True stream_eval_microbatches=True compiled_receiver_error_counts=False receiver_call_jit_compile=False per_receiver_stopping=False target_bler_floor=1e-05 floor_num_frames=0 gpu_mem=0.09GiB peak=0.27GiB
[EVAL] receiver_call name=upair5g_lmmse mode=positional_y_no compiled_error_counts=False
[EVAL] progress num_users=3 Eb/N0=0 dB batches=10/20 frame_err=upair5g_lmmse:2/1920 elapsed=105.8s avg_batch=10.582s gpu_mem=5.74GiB peak=5.92GiB
[EVAL] progress num_users=3 Eb/N0=0 dB batches=20/20 frame_err=upair5g_lmmse:2/3840 elapsed=210.0s avg_batch=10.499s gpu_mem=11.38GiB peak=11.56GiB
[EVAL] receiver=           upair5g_lmmse Eb/N0= 0.0 dB BER=4.20027e-06 BLER=5.20833e-04 NMSE=nan bit_err=    48/11427840 blk_err=    2/3840   batches=  20 stop=global_stop rx_time=131.88s rx_ms_batch=6594.0 rx_ms_frame=34.344 point_time=209.98s gpu_mem=11.38GiB peak=11.56GiB
[ISO-CHUNK] wrote: /home/rsadve1/scratch/Extended_UPAIR_Narval_b32m16_portable/_isolated_eval_chunks/main_d256_b4_r2_u3_upair5g_lmmse_ebno0p0_chunk0019_m8_b20/chunk_result.csv
[ISO-CHUNK] DONE
[PIPELINE] status done=0 reason=continue chunks=20 batches=400 block_errors=23/100 next_chunk=20
2026-06-10 07:01:59.471769: E external/local_xla/xla/stream_executor/cuda/cuda_dnn.cc:9261] Unable to register cuDNN factory: Attempting to register factory for plugin cuDNN when one has already been registered
2026-06-10 07:01:59.471804: E external/local_xla/xla/stream_executor/cuda/cuda_fft.cc:607] Unable to register cuFFT factory: Attempting to register factory for plugin cuFFT when one has already been registered
2026-06-10 07:01:59.472761: E external/local_xla/xla/stream_executor/cuda/cuda_blas.cc:1515] Unable to register cuBLAS factory: Attempting to register factory for plugin cuBLAS when one has already been registered
[COMPREHENSIVE] loaded Optuna best JSON for main_d256_b4_r2 from /home/rsadve1/scratch/Extended_UPAIR_Narval_b32m16_portable/optuna/clean_b32_prb8_d256_40k_smart_trueDMRS_u34610_1dmrs_stageB_main_d256_b4_r2_best_params.json
[ISO-CHUNK] variant: main_d256_b4_r2
[ISO-CHUNK] receiver: upair5g_lmmse
[ISO-CHUNK] num_users: 3
[ISO-CHUNK] ebno_db: 0.0
[ISO-CHUNK] chunk_idx: 20
[ISO-CHUNK] chunk_batches: 20
[ISO-CHUNK] receiver_microbatch_size: 8
[ISO-CHUNK] chunk_seed: 3704094
[ISO-CHUNK] checkpoint: /scratch/rsadve1/Extended_UPAIR_Narval_b32m16_portable/TWC_plots_comprehensive/runs_rx16/seed7/1dmrs/main_d256_b4_r2/checkpoints/best.weights.h5
[ISO-CHUNK] TF_GPU_ALLOCATOR: cuda_malloc_async
[ISO-CHUNK] output tag: main_d256_b4_r2_u3_upair5g_lmmse_ebno0p0_chunk0020_m8_b20
[EVAL] receiver microbatching enabled: batch_size_eval=64 receiver_microbatch_size=8
WARNING:tensorflow:Model's `__init__()` arguments contain non-serializable objects. Please implement a `get_config()` method in the subclassed Model for proper saving and loading. Defaulting to empty config.
WARNING:tensorflow:Model's `__init__()` arguments contain non-serializable objects. Please implement a `get_config()` method in the subclassed Model for proper saving and loading. Defaulting to empty config.
[EVAL] loaded UPAIR checkpoint: /scratch/rsadve1/Extended_UPAIR_Narval_b32m16_portable/TWC_plots_comprehensive/runs_rx16/seed7/1dmrs/main_d256_b4_r2/checkpoints/best.weights.h5
[EVAL] skipping explicit NMSE channel-estimator calls for: upair5g_lmmse
[EVAL] instrumentation log_latency=True log_gpu_memory=True memory_cleanup_every_batches=1 memory_cleanup_every_microbatch=True stream_eval_microbatches=True compiled_receiver_error_counts=False receiver_call_jit_compile=False per_receiver_stopping=False target_bler_floor=1e-05 floor_num_frames=0 gpu_mem=0.09GiB peak=0.27GiB
[EVAL] receiver_call name=upair5g_lmmse mode=positional_y_no compiled_error_counts=False
[EVAL] progress num_users=3 Eb/N0=0 dB batches=10/20 frame_err=upair5g_lmmse:1/1920 elapsed=106.3s avg_batch=10.631s gpu_mem=5.74GiB peak=5.92GiB
[EVAL] progress num_users=3 Eb/N0=0 dB batches=20/20 frame_err=upair5g_lmmse:3/3840 elapsed=212.2s avg_batch=10.608s gpu_mem=11.38GiB peak=11.56GiB
[EVAL] receiver=           upair5g_lmmse Eb/N0= 0.0 dB BER=1.12882e-05 BLER=7.81250e-04 NMSE=nan bit_err=   129/11427840 blk_err=    3/3840   batches=  20 stop=global_stop rx_time=132.99s rx_ms_batch=6649.4 rx_ms_frame=34.632 point_time=212.16s gpu_mem=11.38GiB peak=11.56GiB
[ISO-CHUNK] wrote: /home/rsadve1/scratch/Extended_UPAIR_Narval_b32m16_portable/_isolated_eval_chunks/main_d256_b4_r2_u3_upair5g_lmmse_ebno0p0_chunk0020_m8_b20/chunk_result.csv
[ISO-CHUNK] DONE
[PIPELINE] status done=0 reason=continue chunks=21 batches=420 block_errors=26/100 next_chunk=21
2026-06-10 07:06:14.778147: E external/local_xla/xla/stream_executor/cuda/cuda_dnn.cc:9261] Unable to register cuDNN factory: Attempting to register factory for plugin cuDNN when one has already been registered
2026-06-10 07:06:14.778191: E external/local_xla/xla/stream_executor/cuda/cuda_fft.cc:607] Unable to register cuFFT factory: Attempting to register factory for plugin cuFFT when one has already been registered
2026-06-10 07:06:14.779131: E external/local_xla/xla/stream_executor/cuda/cuda_blas.cc:1515] Unable to register cuBLAS factory: Attempting to register factory for plugin cuBLAS when one has already been registered
[COMPREHENSIVE] loaded Optuna best JSON for main_d256_b4_r2 from /home/rsadve1/scratch/Extended_UPAIR_Narval_b32m16_portable/optuna/clean_b32_prb8_d256_40k_smart_trueDMRS_u34610_1dmrs_stageB_main_d256_b4_r2_best_params.json
[ISO-CHUNK] variant: main_d256_b4_r2
[ISO-CHUNK] receiver: upair5g_lmmse
[ISO-CHUNK] num_users: 3
[ISO-CHUNK] ebno_db: 0.0
[ISO-CHUNK] chunk_idx: 21
[ISO-CHUNK] chunk_batches: 20
[ISO-CHUNK] receiver_microbatch_size: 8
[ISO-CHUNK] chunk_seed: 3804097
[ISO-CHUNK] checkpoint: /scratch/rsadve1/Extended_UPAIR_Narval_b32m16_portable/TWC_plots_comprehensive/runs_rx16/seed7/1dmrs/main_d256_b4_r2/checkpoints/best.weights.h5
[ISO-CHUNK] TF_GPU_ALLOCATOR: cuda_malloc_async
[ISO-CHUNK] output tag: main_d256_b4_r2_u3_upair5g_lmmse_ebno0p0_chunk0021_m8_b20
[EVAL] receiver microbatching enabled: batch_size_eval=64 receiver_microbatch_size=8
WARNING:tensorflow:Model's `__init__()` arguments contain non-serializable objects. Please implement a `get_config()` method in the subclassed Model for proper saving and loading. Defaulting to empty config.
WARNING:tensorflow:Model's `__init__()` arguments contain non-serializable objects. Please implement a `get_config()` method in the subclassed Model for proper saving and loading. Defaulting to empty config.
[EVAL] loaded UPAIR checkpoint: /scratch/rsadve1/Extended_UPAIR_Narval_b32m16_portable/TWC_plots_comprehensive/runs_rx16/seed7/1dmrs/main_d256_b4_r2/checkpoints/best.weights.h5
[EVAL] skipping explicit NMSE channel-estimator calls for: upair5g_lmmse
[EVAL] instrumentation log_latency=True log_gpu_memory=True memory_cleanup_every_batches=1 memory_cleanup_every_microbatch=True stream_eval_microbatches=True compiled_receiver_error_counts=False receiver_call_jit_compile=False per_receiver_stopping=False target_bler_floor=1e-05 floor_num_frames=0 gpu_mem=0.09GiB peak=0.27GiB
[EVAL] receiver_call name=upair5g_lmmse mode=positional_y_no compiled_error_counts=False
[EVAL] progress num_users=3 Eb/N0=0 dB batches=10/20 frame_err=upair5g_lmmse:0/1920 elapsed=106.0s avg_batch=10.598s gpu_mem=5.74GiB peak=5.92GiB
[EVAL] progress num_users=3 Eb/N0=0 dB batches=20/20 frame_err=upair5g_lmmse:0/3840 elapsed=212.2s avg_batch=10.612s gpu_mem=11.38GiB peak=11.56GiB
[EVAL] receiver=           upair5g_lmmse Eb/N0= 0.0 dB BER=0.00000e+00 BLER=0.00000e+00 NMSE=nan bit_err=     0/11427840 blk_err=    0/3840   batches=  20 stop=global_stop bler_ub=7.813e-04 rx_time=133.01s rx_ms_batch=6650.5 rx_ms_frame=34.638 point_time=212.24s gpu_mem=11.38GiB peak=11.56GiB
[ISO-CHUNK] wrote: /home/rsadve1/scratch/Extended_UPAIR_Narval_b32m16_portable/_isolated_eval_chunks/main_d256_b4_r2_u3_upair5g_lmmse_ebno0p0_chunk0021_m8_b20/chunk_result.csv
[ISO-CHUNK] DONE
[PIPELINE] status done=0 reason=continue chunks=22 batches=440 block_errors=26/100 next_chunk=22
2026-06-10 07:10:18.529265: E external/local_xla/xla/stream_executor/cuda/cuda_dnn.cc:9261] Unable to register cuDNN factory: Attempting to register factory for plugin cuDNN when one has already been registered
2026-06-10 07:10:18.529300: E external/local_xla/xla/stream_executor/cuda/cuda_fft.cc:607] Unable to register cuFFT factory: Attempting to register factory for plugin cuFFT when one has already been registered
2026-06-10 07:10:18.530246: E external/local_xla/xla/stream_executor/cuda/cuda_blas.cc:1515] Unable to register cuBLAS factory: Attempting to register factory for plugin cuBLAS when one has already been registered
[COMPREHENSIVE] loaded Optuna best JSON for main_d256_b4_r2 from /home/rsadve1/scratch/Extended_UPAIR_Narval_b32m16_portable/optuna/clean_b32_prb8_d256_40k_smart_trueDMRS_u34610_1dmrs_stageB_main_d256_b4_r2_best_params.json
[ISO-CHUNK] variant: main_d256_b4_r2
[ISO-CHUNK] receiver: upair5g_lmmse
[ISO-CHUNK] num_users: 3
[ISO-CHUNK] ebno_db: 0.0
[ISO-CHUNK] chunk_idx: 22
[ISO-CHUNK] chunk_batches: 20
[ISO-CHUNK] receiver_microbatch_size: 8
[ISO-CHUNK] chunk_seed: 3904100
[ISO-CHUNK] checkpoint: /scratch/rsadve1/Extended_UPAIR_Narval_b32m16_portable/TWC_plots_comprehensive/runs_rx16/seed7/1dmrs/main_d256_b4_r2/checkpoints/best.weights.h5
[ISO-CHUNK] TF_GPU_ALLOCATOR: cuda_malloc_async
[ISO-CHUNK] output tag: main_d256_b4_r2_u3_upair5g_lmmse_ebno0p0_chunk0022_m8_b20
[EVAL] receiver microbatching enabled: batch_size_eval=64 receiver_microbatch_size=8
WARNING:tensorflow:Model's `__init__()` arguments contain non-serializable objects. Please implement a `get_config()` method in the subclassed Model for proper saving and loading. Defaulting to empty config.
WARNING:tensorflow:Model's `__init__()` arguments contain non-serializable objects. Please implement a `get_config()` method in the subclassed Model for proper saving and loading. Defaulting to empty config.
[EVAL] loaded UPAIR checkpoint: /scratch/rsadve1/Extended_UPAIR_Narval_b32m16_portable/TWC_plots_comprehensive/runs_rx16/seed7/1dmrs/main_d256_b4_r2/checkpoints/best.weights.h5
[EVAL] skipping explicit NMSE channel-estimator calls for: upair5g_lmmse
[EVAL] instrumentation log_latency=True log_gpu_memory=True memory_cleanup_every_batches=1 memory_cleanup_every_microbatch=True stream_eval_microbatches=True compiled_receiver_error_counts=False receiver_call_jit_compile=False per_receiver_stopping=False target_bler_floor=1e-05 floor_num_frames=0 gpu_mem=0.09GiB peak=0.27GiB
[EVAL] receiver_call name=upair5g_lmmse mode=positional_y_no compiled_error_counts=False
[EVAL] progress num_users=3 Eb/N0=0 dB batches=10/20 frame_err=upair5g_lmmse:0/1920 elapsed=105.8s avg_batch=10.578s gpu_mem=5.74GiB peak=5.92GiB
[EVAL] progress num_users=3 Eb/N0=0 dB batches=20/20 frame_err=upair5g_lmmse:0/3840 elapsed=211.7s avg_batch=10.583s gpu_mem=11.38GiB peak=11.56GiB
[EVAL] receiver=           upair5g_lmmse Eb/N0= 0.0 dB BER=0.00000e+00 BLER=0.00000e+00 NMSE=nan bit_err=     0/11427840 blk_err=    0/3840   batches=  20 stop=global_stop bler_ub=7.813e-04 rx_time=132.70s rx_ms_batch=6634.9 rx_ms_frame=34.557 point_time=211.66s gpu_mem=11.38GiB peak=11.56GiB
[ISO-CHUNK] wrote: /home/rsadve1/scratch/Extended_UPAIR_Narval_b32m16_portable/_isolated_eval_chunks/main_d256_b4_r2_u3_upair5g_lmmse_ebno0p0_chunk0022_m8_b20/chunk_result.csv
[ISO-CHUNK] DONE
[PIPELINE] status done=0 reason=continue chunks=23 batches=460 block_errors=26/100 next_chunk=23
2026-06-10 07:14:17.073343: E external/local_xla/xla/stream_executor/cuda/cuda_dnn.cc:9261] Unable to register cuDNN factory: Attempting to register factory for plugin cuDNN when one has already been registered
2026-06-10 07:14:17.073381: E external/local_xla/xla/stream_executor/cuda/cuda_fft.cc:607] Unable to register cuFFT factory: Attempting to register factory for plugin cuFFT when one has already been registered
2026-06-10 07:14:17.074319: E external/local_xla/xla/stream_executor/cuda/cuda_blas.cc:1515] Unable to register cuBLAS factory: Attempting to register factory for plugin cuBLAS when one has already been registered
[COMPREHENSIVE] loaded Optuna best JSON for main_d256_b4_r2 from /home/rsadve1/scratch/Extended_UPAIR_Narval_b32m16_portable/optuna/clean_b32_prb8_d256_40k_smart_trueDMRS_u34610_1dmrs_stageB_main_d256_b4_r2_best_params.json
[ISO-CHUNK] variant: main_d256_b4_r2
[ISO-CHUNK] receiver: upair5g_lmmse
[ISO-CHUNK] num_users: 3
[ISO-CHUNK] ebno_db: 0.0
[ISO-CHUNK] chunk_idx: 23
[ISO-CHUNK] chunk_batches: 20
[ISO-CHUNK] receiver_microbatch_size: 8
[ISO-CHUNK] chunk_seed: 4004103
[ISO-CHUNK] checkpoint: /scratch/rsadve1/Extended_UPAIR_Narval_b32m16_portable/TWC_plots_comprehensive/runs_rx16/seed7/1dmrs/main_d256_b4_r2/checkpoints/best.weights.h5
[ISO-CHUNK] TF_GPU_ALLOCATOR: cuda_malloc_async
[ISO-CHUNK] output tag: main_d256_b4_r2_u3_upair5g_lmmse_ebno0p0_chunk0023_m8_b20
[EVAL] receiver microbatching enabled: batch_size_eval=64 receiver_microbatch_size=8
WARNING:tensorflow:Model's `__init__()` arguments contain non-serializable objects. Please implement a `get_config()` method in the subclassed Model for proper saving and loading. Defaulting to empty config.
WARNING:tensorflow:Model's `__init__()` arguments contain non-serializable objects. Please implement a `get_config()` method in the subclassed Model for proper saving and loading. Defaulting to empty config.
[EVAL] loaded UPAIR checkpoint: /scratch/rsadve1/Extended_UPAIR_Narval_b32m16_portable/TWC_plots_comprehensive/runs_rx16/seed7/1dmrs/main_d256_b4_r2/checkpoints/best.weights.h5
[EVAL] skipping explicit NMSE channel-estimator calls for: upair5g_lmmse
[EVAL] instrumentation log_latency=True log_gpu_memory=True memory_cleanup_every_batches=1 memory_cleanup_every_microbatch=True stream_eval_microbatches=True compiled_receiver_error_counts=False receiver_call_jit_compile=False per_receiver_stopping=False target_bler_floor=1e-05 floor_num_frames=0 gpu_mem=0.09GiB peak=0.27GiB
[EVAL] receiver_call name=upair5g_lmmse mode=positional_y_no compiled_error_counts=False
[EVAL] progress num_users=3 Eb/N0=0 dB batches=10/20 frame_err=upair5g_lmmse:0/1920 elapsed=106.0s avg_batch=10.598s gpu_mem=5.74GiB peak=5.92GiB
[EVAL] progress num_users=3 Eb/N0=0 dB batches=20/20 frame_err=upair5g_lmmse:0/3840 elapsed=212.1s avg_batch=10.605s gpu_mem=11.38GiB peak=11.56GiB
[EVAL] receiver=           upair5g_lmmse Eb/N0= 0.0 dB BER=0.00000e+00 BLER=0.00000e+00 NMSE=nan bit_err=     0/11427840 blk_err=    0/3840   batches=  20 stop=global_stop bler_ub=7.813e-04 rx_time=132.76s rx_ms_batch=6638.2 rx_ms_frame=34.574 point_time=212.09s gpu_mem=11.38GiB peak=11.56GiB
[ISO-CHUNK] wrote: /home/rsadve1/scratch/Extended_UPAIR_Narval_b32m16_portable/_isolated_eval_chunks/main_d256_b4_r2_u3_upair5g_lmmse_ebno0p0_chunk0023_m8_b20/chunk_result.csv
[ISO-CHUNK] DONE
[PIPELINE] status done=0 reason=continue chunks=24 batches=480 block_errors=26/100 next_chunk=24
2026-06-10 07:18:22.565276: E external/local_xla/xla/stream_executor/cuda/cuda_dnn.cc:9261] Unable to register cuDNN factory: Attempting to register factory for plugin cuDNN when one has already been registered
2026-06-10 07:18:22.565315: E external/local_xla/xla/stream_executor/cuda/cuda_fft.cc:607] Unable to register cuFFT factory: Attempting to register factory for plugin cuFFT when one has already been registered
2026-06-10 07:18:22.566277: E external/local_xla/xla/stream_executor/cuda/cuda_blas.cc:1515] Unable to register cuBLAS factory: Attempting to register factory for plugin cuBLAS when one has already been registered
[COMPREHENSIVE] loaded Optuna best JSON for main_d256_b4_r2 from /home/rsadve1/scratch/Extended_UPAIR_Narval_b32m16_portable/optuna/clean_b32_prb8_d256_40k_smart_trueDMRS_u34610_1dmrs_stageB_main_d256_b4_r2_best_params.json
[ISO-CHUNK] variant: main_d256_b4_r2
[ISO-CHUNK] receiver: upair5g_lmmse
[ISO-CHUNK] num_users: 3
[ISO-CHUNK] ebno_db: 0.0
[ISO-CHUNK] chunk_idx: 24
[ISO-CHUNK] chunk_batches: 20
[ISO-CHUNK] receiver_microbatch_size: 8
[ISO-CHUNK] chunk_seed: 4104106
[ISO-CHUNK] checkpoint: /scratch/rsadve1/Extended_UPAIR_Narval_b32m16_portable/TWC_plots_comprehensive/runs_rx16/seed7/1dmrs/main_d256_b4_r2/checkpoints/best.weights.h5
[ISO-CHUNK] TF_GPU_ALLOCATOR: cuda_malloc_async
[ISO-CHUNK] output tag: main_d256_b4_r2_u3_upair5g_lmmse_ebno0p0_chunk0024_m8_b20
[EVAL] receiver microbatching enabled: batch_size_eval=64 receiver_microbatch_size=8
WARNING:tensorflow:Model's `__init__()` arguments contain non-serializable objects. Please implement a `get_config()` method in the subclassed Model for proper saving and loading. Defaulting to empty config.
WARNING:tensorflow:Model's `__init__()` arguments contain non-serializable objects. Please implement a `get_config()` method in the subclassed Model for proper saving and loading. Defaulting to empty config.
[EVAL] loaded UPAIR checkpoint: /scratch/rsadve1/Extended_UPAIR_Narval_b32m16_portable/TWC_plots_comprehensive/runs_rx16/seed7/1dmrs/main_d256_b4_r2/checkpoints/best.weights.h5
[EVAL] skipping explicit NMSE channel-estimator calls for: upair5g_lmmse
[EVAL] instrumentation log_latency=True log_gpu_memory=True memory_cleanup_every_batches=1 memory_cleanup_every_microbatch=True stream_eval_microbatches=True compiled_receiver_error_counts=False receiver_call_jit_compile=False per_receiver_stopping=False target_bler_floor=1e-05 floor_num_frames=0 gpu_mem=0.09GiB peak=0.27GiB
[EVAL] receiver_call name=upair5g_lmmse mode=positional_y_no compiled_error_counts=False
[EVAL] progress num_users=3 Eb/N0=0 dB batches=10/20 frame_err=upair5g_lmmse:0/1920 elapsed=105.9s avg_batch=10.589s gpu_mem=5.74GiB peak=5.92GiB
[EVAL] progress num_users=3 Eb/N0=0 dB batches=20/20 frame_err=upair5g_lmmse:0/3840 elapsed=211.4s avg_batch=10.568s gpu_mem=11.38GiB peak=11.56GiB
[EVAL] receiver=           upair5g_lmmse Eb/N0= 0.0 dB BER=0.00000e+00 BLER=0.00000e+00 NMSE=nan bit_err=     0/11427840 blk_err=    0/3840   batches=  20 stop=global_stop bler_ub=7.813e-04 rx_time=132.36s rx_ms_batch=6618.0 rx_ms_frame=34.469 point_time=211.37s gpu_mem=11.38GiB peak=11.56GiB
[ISO-CHUNK] wrote: /home/rsadve1/scratch/Extended_UPAIR_Narval_b32m16_portable/_isolated_eval_chunks/main_d256_b4_r2_u3_upair5g_lmmse_ebno0p0_chunk0024_m8_b20/chunk_result.csv
[ISO-CHUNK] DONE
[PIPELINE] status done=0 reason=continue chunks=25 batches=500 block_errors=26/100 next_chunk=25
2026-06-10 07:22:36.021418: E external/local_xla/xla/stream_executor/cuda/cuda_dnn.cc:9261] Unable to register cuDNN factory: Attempting to register factory for plugin cuDNN when one has already been registered
2026-06-10 07:22:36.021455: E external/local_xla/xla/stream_executor/cuda/cuda_fft.cc:607] Unable to register cuFFT factory: Attempting to register factory for plugin cuFFT when one has already been registered
2026-06-10 07:22:36.022382: E external/local_xla/xla/stream_executor/cuda/cuda_blas.cc:1515] Unable to register cuBLAS factory: Attempting to register factory for plugin cuBLAS when one has already been registered
[COMPREHENSIVE] loaded Optuna best JSON for main_d256_b4_r2 from /home/rsadve1/scratch/Extended_UPAIR_Narval_b32m16_portable/optuna/clean_b32_prb8_d256_40k_smart_trueDMRS_u34610_1dmrs_stageB_main_d256_b4_r2_best_params.json
[ISO-CHUNK] variant: main_d256_b4_r2
[ISO-CHUNK] receiver: upair5g_lmmse
[ISO-CHUNK] num_users: 3
[ISO-CHUNK] ebno_db: 0.0
[ISO-CHUNK] chunk_idx: 25
[ISO-CHUNK] chunk_batches: 20
[ISO-CHUNK] receiver_microbatch_size: 8
[ISO-CHUNK] chunk_seed: 4204109
[ISO-CHUNK] checkpoint: /scratch/rsadve1/Extended_UPAIR_Narval_b32m16_portable/TWC_plots_comprehensive/runs_rx16/seed7/1dmrs/main_d256_b4_r2/checkpoints/best.weights.h5
[ISO-CHUNK] TF_GPU_ALLOCATOR: cuda_malloc_async
[ISO-CHUNK] output tag: main_d256_b4_r2_u3_upair5g_lmmse_ebno0p0_chunk0025_m8_b20
[EVAL] receiver microbatching enabled: batch_size_eval=64 receiver_microbatch_size=8
WARNING:tensorflow:Model's `__init__()` arguments contain non-serializable objects. Please implement a `get_config()` method in the subclassed Model for proper saving and loading. Defaulting to empty config.
WARNING:tensorflow:Model's `__init__()` arguments contain non-serializable objects. Please implement a `get_config()` method in the subclassed Model for proper saving and loading. Defaulting to empty config.
[EVAL] loaded UPAIR checkpoint: /scratch/rsadve1/Extended_UPAIR_Narval_b32m16_portable/TWC_plots_comprehensive/runs_rx16/seed7/1dmrs/main_d256_b4_r2/checkpoints/best.weights.h5
[EVAL] skipping explicit NMSE channel-estimator calls for: upair5g_lmmse
[EVAL] instrumentation log_latency=True log_gpu_memory=True memory_cleanup_every_batches=1 memory_cleanup_every_microbatch=True stream_eval_microbatches=True compiled_receiver_error_counts=False receiver_call_jit_compile=False per_receiver_stopping=False target_bler_floor=1e-05 floor_num_frames=0 gpu_mem=0.09GiB peak=0.27GiB
[EVAL] receiver_call name=upair5g_lmmse mode=positional_y_no compiled_error_counts=False
[EVAL] progress num_users=3 Eb/N0=0 dB batches=10/20 frame_err=upair5g_lmmse:1/1920 elapsed=105.3s avg_batch=10.533s gpu_mem=5.74GiB peak=5.92GiB
[EVAL] progress num_users=3 Eb/N0=0 dB batches=20/20 frame_err=upair5g_lmmse:1/3840 elapsed=210.3s avg_batch=10.514s gpu_mem=11.38GiB peak=11.56GiB
[EVAL] receiver=           upair5g_lmmse Eb/N0= 0.0 dB BER=2.80018e-06 BLER=2.60417e-04 NMSE=nan bit_err=    32/11427840 blk_err=    1/3840   batches=  20 stop=global_stop rx_time=131.65s rx_ms_batch=6582.5 rx_ms_frame=34.284 point_time=210.28s gpu_mem=11.38GiB peak=11.56GiB
[ISO-CHUNK] wrote: /home/rsadve1/scratch/Extended_UPAIR_Narval_b32m16_portable/_isolated_eval_chunks/main_d256_b4_r2_u3_upair5g_lmmse_ebno0p0_chunk0025_m8_b20/chunk_result.csv
[ISO-CHUNK] DONE
[PIPELINE] status done=0 reason=continue chunks=26 batches=520 block_errors=27/100 next_chunk=26
2026-06-10 07:26:41.861744: E external/local_xla/xla/stream_executor/cuda/cuda_dnn.cc:9261] Unable to register cuDNN factory: Attempting to register factory for plugin cuDNN when one has already been registered
2026-06-10 07:26:41.861792: E external/local_xla/xla/stream_executor/cuda/cuda_fft.cc:607] Unable to register cuFFT factory: Attempting to register factory for plugin cuFFT when one has already been registered
2026-06-10 07:26:41.862679: E external/local_xla/xla/stream_executor/cuda/cuda_blas.cc:1515] Unable to register cuBLAS factory: Attempting to register factory for plugin cuBLAS when one has already been registered
[COMPREHENSIVE] loaded Optuna best JSON for main_d256_b4_r2 from /home/rsadve1/scratch/Extended_UPAIR_Narval_b32m16_portable/optuna/clean_b32_prb8_d256_40k_smart_trueDMRS_u34610_1dmrs_stageB_main_d256_b4_r2_best_params.json
[ISO-CHUNK] variant: main_d256_b4_r2
[ISO-CHUNK] receiver: upair5g_lmmse
[ISO-CHUNK] num_users: 3
[ISO-CHUNK] ebno_db: 0.0
[ISO-CHUNK] chunk_idx: 26
[ISO-CHUNK] chunk_batches: 20
[ISO-CHUNK] receiver_microbatch_size: 8
[ISO-CHUNK] chunk_seed: 4304112
[ISO-CHUNK] checkpoint: /scratch/rsadve1/Extended_UPAIR_Narval_b32m16_portable/TWC_plots_comprehensive/runs_rx16/seed7/1dmrs/main_d256_b4_r2/checkpoints/best.weights.h5
[ISO-CHUNK] TF_GPU_ALLOCATOR: cuda_malloc_async
[ISO-CHUNK] output tag: main_d256_b4_r2_u3_upair5g_lmmse_ebno0p0_chunk0026_m8_b20
[EVAL] receiver microbatching enabled: batch_size_eval=64 receiver_microbatch_size=8
WARNING:tensorflow:Model's `__init__()` arguments contain non-serializable objects. Please implement a `get_config()` method in the subclassed Model for proper saving and loading. Defaulting to empty config.
WARNING:tensorflow:Model's `__init__()` arguments contain non-serializable objects. Please implement a `get_config()` method in the subclassed Model for proper saving and loading. Defaulting to empty config.
[EVAL] loaded UPAIR checkpoint: /scratch/rsadve1/Extended_UPAIR_Narval_b32m16_portable/TWC_plots_comprehensive/runs_rx16/seed7/1dmrs/main_d256_b4_r2/checkpoints/best.weights.h5
[EVAL] skipping explicit NMSE channel-estimator calls for: upair5g_lmmse
[EVAL] instrumentation log_latency=True log_gpu_memory=True memory_cleanup_every_batches=1 memory_cleanup_every_microbatch=True stream_eval_microbatches=True compiled_receiver_error_counts=False receiver_call_jit_compile=False per_receiver_stopping=False target_bler_floor=1e-05 floor_num_frames=0 gpu_mem=0.09GiB peak=0.27GiB
[EVAL] receiver_call name=upair5g_lmmse mode=positional_y_no compiled_error_counts=False
[EVAL] progress num_users=3 Eb/N0=0 dB batches=10/20 frame_err=upair5g_lmmse:0/1920 elapsed=106.6s avg_batch=10.664s gpu_mem=5.74GiB peak=5.92GiB
[EVAL] progress num_users=3 Eb/N0=0 dB batches=20/20 frame_err=upair5g_lmmse:2/3840 elapsed=212.7s avg_batch=10.637s gpu_mem=11.38GiB peak=11.56GiB
[EVAL] receiver=           upair5g_lmmse Eb/N0= 0.0 dB BER=9.45060e-06 BLER=5.20833e-04 NMSE=nan bit_err=   108/11427840 blk_err=    2/3840   batches=  20 stop=global_stop rx_time=133.22s rx_ms_batch=6660.9 rx_ms_frame=34.692 point_time=212.74s gpu_mem=11.38GiB peak=11.56GiB
[ISO-CHUNK] wrote: /home/rsadve1/scratch/Extended_UPAIR_Narval_b32m16_portable/_isolated_eval_chunks/main_d256_b4_r2_u3_upair5g_lmmse_ebno0p0_chunk0026_m8_b20/chunk_result.csv
[ISO-CHUNK] DONE
[PIPELINE] status done=0 reason=continue chunks=27 batches=540 block_errors=29/100 next_chunk=27
2026-06-10 07:30:42.377806: E external/local_xla/xla/stream_executor/cuda/cuda_dnn.cc:9261] Unable to register cuDNN factory: Attempting to register factory for plugin cuDNN when one has already been registered
2026-06-10 07:30:42.377848: E external/local_xla/xla/stream_executor/cuda/cuda_fft.cc:607] Unable to register cuFFT factory: Attempting to register factory for plugin cuFFT when one has already been registered
2026-06-10 07:30:42.378804: E external/local_xla/xla/stream_executor/cuda/cuda_blas.cc:1515] Unable to register cuBLAS factory: Attempting to register factory for plugin cuBLAS when one has already been registered
[COMPREHENSIVE] loaded Optuna best JSON for main_d256_b4_r2 from /home/rsadve1/scratch/Extended_UPAIR_Narval_b32m16_portable/optuna/clean_b32_prb8_d256_40k_smart_trueDMRS_u34610_1dmrs_stageB_main_d256_b4_r2_best_params.json
[ISO-CHUNK] variant: main_d256_b4_r2
[ISO-CHUNK] receiver: upair5g_lmmse
[ISO-CHUNK] num_users: 3
[ISO-CHUNK] ebno_db: 0.0
[ISO-CHUNK] chunk_idx: 27
[ISO-CHUNK] chunk_batches: 20
[ISO-CHUNK] receiver_microbatch_size: 8
[ISO-CHUNK] chunk_seed: 4404115
[ISO-CHUNK] checkpoint: /scratch/rsadve1/Extended_UPAIR_Narval_b32m16_portable/TWC_plots_comprehensive/runs_rx16/seed7/1dmrs/main_d256_b4_r2/checkpoints/best.weights.h5
[ISO-CHUNK] TF_GPU_ALLOCATOR: cuda_malloc_async
[ISO-CHUNK] output tag: main_d256_b4_r2_u3_upair5g_lmmse_ebno0p0_chunk0027_m8_b20
[EVAL] receiver microbatching enabled: batch_size_eval=64 receiver_microbatch_size=8
WARNING:tensorflow:Model's `__init__()` arguments contain non-serializable objects. Please implement a `get_config()` method in the subclassed Model for proper saving and loading. Defaulting to empty config.
WARNING:tensorflow:Model's `__init__()` arguments contain non-serializable objects. Please implement a `get_config()` method in the subclassed Model for proper saving and loading. Defaulting to empty config.
[EVAL] loaded UPAIR checkpoint: /scratch/rsadve1/Extended_UPAIR_Narval_b32m16_portable/TWC_plots_comprehensive/runs_rx16/seed7/1dmrs/main_d256_b4_r2/checkpoints/best.weights.h5
[EVAL] skipping explicit NMSE channel-estimator calls for: upair5g_lmmse
[EVAL] instrumentation log_latency=True log_gpu_memory=True memory_cleanup_every_batches=1 memory_cleanup_every_microbatch=True stream_eval_microbatches=True compiled_receiver_error_counts=False receiver_call_jit_compile=False per_receiver_stopping=False target_bler_floor=1e-05 floor_num_frames=0 gpu_mem=0.09GiB peak=0.27GiB
[EVAL] receiver_call name=upair5g_lmmse mode=positional_y_no compiled_error_counts=False
[EVAL] progress num_users=3 Eb/N0=0 dB batches=10/20 frame_err=upair5g_lmmse:0/1920 elapsed=106.7s avg_batch=10.666s gpu_mem=5.74GiB peak=5.92GiB
[EVAL] progress num_users=3 Eb/N0=0 dB batches=20/20 frame_err=upair5g_lmmse:0/3840 elapsed=213.2s avg_batch=10.658s gpu_mem=11.38GiB peak=11.56GiB
[EVAL] receiver=           upair5g_lmmse Eb/N0= 0.0 dB BER=0.00000e+00 BLER=0.00000e+00 NMSE=nan bit_err=     0/11427840 blk_err=    0/3840   batches=  20 stop=global_stop bler_ub=7.813e-04 rx_time=133.68s rx_ms_batch=6683.9 rx_ms_frame=34.812 point_time=213.16s gpu_mem=11.38GiB peak=11.56GiB
[ISO-CHUNK] wrote: /home/rsadve1/scratch/Extended_UPAIR_Narval_b32m16_portable/_isolated_eval_chunks/main_d256_b4_r2_u3_upair5g_lmmse_ebno0p0_chunk0027_m8_b20/chunk_result.csv
[ISO-CHUNK] DONE
[PIPELINE] status done=0 reason=continue chunks=28 batches=560 block_errors=29/100 next_chunk=28
2026-06-10 07:34:55.271500: E external/local_xla/xla/stream_executor/cuda/cuda_dnn.cc:9261] Unable to register cuDNN factory: Attempting to register factory for plugin cuDNN when one has already been registered
2026-06-10 07:34:55.271539: E external/local_xla/xla/stream_executor/cuda/cuda_fft.cc:607] Unable to register cuFFT factory: Attempting to register factory for plugin cuFFT when one has already been registered
2026-06-10 07:34:55.272470: E external/local_xla/xla/stream_executor/cuda/cuda_blas.cc:1515] Unable to register cuBLAS factory: Attempting to register factory for plugin cuBLAS when one has already been registered
[COMPREHENSIVE] loaded Optuna best JSON for main_d256_b4_r2 from /home/rsadve1/scratch/Extended_UPAIR_Narval_b32m16_portable/optuna/clean_b32_prb8_d256_40k_smart_trueDMRS_u34610_1dmrs_stageB_main_d256_b4_r2_best_params.json
[ISO-CHUNK] variant: main_d256_b4_r2
[ISO-CHUNK] receiver: upair5g_lmmse
[ISO-CHUNK] num_users: 3
[ISO-CHUNK] ebno_db: 0.0
[ISO-CHUNK] chunk_idx: 28
[ISO-CHUNK] chunk_batches: 20
[ISO-CHUNK] receiver_microbatch_size: 8
[ISO-CHUNK] chunk_seed: 4504118
[ISO-CHUNK] checkpoint: /scratch/rsadve1/Extended_UPAIR_Narval_b32m16_portable/TWC_plots_comprehensive/runs_rx16/seed7/1dmrs/main_d256_b4_r2/checkpoints/best.weights.h5
[ISO-CHUNK] TF_GPU_ALLOCATOR: cuda_malloc_async
[ISO-CHUNK] output tag: main_d256_b4_r2_u3_upair5g_lmmse_ebno0p0_chunk0028_m8_b20
[EVAL] receiver microbatching enabled: batch_size_eval=64 receiver_microbatch_size=8
WARNING:tensorflow:Model's `__init__()` arguments contain non-serializable objects. Please implement a `get_config()` method in the subclassed Model for proper saving and loading. Defaulting to empty config.
WARNING:tensorflow:Model's `__init__()` arguments contain non-serializable objects. Please implement a `get_config()` method in the subclassed Model for proper saving and loading. Defaulting to empty config.
[EVAL] loaded UPAIR checkpoint: /scratch/rsadve1/Extended_UPAIR_Narval_b32m16_portable/TWC_plots_comprehensive/runs_rx16/seed7/1dmrs/main_d256_b4_r2/checkpoints/best.weights.h5
[EVAL] skipping explicit NMSE channel-estimator calls for: upair5g_lmmse
[EVAL] instrumentation log_latency=True log_gpu_memory=True memory_cleanup_every_batches=1 memory_cleanup_every_microbatch=True stream_eval_microbatches=True compiled_receiver_error_counts=False receiver_call_jit_compile=False per_receiver_stopping=False target_bler_floor=1e-05 floor_num_frames=0 gpu_mem=0.09GiB peak=0.27GiB
[EVAL] receiver_call name=upair5g_lmmse mode=positional_y_no compiled_error_counts=False
[EVAL] progress num_users=3 Eb/N0=0 dB batches=10/20 frame_err=upair5g_lmmse:3/1920 elapsed=106.1s avg_batch=10.606s gpu_mem=5.74GiB peak=5.92GiB
[EVAL] progress num_users=3 Eb/N0=0 dB batches=20/20 frame_err=upair5g_lmmse:3/3840 elapsed=212.0s avg_batch=10.598s gpu_mem=11.38GiB peak=11.56GiB
[EVAL] receiver=           upair5g_lmmse Eb/N0= 0.0 dB BER=1.79386e-05 BLER=7.81250e-04 NMSE=nan bit_err=   205/11427840 blk_err=    3/3840   batches=  20 stop=global_stop rx_time=132.75s rx_ms_batch=6637.3 rx_ms_frame=34.569 point_time=211.96s gpu_mem=11.38GiB peak=11.56GiB
[ISO-CHUNK] wrote: /home/rsadve1/scratch/Extended_UPAIR_Narval_b32m16_portable/_isolated_eval_chunks/main_d256_b4_r2_u3_upair5g_lmmse_ebno0p0_chunk0028_m8_b20/chunk_result.csv
[ISO-CHUNK] DONE
[PIPELINE] status done=0 reason=continue chunks=29 batches=580 block_errors=32/100 next_chunk=29
2026-06-10 07:39:06.672789: E external/local_xla/xla/stream_executor/cuda/cuda_dnn.cc:9261] Unable to register cuDNN factory: Attempting to register factory for plugin cuDNN when one has already been registered
2026-06-10 07:39:06.672830: E external/local_xla/xla/stream_executor/cuda/cuda_fft.cc:607] Unable to register cuFFT factory: Attempting to register factory for plugin cuFFT when one has already been registered
2026-06-10 07:39:06.673766: E external/local_xla/xla/stream_executor/cuda/cuda_blas.cc:1515] Unable to register cuBLAS factory: Attempting to register factory for plugin cuBLAS when one has already been registered
[COMPREHENSIVE] loaded Optuna best JSON for main_d256_b4_r2 from /home/rsadve1/scratch/Extended_UPAIR_Narval_b32m16_portable/optuna/clean_b32_prb8_d256_40k_smart_trueDMRS_u34610_1dmrs_stageB_main_d256_b4_r2_best_params.json
[ISO-CHUNK] variant: main_d256_b4_r2
[ISO-CHUNK] receiver: upair5g_lmmse
[ISO-CHUNK] num_users: 3
[ISO-CHUNK] ebno_db: 0.0
[ISO-CHUNK] chunk_idx: 29
[ISO-CHUNK] chunk_batches: 20
[ISO-CHUNK] receiver_microbatch_size: 8
[ISO-CHUNK] chunk_seed: 4604121
[ISO-CHUNK] checkpoint: /scratch/rsadve1/Extended_UPAIR_Narval_b32m16_portable/TWC_plots_comprehensive/runs_rx16/seed7/1dmrs/main_d256_b4_r2/checkpoints/best.weights.h5
[ISO-CHUNK] TF_GPU_ALLOCATOR: cuda_malloc_async
[ISO-CHUNK] output tag: main_d256_b4_r2_u3_upair5g_lmmse_ebno0p0_chunk0029_m8_b20
[EVAL] receiver microbatching enabled: batch_size_eval=64 receiver_microbatch_size=8
WARNING:tensorflow:Model's `__init__()` arguments contain non-serializable objects. Please implement a `get_config()` method in the subclassed Model for proper saving and loading. Defaulting to empty config.
WARNING:tensorflow:Model's `__init__()` arguments contain non-serializable objects. Please implement a `get_config()` method in the subclassed Model for proper saving and loading. Defaulting to empty config.
[EVAL] loaded UPAIR checkpoint: /scratch/rsadve1/Extended_UPAIR_Narval_b32m16_portable/TWC_plots_comprehensive/runs_rx16/seed7/1dmrs/main_d256_b4_r2/checkpoints/best.weights.h5
[EVAL] skipping explicit NMSE channel-estimator calls for: upair5g_lmmse
[EVAL] instrumentation log_latency=True log_gpu_memory=True memory_cleanup_every_batches=1 memory_cleanup_every_microbatch=True stream_eval_microbatches=True compiled_receiver_error_counts=False receiver_call_jit_compile=False per_receiver_stopping=False target_bler_floor=1e-05 floor_num_frames=0 gpu_mem=0.09GiB peak=0.27GiB
[EVAL] receiver_call name=upair5g_lmmse mode=positional_y_no compiled_error_counts=False
[EVAL] progress num_users=3 Eb/N0=0 dB batches=10/20 frame_err=upair5g_lmmse:1/1920 elapsed=106.4s avg_batch=10.637s gpu_mem=5.74GiB peak=5.92GiB
[EVAL] progress num_users=3 Eb/N0=0 dB batches=20/20 frame_err=upair5g_lmmse:1/3840 elapsed=211.7s avg_batch=10.587s gpu_mem=11.38GiB peak=11.56GiB
[EVAL] receiver=           upair5g_lmmse Eb/N0= 0.0 dB BER=1.40009e-06 BLER=2.60417e-04 NMSE=nan bit_err=    16/11427840 blk_err=    1/3840   batches=  20 stop=global_stop rx_time=133.11s rx_ms_batch=6655.3 rx_ms_frame=34.663 point_time=211.75s gpu_mem=11.38GiB peak=11.56GiB
[ISO-CHUNK] wrote: /home/rsadve1/scratch/Extended_UPAIR_Narval_b32m16_portable/_isolated_eval_chunks/main_d256_b4_r2_u3_upair5g_lmmse_ebno0p0_chunk0029_m8_b20/chunk_result.csv
[ISO-CHUNK] DONE
[PIPELINE] status done=0 reason=continue chunks=30 batches=600 block_errors=33/100 next_chunk=30
2026-06-10 07:43:05.424649: E external/local_xla/xla/stream_executor/cuda/cuda_dnn.cc:9261] Unable to register cuDNN factory: Attempting to register factory for plugin cuDNN when one has already been registered
2026-06-10 07:43:05.424683: E external/local_xla/xla/stream_executor/cuda/cuda_fft.cc:607] Unable to register cuFFT factory: Attempting to register factory for plugin cuFFT when one has already been registered
2026-06-10 07:43:05.425561: E external/local_xla/xla/stream_executor/cuda/cuda_blas.cc:1515] Unable to register cuBLAS factory: Attempting to register factory for plugin cuBLAS when one has already been registered
[COMPREHENSIVE] loaded Optuna best JSON for main_d256_b4_r2 from /home/rsadve1/scratch/Extended_UPAIR_Narval_b32m16_portable/optuna/clean_b32_prb8_d256_40k_smart_trueDMRS_u34610_1dmrs_stageB_main_d256_b4_r2_best_params.json
[ISO-CHUNK] variant: main_d256_b4_r2
[ISO-CHUNK] receiver: upair5g_lmmse
[ISO-CHUNK] num_users: 3
[ISO-CHUNK] ebno_db: 0.0
[ISO-CHUNK] chunk_idx: 30
[ISO-CHUNK] chunk_batches: 20
[ISO-CHUNK] receiver_microbatch_size: 8
[ISO-CHUNK] chunk_seed: 4704124
[ISO-CHUNK] checkpoint: /scratch/rsadve1/Extended_UPAIR_Narval_b32m16_portable/TWC_plots_comprehensive/runs_rx16/seed7/1dmrs/main_d256_b4_r2/checkpoints/best.weights.h5
[ISO-CHUNK] TF_GPU_ALLOCATOR: cuda_malloc_async
[ISO-CHUNK] output tag: main_d256_b4_r2_u3_upair5g_lmmse_ebno0p0_chunk0030_m8_b20
[EVAL] receiver microbatching enabled: batch_size_eval=64 receiver_microbatch_size=8
WARNING:tensorflow:Model's `__init__()` arguments contain non-serializable objects. Please implement a `get_config()` method in the subclassed Model for proper saving and loading. Defaulting to empty config.
WARNING:tensorflow:Model's `__init__()` arguments contain non-serializable objects. Please implement a `get_config()` method in the subclassed Model for proper saving and loading. Defaulting to empty config.
[EVAL] loaded UPAIR checkpoint: /scratch/rsadve1/Extended_UPAIR_Narval_b32m16_portable/TWC_plots_comprehensive/runs_rx16/seed7/1dmrs/main_d256_b4_r2/checkpoints/best.weights.h5
[EVAL] skipping explicit NMSE channel-estimator calls for: upair5g_lmmse
[EVAL] instrumentation log_latency=True log_gpu_memory=True memory_cleanup_every_batches=1 memory_cleanup_every_microbatch=True stream_eval_microbatches=True compiled_receiver_error_counts=False receiver_call_jit_compile=False per_receiver_stopping=False target_bler_floor=1e-05 floor_num_frames=0 gpu_mem=0.09GiB peak=0.27GiB
[EVAL] receiver_call name=upair5g_lmmse mode=positional_y_no compiled_error_counts=False
[EVAL] progress num_users=3 Eb/N0=0 dB batches=10/20 frame_err=upair5g_lmmse:2/1920 elapsed=106.8s avg_batch=10.679s gpu_mem=5.74GiB peak=5.92GiB
[EVAL] progress num_users=3 Eb/N0=0 dB batches=20/20 frame_err=upair5g_lmmse:3/3840 elapsed=212.5s avg_batch=10.627s gpu_mem=11.38GiB peak=11.56GiB
[EVAL] receiver=           upair5g_lmmse Eb/N0= 0.0 dB BER=2.46766e-05 BLER=7.81250e-04 NMSE=nan bit_err=   282/11427840 blk_err=    3/3840   batches=  20 stop=global_stop rx_time=133.25s rx_ms_batch=6662.6 rx_ms_frame=34.701 point_time=212.54s gpu_mem=11.38GiB peak=11.56GiB
[ISO-CHUNK] wrote: /home/rsadve1/scratch/Extended_UPAIR_Narval_b32m16_portable/_isolated_eval_chunks/main_d256_b4_r2_u3_upair5g_lmmse_ebno0p0_chunk0030_m8_b20/chunk_result.csv
[ISO-CHUNK] DONE
[PIPELINE] status done=0 reason=continue chunks=31 batches=620 block_errors=36/100 next_chunk=31
2026-06-10 07:47:07.446447: E external/local_xla/xla/stream_executor/cuda/cuda_dnn.cc:9261] Unable to register cuDNN factory: Attempting to register factory for plugin cuDNN when one has already been registered
2026-06-10 07:47:07.446479: E external/local_xla/xla/stream_executor/cuda/cuda_fft.cc:607] Unable to register cuFFT factory: Attempting to register factory for plugin cuFFT when one has already been registered
2026-06-10 07:47:07.447379: E external/local_xla/xla/stream_executor/cuda/cuda_blas.cc:1515] Unable to register cuBLAS factory: Attempting to register factory for plugin cuBLAS when one has already been registered
[COMPREHENSIVE] loaded Optuna best JSON for main_d256_b4_r2 from /home/rsadve1/scratch/Extended_UPAIR_Narval_b32m16_portable/optuna/clean_b32_prb8_d256_40k_smart_trueDMRS_u34610_1dmrs_stageB_main_d256_b4_r2_best_params.json
[ISO-CHUNK] variant: main_d256_b4_r2
[ISO-CHUNK] receiver: upair5g_lmmse
[ISO-CHUNK] num_users: 3
[ISO-CHUNK] ebno_db: 0.0
[ISO-CHUNK] chunk_idx: 31
[ISO-CHUNK] chunk_batches: 20
[ISO-CHUNK] receiver_microbatch_size: 8
[ISO-CHUNK] chunk_seed: 4804127
[ISO-CHUNK] checkpoint: /scratch/rsadve1/Extended_UPAIR_Narval_b32m16_portable/TWC_plots_comprehensive/runs_rx16/seed7/1dmrs/main_d256_b4_r2/checkpoints/best.weights.h5
[ISO-CHUNK] TF_GPU_ALLOCATOR: cuda_malloc_async
[ISO-CHUNK] output tag: main_d256_b4_r2_u3_upair5g_lmmse_ebno0p0_chunk0031_m8_b20
[EVAL] receiver microbatching enabled: batch_size_eval=64 receiver_microbatch_size=8
WARNING:tensorflow:Model's `__init__()` arguments contain non-serializable objects. Please implement a `get_config()` method in the subclassed Model for proper saving and loading. Defaulting to empty config.
WARNING:tensorflow:Model's `__init__()` arguments contain non-serializable objects. Please implement a `get_config()` method in the subclassed Model for proper saving and loading. Defaulting to empty config.
[EVAL] loaded UPAIR checkpoint: /scratch/rsadve1/Extended_UPAIR_Narval_b32m16_portable/TWC_plots_comprehensive/runs_rx16/seed7/1dmrs/main_d256_b4_r2/checkpoints/best.weights.h5
[EVAL] skipping explicit NMSE channel-estimator calls for: upair5g_lmmse
[EVAL] instrumentation log_latency=True log_gpu_memory=True memory_cleanup_every_batches=1 memory_cleanup_every_microbatch=True stream_eval_microbatches=True compiled_receiver_error_counts=False receiver_call_jit_compile=False per_receiver_stopping=False target_bler_floor=1e-05 floor_num_frames=0 gpu_mem=0.09GiB peak=0.27GiB
[EVAL] receiver_call name=upair5g_lmmse mode=positional_y_no compiled_error_counts=False
[EVAL] progress num_users=3 Eb/N0=0 dB batches=10/20 frame_err=upair5g_lmmse:0/1920 elapsed=105.9s avg_batch=10.590s gpu_mem=5.74GiB peak=5.92GiB
[EVAL] progress num_users=3 Eb/N0=0 dB batches=20/20 frame_err=upair5g_lmmse:1/3840 elapsed=211.5s avg_batch=10.577s gpu_mem=11.38GiB peak=11.56GiB
[EVAL] receiver=           upair5g_lmmse Eb/N0= 0.0 dB BER=3.62273e-05 BLER=2.60417e-04 NMSE=nan bit_err=   414/11427840 blk_err=    1/3840   batches=  20 stop=global_stop rx_time=132.59s rx_ms_batch=6629.7 rx_ms_frame=34.530 point_time=211.53s gpu_mem=11.38GiB peak=11.56GiB
[ISO-CHUNK] wrote: /home/rsadve1/scratch/Extended_UPAIR_Narval_b32m16_portable/_isolated_eval_chunks/main_d256_b4_r2_u3_upair5g_lmmse_ebno0p0_chunk0031_m8_b20/chunk_result.csv
[ISO-CHUNK] DONE
[PIPELINE] status done=0 reason=continue chunks=32 batches=640 block_errors=37/100 next_chunk=32
2026-06-10 07:51:22.647884: E external/local_xla/xla/stream_executor/cuda/cuda_dnn.cc:9261] Unable to register cuDNN factory: Attempting to register factory for plugin cuDNN when one has already been registered
2026-06-10 07:51:22.647916: E external/local_xla/xla/stream_executor/cuda/cuda_fft.cc:607] Unable to register cuFFT factory: Attempting to register factory for plugin cuFFT when one has already been registered
2026-06-10 07:51:22.648860: E external/local_xla/xla/stream_executor/cuda/cuda_blas.cc:1515] Unable to register cuBLAS factory: Attempting to register factory for plugin cuBLAS when one has already been registered
[COMPREHENSIVE] loaded Optuna best JSON for main_d256_b4_r2 from /home/rsadve1/scratch/Extended_UPAIR_Narval_b32m16_portable/optuna/clean_b32_prb8_d256_40k_smart_trueDMRS_u34610_1dmrs_stageB_main_d256_b4_r2_best_params.json
[ISO-CHUNK] variant: main_d256_b4_r2
[ISO-CHUNK] receiver: upair5g_lmmse
[ISO-CHUNK] num_users: 3
[ISO-CHUNK] ebno_db: 0.0
[ISO-CHUNK] chunk_idx: 32
[ISO-CHUNK] chunk_batches: 20
[ISO-CHUNK] receiver_microbatch_size: 8
[ISO-CHUNK] chunk_seed: 4904130
[ISO-CHUNK] checkpoint: /scratch/rsadve1/Extended_UPAIR_Narval_b32m16_portable/TWC_plots_comprehensive/runs_rx16/seed7/1dmrs/main_d256_b4_r2/checkpoints/best.weights.h5
[ISO-CHUNK] TF_GPU_ALLOCATOR: cuda_malloc_async
[ISO-CHUNK] output tag: main_d256_b4_r2_u3_upair5g_lmmse_ebno0p0_chunk0032_m8_b20
[EVAL] receiver microbatching enabled: batch_size_eval=64 receiver_microbatch_size=8
WARNING:tensorflow:Model's `__init__()` arguments contain non-serializable objects. Please implement a `get_config()` method in the subclassed Model for proper saving and loading. Defaulting to empty config.
WARNING:tensorflow:Model's `__init__()` arguments contain non-serializable objects. Please implement a `get_config()` method in the subclassed Model for proper saving and loading. Defaulting to empty config.
[EVAL] loaded UPAIR checkpoint: /scratch/rsadve1/Extended_UPAIR_Narval_b32m16_portable/TWC_plots_comprehensive/runs_rx16/seed7/1dmrs/main_d256_b4_r2/checkpoints/best.weights.h5
[EVAL] skipping explicit NMSE channel-estimator calls for: upair5g_lmmse
[EVAL] instrumentation log_latency=True log_gpu_memory=True memory_cleanup_every_batches=1 memory_cleanup_every_microbatch=True stream_eval_microbatches=True compiled_receiver_error_counts=False receiver_call_jit_compile=False per_receiver_stopping=False target_bler_floor=1e-05 floor_num_frames=0 gpu_mem=0.09GiB peak=0.27GiB
[EVAL] receiver_call name=upair5g_lmmse mode=positional_y_no compiled_error_counts=False
[EVAL] progress num_users=3 Eb/N0=0 dB batches=10/20 frame_err=upair5g_lmmse:0/1920 elapsed=105.3s avg_batch=10.534s gpu_mem=5.74GiB peak=5.92GiB
[EVAL] progress num_users=3 Eb/N0=0 dB batches=20/20 frame_err=upair5g_lmmse:0/3840 elapsed=210.7s avg_batch=10.535s gpu_mem=11.38GiB peak=11.56GiB
[EVAL] receiver=           upair5g_lmmse Eb/N0= 0.0 dB BER=0.00000e+00 BLER=0.00000e+00 NMSE=nan bit_err=     0/11427840 blk_err=    0/3840   batches=  20 stop=global_stop bler_ub=7.813e-04 rx_time=132.24s rx_ms_batch=6611.8 rx_ms_frame=34.437 point_time=210.69s gpu_mem=11.38GiB peak=11.56GiB
[ISO-CHUNK] wrote: /home/rsadve1/scratch/Extended_UPAIR_Narval_b32m16_portable/_isolated_eval_chunks/main_d256_b4_r2_u3_upair5g_lmmse_ebno0p0_chunk0032_m8_b20/chunk_result.csv
[ISO-CHUNK] DONE
[PIPELINE] status done=0 reason=continue chunks=33 batches=660 block_errors=37/100 next_chunk=33
2026-06-10 07:55:27.212855: E external/local_xla/xla/stream_executor/cuda/cuda_dnn.cc:9261] Unable to register cuDNN factory: Attempting to register factory for plugin cuDNN when one has already been registered
2026-06-10 07:55:27.214469: E external/local_xla/xla/stream_executor/cuda/cuda_fft.cc:607] Unable to register cuFFT factory: Attempting to register factory for plugin cuFFT when one has already been registered
2026-06-10 07:55:27.215439: E external/local_xla/xla/stream_executor/cuda/cuda_blas.cc:1515] Unable to register cuBLAS factory: Attempting to register factory for plugin cuBLAS when one has already been registered
[COMPREHENSIVE] loaded Optuna best JSON for main_d256_b4_r2 from /home/rsadve1/scratch/Extended_UPAIR_Narval_b32m16_portable/optuna/clean_b32_prb8_d256_40k_smart_trueDMRS_u34610_1dmrs_stageB_main_d256_b4_r2_best_params.json
[ISO-CHUNK] variant: main_d256_b4_r2
[ISO-CHUNK] receiver: upair5g_lmmse
[ISO-CHUNK] num_users: 3
[ISO-CHUNK] ebno_db: 0.0
[ISO-CHUNK] chunk_idx: 33
[ISO-CHUNK] chunk_batches: 20
[ISO-CHUNK] receiver_microbatch_size: 8
[ISO-CHUNK] chunk_seed: 5004133
[ISO-CHUNK] checkpoint: /scratch/rsadve1/Extended_UPAIR_Narval_b32m16_portable/TWC_plots_comprehensive/runs_rx16/seed7/1dmrs/main_d256_b4_r2/checkpoints/best.weights.h5
[ISO-CHUNK] TF_GPU_ALLOCATOR: cuda_malloc_async
[ISO-CHUNK] output tag: main_d256_b4_r2_u3_upair5g_lmmse_ebno0p0_chunk0033_m8_b20
[EVAL] receiver microbatching enabled: batch_size_eval=64 receiver_microbatch_size=8
WARNING:tensorflow:Model's `__init__()` arguments contain non-serializable objects. Please implement a `get_config()` method in the subclassed Model for proper saving and loading. Defaulting to empty config.
WARNING:tensorflow:Model's `__init__()` arguments contain non-serializable objects. Please implement a `get_config()` method in the subclassed Model for proper saving and loading. Defaulting to empty config.
[EVAL] loaded UPAIR checkpoint: /scratch/rsadve1/Extended_UPAIR_Narval_b32m16_portable/TWC_plots_comprehensive/runs_rx16/seed7/1dmrs/main_d256_b4_r2/checkpoints/best.weights.h5
[EVAL] skipping explicit NMSE channel-estimator calls for: upair5g_lmmse
[EVAL] instrumentation log_latency=True log_gpu_memory=True memory_cleanup_every_batches=1 memory_cleanup_every_microbatch=True stream_eval_microbatches=True compiled_receiver_error_counts=False receiver_call_jit_compile=False per_receiver_stopping=False target_bler_floor=1e-05 floor_num_frames=0 gpu_mem=0.09GiB peak=0.27GiB
[EVAL] receiver_call name=upair5g_lmmse mode=positional_y_no compiled_error_counts=False
[EVAL] progress num_users=3 Eb/N0=0 dB batches=10/20 frame_err=upair5g_lmmse:0/1920 elapsed=105.6s avg_batch=10.555s gpu_mem=5.74GiB peak=5.92GiB
[EVAL] progress num_users=3 Eb/N0=0 dB batches=20/20 frame_err=upair5g_lmmse:1/3840 elapsed=210.6s avg_batch=10.532s gpu_mem=11.38GiB peak=11.56GiB
[EVAL] receiver=           upair5g_lmmse Eb/N0= 0.0 dB BER=2.62517e-07 BLER=2.60417e-04 NMSE=nan bit_err=     3/11427840 blk_err=    1/3840   batches=  20 stop=global_stop rx_time=131.98s rx_ms_batch=6599.0 rx_ms_frame=34.370 point_time=210.64s gpu_mem=11.38GiB peak=11.56GiB
[ISO-CHUNK] wrote: /home/rsadve1/scratch/Extended_UPAIR_Narval_b32m16_portable/_isolated_eval_chunks/main_d256_b4_r2_u3_upair5g_lmmse_ebno0p0_chunk0033_m8_b20/chunk_result.csv
[ISO-CHUNK] DONE
[PIPELINE] status done=0 reason=continue chunks=34 batches=680 block_errors=38/100 next_chunk=34
2026-06-10 07:59:30.065275: E external/local_xla/xla/stream_executor/cuda/cuda_dnn.cc:9261] Unable to register cuDNN factory: Attempting to register factory for plugin cuDNN when one has already been registered
2026-06-10 07:59:30.065322: E external/local_xla/xla/stream_executor/cuda/cuda_fft.cc:607] Unable to register cuFFT factory: Attempting to register factory for plugin cuFFT when one has already been registered
2026-06-10 07:59:30.066252: E external/local_xla/xla/stream_executor/cuda/cuda_blas.cc:1515] Unable to register cuBLAS factory: Attempting to register factory for plugin cuBLAS when one has already been registered
[COMPREHENSIVE] loaded Optuna best JSON for main_d256_b4_r2 from /home/rsadve1/scratch/Extended_UPAIR_Narval_b32m16_portable/optuna/clean_b32_prb8_d256_40k_smart_trueDMRS_u34610_1dmrs_stageB_main_d256_b4_r2_best_params.json
[ISO-CHUNK] variant: main_d256_b4_r2
[ISO-CHUNK] receiver: upair5g_lmmse
[ISO-CHUNK] num_users: 3
[ISO-CHUNK] ebno_db: 0.0
[ISO-CHUNK] chunk_idx: 34
[ISO-CHUNK] chunk_batches: 20
[ISO-CHUNK] receiver_microbatch_size: 8
[ISO-CHUNK] chunk_seed: 5104136
[ISO-CHUNK] checkpoint: /scratch/rsadve1/Extended_UPAIR_Narval_b32m16_portable/TWC_plots_comprehensive/runs_rx16/seed7/1dmrs/main_d256_b4_r2/checkpoints/best.weights.h5
[ISO-CHUNK] TF_GPU_ALLOCATOR: cuda_malloc_async
[ISO-CHUNK] output tag: main_d256_b4_r2_u3_upair5g_lmmse_ebno0p0_chunk0034_m8_b20
[EVAL] receiver microbatching enabled: batch_size_eval=64 receiver_microbatch_size=8
WARNING:tensorflow:Model's `__init__()` arguments contain non-serializable objects. Please implement a `get_config()` method in the subclassed Model for proper saving and loading. Defaulting to empty config.
WARNING:tensorflow:Model's `__init__()` arguments contain non-serializable objects. Please implement a `get_config()` method in the subclassed Model for proper saving and loading. Defaulting to empty config.
[EVAL] loaded UPAIR checkpoint: /scratch/rsadve1/Extended_UPAIR_Narval_b32m16_portable/TWC_plots_comprehensive/runs_rx16/seed7/1dmrs/main_d256_b4_r2/checkpoints/best.weights.h5
[EVAL] skipping explicit NMSE channel-estimator calls for: upair5g_lmmse
[EVAL] instrumentation log_latency=True log_gpu_memory=True memory_cleanup_every_batches=1 memory_cleanup_every_microbatch=True stream_eval_microbatches=True compiled_receiver_error_counts=False receiver_call_jit_compile=False per_receiver_stopping=False target_bler_floor=1e-05 floor_num_frames=0 gpu_mem=0.09GiB peak=0.27GiB
[EVAL] receiver_call name=upair5g_lmmse mode=positional_y_no compiled_error_counts=False
[EVAL] progress num_users=3 Eb/N0=0 dB batches=10/20 frame_err=upair5g_lmmse:0/1920 elapsed=106.0s avg_batch=10.603s gpu_mem=5.74GiB peak=5.92GiB
[EVAL] progress num_users=3 Eb/N0=0 dB batches=20/20 frame_err=upair5g_lmmse:0/3840 elapsed=211.7s avg_batch=10.585s gpu_mem=11.38GiB peak=11.56GiB
[EVAL] receiver=           upair5g_lmmse Eb/N0= 0.0 dB BER=0.00000e+00 BLER=0.00000e+00 NMSE=nan bit_err=     0/11427840 blk_err=    0/3840   batches=  20 stop=global_stop bler_ub=7.813e-04 rx_time=132.62s rx_ms_batch=6630.9 rx_ms_frame=34.536 point_time=211.70s gpu_mem=11.38GiB peak=11.56GiB
[ISO-CHUNK] wrote: /home/rsadve1/scratch/Extended_UPAIR_Narval_b32m16_portable/_isolated_eval_chunks/main_d256_b4_r2_u3_upair5g_lmmse_ebno0p0_chunk0034_m8_b20/chunk_result.csv
[ISO-CHUNK] DONE
[PIPELINE] status done=0 reason=continue chunks=35 batches=700 block_errors=38/100 next_chunk=35
2026-06-10 08:03:32.675763: E external/local_xla/xla/stream_executor/cuda/cuda_dnn.cc:9261] Unable to register cuDNN factory: Attempting to register factory for plugin cuDNN when one has already been registered
2026-06-10 08:03:32.675800: E external/local_xla/xla/stream_executor/cuda/cuda_fft.cc:607] Unable to register cuFFT factory: Attempting to register factory for plugin cuFFT when one has already been registered
2026-06-10 08:03:32.676731: E external/local_xla/xla/stream_executor/cuda/cuda_blas.cc:1515] Unable to register cuBLAS factory: Attempting to register factory for plugin cuBLAS when one has already been registered
[COMPREHENSIVE] loaded Optuna best JSON for main_d256_b4_r2 from /home/rsadve1/scratch/Extended_UPAIR_Narval_b32m16_portable/optuna/clean_b32_prb8_d256_40k_smart_trueDMRS_u34610_1dmrs_stageB_main_d256_b4_r2_best_params.json
[ISO-CHUNK] variant: main_d256_b4_r2
[ISO-CHUNK] receiver: upair5g_lmmse
[ISO-CHUNK] num_users: 3
[ISO-CHUNK] ebno_db: 0.0
[ISO-CHUNK] chunk_idx: 35
[ISO-CHUNK] chunk_batches: 20
[ISO-CHUNK] receiver_microbatch_size: 8
[ISO-CHUNK] chunk_seed: 5204139
[ISO-CHUNK] checkpoint: /scratch/rsadve1/Extended_UPAIR_Narval_b32m16_portable/TWC_plots_comprehensive/runs_rx16/seed7/1dmrs/main_d256_b4_r2/checkpoints/best.weights.h5
[ISO-CHUNK] TF_GPU_ALLOCATOR: cuda_malloc_async
[ISO-CHUNK] output tag: main_d256_b4_r2_u3_upair5g_lmmse_ebno0p0_chunk0035_m8_b20
[EVAL] receiver microbatching enabled: batch_size_eval=64 receiver_microbatch_size=8
WARNING:tensorflow:Model's `__init__()` arguments contain non-serializable objects. Please implement a `get_config()` method in the subclassed Model for proper saving and loading. Defaulting to empty config.
WARNING:tensorflow:Model's `__init__()` arguments contain non-serializable objects. Please implement a `get_config()` method in the subclassed Model for proper saving and loading. Defaulting to empty config.
[EVAL] loaded UPAIR checkpoint: /scratch/rsadve1/Extended_UPAIR_Narval_b32m16_portable/TWC_plots_comprehensive/runs_rx16/seed7/1dmrs/main_d256_b4_r2/checkpoints/best.weights.h5
[EVAL] skipping explicit NMSE channel-estimator calls for: upair5g_lmmse
[EVAL] instrumentation log_latency=True log_gpu_memory=True memory_cleanup_every_batches=1 memory_cleanup_every_microbatch=True stream_eval_microbatches=True compiled_receiver_error_counts=False receiver_call_jit_compile=False per_receiver_stopping=False target_bler_floor=1e-05 floor_num_frames=0 gpu_mem=0.09GiB peak=0.27GiB
[EVAL] receiver_call name=upair5g_lmmse mode=positional_y_no compiled_error_counts=False
[EVAL] progress num_users=3 Eb/N0=0 dB batches=10/20 frame_err=upair5g_lmmse:0/1920 elapsed=105.5s avg_batch=10.548s gpu_mem=5.74GiB peak=5.92GiB
[EVAL] progress num_users=3 Eb/N0=0 dB batches=20/20 frame_err=upair5g_lmmse:1/3840 elapsed=209.9s avg_batch=10.495s gpu_mem=11.38GiB peak=11.56GiB
[EVAL] receiver=           upair5g_lmmse Eb/N0= 0.0 dB BER=1.99513e-05 BLER=2.60417e-04 NMSE=nan bit_err=   228/11427840 blk_err=    1/3840   batches=  20 stop=global_stop rx_time=131.91s rx_ms_batch=6595.4 rx_ms_frame=34.351 point_time=209.90s gpu_mem=11.38GiB peak=11.56GiB
[ISO-CHUNK] wrote: /home/rsadve1/scratch/Extended_UPAIR_Narval_b32m16_portable/_isolated_eval_chunks/main_d256_b4_r2_u3_upair5g_lmmse_ebno0p0_chunk0035_m8_b20/chunk_result.csv
[ISO-CHUNK] DONE
[PIPELINE] status done=0 reason=continue chunks=36 batches=720 block_errors=39/100 next_chunk=36
2026-06-10 08:07:38.482403: E external/local_xla/xla/stream_executor/cuda/cuda_dnn.cc:9261] Unable to register cuDNN factory: Attempting to register factory for plugin cuDNN when one has already been registered
2026-06-10 08:07:38.482442: E external/local_xla/xla/stream_executor/cuda/cuda_fft.cc:607] Unable to register cuFFT factory: Attempting to register factory for plugin cuFFT when one has already been registered
2026-06-10 08:07:38.483380: E external/local_xla/xla/stream_executor/cuda/cuda_blas.cc:1515] Unable to register cuBLAS factory: Attempting to register factory for plugin cuBLAS when one has already been registered
[COMPREHENSIVE] loaded Optuna best JSON for main_d256_b4_r2 from /home/rsadve1/scratch/Extended_UPAIR_Narval_b32m16_portable/optuna/clean_b32_prb8_d256_40k_smart_trueDMRS_u34610_1dmrs_stageB_main_d256_b4_r2_best_params.json
[ISO-CHUNK] variant: main_d256_b4_r2
[ISO-CHUNK] receiver: upair5g_lmmse
[ISO-CHUNK] num_users: 3
[ISO-CHUNK] ebno_db: 0.0
[ISO-CHUNK] chunk_idx: 36
[ISO-CHUNK] chunk_batches: 20
[ISO-CHUNK] receiver_microbatch_size: 8
[ISO-CHUNK] chunk_seed: 5304142
[ISO-CHUNK] checkpoint: /scratch/rsadve1/Extended_UPAIR_Narval_b32m16_portable/TWC_plots_comprehensive/runs_rx16/seed7/1dmrs/main_d256_b4_r2/checkpoints/best.weights.h5
[ISO-CHUNK] TF_GPU_ALLOCATOR: cuda_malloc_async
[ISO-CHUNK] output tag: main_d256_b4_r2_u3_upair5g_lmmse_ebno0p0_chunk0036_m8_b20
[EVAL] receiver microbatching enabled: batch_size_eval=64 receiver_microbatch_size=8
WARNING:tensorflow:Model's `__init__()` arguments contain non-serializable objects. Please implement a `get_config()` method in the subclassed Model for proper saving and loading. Defaulting to empty config.
WARNING:tensorflow:Model's `__init__()` arguments contain non-serializable objects. Please implement a `get_config()` method in the subclassed Model for proper saving and loading. Defaulting to empty config.
[EVAL] loaded UPAIR checkpoint: /scratch/rsadve1/Extended_UPAIR_Narval_b32m16_portable/TWC_plots_comprehensive/runs_rx16/seed7/1dmrs/main_d256_b4_r2/checkpoints/best.weights.h5
[EVAL] skipping explicit NMSE channel-estimator calls for: upair5g_lmmse
[EVAL] instrumentation log_latency=True log_gpu_memory=True memory_cleanup_every_batches=1 memory_cleanup_every_microbatch=True stream_eval_microbatches=True compiled_receiver_error_counts=False receiver_call_jit_compile=False per_receiver_stopping=False target_bler_floor=1e-05 floor_num_frames=0 gpu_mem=0.09GiB peak=0.27GiB
[EVAL] receiver_call name=upair5g_lmmse mode=positional_y_no compiled_error_counts=False
[EVAL] progress num_users=3 Eb/N0=0 dB batches=10/20 frame_err=upair5g_lmmse:1/1920 elapsed=106.0s avg_batch=10.596s gpu_mem=5.74GiB peak=5.92GiB
[EVAL] progress num_users=3 Eb/N0=0 dB batches=20/20 frame_err=upair5g_lmmse:1/3840 elapsed=212.1s avg_batch=10.607s gpu_mem=11.38GiB peak=11.56GiB
[EVAL] receiver=           upair5g_lmmse Eb/N0= 0.0 dB BER=2.10013e-05 BLER=2.60417e-04 NMSE=nan bit_err=   240/11427840 blk_err=    1/3840   batches=  20 stop=global_stop rx_time=133.12s rx_ms_batch=6655.8 rx_ms_frame=34.666 point_time=212.14s gpu_mem=11.38GiB peak=11.56GiB
[ISO-CHUNK] wrote: /home/rsadve1/scratch/Extended_UPAIR_Narval_b32m16_portable/_isolated_eval_chunks/main_d256_b4_r2_u3_upair5g_lmmse_ebno0p0_chunk0036_m8_b20/chunk_result.csv
[ISO-CHUNK] DONE
[PIPELINE] status done=0 reason=continue chunks=37 batches=740 block_errors=40/100 next_chunk=37
2026-06-10 08:11:44.550307: E external/local_xla/xla/stream_executor/cuda/cuda_dnn.cc:9261] Unable to register cuDNN factory: Attempting to register factory for plugin cuDNN when one has already been registered
2026-06-10 08:11:44.550354: E external/local_xla/xla/stream_executor/cuda/cuda_fft.cc:607] Unable to register cuFFT factory: Attempting to register factory for plugin cuFFT when one has already been registered
2026-06-10 08:11:44.551248: E external/local_xla/xla/stream_executor/cuda/cuda_blas.cc:1515] Unable to register cuBLAS factory: Attempting to register factory for plugin cuBLAS when one has already been registered
[COMPREHENSIVE] loaded Optuna best JSON for main_d256_b4_r2 from /home/rsadve1/scratch/Extended_UPAIR_Narval_b32m16_portable/optuna/clean_b32_prb8_d256_40k_smart_trueDMRS_u34610_1dmrs_stageB_main_d256_b4_r2_best_params.json
[ISO-CHUNK] variant: main_d256_b4_r2
[ISO-CHUNK] receiver: upair5g_lmmse
[ISO-CHUNK] num_users: 3
[ISO-CHUNK] ebno_db: 0.0
[ISO-CHUNK] chunk_idx: 37
[ISO-CHUNK] chunk_batches: 20
[ISO-CHUNK] receiver_microbatch_size: 8
[ISO-CHUNK] chunk_seed: 5404145
[ISO-CHUNK] checkpoint: /scratch/rsadve1/Extended_UPAIR_Narval_b32m16_portable/TWC_plots_comprehensive/runs_rx16/seed7/1dmrs/main_d256_b4_r2/checkpoints/best.weights.h5
[ISO-CHUNK] TF_GPU_ALLOCATOR: cuda_malloc_async
[ISO-CHUNK] output tag: main_d256_b4_r2_u3_upair5g_lmmse_ebno0p0_chunk0037_m8_b20
[EVAL] receiver microbatching enabled: batch_size_eval=64 receiver_microbatch_size=8
WARNING:tensorflow:Model's `__init__()` arguments contain non-serializable objects. Please implement a `get_config()` method in the subclassed Model for proper saving and loading. Defaulting to empty config.
WARNING:tensorflow:Model's `__init__()` arguments contain non-serializable objects. Please implement a `get_config()` method in the subclassed Model for proper saving and loading. Defaulting to empty config.
[EVAL] loaded UPAIR checkpoint: /scratch/rsadve1/Extended_UPAIR_Narval_b32m16_portable/TWC_plots_comprehensive/runs_rx16/seed7/1dmrs/main_d256_b4_r2/checkpoints/best.weights.h5
[EVAL] skipping explicit NMSE channel-estimator calls for: upair5g_lmmse
[EVAL] instrumentation log_latency=True log_gpu_memory=True memory_cleanup_every_batches=1 memory_cleanup_every_microbatch=True stream_eval_microbatches=True compiled_receiver_error_counts=False receiver_call_jit_compile=False per_receiver_stopping=False target_bler_floor=1e-05 floor_num_frames=0 gpu_mem=0.09GiB peak=0.27GiB
[EVAL] receiver_call name=upair5g_lmmse mode=positional_y_no compiled_error_counts=False
[EVAL] progress num_users=3 Eb/N0=0 dB batches=10/20 frame_err=upair5g_lmmse:0/1920 elapsed=105.3s avg_batch=10.529s gpu_mem=5.74GiB peak=5.92GiB
[EVAL] progress num_users=3 Eb/N0=0 dB batches=20/20 frame_err=upair5g_lmmse:1/3840 elapsed=211.4s avg_batch=10.570s gpu_mem=11.38GiB peak=11.56GiB
[EVAL] receiver=           upair5g_lmmse Eb/N0= 0.0 dB BER=9.71312e-06 BLER=2.60417e-04 NMSE=nan bit_err=   111/11427840 blk_err=    1/3840   batches=  20 stop=global_stop rx_time=132.58s rx_ms_batch=6629.2 rx_ms_frame=34.527 point_time=211.40s gpu_mem=11.38GiB peak=11.56GiB
[ISO-CHUNK] wrote: /home/rsadve1/scratch/Extended_UPAIR_Narval_b32m16_portable/_isolated_eval_chunks/main_d256_b4_r2_u3_upair5g_lmmse_ebno0p0_chunk0037_m8_b20/chunk_result.csv
[ISO-CHUNK] DONE
[PIPELINE] status done=0 reason=continue chunks=38 batches=760 block_errors=41/100 next_chunk=38
2026-06-10 08:15:46.570645: E external/local_xla/xla/stream_executor/cuda/cuda_dnn.cc:9261] Unable to register cuDNN factory: Attempting to register factory for plugin cuDNN when one has already been registered
2026-06-10 08:15:46.570680: E external/local_xla/xla/stream_executor/cuda/cuda_fft.cc:607] Unable to register cuFFT factory: Attempting to register factory for plugin cuFFT when one has already been registered
2026-06-10 08:15:46.571559: E external/local_xla/xla/stream_executor/cuda/cuda_blas.cc:1515] Unable to register cuBLAS factory: Attempting to register factory for plugin cuBLAS when one has already been registered
[COMPREHENSIVE] loaded Optuna best JSON for main_d256_b4_r2 from /home/rsadve1/scratch/Extended_UPAIR_Narval_b32m16_portable/optuna/clean_b32_prb8_d256_40k_smart_trueDMRS_u34610_1dmrs_stageB_main_d256_b4_r2_best_params.json
[ISO-CHUNK] variant: main_d256_b4_r2
[ISO-CHUNK] receiver: upair5g_lmmse
[ISO-CHUNK] num_users: 3
[ISO-CHUNK] ebno_db: 0.0
[ISO-CHUNK] chunk_idx: 38
[ISO-CHUNK] chunk_batches: 20
[ISO-CHUNK] receiver_microbatch_size: 8
[ISO-CHUNK] chunk_seed: 5504148
[ISO-CHUNK] checkpoint: /scratch/rsadve1/Extended_UPAIR_Narval_b32m16_portable/TWC_plots_comprehensive/runs_rx16/seed7/1dmrs/main_d256_b4_r2/checkpoints/best.weights.h5
[ISO-CHUNK] TF_GPU_ALLOCATOR: cuda_malloc_async
[ISO-CHUNK] output tag: main_d256_b4_r2_u3_upair5g_lmmse_ebno0p0_chunk0038_m8_b20
[EVAL] receiver microbatching enabled: batch_size_eval=64 receiver_microbatch_size=8
WARNING:tensorflow:Model's `__init__()` arguments contain non-serializable objects. Please implement a `get_config()` method in the subclassed Model for proper saving and loading. Defaulting to empty config.
WARNING:tensorflow:Model's `__init__()` arguments contain non-serializable objects. Please implement a `get_config()` method in the subclassed Model for proper saving and loading. Defaulting to empty config.
[EVAL] loaded UPAIR checkpoint: /scratch/rsadve1/Extended_UPAIR_Narval_b32m16_portable/TWC_plots_comprehensive/runs_rx16/seed7/1dmrs/main_d256_b4_r2/checkpoints/best.weights.h5
[EVAL] skipping explicit NMSE channel-estimator calls for: upair5g_lmmse
[EVAL] instrumentation log_latency=True log_gpu_memory=True memory_cleanup_every_batches=1 memory_cleanup_every_microbatch=True stream_eval_microbatches=True compiled_receiver_error_counts=False receiver_call_jit_compile=False per_receiver_stopping=False target_bler_floor=1e-05 floor_num_frames=0 gpu_mem=0.09GiB peak=0.27GiB
[EVAL] receiver_call name=upair5g_lmmse mode=positional_y_no compiled_error_counts=False
[EVAL] progress num_users=3 Eb/N0=0 dB batches=10/20 frame_err=upair5g_lmmse:0/1920 elapsed=106.7s avg_batch=10.667s gpu_mem=5.74GiB peak=5.92GiB
[EVAL] progress num_users=3 Eb/N0=0 dB batches=20/20 frame_err=upair5g_lmmse:0/3840 elapsed=213.2s avg_batch=10.662s gpu_mem=11.38GiB peak=11.56GiB
[EVAL] receiver=           upair5g_lmmse Eb/N0= 0.0 dB BER=0.00000e+00 BLER=0.00000e+00 NMSE=nan bit_err=     0/11427840 blk_err=    0/3840   batches=  20 stop=global_stop bler_ub=7.813e-04 rx_time=133.99s rx_ms_batch=6699.4 rx_ms_frame=34.893 point_time=213.23s gpu_mem=11.38GiB peak=11.56GiB
[ISO-CHUNK] wrote: /home/rsadve1/scratch/Extended_UPAIR_Narval_b32m16_portable/_isolated_eval_chunks/main_d256_b4_r2_u3_upair5g_lmmse_ebno0p0_chunk0038_m8_b20/chunk_result.csv
[ISO-CHUNK] DONE
[PIPELINE] status done=0 reason=continue chunks=39 batches=780 block_errors=41/100 next_chunk=39
2026-06-10 08:19:50.435075: E external/local_xla/xla/stream_executor/cuda/cuda_dnn.cc:9261] Unable to register cuDNN factory: Attempting to register factory for plugin cuDNN when one has already been registered
2026-06-10 08:19:50.435127: E external/local_xla/xla/stream_executor/cuda/cuda_fft.cc:607] Unable to register cuFFT factory: Attempting to register factory for plugin cuFFT when one has already been registered
2026-06-10 08:19:50.436073: E external/local_xla/xla/stream_executor/cuda/cuda_blas.cc:1515] Unable to register cuBLAS factory: Attempting to register factory for plugin cuBLAS when one has already been registered
[COMPREHENSIVE] loaded Optuna best JSON for main_d256_b4_r2 from /home/rsadve1/scratch/Extended_UPAIR_Narval_b32m16_portable/optuna/clean_b32_prb8_d256_40k_smart_trueDMRS_u34610_1dmrs_stageB_main_d256_b4_r2_best_params.json
[ISO-CHUNK] variant: main_d256_b4_r2
[ISO-CHUNK] receiver: upair5g_lmmse
[ISO-CHUNK] num_users: 3
[ISO-CHUNK] ebno_db: 0.0
[ISO-CHUNK] chunk_idx: 39
[ISO-CHUNK] chunk_batches: 20
[ISO-CHUNK] receiver_microbatch_size: 8
[ISO-CHUNK] chunk_seed: 5604151
[ISO-CHUNK] checkpoint: /scratch/rsadve1/Extended_UPAIR_Narval_b32m16_portable/TWC_plots_comprehensive/runs_rx16/seed7/1dmrs/main_d256_b4_r2/checkpoints/best.weights.h5
[ISO-CHUNK] TF_GPU_ALLOCATOR: cuda_malloc_async
[ISO-CHUNK] output tag: main_d256_b4_r2_u3_upair5g_lmmse_ebno0p0_chunk0039_m8_b20
[EVAL] receiver microbatching enabled: batch_size_eval=64 receiver_microbatch_size=8
WARNING:tensorflow:Model's `__init__()` arguments contain non-serializable objects. Please implement a `get_config()` method in the subclassed Model for proper saving and loading. Defaulting to empty config.
WARNING:tensorflow:Model's `__init__()` arguments contain non-serializable objects. Please implement a `get_config()` method in the subclassed Model for proper saving and loading. Defaulting to empty config.
[EVAL] loaded UPAIR checkpoint: /scratch/rsadve1/Extended_UPAIR_Narval_b32m16_portable/TWC_plots_comprehensive/runs_rx16/seed7/1dmrs/main_d256_b4_r2/checkpoints/best.weights.h5
[EVAL] skipping explicit NMSE channel-estimator calls for: upair5g_lmmse
[EVAL] instrumentation log_latency=True log_gpu_memory=True memory_cleanup_every_batches=1 memory_cleanup_every_microbatch=True stream_eval_microbatches=True compiled_receiver_error_counts=False receiver_call_jit_compile=False per_receiver_stopping=False target_bler_floor=1e-05 floor_num_frames=0 gpu_mem=0.09GiB peak=0.27GiB
[EVAL] receiver_call name=upair5g_lmmse mode=positional_y_no compiled_error_counts=False
[EVAL] progress num_users=3 Eb/N0=0 dB batches=10/20 frame_err=upair5g_lmmse:3/1920 elapsed=105.9s avg_batch=10.592s gpu_mem=5.74GiB peak=5.92GiB
[EVAL] progress num_users=3 Eb/N0=0 dB batches=20/20 frame_err=upair5g_lmmse:3/3840 elapsed=211.7s avg_batch=10.583s gpu_mem=11.38GiB peak=11.56GiB
[EVAL] receiver=           upair5g_lmmse Eb/N0= 0.0 dB BER=3.14145e-05 BLER=7.81250e-04 NMSE=nan bit_err=   359/11427840 blk_err=    3/3840   batches=  20 stop=global_stop rx_time=132.84s rx_ms_batch=6641.8 rx_ms_frame=34.593 point_time=211.67s gpu_mem=11.38GiB peak=11.56GiB
[ISO-CHUNK] wrote: /home/rsadve1/scratch/Extended_UPAIR_Narval_b32m16_portable/_isolated_eval_chunks/main_d256_b4_r2_u3_upair5g_lmmse_ebno0p0_chunk0039_m8_b20/chunk_result.csv
[ISO-CHUNK] DONE
[PIPELINE] status done=0 reason=continue chunks=40 batches=800 block_errors=44/100 next_chunk=40
2026-06-10 08:23:53.544039: E external/local_xla/xla/stream_executor/cuda/cuda_dnn.cc:9261] Unable to register cuDNN factory: Attempting to register factory for plugin cuDNN when one has already been registered
2026-06-10 08:23:53.544075: E external/local_xla/xla/stream_executor/cuda/cuda_fft.cc:607] Unable to register cuFFT factory: Attempting to register factory for plugin cuFFT when one has already been registered
2026-06-10 08:23:53.544977: E external/local_xla/xla/stream_executor/cuda/cuda_blas.cc:1515] Unable to register cuBLAS factory: Attempting to register factory for plugin cuBLAS when one has already been registered
[COMPREHENSIVE] loaded Optuna best JSON for main_d256_b4_r2 from /home/rsadve1/scratch/Extended_UPAIR_Narval_b32m16_portable/optuna/clean_b32_prb8_d256_40k_smart_trueDMRS_u34610_1dmrs_stageB_main_d256_b4_r2_best_params.json
[ISO-CHUNK] variant: main_d256_b4_r2
[ISO-CHUNK] receiver: upair5g_lmmse
[ISO-CHUNK] num_users: 3
[ISO-CHUNK] ebno_db: 0.0
[ISO-CHUNK] chunk_idx: 40
[ISO-CHUNK] chunk_batches: 20
[ISO-CHUNK] receiver_microbatch_size: 8
[ISO-CHUNK] chunk_seed: 5704154
[ISO-CHUNK] checkpoint: /scratch/rsadve1/Extended_UPAIR_Narval_b32m16_portable/TWC_plots_comprehensive/runs_rx16/seed7/1dmrs/main_d256_b4_r2/checkpoints/best.weights.h5
[ISO-CHUNK] TF_GPU_ALLOCATOR: cuda_malloc_async
[ISO-CHUNK] output tag: main_d256_b4_r2_u3_upair5g_lmmse_ebno0p0_chunk0040_m8_b20
[EVAL] receiver microbatching enabled: batch_size_eval=64 receiver_microbatch_size=8
WARNING:tensorflow:Model's `__init__()` arguments contain non-serializable objects. Please implement a `get_config()` method in the subclassed Model for proper saving and loading. Defaulting to empty config.
WARNING:tensorflow:Model's `__init__()` arguments contain non-serializable objects. Please implement a `get_config()` method in the subclassed Model for proper saving and loading. Defaulting to empty config.
[EVAL] loaded UPAIR checkpoint: /scratch/rsadve1/Extended_UPAIR_Narval_b32m16_portable/TWC_plots_comprehensive/runs_rx16/seed7/1dmrs/main_d256_b4_r2/checkpoints/best.weights.h5
[EVAL] skipping explicit NMSE channel-estimator calls for: upair5g_lmmse
[EVAL] instrumentation log_latency=True log_gpu_memory=True memory_cleanup_every_batches=1 memory_cleanup_every_microbatch=True stream_eval_microbatches=True compiled_receiver_error_counts=False receiver_call_jit_compile=False per_receiver_stopping=False target_bler_floor=1e-05 floor_num_frames=0 gpu_mem=0.09GiB peak=0.27GiB
[EVAL] receiver_call name=upair5g_lmmse mode=positional_y_no compiled_error_counts=False
[EVAL] progress num_users=3 Eb/N0=0 dB batches=10/20 frame_err=upair5g_lmmse:0/1920 elapsed=106.1s avg_batch=10.609s gpu_mem=5.74GiB peak=5.92GiB
[EVAL] progress num_users=3 Eb/N0=0 dB batches=20/20 frame_err=upair5g_lmmse:0/3840 elapsed=211.9s avg_batch=10.596s gpu_mem=11.38GiB peak=11.56GiB
[EVAL] receiver=           upair5g_lmmse Eb/N0= 0.0 dB BER=0.00000e+00 BLER=0.00000e+00 NMSE=nan bit_err=     0/11427840 blk_err=    0/3840   batches=  20 stop=global_stop bler_ub=7.813e-04 rx_time=132.97s rx_ms_batch=6648.6 rx_ms_frame=34.628 point_time=211.92s gpu_mem=11.38GiB peak=11.56GiB
[ISO-CHUNK] wrote: /home/rsadve1/scratch/Extended_UPAIR_Narval_b32m16_portable/_isolated_eval_chunks/main_d256_b4_r2_u3_upair5g_lmmse_ebno0p0_chunk0040_m8_b20/chunk_result.csv
[ISO-CHUNK] DONE
[PIPELINE] status done=0 reason=continue chunks=41 batches=820 block_errors=44/100 next_chunk=41
2026-06-10 08:27:50.241228: E external/local_xla/xla/stream_executor/cuda/cuda_dnn.cc:9261] Unable to register cuDNN factory: Attempting to register factory for plugin cuDNN when one has already been registered
2026-06-10 08:27:50.241271: E external/local_xla/xla/stream_executor/cuda/cuda_fft.cc:607] Unable to register cuFFT factory: Attempting to register factory for plugin cuFFT when one has already been registered
2026-06-10 08:27:50.242151: E external/local_xla/xla/stream_executor/cuda/cuda_blas.cc:1515] Unable to register cuBLAS factory: Attempting to register factory for plugin cuBLAS when one has already been registered
[COMPREHENSIVE] loaded Optuna best JSON for main_d256_b4_r2 from /home/rsadve1/scratch/Extended_UPAIR_Narval_b32m16_portable/optuna/clean_b32_prb8_d256_40k_smart_trueDMRS_u34610_1dmrs_stageB_main_d256_b4_r2_best_params.json
[ISO-CHUNK] variant: main_d256_b4_r2
[ISO-CHUNK] receiver: upair5g_lmmse
[ISO-CHUNK] num_users: 3
[ISO-CHUNK] ebno_db: 0.0
[ISO-CHUNK] chunk_idx: 41
[ISO-CHUNK] chunk_batches: 20
[ISO-CHUNK] receiver_microbatch_size: 8
[ISO-CHUNK] chunk_seed: 5804157
[ISO-CHUNK] checkpoint: /scratch/rsadve1/Extended_UPAIR_Narval_b32m16_portable/TWC_plots_comprehensive/runs_rx16/seed7/1dmrs/main_d256_b4_r2/checkpoints/best.weights.h5
[ISO-CHUNK] TF_GPU_ALLOCATOR: cuda_malloc_async
[ISO-CHUNK] output tag: main_d256_b4_r2_u3_upair5g_lmmse_ebno0p0_chunk0041_m8_b20
[EVAL] receiver microbatching enabled: batch_size_eval=64 receiver_microbatch_size=8
WARNING:tensorflow:Model's `__init__()` arguments contain non-serializable objects. Please implement a `get_config()` method in the subclassed Model for proper saving and loading. Defaulting to empty config.
WARNING:tensorflow:Model's `__init__()` arguments contain non-serializable objects. Please implement a `get_config()` method in the subclassed Model for proper saving and loading. Defaulting to empty config.
[EVAL] loaded UPAIR checkpoint: /scratch/rsadve1/Extended_UPAIR_Narval_b32m16_portable/TWC_plots_comprehensive/runs_rx16/seed7/1dmrs/main_d256_b4_r2/checkpoints/best.weights.h5
[EVAL] skipping explicit NMSE channel-estimator calls for: upair5g_lmmse
[EVAL] instrumentation log_latency=True log_gpu_memory=True memory_cleanup_every_batches=1 memory_cleanup_every_microbatch=True stream_eval_microbatches=True compiled_receiver_error_counts=False receiver_call_jit_compile=False per_receiver_stopping=False target_bler_floor=1e-05 floor_num_frames=0 gpu_mem=0.09GiB peak=0.27GiB
[EVAL] receiver_call name=upair5g_lmmse mode=positional_y_no compiled_error_counts=False
[EVAL] progress num_users=3 Eb/N0=0 dB batches=10/20 frame_err=upair5g_lmmse:3/1920 elapsed=106.5s avg_batch=10.652s gpu_mem=5.74GiB peak=5.92GiB
[EVAL] progress num_users=3 Eb/N0=0 dB batches=20/20 frame_err=upair5g_lmmse:3/3840 elapsed=212.3s avg_batch=10.614s gpu_mem=11.38GiB peak=11.56GiB
[EVAL] receiver=           upair5g_lmmse Eb/N0= 0.0 dB BER=9.36310e-06 BLER=7.81250e-04 NMSE=nan bit_err=   107/11427840 blk_err=    3/3840   batches=  20 stop=global_stop rx_time=133.46s rx_ms_batch=6673.1 rx_ms_frame=34.756 point_time=212.28s gpu_mem=11.38GiB peak=11.56GiB
[ISO-CHUNK] wrote: /home/rsadve1/scratch/Extended_UPAIR_Narval_b32m16_portable/_isolated_eval_chunks/main_d256_b4_r2_u3_upair5g_lmmse_ebno0p0_chunk0041_m8_b20/chunk_result.csv
[ISO-CHUNK] DONE
[PIPELINE] status done=0 reason=continue chunks=42 batches=840 block_errors=47/100 next_chunk=42
2026-06-10 08:31:53.968301: E external/local_xla/xla/stream_executor/cuda/cuda_dnn.cc:9261] Unable to register cuDNN factory: Attempting to register factory for plugin cuDNN when one has already been registered
2026-06-10 08:31:53.968352: E external/local_xla/xla/stream_executor/cuda/cuda_fft.cc:607] Unable to register cuFFT factory: Attempting to register factory for plugin cuFFT when one has already been registered
2026-06-10 08:31:53.969318: E external/local_xla/xla/stream_executor/cuda/cuda_blas.cc:1515] Unable to register cuBLAS factory: Attempting to register factory for plugin cuBLAS when one has already been registered
[COMPREHENSIVE] loaded Optuna best JSON for main_d256_b4_r2 from /home/rsadve1/scratch/Extended_UPAIR_Narval_b32m16_portable/optuna/clean_b32_prb8_d256_40k_smart_trueDMRS_u34610_1dmrs_stageB_main_d256_b4_r2_best_params.json
[ISO-CHUNK] variant: main_d256_b4_r2
[ISO-CHUNK] receiver: upair5g_lmmse
[ISO-CHUNK] num_users: 3
[ISO-CHUNK] ebno_db: 0.0
[ISO-CHUNK] chunk_idx: 42
[ISO-CHUNK] chunk_batches: 20
[ISO-CHUNK] receiver_microbatch_size: 8
[ISO-CHUNK] chunk_seed: 5904160
[ISO-CHUNK] checkpoint: /scratch/rsadve1/Extended_UPAIR_Narval_b32m16_portable/TWC_plots_comprehensive/runs_rx16/seed7/1dmrs/main_d256_b4_r2/checkpoints/best.weights.h5
[ISO-CHUNK] TF_GPU_ALLOCATOR: cuda_malloc_async
[ISO-CHUNK] output tag: main_d256_b4_r2_u3_upair5g_lmmse_ebno0p0_chunk0042_m8_b20
[EVAL] receiver microbatching enabled: batch_size_eval=64 receiver_microbatch_size=8
WARNING:tensorflow:Model's `__init__()` arguments contain non-serializable objects. Please implement a `get_config()` method in the subclassed Model for proper saving and loading. Defaulting to empty config.
WARNING:tensorflow:Model's `__init__()` arguments contain non-serializable objects. Please implement a `get_config()` method in the subclassed Model for proper saving and loading. Defaulting to empty config.
[EVAL] loaded UPAIR checkpoint: /scratch/rsadve1/Extended_UPAIR_Narval_b32m16_portable/TWC_plots_comprehensive/runs_rx16/seed7/1dmrs/main_d256_b4_r2/checkpoints/best.weights.h5
[EVAL] skipping explicit NMSE channel-estimator calls for: upair5g_lmmse
[EVAL] instrumentation log_latency=True log_gpu_memory=True memory_cleanup_every_batches=1 memory_cleanup_every_microbatch=True stream_eval_microbatches=True compiled_receiver_error_counts=False receiver_call_jit_compile=False per_receiver_stopping=False target_bler_floor=1e-05 floor_num_frames=0 gpu_mem=0.09GiB peak=0.27GiB
[EVAL] receiver_call name=upair5g_lmmse mode=positional_y_no compiled_error_counts=False
[EVAL] progress num_users=3 Eb/N0=0 dB batches=10/20 frame_err=upair5g_lmmse:0/1920 elapsed=106.8s avg_batch=10.680s gpu_mem=5.74GiB peak=5.92GiB
[EVAL] progress num_users=3 Eb/N0=0 dB batches=20/20 frame_err=upair5g_lmmse:1/3840 elapsed=212.4s avg_batch=10.620s gpu_mem=11.38GiB peak=11.56GiB
[EVAL] receiver=           upair5g_lmmse Eb/N0= 0.0 dB BER=7.17546e-06 BLER=2.60417e-04 NMSE=nan bit_err=    82/11427840 blk_err=    1/3840   batches=  20 stop=global_stop rx_time=133.38s rx_ms_batch=6668.9 rx_ms_frame=34.734 point_time=212.39s gpu_mem=11.38GiB peak=11.56GiB
[ISO-CHUNK] wrote: /home/rsadve1/scratch/Extended_UPAIR_Narval_b32m16_portable/_isolated_eval_chunks/main_d256_b4_r2_u3_upair5g_lmmse_ebno0p0_chunk0042_m8_b20/chunk_result.csv
[ISO-CHUNK] DONE
[PIPELINE] status done=0 reason=continue chunks=43 batches=860 block_errors=48/100 next_chunk=43
2026-06-10 08:36:14.097221: E external/local_xla/xla/stream_executor/cuda/cuda_dnn.cc:9261] Unable to register cuDNN factory: Attempting to register factory for plugin cuDNN when one has already been registered
2026-06-10 08:36:14.097269: E external/local_xla/xla/stream_executor/cuda/cuda_fft.cc:607] Unable to register cuFFT factory: Attempting to register factory for plugin cuFFT when one has already been registered
2026-06-10 08:36:14.098242: E external/local_xla/xla/stream_executor/cuda/cuda_blas.cc:1515] Unable to register cuBLAS factory: Attempting to register factory for plugin cuBLAS when one has already been registered
[COMPREHENSIVE] loaded Optuna best JSON for main_d256_b4_r2 from /home/rsadve1/scratch/Extended_UPAIR_Narval_b32m16_portable/optuna/clean_b32_prb8_d256_40k_smart_trueDMRS_u34610_1dmrs_stageB_main_d256_b4_r2_best_params.json
[ISO-CHUNK] variant: main_d256_b4_r2
[ISO-CHUNK] receiver: upair5g_lmmse
[ISO-CHUNK] num_users: 3
[ISO-CHUNK] ebno_db: 0.0
[ISO-CHUNK] chunk_idx: 43
[ISO-CHUNK] chunk_batches: 20
[ISO-CHUNK] receiver_microbatch_size: 8
[ISO-CHUNK] chunk_seed: 6004163
[ISO-CHUNK] checkpoint: /scratch/rsadve1/Extended_UPAIR_Narval_b32m16_portable/TWC_plots_comprehensive/runs_rx16/seed7/1dmrs/main_d256_b4_r2/checkpoints/best.weights.h5
[ISO-CHUNK] TF_GPU_ALLOCATOR: cuda_malloc_async
[ISO-CHUNK] output tag: main_d256_b4_r2_u3_upair5g_lmmse_ebno0p0_chunk0043_m8_b20
[EVAL] receiver microbatching enabled: batch_size_eval=64 receiver_microbatch_size=8
WARNING:tensorflow:Model's `__init__()` arguments contain non-serializable objects. Please implement a `get_config()` method in the subclassed Model for proper saving and loading. Defaulting to empty config.
WARNING:tensorflow:Model's `__init__()` arguments contain non-serializable objects. Please implement a `get_config()` method in the subclassed Model for proper saving and loading. Defaulting to empty config.
[EVAL] loaded UPAIR checkpoint: /scratch/rsadve1/Extended_UPAIR_Narval_b32m16_portable/TWC_plots_comprehensive/runs_rx16/seed7/1dmrs/main_d256_b4_r2/checkpoints/best.weights.h5
[EVAL] skipping explicit NMSE channel-estimator calls for: upair5g_lmmse
[EVAL] instrumentation log_latency=True log_gpu_memory=True memory_cleanup_every_batches=1 memory_cleanup_every_microbatch=True stream_eval_microbatches=True compiled_receiver_error_counts=False receiver_call_jit_compile=False per_receiver_stopping=False target_bler_floor=1e-05 floor_num_frames=0 gpu_mem=0.09GiB peak=0.27GiB
[EVAL] receiver_call name=upair5g_lmmse mode=positional_y_no compiled_error_counts=False
[EVAL] progress num_users=3 Eb/N0=0 dB batches=10/20 frame_err=upair5g_lmmse:0/1920 elapsed=105.9s avg_batch=10.593s gpu_mem=5.74GiB peak=5.92GiB
[EVAL] progress num_users=3 Eb/N0=0 dB batches=20/20 frame_err=upair5g_lmmse:1/3840 elapsed=211.7s avg_batch=10.587s gpu_mem=11.38GiB peak=11.56GiB
[EVAL] receiver=           upair5g_lmmse Eb/N0= 0.0 dB BER=2.01263e-05 BLER=2.60417e-04 NMSE=nan bit_err=   230/11427840 blk_err=    1/3840   batches=  20 stop=global_stop rx_time=132.66s rx_ms_batch=6632.8 rx_ms_frame=34.546 point_time=211.73s gpu_mem=11.38GiB peak=11.56GiB
[ISO-CHUNK] wrote: /home/rsadve1/scratch/Extended_UPAIR_Narval_b32m16_portable/_isolated_eval_chunks/main_d256_b4_r2_u3_upair5g_lmmse_ebno0p0_chunk0043_m8_b20/chunk_result.csv
[ISO-CHUNK] DONE
[PIPELINE] status done=0 reason=continue chunks=44 batches=880 block_errors=49/100 next_chunk=44
2026-06-10 08:40:18.190053: E external/local_xla/xla/stream_executor/cuda/cuda_dnn.cc:9261] Unable to register cuDNN factory: Attempting to register factory for plugin cuDNN when one has already been registered
2026-06-10 08:40:18.190091: E external/local_xla/xla/stream_executor/cuda/cuda_fft.cc:607] Unable to register cuFFT factory: Attempting to register factory for plugin cuFFT when one has already been registered
2026-06-10 08:40:18.191017: E external/local_xla/xla/stream_executor/cuda/cuda_blas.cc:1515] Unable to register cuBLAS factory: Attempting to register factory for plugin cuBLAS when one has already been registered
[COMPREHENSIVE] loaded Optuna best JSON for main_d256_b4_r2 from /home/rsadve1/scratch/Extended_UPAIR_Narval_b32m16_portable/optuna/clean_b32_prb8_d256_40k_smart_trueDMRS_u34610_1dmrs_stageB_main_d256_b4_r2_best_params.json
[ISO-CHUNK] variant: main_d256_b4_r2
[ISO-CHUNK] receiver: upair5g_lmmse
[ISO-CHUNK] num_users: 3
[ISO-CHUNK] ebno_db: 0.0
[ISO-CHUNK] chunk_idx: 44
[ISO-CHUNK] chunk_batches: 20
[ISO-CHUNK] receiver_microbatch_size: 8
[ISO-CHUNK] chunk_seed: 6104166
[ISO-CHUNK] checkpoint: /scratch/rsadve1/Extended_UPAIR_Narval_b32m16_portable/TWC_plots_comprehensive/runs_rx16/seed7/1dmrs/main_d256_b4_r2/checkpoints/best.weights.h5
[ISO-CHUNK] TF_GPU_ALLOCATOR: cuda_malloc_async
[ISO-CHUNK] output tag: main_d256_b4_r2_u3_upair5g_lmmse_ebno0p0_chunk0044_m8_b20
[EVAL] receiver microbatching enabled: batch_size_eval=64 receiver_microbatch_size=8
WARNING:tensorflow:Model's `__init__()` arguments contain non-serializable objects. Please implement a `get_config()` method in the subclassed Model for proper saving and loading. Defaulting to empty config.
WARNING:tensorflow:Model's `__init__()` arguments contain non-serializable objects. Please implement a `get_config()` method in the subclassed Model for proper saving and loading. Defaulting to empty config.
[EVAL] loaded UPAIR checkpoint: /scratch/rsadve1/Extended_UPAIR_Narval_b32m16_portable/TWC_plots_comprehensive/runs_rx16/seed7/1dmrs/main_d256_b4_r2/checkpoints/best.weights.h5
[EVAL] skipping explicit NMSE channel-estimator calls for: upair5g_lmmse
[EVAL] instrumentation log_latency=True log_gpu_memory=True memory_cleanup_every_batches=1 memory_cleanup_every_microbatch=True stream_eval_microbatches=True compiled_receiver_error_counts=False receiver_call_jit_compile=False per_receiver_stopping=False target_bler_floor=1e-05 floor_num_frames=0 gpu_mem=0.09GiB peak=0.27GiB
[EVAL] receiver_call name=upair5g_lmmse mode=positional_y_no compiled_error_counts=False
[EVAL] progress num_users=3 Eb/N0=0 dB batches=10/20 frame_err=upair5g_lmmse:1/1920 elapsed=106.6s avg_batch=10.658s gpu_mem=5.74GiB peak=5.92GiB
[EVAL] progress num_users=3 Eb/N0=0 dB batches=20/20 frame_err=upair5g_lmmse:1/3840 elapsed=212.8s avg_batch=10.639s gpu_mem=11.38GiB peak=11.56GiB
[EVAL] receiver=           upair5g_lmmse Eb/N0= 0.0 dB BER=2.10888e-05 BLER=2.60417e-04 NMSE=nan bit_err=   241/11427840 blk_err=    1/3840   batches=  20 stop=global_stop rx_time=133.46s rx_ms_batch=6673.1 rx_ms_frame=34.756 point_time=212.77s gpu_mem=11.38GiB peak=11.56GiB
[ISO-CHUNK] wrote: /home/rsadve1/scratch/Extended_UPAIR_Narval_b32m16_portable/_isolated_eval_chunks/main_d256_b4_r2_u3_upair5g_lmmse_ebno0p0_chunk0044_m8_b20/chunk_result.csv
[ISO-CHUNK] DONE
[PIPELINE] status done=0 reason=continue chunks=45 batches=900 block_errors=50/100 next_chunk=45
2026-06-10 08:44:21.019851: E external/local_xla/xla/stream_executor/cuda/cuda_dnn.cc:9261] Unable to register cuDNN factory: Attempting to register factory for plugin cuDNN when one has already been registered
2026-06-10 08:44:21.019887: E external/local_xla/xla/stream_executor/cuda/cuda_fft.cc:607] Unable to register cuFFT factory: Attempting to register factory for plugin cuFFT when one has already been registered
2026-06-10 08:44:21.020856: E external/local_xla/xla/stream_executor/cuda/cuda_blas.cc:1515] Unable to register cuBLAS factory: Attempting to register factory for plugin cuBLAS when one has already been registered
[COMPREHENSIVE] loaded Optuna best JSON for main_d256_b4_r2 from /home/rsadve1/scratch/Extended_UPAIR_Narval_b32m16_portable/optuna/clean_b32_prb8_d256_40k_smart_trueDMRS_u34610_1dmrs_stageB_main_d256_b4_r2_best_params.json
[ISO-CHUNK] variant: main_d256_b4_r2
[ISO-CHUNK] receiver: upair5g_lmmse
[ISO-CHUNK] num_users: 3
[ISO-CHUNK] ebno_db: 0.0
[ISO-CHUNK] chunk_idx: 45
[ISO-CHUNK] chunk_batches: 20
[ISO-CHUNK] receiver_microbatch_size: 8
[ISO-CHUNK] chunk_seed: 6204169
[ISO-CHUNK] checkpoint: /scratch/rsadve1/Extended_UPAIR_Narval_b32m16_portable/TWC_plots_comprehensive/runs_rx16/seed7/1dmrs/main_d256_b4_r2/checkpoints/best.weights.h5
[ISO-CHUNK] TF_GPU_ALLOCATOR: cuda_malloc_async
[ISO-CHUNK] output tag: main_d256_b4_r2_u3_upair5g_lmmse_ebno0p0_chunk0045_m8_b20
[EVAL] receiver microbatching enabled: batch_size_eval=64 receiver_microbatch_size=8
WARNING:tensorflow:Model's `__init__()` arguments contain non-serializable objects. Please implement a `get_config()` method in the subclassed Model for proper saving and loading. Defaulting to empty config.
WARNING:tensorflow:Model's `__init__()` arguments contain non-serializable objects. Please implement a `get_config()` method in the subclassed Model for proper saving and loading. Defaulting to empty config.
[EVAL] loaded UPAIR checkpoint: /scratch/rsadve1/Extended_UPAIR_Narval_b32m16_portable/TWC_plots_comprehensive/runs_rx16/seed7/1dmrs/main_d256_b4_r2/checkpoints/best.weights.h5
[EVAL] skipping explicit NMSE channel-estimator calls for: upair5g_lmmse
[EVAL] instrumentation log_latency=True log_gpu_memory=True memory_cleanup_every_batches=1 memory_cleanup_every_microbatch=True stream_eval_microbatches=True compiled_receiver_error_counts=False receiver_call_jit_compile=False per_receiver_stopping=False target_bler_floor=1e-05 floor_num_frames=0 gpu_mem=0.09GiB peak=0.27GiB
[EVAL] receiver_call name=upair5g_lmmse mode=positional_y_no compiled_error_counts=False
[EVAL] progress num_users=3 Eb/N0=0 dB batches=10/20 frame_err=upair5g_lmmse:1/1920 elapsed=105.7s avg_batch=10.572s gpu_mem=5.74GiB peak=5.92GiB
[EVAL] progress num_users=3 Eb/N0=0 dB batches=20/20 frame_err=upair5g_lmmse:1/3840 elapsed=211.6s avg_batch=10.579s gpu_mem=11.38GiB peak=11.56GiB
[EVAL] receiver=           upair5g_lmmse Eb/N0= 0.0 dB BER=8.75056e-08 BLER=2.60417e-04 NMSE=nan bit_err=     1/11427840 blk_err=    1/3840   batches=  20 stop=global_stop rx_time=132.55s rx_ms_batch=6627.6 rx_ms_frame=34.519 point_time=211.58s gpu_mem=11.38GiB peak=11.56GiB
[ISO-CHUNK] wrote: /home/rsadve1/scratch/Extended_UPAIR_Narval_b32m16_portable/_isolated_eval_chunks/main_d256_b4_r2_u3_upair5g_lmmse_ebno0p0_chunk0045_m8_b20/chunk_result.csv
[ISO-CHUNK] DONE
[PIPELINE] status done=0 reason=continue chunks=46 batches=920 block_errors=51/100 next_chunk=46
2026-06-10 08:48:21.345108: E external/local_xla/xla/stream_executor/cuda/cuda_dnn.cc:9261] Unable to register cuDNN factory: Attempting to register factory for plugin cuDNN when one has already been registered
2026-06-10 08:48:21.345146: E external/local_xla/xla/stream_executor/cuda/cuda_fft.cc:607] Unable to register cuFFT factory: Attempting to register factory for plugin cuFFT when one has already been registered
2026-06-10 08:48:21.346089: E external/local_xla/xla/stream_executor/cuda/cuda_blas.cc:1515] Unable to register cuBLAS factory: Attempting to register factory for plugin cuBLAS when one has already been registered
[COMPREHENSIVE] loaded Optuna best JSON for main_d256_b4_r2 from /home/rsadve1/scratch/Extended_UPAIR_Narval_b32m16_portable/optuna/clean_b32_prb8_d256_40k_smart_trueDMRS_u34610_1dmrs_stageB_main_d256_b4_r2_best_params.json
[ISO-CHUNK] variant: main_d256_b4_r2
[ISO-CHUNK] receiver: upair5g_lmmse
[ISO-CHUNK] num_users: 3
[ISO-CHUNK] ebno_db: 0.0
[ISO-CHUNK] chunk_idx: 46
[ISO-CHUNK] chunk_batches: 20
[ISO-CHUNK] receiver_microbatch_size: 8
[ISO-CHUNK] chunk_seed: 6304172
[ISO-CHUNK] checkpoint: /scratch/rsadve1/Extended_UPAIR_Narval_b32m16_portable/TWC_plots_comprehensive/runs_rx16/seed7/1dmrs/main_d256_b4_r2/checkpoints/best.weights.h5
[ISO-CHUNK] TF_GPU_ALLOCATOR: cuda_malloc_async
[ISO-CHUNK] output tag: main_d256_b4_r2_u3_upair5g_lmmse_ebno0p0_chunk0046_m8_b20
[EVAL] receiver microbatching enabled: batch_size_eval=64 receiver_microbatch_size=8
WARNING:tensorflow:Model's `__init__()` arguments contain non-serializable objects. Please implement a `get_config()` method in the subclassed Model for proper saving and loading. Defaulting to empty config.
WARNING:tensorflow:Model's `__init__()` arguments contain non-serializable objects. Please implement a `get_config()` method in the subclassed Model for proper saving and loading. Defaulting to empty config.
[EVAL] loaded UPAIR checkpoint: /scratch/rsadve1/Extended_UPAIR_Narval_b32m16_portable/TWC_plots_comprehensive/runs_rx16/seed7/1dmrs/main_d256_b4_r2/checkpoints/best.weights.h5
[EVAL] skipping explicit NMSE channel-estimator calls for: upair5g_lmmse
[EVAL] instrumentation log_latency=True log_gpu_memory=True memory_cleanup_every_batches=1 memory_cleanup_every_microbatch=True stream_eval_microbatches=True compiled_receiver_error_counts=False receiver_call_jit_compile=False per_receiver_stopping=False target_bler_floor=1e-05 floor_num_frames=0 gpu_mem=0.09GiB peak=0.27GiB
[EVAL] receiver_call name=upair5g_lmmse mode=positional_y_no compiled_error_counts=False
[EVAL] progress num_users=3 Eb/N0=0 dB batches=10/20 frame_err=upair5g_lmmse:0/1920 elapsed=105.4s avg_batch=10.537s gpu_mem=5.74GiB peak=5.92GiB
[EVAL] progress num_users=3 Eb/N0=0 dB batches=20/20 frame_err=upair5g_lmmse:0/3840 elapsed=211.3s avg_batch=10.565s gpu_mem=11.38GiB peak=11.56GiB
[EVAL] receiver=           upair5g_lmmse Eb/N0= 0.0 dB BER=0.00000e+00 BLER=0.00000e+00 NMSE=nan bit_err=     0/11427840 blk_err=    0/3840   batches=  20 stop=global_stop bler_ub=7.813e-04 rx_time=132.36s rx_ms_batch=6618.0 rx_ms_frame=34.469 point_time=211.31s gpu_mem=11.38GiB peak=11.56GiB
[ISO-CHUNK] wrote: /home/rsadve1/scratch/Extended_UPAIR_Narval_b32m16_portable/_isolated_eval_chunks/main_d256_b4_r2_u3_upair5g_lmmse_ebno0p0_chunk0046_m8_b20/chunk_result.csv
[ISO-CHUNK] DONE
[PIPELINE] status done=0 reason=continue chunks=47 batches=940 block_errors=51/100 next_chunk=47
2026-06-10 08:52:23.185193: E external/local_xla/xla/stream_executor/cuda/cuda_dnn.cc:9261] Unable to register cuDNN factory: Attempting to register factory for plugin cuDNN when one has already been registered
2026-06-10 08:52:23.185230: E external/local_xla/xla/stream_executor/cuda/cuda_fft.cc:607] Unable to register cuFFT factory: Attempting to register factory for plugin cuFFT when one has already been registered
2026-06-10 08:52:23.186171: E external/local_xla/xla/stream_executor/cuda/cuda_blas.cc:1515] Unable to register cuBLAS factory: Attempting to register factory for plugin cuBLAS when one has already been registered
[COMPREHENSIVE] loaded Optuna best JSON for main_d256_b4_r2 from /home/rsadve1/scratch/Extended_UPAIR_Narval_b32m16_portable/optuna/clean_b32_prb8_d256_40k_smart_trueDMRS_u34610_1dmrs_stageB_main_d256_b4_r2_best_params.json
[ISO-CHUNK] variant: main_d256_b4_r2
[ISO-CHUNK] receiver: upair5g_lmmse
[ISO-CHUNK] num_users: 3
[ISO-CHUNK] ebno_db: 0.0
[ISO-CHUNK] chunk_idx: 47
[ISO-CHUNK] chunk_batches: 20
[ISO-CHUNK] receiver_microbatch_size: 8
[ISO-CHUNK] chunk_seed: 6404175
[ISO-CHUNK] checkpoint: /scratch/rsadve1/Extended_UPAIR_Narval_b32m16_portable/TWC_plots_comprehensive/runs_rx16/seed7/1dmrs/main_d256_b4_r2/checkpoints/best.weights.h5
[ISO-CHUNK] TF_GPU_ALLOCATOR: cuda_malloc_async
[ISO-CHUNK] output tag: main_d256_b4_r2_u3_upair5g_lmmse_ebno0p0_chunk0047_m8_b20
[EVAL] receiver microbatching enabled: batch_size_eval=64 receiver_microbatch_size=8
WARNING:tensorflow:Model's `__init__()` arguments contain non-serializable objects. Please implement a `get_config()` method in the subclassed Model for proper saving and loading. Defaulting to empty config.
WARNING:tensorflow:Model's `__init__()` arguments contain non-serializable objects. Please implement a `get_config()` method in the subclassed Model for proper saving and loading. Defaulting to empty config.
[EVAL] loaded UPAIR checkpoint: /scratch/rsadve1/Extended_UPAIR_Narval_b32m16_portable/TWC_plots_comprehensive/runs_rx16/seed7/1dmrs/main_d256_b4_r2/checkpoints/best.weights.h5
[EVAL] skipping explicit NMSE channel-estimator calls for: upair5g_lmmse
[EVAL] instrumentation log_latency=True log_gpu_memory=True memory_cleanup_every_batches=1 memory_cleanup_every_microbatch=True stream_eval_microbatches=True compiled_receiver_error_counts=False receiver_call_jit_compile=False per_receiver_stopping=False target_bler_floor=1e-05 floor_num_frames=0 gpu_mem=0.09GiB peak=0.27GiB
[EVAL] receiver_call name=upair5g_lmmse mode=positional_y_no compiled_error_counts=False
[EVAL] progress num_users=3 Eb/N0=0 dB batches=10/20 frame_err=upair5g_lmmse:0/1920 elapsed=105.7s avg_batch=10.572s gpu_mem=5.74GiB peak=5.92GiB
[EVAL] progress num_users=3 Eb/N0=0 dB batches=20/20 frame_err=upair5g_lmmse:0/3840 elapsed=211.5s avg_batch=10.575s gpu_mem=11.38GiB peak=11.56GiB
[EVAL] receiver=           upair5g_lmmse Eb/N0= 0.0 dB BER=0.00000e+00 BLER=0.00000e+00 NMSE=nan bit_err=     0/11427840 blk_err=    0/3840   batches=  20 stop=global_stop bler_ub=7.813e-04 rx_time=132.41s rx_ms_batch=6620.4 rx_ms_frame=34.481 point_time=211.51s gpu_mem=11.38GiB peak=11.56GiB
[ISO-CHUNK] wrote: /home/rsadve1/scratch/Extended_UPAIR_Narval_b32m16_portable/_isolated_eval_chunks/main_d256_b4_r2_u3_upair5g_lmmse_ebno0p0_chunk0047_m8_b20/chunk_result.csv
[ISO-CHUNK] DONE
[PIPELINE] status done=0 reason=continue chunks=48 batches=960 block_errors=51/100 next_chunk=48
2026-06-10 08:56:25.478709: E external/local_xla/xla/stream_executor/cuda/cuda_dnn.cc:9261] Unable to register cuDNN factory: Attempting to register factory for plugin cuDNN when one has already been registered
2026-06-10 08:56:25.478752: E external/local_xla/xla/stream_executor/cuda/cuda_fft.cc:607] Unable to register cuFFT factory: Attempting to register factory for plugin cuFFT when one has already been registered
2026-06-10 08:56:25.479711: E external/local_xla/xla/stream_executor/cuda/cuda_blas.cc:1515] Unable to register cuBLAS factory: Attempting to register factory for plugin cuBLAS when one has already been registered
[COMPREHENSIVE] loaded Optuna best JSON for main_d256_b4_r2 from /home/rsadve1/scratch/Extended_UPAIR_Narval_b32m16_portable/optuna/clean_b32_prb8_d256_40k_smart_trueDMRS_u34610_1dmrs_stageB_main_d256_b4_r2_best_params.json
[ISO-CHUNK] variant: main_d256_b4_r2
[ISO-CHUNK] receiver: upair5g_lmmse
[ISO-CHUNK] num_users: 3
[ISO-CHUNK] ebno_db: 0.0
[ISO-CHUNK] chunk_idx: 48
[ISO-CHUNK] chunk_batches: 20
[ISO-CHUNK] receiver_microbatch_size: 8
[ISO-CHUNK] chunk_seed: 6504178
[ISO-CHUNK] checkpoint: /scratch/rsadve1/Extended_UPAIR_Narval_b32m16_portable/TWC_plots_comprehensive/runs_rx16/seed7/1dmrs/main_d256_b4_r2/checkpoints/best.weights.h5
[ISO-CHUNK] TF_GPU_ALLOCATOR: cuda_malloc_async
[ISO-CHUNK] output tag: main_d256_b4_r2_u3_upair5g_lmmse_ebno0p0_chunk0048_m8_b20
[EVAL] receiver microbatching enabled: batch_size_eval=64 receiver_microbatch_size=8
WARNING:tensorflow:Model's `__init__()` arguments contain non-serializable objects. Please implement a `get_config()` method in the subclassed Model for proper saving and loading. Defaulting to empty config.
WARNING:tensorflow:Model's `__init__()` arguments contain non-serializable objects. Please implement a `get_config()` method in the subclassed Model for proper saving and loading. Defaulting to empty config.
[EVAL] loaded UPAIR checkpoint: /scratch/rsadve1/Extended_UPAIR_Narval_b32m16_portable/TWC_plots_comprehensive/runs_rx16/seed7/1dmrs/main_d256_b4_r2/checkpoints/best.weights.h5
[EVAL] skipping explicit NMSE channel-estimator calls for: upair5g_lmmse
[EVAL] instrumentation log_latency=True log_gpu_memory=True memory_cleanup_every_batches=1 memory_cleanup_every_microbatch=True stream_eval_microbatches=True compiled_receiver_error_counts=False receiver_call_jit_compile=False per_receiver_stopping=False target_bler_floor=1e-05 floor_num_frames=0 gpu_mem=0.09GiB peak=0.27GiB
[EVAL] receiver_call name=upair5g_lmmse mode=positional_y_no compiled_error_counts=False
[EVAL] progress num_users=3 Eb/N0=0 dB batches=10/20 frame_err=upair5g_lmmse:0/1920 elapsed=105.9s avg_batch=10.588s gpu_mem=5.74GiB peak=5.92GiB
[EVAL] progress num_users=3 Eb/N0=0 dB batches=20/20 frame_err=upair5g_lmmse:0/3840 elapsed=211.6s avg_batch=10.579s gpu_mem=11.38GiB peak=11.56GiB
[EVAL] receiver=           upair5g_lmmse Eb/N0= 0.0 dB BER=0.00000e+00 BLER=0.00000e+00 NMSE=nan bit_err=     0/11427840 blk_err=    0/3840   batches=  20 stop=global_stop bler_ub=7.813e-04 rx_time=132.75s rx_ms_batch=6637.6 rx_ms_frame=34.571 point_time=211.58s gpu_mem=11.38GiB peak=11.56GiB
[ISO-CHUNK] wrote: /home/rsadve1/scratch/Extended_UPAIR_Narval_b32m16_portable/_isolated_eval_chunks/main_d256_b4_r2_u3_upair5g_lmmse_ebno0p0_chunk0048_m8_b20/chunk_result.csv
[ISO-CHUNK] DONE
[PIPELINE] status done=0 reason=continue chunks=49 batches=980 block_errors=51/100 next_chunk=49
2026-06-10 09:00:25.186704: E external/local_xla/xla/stream_executor/cuda/cuda_dnn.cc:9261] Unable to register cuDNN factory: Attempting to register factory for plugin cuDNN when one has already been registered
2026-06-10 09:00:25.186754: E external/local_xla/xla/stream_executor/cuda/cuda_fft.cc:607] Unable to register cuFFT factory: Attempting to register factory for plugin cuFFT when one has already been registered
2026-06-10 09:00:25.187693: E external/local_xla/xla/stream_executor/cuda/cuda_blas.cc:1515] Unable to register cuBLAS factory: Attempting to register factory for plugin cuBLAS when one has already been registered
[COMPREHENSIVE] loaded Optuna best JSON for main_d256_b4_r2 from /home/rsadve1/scratch/Extended_UPAIR_Narval_b32m16_portable/optuna/clean_b32_prb8_d256_40k_smart_trueDMRS_u34610_1dmrs_stageB_main_d256_b4_r2_best_params.json
[ISO-CHUNK] variant: main_d256_b4_r2
[ISO-CHUNK] receiver: upair5g_lmmse
[ISO-CHUNK] num_users: 3
[ISO-CHUNK] ebno_db: 0.0
[ISO-CHUNK] chunk_idx: 49
[ISO-CHUNK] chunk_batches: 20
[ISO-CHUNK] receiver_microbatch_size: 8
[ISO-CHUNK] chunk_seed: 6604181
[ISO-CHUNK] checkpoint: /scratch/rsadve1/Extended_UPAIR_Narval_b32m16_portable/TWC_plots_comprehensive/runs_rx16/seed7/1dmrs/main_d256_b4_r2/checkpoints/best.weights.h5
[ISO-CHUNK] TF_GPU_ALLOCATOR: cuda_malloc_async
[ISO-CHUNK] output tag: main_d256_b4_r2_u3_upair5g_lmmse_ebno0p0_chunk0049_m8_b20
[EVAL] receiver microbatching enabled: batch_size_eval=64 receiver_microbatch_size=8
WARNING:tensorflow:Model's `__init__()` arguments contain non-serializable objects. Please implement a `get_config()` method in the subclassed Model for proper saving and loading. Defaulting to empty config.
WARNING:tensorflow:Model's `__init__()` arguments contain non-serializable objects. Please implement a `get_config()` method in the subclassed Model for proper saving and loading. Defaulting to empty config.
[EVAL] loaded UPAIR checkpoint: /scratch/rsadve1/Extended_UPAIR_Narval_b32m16_portable/TWC_plots_comprehensive/runs_rx16/seed7/1dmrs/main_d256_b4_r2/checkpoints/best.weights.h5
[EVAL] skipping explicit NMSE channel-estimator calls for: upair5g_lmmse
[EVAL] instrumentation log_latency=True log_gpu_memory=True memory_cleanup_every_batches=1 memory_cleanup_every_microbatch=True stream_eval_microbatches=True compiled_receiver_error_counts=False receiver_call_jit_compile=False per_receiver_stopping=False target_bler_floor=1e-05 floor_num_frames=0 gpu_mem=0.09GiB peak=0.27GiB
[EVAL] receiver_call name=upair5g_lmmse mode=positional_y_no compiled_error_counts=False
[EVAL] progress num_users=3 Eb/N0=0 dB batches=10/20 frame_err=upair5g_lmmse:0/1920 elapsed=105.6s avg_batch=10.565s gpu_mem=5.74GiB peak=5.92GiB
[EVAL] progress num_users=3 Eb/N0=0 dB batches=20/20 frame_err=upair5g_lmmse:1/3840 elapsed=210.7s avg_batch=10.536s gpu_mem=11.38GiB peak=11.56GiB
[EVAL] receiver=           upair5g_lmmse Eb/N0= 0.0 dB BER=1.31258e-06 BLER=2.60417e-04 NMSE=nan bit_err=    15/11427840 blk_err=    1/3840   batches=  20 stop=global_stop rx_time=132.07s rx_ms_batch=6603.6 rx_ms_frame=34.394 point_time=210.71s gpu_mem=11.38GiB peak=11.56GiB
[ISO-CHUNK] wrote: /home/rsadve1/scratch/Extended_UPAIR_Narval_b32m16_portable/_isolated_eval_chunks/main_d256_b4_r2_u3_upair5g_lmmse_ebno0p0_chunk0049_m8_b20/chunk_result.csv
[ISO-CHUNK] DONE
[PIPELINE] status done=0 reason=continue chunks=50 batches=1000 block_errors=52/100 next_chunk=50
2026-06-10 09:04:29.832794: E external/local_xla/xla/stream_executor/cuda/cuda_dnn.cc:9261] Unable to register cuDNN factory: Attempting to register factory for plugin cuDNN when one has already been registered
2026-06-10 09:04:29.832834: E external/local_xla/xla/stream_executor/cuda/cuda_fft.cc:607] Unable to register cuFFT factory: Attempting to register factory for plugin cuFFT when one has already been registered
2026-06-10 09:04:29.833774: E external/local_xla/xla/stream_executor/cuda/cuda_blas.cc:1515] Unable to register cuBLAS factory: Attempting to register factory for plugin cuBLAS when one has already been registered
[COMPREHENSIVE] loaded Optuna best JSON for main_d256_b4_r2 from /home/rsadve1/scratch/Extended_UPAIR_Narval_b32m16_portable/optuna/clean_b32_prb8_d256_40k_smart_trueDMRS_u34610_1dmrs_stageB_main_d256_b4_r2_best_params.json
[ISO-CHUNK] variant: main_d256_b4_r2
[ISO-CHUNK] receiver: upair5g_lmmse
[ISO-CHUNK] num_users: 3
[ISO-CHUNK] ebno_db: 0.0
[ISO-CHUNK] chunk_idx: 50
[ISO-CHUNK] chunk_batches: 20
[ISO-CHUNK] receiver_microbatch_size: 8
[ISO-CHUNK] chunk_seed: 6704184
[ISO-CHUNK] checkpoint: /scratch/rsadve1/Extended_UPAIR_Narval_b32m16_portable/TWC_plots_comprehensive/runs_rx16/seed7/1dmrs/main_d256_b4_r2/checkpoints/best.weights.h5
[ISO-CHUNK] TF_GPU_ALLOCATOR: cuda_malloc_async
[ISO-CHUNK] output tag: main_d256_b4_r2_u3_upair5g_lmmse_ebno0p0_chunk0050_m8_b20
[EVAL] receiver microbatching enabled: batch_size_eval=64 receiver_microbatch_size=8
WARNING:tensorflow:Model's `__init__()` arguments contain non-serializable objects. Please implement a `get_config()` method in the subclassed Model for proper saving and loading. Defaulting to empty config.
WARNING:tensorflow:Model's `__init__()` arguments contain non-serializable objects. Please implement a `get_config()` method in the subclassed Model for proper saving and loading. Defaulting to empty config.
[EVAL] loaded UPAIR checkpoint: /scratch/rsadve1/Extended_UPAIR_Narval_b32m16_portable/TWC_plots_comprehensive/runs_rx16/seed7/1dmrs/main_d256_b4_r2/checkpoints/best.weights.h5
[EVAL] skipping explicit NMSE channel-estimator calls for: upair5g_lmmse
[EVAL] instrumentation log_latency=True log_gpu_memory=True memory_cleanup_every_batches=1 memory_cleanup_every_microbatch=True stream_eval_microbatches=True compiled_receiver_error_counts=False receiver_call_jit_compile=False per_receiver_stopping=False target_bler_floor=1e-05 floor_num_frames=0 gpu_mem=0.09GiB peak=0.27GiB
[EVAL] receiver_call name=upair5g_lmmse mode=positional_y_no compiled_error_counts=False
[EVAL] progress num_users=3 Eb/N0=0 dB batches=10/20 frame_err=upair5g_lmmse:0/1920 elapsed=105.6s avg_batch=10.555s gpu_mem=5.74GiB peak=5.92GiB
[EVAL] progress num_users=3 Eb/N0=0 dB batches=20/20 frame_err=upair5g_lmmse:3/3840 elapsed=211.2s avg_batch=10.560s gpu_mem=11.38GiB peak=11.56GiB
[EVAL] receiver=           upair5g_lmmse Eb/N0= 0.0 dB BER=3.15895e-05 BLER=7.81250e-04 NMSE=nan bit_err=   361/11427840 blk_err=    3/3840   batches=  20 stop=global_stop rx_time=132.36s rx_ms_batch=6618.1 rx_ms_frame=34.469 point_time=211.20s gpu_mem=11.38GiB peak=11.56GiB
[ISO-CHUNK] wrote: /home/rsadve1/scratch/Extended_UPAIR_Narval_b32m16_portable/_isolated_eval_chunks/main_d256_b4_r2_u3_upair5g_lmmse_ebno0p0_chunk0050_m8_b20/chunk_result.csv
[ISO-CHUNK] DONE
[PIPELINE] status done=0 reason=continue chunks=51 batches=1020 block_errors=55/100 next_chunk=51
2026-06-10 09:08:27.145834: E external/local_xla/xla/stream_executor/cuda/cuda_dnn.cc:9261] Unable to register cuDNN factory: Attempting to register factory for plugin cuDNN when one has already been registered
2026-06-10 09:08:27.145871: E external/local_xla/xla/stream_executor/cuda/cuda_fft.cc:607] Unable to register cuFFT factory: Attempting to register factory for plugin cuFFT when one has already been registered
2026-06-10 09:08:27.146771: E external/local_xla/xla/stream_executor/cuda/cuda_blas.cc:1515] Unable to register cuBLAS factory: Attempting to register factory for plugin cuBLAS when one has already been registered
[COMPREHENSIVE] loaded Optuna best JSON for main_d256_b4_r2 from /home/rsadve1/scratch/Extended_UPAIR_Narval_b32m16_portable/optuna/clean_b32_prb8_d256_40k_smart_trueDMRS_u34610_1dmrs_stageB_main_d256_b4_r2_best_params.json
[ISO-CHUNK] variant: main_d256_b4_r2
[ISO-CHUNK] receiver: upair5g_lmmse
[ISO-CHUNK] num_users: 3
[ISO-CHUNK] ebno_db: 0.0
[ISO-CHUNK] chunk_idx: 51
[ISO-CHUNK] chunk_batches: 20
[ISO-CHUNK] receiver_microbatch_size: 8
[ISO-CHUNK] chunk_seed: 6804187
[ISO-CHUNK] checkpoint: /scratch/rsadve1/Extended_UPAIR_Narval_b32m16_portable/TWC_plots_comprehensive/runs_rx16/seed7/1dmrs/main_d256_b4_r2/checkpoints/best.weights.h5
[ISO-CHUNK] TF_GPU_ALLOCATOR: cuda_malloc_async
[ISO-CHUNK] output tag: main_d256_b4_r2_u3_upair5g_lmmse_ebno0p0_chunk0051_m8_b20
[EVAL] receiver microbatching enabled: batch_size_eval=64 receiver_microbatch_size=8
WARNING:tensorflow:Model's `__init__()` arguments contain non-serializable objects. Please implement a `get_config()` method in the subclassed Model for proper saving and loading. Defaulting to empty config.
WARNING:tensorflow:Model's `__init__()` arguments contain non-serializable objects. Please implement a `get_config()` method in the subclassed Model for proper saving and loading. Defaulting to empty config.
[EVAL] loaded UPAIR checkpoint: /scratch/rsadve1/Extended_UPAIR_Narval_b32m16_portable/TWC_plots_comprehensive/runs_rx16/seed7/1dmrs/main_d256_b4_r2/checkpoints/best.weights.h5
[EVAL] skipping explicit NMSE channel-estimator calls for: upair5g_lmmse
[EVAL] instrumentation log_latency=True log_gpu_memory=True memory_cleanup_every_batches=1 memory_cleanup_every_microbatch=True stream_eval_microbatches=True compiled_receiver_error_counts=False receiver_call_jit_compile=False per_receiver_stopping=False target_bler_floor=1e-05 floor_num_frames=0 gpu_mem=0.09GiB peak=0.27GiB
[EVAL] receiver_call name=upair5g_lmmse mode=positional_y_no compiled_error_counts=False
[EVAL] progress num_users=3 Eb/N0=0 dB batches=10/20 frame_err=upair5g_lmmse:0/1920 elapsed=106.1s avg_batch=10.610s gpu_mem=5.74GiB peak=5.92GiB
[EVAL] progress num_users=3 Eb/N0=0 dB batches=20/20 frame_err=upair5g_lmmse:0/3840 elapsed=210.6s avg_batch=10.529s gpu_mem=11.38GiB peak=11.56GiB
[EVAL] receiver=           upair5g_lmmse Eb/N0= 0.0 dB BER=0.00000e+00 BLER=0.00000e+00 NMSE=nan bit_err=     0/11427840 blk_err=    0/3840   batches=  20 stop=global_stop bler_ub=7.813e-04 rx_time=132.37s rx_ms_batch=6618.3 rx_ms_frame=34.470 point_time=210.58s gpu_mem=11.38GiB peak=11.56GiB
[ISO-CHUNK] wrote: /home/rsadve1/scratch/Extended_UPAIR_Narval_b32m16_portable/_isolated_eval_chunks/main_d256_b4_r2_u3_upair5g_lmmse_ebno0p0_chunk0051_m8_b20/chunk_result.csv
[ISO-CHUNK] DONE
[PIPELINE] status done=0 reason=continue chunks=52 batches=1040 block_errors=55/100 next_chunk=52
2026-06-10 09:12:20.408346: E external/local_xla/xla/stream_executor/cuda/cuda_dnn.cc:9261] Unable to register cuDNN factory: Attempting to register factory for plugin cuDNN when one has already been registered
2026-06-10 09:12:20.408391: E external/local_xla/xla/stream_executor/cuda/cuda_fft.cc:607] Unable to register cuFFT factory: Attempting to register factory for plugin cuFFT when one has already been registered
2026-06-10 09:12:20.409267: E external/local_xla/xla/stream_executor/cuda/cuda_blas.cc:1515] Unable to register cuBLAS factory: Attempting to register factory for plugin cuBLAS when one has already been registered
[COMPREHENSIVE] loaded Optuna best JSON for main_d256_b4_r2 from /home/rsadve1/scratch/Extended_UPAIR_Narval_b32m16_portable/optuna/clean_b32_prb8_d256_40k_smart_trueDMRS_u34610_1dmrs_stageB_main_d256_b4_r2_best_params.json
[ISO-CHUNK] variant: main_d256_b4_r2
[ISO-CHUNK] receiver: upair5g_lmmse
[ISO-CHUNK] num_users: 3
[ISO-CHUNK] ebno_db: 0.0
[ISO-CHUNK] chunk_idx: 52
[ISO-CHUNK] chunk_batches: 20
[ISO-CHUNK] receiver_microbatch_size: 8
[ISO-CHUNK] chunk_seed: 6904190
[ISO-CHUNK] checkpoint: /scratch/rsadve1/Extended_UPAIR_Narval_b32m16_portable/TWC_plots_comprehensive/runs_rx16/seed7/1dmrs/main_d256_b4_r2/checkpoints/best.weights.h5
[ISO-CHUNK] TF_GPU_ALLOCATOR: cuda_malloc_async
[ISO-CHUNK] output tag: main_d256_b4_r2_u3_upair5g_lmmse_ebno0p0_chunk0052_m8_b20
[EVAL] receiver microbatching enabled: batch_size_eval=64 receiver_microbatch_size=8
WARNING:tensorflow:Model's `__init__()` arguments contain non-serializable objects. Please implement a `get_config()` method in the subclassed Model for proper saving and loading. Defaulting to empty config.
WARNING:tensorflow:Model's `__init__()` arguments contain non-serializable objects. Please implement a `get_config()` method in the subclassed Model for proper saving and loading. Defaulting to empty config.
[EVAL] loaded UPAIR checkpoint: /scratch/rsadve1/Extended_UPAIR_Narval_b32m16_portable/TWC_plots_comprehensive/runs_rx16/seed7/1dmrs/main_d256_b4_r2/checkpoints/best.weights.h5
[EVAL] skipping explicit NMSE channel-estimator calls for: upair5g_lmmse
[EVAL] instrumentation log_latency=True log_gpu_memory=True memory_cleanup_every_batches=1 memory_cleanup_every_microbatch=True stream_eval_microbatches=True compiled_receiver_error_counts=False receiver_call_jit_compile=False per_receiver_stopping=False target_bler_floor=1e-05 floor_num_frames=0 gpu_mem=0.09GiB peak=0.27GiB
[EVAL] receiver_call name=upair5g_lmmse mode=positional_y_no compiled_error_counts=False
[EVAL] progress num_users=3 Eb/N0=0 dB batches=10/20 frame_err=upair5g_lmmse:0/1920 elapsed=105.5s avg_batch=10.554s gpu_mem=5.74GiB peak=5.92GiB
[EVAL] progress num_users=3 Eb/N0=0 dB batches=20/20 frame_err=upair5g_lmmse:2/3840 elapsed=211.2s avg_batch=10.558s gpu_mem=11.38GiB peak=11.56GiB
[EVAL] receiver=           upair5g_lmmse Eb/N0= 0.0 dB BER=3.36022e-05 BLER=5.20833e-04 NMSE=nan bit_err=   384/11427840 blk_err=    2/3840   batches=  20 stop=global_stop rx_time=132.12s rx_ms_batch=6605.9 rx_ms_frame=34.406 point_time=211.17s gpu_mem=11.38GiB peak=11.56GiB
[ISO-CHUNK] wrote: /home/rsadve1/scratch/Extended_UPAIR_Narval_b32m16_portable/_isolated_eval_chunks/main_d256_b4_r2_u3_upair5g_lmmse_ebno0p0_chunk0052_m8_b20/chunk_result.csv
[ISO-CHUNK] DONE
[PIPELINE] status done=0 reason=continue chunks=53 batches=1060 block_errors=57/100 next_chunk=53
2026-06-10 09:16:16.316641: E external/local_xla/xla/stream_executor/cuda/cuda_dnn.cc:9261] Unable to register cuDNN factory: Attempting to register factory for plugin cuDNN when one has already been registered
2026-06-10 09:16:16.316683: E external/local_xla/xla/stream_executor/cuda/cuda_fft.cc:607] Unable to register cuFFT factory: Attempting to register factory for plugin cuFFT when one has already been registered
2026-06-10 09:16:16.317587: E external/local_xla/xla/stream_executor/cuda/cuda_blas.cc:1515] Unable to register cuBLAS factory: Attempting to register factory for plugin cuBLAS when one has already been registered
[COMPREHENSIVE] loaded Optuna best JSON for main_d256_b4_r2 from /home/rsadve1/scratch/Extended_UPAIR_Narval_b32m16_portable/optuna/clean_b32_prb8_d256_40k_smart_trueDMRS_u34610_1dmrs_stageB_main_d256_b4_r2_best_params.json
[ISO-CHUNK] variant: main_d256_b4_r2
[ISO-CHUNK] receiver: upair5g_lmmse
[ISO-CHUNK] num_users: 3
[ISO-CHUNK] ebno_db: 0.0
[ISO-CHUNK] chunk_idx: 53
[ISO-CHUNK] chunk_batches: 20
[ISO-CHUNK] receiver_microbatch_size: 8
[ISO-CHUNK] chunk_seed: 7004193
[ISO-CHUNK] checkpoint: /scratch/rsadve1/Extended_UPAIR_Narval_b32m16_portable/TWC_plots_comprehensive/runs_rx16/seed7/1dmrs/main_d256_b4_r2/checkpoints/best.weights.h5
[ISO-CHUNK] TF_GPU_ALLOCATOR: cuda_malloc_async
[ISO-CHUNK] output tag: main_d256_b4_r2_u3_upair5g_lmmse_ebno0p0_chunk0053_m8_b20
[EVAL] receiver microbatching enabled: batch_size_eval=64 receiver_microbatch_size=8
WARNING:tensorflow:Model's `__init__()` arguments contain non-serializable objects. Please implement a `get_config()` method in the subclassed Model for proper saving and loading. Defaulting to empty config.
WARNING:tensorflow:Model's `__init__()` arguments contain non-serializable objects. Please implement a `get_config()` method in the subclassed Model for proper saving and loading. Defaulting to empty config.
[EVAL] loaded UPAIR checkpoint: /scratch/rsadve1/Extended_UPAIR_Narval_b32m16_portable/TWC_plots_comprehensive/runs_rx16/seed7/1dmrs/main_d256_b4_r2/checkpoints/best.weights.h5
[EVAL] skipping explicit NMSE channel-estimator calls for: upair5g_lmmse
[EVAL] instrumentation log_latency=True log_gpu_memory=True memory_cleanup_every_batches=1 memory_cleanup_every_microbatch=True stream_eval_microbatches=True compiled_receiver_error_counts=False receiver_call_jit_compile=False per_receiver_stopping=False target_bler_floor=1e-05 floor_num_frames=0 gpu_mem=0.09GiB peak=0.27GiB
[EVAL] receiver_call name=upair5g_lmmse mode=positional_y_no compiled_error_counts=False
[EVAL] progress num_users=3 Eb/N0=0 dB batches=10/20 frame_err=upair5g_lmmse:0/1920 elapsed=105.9s avg_batch=10.589s gpu_mem=5.74GiB peak=5.92GiB
[EVAL] progress num_users=3 Eb/N0=0 dB batches=20/20 frame_err=upair5g_lmmse:0/3840 elapsed=211.6s avg_batch=10.579s gpu_mem=11.38GiB peak=11.56GiB
[EVAL] receiver=           upair5g_lmmse Eb/N0= 0.0 dB BER=0.00000e+00 BLER=0.00000e+00 NMSE=nan bit_err=     0/11427840 blk_err=    0/3840   batches=  20 stop=global_stop bler_ub=7.813e-04 rx_time=132.41s rx_ms_batch=6620.7 rx_ms_frame=34.483 point_time=211.59s gpu_mem=11.38GiB peak=11.56GiB
[ISO-CHUNK] wrote: /home/rsadve1/scratch/Extended_UPAIR_Narval_b32m16_portable/_isolated_eval_chunks/main_d256_b4_r2_u3_upair5g_lmmse_ebno0p0_chunk0053_m8_b20/chunk_result.csv
[ISO-CHUNK] DONE
[PIPELINE] status done=0 reason=continue chunks=54 batches=1080 block_errors=57/100 next_chunk=54
2026-06-10 09:20:16.257964: E external/local_xla/xla/stream_executor/cuda/cuda_dnn.cc:9261] Unable to register cuDNN factory: Attempting to register factory for plugin cuDNN when one has already been registered
2026-06-10 09:20:16.258004: E external/local_xla/xla/stream_executor/cuda/cuda_fft.cc:607] Unable to register cuFFT factory: Attempting to register factory for plugin cuFFT when one has already been registered
2026-06-10 09:20:16.258889: E external/local_xla/xla/stream_executor/cuda/cuda_blas.cc:1515] Unable to register cuBLAS factory: Attempting to register factory for plugin cuBLAS when one has already been registered
[COMPREHENSIVE] loaded Optuna best JSON for main_d256_b4_r2 from /home/rsadve1/scratch/Extended_UPAIR_Narval_b32m16_portable/optuna/clean_b32_prb8_d256_40k_smart_trueDMRS_u34610_1dmrs_stageB_main_d256_b4_r2_best_params.json
[ISO-CHUNK] variant: main_d256_b4_r2
[ISO-CHUNK] receiver: upair5g_lmmse
[ISO-CHUNK] num_users: 3
[ISO-CHUNK] ebno_db: 0.0
[ISO-CHUNK] chunk_idx: 54
[ISO-CHUNK] chunk_batches: 20
[ISO-CHUNK] receiver_microbatch_size: 8
[ISO-CHUNK] chunk_seed: 7104196
[ISO-CHUNK] checkpoint: /scratch/rsadve1/Extended_UPAIR_Narval_b32m16_portable/TWC_plots_comprehensive/runs_rx16/seed7/1dmrs/main_d256_b4_r2/checkpoints/best.weights.h5
[ISO-CHUNK] TF_GPU_ALLOCATOR: cuda_malloc_async
[ISO-CHUNK] output tag: main_d256_b4_r2_u3_upair5g_lmmse_ebno0p0_chunk0054_m8_b20
[EVAL] receiver microbatching enabled: batch_size_eval=64 receiver_microbatch_size=8
WARNING:tensorflow:Model's `__init__()` arguments contain non-serializable objects. Please implement a `get_config()` method in the subclassed Model for proper saving and loading. Defaulting to empty config.
WARNING:tensorflow:Model's `__init__()` arguments contain non-serializable objects. Please implement a `get_config()` method in the subclassed Model for proper saving and loading. Defaulting to empty config.
[EVAL] loaded UPAIR checkpoint: /scratch/rsadve1/Extended_UPAIR_Narval_b32m16_portable/TWC_plots_comprehensive/runs_rx16/seed7/1dmrs/main_d256_b4_r2/checkpoints/best.weights.h5
[EVAL] skipping explicit NMSE channel-estimator calls for: upair5g_lmmse
[EVAL] instrumentation log_latency=True log_gpu_memory=True memory_cleanup_every_batches=1 memory_cleanup_every_microbatch=True stream_eval_microbatches=True compiled_receiver_error_counts=False receiver_call_jit_compile=False per_receiver_stopping=False target_bler_floor=1e-05 floor_num_frames=0 gpu_mem=0.09GiB peak=0.27GiB
[EVAL] receiver_call name=upair5g_lmmse mode=positional_y_no compiled_error_counts=False
[EVAL] progress num_users=3 Eb/N0=0 dB batches=10/20 frame_err=upair5g_lmmse:0/1920 elapsed=105.9s avg_batch=10.591s gpu_mem=5.74GiB peak=5.92GiB
[EVAL] progress num_users=3 Eb/N0=0 dB batches=20/20 frame_err=upair5g_lmmse:1/3840 elapsed=211.5s avg_batch=10.577s gpu_mem=11.38GiB peak=11.56GiB
[EVAL] receiver=           upair5g_lmmse Eb/N0= 0.0 dB BER=2.00388e-05 BLER=2.60417e-04 NMSE=nan bit_err=   229/11427840 blk_err=    1/3840   batches=  20 stop=global_stop rx_time=132.51s rx_ms_batch=6625.6 rx_ms_frame=34.508 point_time=211.53s gpu_mem=11.38GiB peak=11.56GiB
[ISO-CHUNK] wrote: /home/rsadve1/scratch/Extended_UPAIR_Narval_b32m16_portable/_isolated_eval_chunks/main_d256_b4_r2_u3_upair5g_lmmse_ebno0p0_chunk0054_m8_b20/chunk_result.csv
[ISO-CHUNK] DONE
[PIPELINE] status done=0 reason=continue chunks=55 batches=1100 block_errors=58/100 next_chunk=55
2026-06-10 09:24:13.793833: E external/local_xla/xla/stream_executor/cuda/cuda_dnn.cc:9261] Unable to register cuDNN factory: Attempting to register factory for plugin cuDNN when one has already been registered
2026-06-10 09:24:13.793869: E external/local_xla/xla/stream_executor/cuda/cuda_fft.cc:607] Unable to register cuFFT factory: Attempting to register factory for plugin cuFFT when one has already been registered
2026-06-10 09:24:13.794734: E external/local_xla/xla/stream_executor/cuda/cuda_blas.cc:1515] Unable to register cuBLAS factory: Attempting to register factory for plugin cuBLAS when one has already been registered
[COMPREHENSIVE] loaded Optuna best JSON for main_d256_b4_r2 from /home/rsadve1/scratch/Extended_UPAIR_Narval_b32m16_portable/optuna/clean_b32_prb8_d256_40k_smart_trueDMRS_u34610_1dmrs_stageB_main_d256_b4_r2_best_params.json
[ISO-CHUNK] variant: main_d256_b4_r2
[ISO-CHUNK] receiver: upair5g_lmmse
[ISO-CHUNK] num_users: 3
[ISO-CHUNK] ebno_db: 0.0
[ISO-CHUNK] chunk_idx: 55
[ISO-CHUNK] chunk_batches: 20
[ISO-CHUNK] receiver_microbatch_size: 8
[ISO-CHUNK] chunk_seed: 7204199
[ISO-CHUNK] checkpoint: /scratch/rsadve1/Extended_UPAIR_Narval_b32m16_portable/TWC_plots_comprehensive/runs_rx16/seed7/1dmrs/main_d256_b4_r2/checkpoints/best.weights.h5
[ISO-CHUNK] TF_GPU_ALLOCATOR: cuda_malloc_async
[ISO-CHUNK] output tag: main_d256_b4_r2_u3_upair5g_lmmse_ebno0p0_chunk0055_m8_b20
[EVAL] receiver microbatching enabled: batch_size_eval=64 receiver_microbatch_size=8
WARNING:tensorflow:Model's `__init__()` arguments contain non-serializable objects. Please implement a `get_config()` method in the subclassed Model for proper saving and loading. Defaulting to empty config.
WARNING:tensorflow:Model's `__init__()` arguments contain non-serializable objects. Please implement a `get_config()` method in the subclassed Model for proper saving and loading. Defaulting to empty config.
[EVAL] loaded UPAIR checkpoint: /scratch/rsadve1/Extended_UPAIR_Narval_b32m16_portable/TWC_plots_comprehensive/runs_rx16/seed7/1dmrs/main_d256_b4_r2/checkpoints/best.weights.h5
[EVAL] skipping explicit NMSE channel-estimator calls for: upair5g_lmmse
[EVAL] instrumentation log_latency=True log_gpu_memory=True memory_cleanup_every_batches=1 memory_cleanup_every_microbatch=True stream_eval_microbatches=True compiled_receiver_error_counts=False receiver_call_jit_compile=False per_receiver_stopping=False target_bler_floor=1e-05 floor_num_frames=0 gpu_mem=0.09GiB peak=0.27GiB
[EVAL] receiver_call name=upair5g_lmmse mode=positional_y_no compiled_error_counts=False
[EVAL] progress num_users=3 Eb/N0=0 dB batches=10/20 frame_err=upair5g_lmmse:0/1920 elapsed=105.9s avg_batch=10.594s gpu_mem=5.74GiB peak=5.92GiB
[EVAL] progress num_users=3 Eb/N0=0 dB batches=20/20 frame_err=upair5g_lmmse:0/3840 elapsed=211.4s avg_batch=10.569s gpu_mem=11.38GiB peak=11.56GiB
[EVAL] receiver=           upair5g_lmmse Eb/N0= 0.0 dB BER=0.00000e+00 BLER=0.00000e+00 NMSE=nan bit_err=     0/11427840 blk_err=    0/3840   batches=  20 stop=global_stop bler_ub=7.813e-04 rx_time=132.49s rx_ms_batch=6624.4 rx_ms_frame=34.502 point_time=211.41s gpu_mem=11.38GiB peak=11.56GiB
[ISO-CHUNK] wrote: /home/rsadve1/scratch/Extended_UPAIR_Narval_b32m16_portable/_isolated_eval_chunks/main_d256_b4_r2_u3_upair5g_lmmse_ebno0p0_chunk0055_m8_b20/chunk_result.csv
[ISO-CHUNK] DONE
[PIPELINE] status done=0 reason=continue chunks=56 batches=1120 block_errors=58/100 next_chunk=56
2026-06-10 09:28:09.954865: E external/local_xla/xla/stream_executor/cuda/cuda_dnn.cc:9261] Unable to register cuDNN factory: Attempting to register factory for plugin cuDNN when one has already been registered
2026-06-10 09:28:09.954906: E external/local_xla/xla/stream_executor/cuda/cuda_fft.cc:607] Unable to register cuFFT factory: Attempting to register factory for plugin cuFFT when one has already been registered
2026-06-10 09:28:09.955795: E external/local_xla/xla/stream_executor/cuda/cuda_blas.cc:1515] Unable to register cuBLAS factory: Attempting to register factory for plugin cuBLAS when one has already been registered
[COMPREHENSIVE] loaded Optuna best JSON for main_d256_b4_r2 from /home/rsadve1/scratch/Extended_UPAIR_Narval_b32m16_portable/optuna/clean_b32_prb8_d256_40k_smart_trueDMRS_u34610_1dmrs_stageB_main_d256_b4_r2_best_params.json
[ISO-CHUNK] variant: main_d256_b4_r2
[ISO-CHUNK] receiver: upair5g_lmmse
[ISO-CHUNK] num_users: 3
[ISO-CHUNK] ebno_db: 0.0
[ISO-CHUNK] chunk_idx: 56
[ISO-CHUNK] chunk_batches: 20
[ISO-CHUNK] receiver_microbatch_size: 8
[ISO-CHUNK] chunk_seed: 7304202
[ISO-CHUNK] checkpoint: /scratch/rsadve1/Extended_UPAIR_Narval_b32m16_portable/TWC_plots_comprehensive/runs_rx16/seed7/1dmrs/main_d256_b4_r2/checkpoints/best.weights.h5
[ISO-CHUNK] TF_GPU_ALLOCATOR: cuda_malloc_async
[ISO-CHUNK] output tag: main_d256_b4_r2_u3_upair5g_lmmse_ebno0p0_chunk0056_m8_b20
[EVAL] receiver microbatching enabled: batch_size_eval=64 receiver_microbatch_size=8
WARNING:tensorflow:Model's `__init__()` arguments contain non-serializable objects. Please implement a `get_config()` method in the subclassed Model for proper saving and loading. Defaulting to empty config.
WARNING:tensorflow:Model's `__init__()` arguments contain non-serializable objects. Please implement a `get_config()` method in the subclassed Model for proper saving and loading. Defaulting to empty config.
[EVAL] loaded UPAIR checkpoint: /scratch/rsadve1/Extended_UPAIR_Narval_b32m16_portable/TWC_plots_comprehensive/runs_rx16/seed7/1dmrs/main_d256_b4_r2/checkpoints/best.weights.h5
[EVAL] skipping explicit NMSE channel-estimator calls for: upair5g_lmmse
[EVAL] instrumentation log_latency=True log_gpu_memory=True memory_cleanup_every_batches=1 memory_cleanup_every_microbatch=True stream_eval_microbatches=True compiled_receiver_error_counts=False receiver_call_jit_compile=False per_receiver_stopping=False target_bler_floor=1e-05 floor_num_frames=0 gpu_mem=0.09GiB peak=0.27GiB
[EVAL] receiver_call name=upair5g_lmmse mode=positional_y_no compiled_error_counts=False
