[ENV] Reusing portable venv: /home/rsadve1/scratch/.vevn_upair_potable
[ENV] Checking installed package metadata only; TensorFlow/Sionna are not imported here.
[ENV] Python 3.11.5
[ENV] numpy 1.26.4+computecanada
[ENV] pandas 2.2.3+computecanada
[ENV] matplotlib 3.10.0+computecanada
[ENV] PyYAML 6.0.2+computecanada
[ENV] scipy 1.15.1+computecanada
[ENV] tensorflow 2.15.1+computecanada
[ENV] sionna-no-rt 1.2.1
[ENV] optuna 4.8.0+computecanada
[ENV] Skipping TensorFlow/Sionna import check on this node. Set UPAIR_DEEP_IMPORT_CHECK=1 to test imports explicitly.
[ENV] Ready: REPO=/home/rsadve1/scratch/Extended_UPAIR_Narval_b32m16_portable
[ENV] Ready: VENV=/home/rsadve1/scratch/.vevn_upair_potable
[ENV] Reusing portable venv: /home/rsadve1/scratch/.vevn_upair_potable
[ENV] Checking installed package metadata only; TensorFlow/Sionna are not imported here.
[ENV] Python 3.11.5
[ENV] numpy 1.26.4+computecanada
[ENV] pandas 2.2.3+computecanada
[ENV] matplotlib 3.10.0+computecanada
[ENV] PyYAML 6.0.2+computecanada
[ENV] scipy 1.15.1+computecanada
[ENV] tensorflow 2.15.1+computecanada
[ENV] sionna-no-rt 1.2.1
[ENV] optuna 4.8.0+computecanada
[ENV] Skipping TensorFlow/Sionna import check on this node. Set UPAIR_DEEP_IMPORT_CHECK=1 to test imports explicitly.
[ENV] Ready: REPO=/home/rsadve1/scratch/Extended_UPAIR_Narval_b32m16_portable
[ENV] Ready: VENV=/home/rsadve1/scratch/.vevn_upair_potable
================================================================================
[PIPELINE] variant=deep_d256_b6_r2
[PIPELINE] root=/home/rsadve1/scratch/Extended_UPAIR_Narval_b32m16_portable
[PIPELINE] stageB_prefix=clean_b32_prb8_d256_40k_smart_trueDMRS_u34610_1dmrs_stageB
[PIPELINE] receivers=upair5g_lmmse,baseline_ls_lmmse,baseline_ls_2dlmmse_lmmse,perfect_csi_lmmse
[PIPELINE] users=3
[PIPELINE] ebnos=-4,-3,-2,-1,0,1,2,3,4
[PIPELINE] chunk_batches=20 micro=8
================================================================================
[PIPELINE] training already complete for deep_d256_b6_r2; skipping training.
[PIPELINE] starting/resuming isolated evaluation for deep_d256_b6_r2.

--------------------------------------------------------------------------------
[PIPELINE] eval point variant=deep_d256_b6_r2 receiver=upair5g_lmmse U=3 Eb/N0=-4
--------------------------------------------------------------------------------
[PIPELINE] status done=0 reason=continue chunks=0 batches=0 block_errors=0/100 next_chunk=0
2026-06-10 04:14:09.142030: E external/local_xla/xla/stream_executor/cuda/cuda_dnn.cc:9261] Unable to register cuDNN factory: Attempting to register factory for plugin cuDNN when one has already been registered
2026-06-10 04:14:09.142072: E external/local_xla/xla/stream_executor/cuda/cuda_fft.cc:607] Unable to register cuFFT factory: Attempting to register factory for plugin cuFFT when one has already been registered
2026-06-10 04:14:09.143016: E external/local_xla/xla/stream_executor/cuda/cuda_blas.cc:1515] Unable to register cuBLAS factory: Attempting to register factory for plugin cuBLAS when one has already been registered
[COMPREHENSIVE] loaded Optuna best JSON for deep_d256_b6_r2 from /home/rsadve1/scratch/Extended_UPAIR_Narval_b32m16_portable/optuna/clean_b32_prb8_d256_40k_smart_trueDMRS_u34610_1dmrs_stageB_deep_d256_b6_r2_best_params.json
[ISO-CHUNK] variant: deep_d256_b6_r2
[ISO-CHUNK] receiver: upair5g_lmmse
[ISO-CHUNK] num_users: 3
[ISO-CHUNK] ebno_db: -4.0
[ISO-CHUNK] chunk_idx: 0
[ISO-CHUNK] chunk_batches: 20
[ISO-CHUNK] receiver_microbatch_size: 8
[ISO-CHUNK] chunk_seed: 1636034
[ISO-CHUNK] checkpoint: /scratch/rsadve1/Extended_UPAIR_Narval_b32m16_portable/TWC_plots_comprehensive/runs_rx16/seed7/1dmrs/deep_d256_b6_r2/checkpoints/best.weights.h5
[ISO-CHUNK] TF_GPU_ALLOCATOR: cuda_malloc_async
[ISO-CHUNK] output tag: deep_d256_b6_r2_u3_upair5g_lmmse_ebnom4p0_chunk0000_m8_b20
[EVAL] receiver microbatching enabled: batch_size_eval=64 receiver_microbatch_size=8
WARNING:tensorflow:Model's `__init__()` arguments contain non-serializable objects. Please implement a `get_config()` method in the subclassed Model for proper saving and loading. Defaulting to empty config.
WARNING:tensorflow:Model's `__init__()` arguments contain non-serializable objects. Please implement a `get_config()` method in the subclassed Model for proper saving and loading. Defaulting to empty config.
[EVAL] loaded UPAIR checkpoint: /scratch/rsadve1/Extended_UPAIR_Narval_b32m16_portable/TWC_plots_comprehensive/runs_rx16/seed7/1dmrs/deep_d256_b6_r2/checkpoints/best.weights.h5
[EVAL] skipping explicit NMSE channel-estimator calls for: upair5g_lmmse
[EVAL] instrumentation log_latency=True log_gpu_memory=True memory_cleanup_every_batches=1 memory_cleanup_every_microbatch=True stream_eval_microbatches=True compiled_receiver_error_counts=False receiver_call_jit_compile=False per_receiver_stopping=False target_bler_floor=1e-05 floor_num_frames=0 gpu_mem=0.13GiB peak=0.32GiB
[EVAL] receiver_call name=upair5g_lmmse mode=positional_y_no compiled_error_counts=False
[EVAL] progress num_users=3 Eb/N0=-4 dB batches=10/20 frame_err=upair5g_lmmse:240/1920 elapsed=108.6s avg_batch=10.858s gpu_mem=8.60GiB peak=8.79GiB
[EVAL] progress num_users=3 Eb/N0=-4 dB batches=20/20 frame_err=upair5g_lmmse:490/3840 elapsed=217.0s avg_batch=10.850s gpu_mem=17.06GiB peak=17.25GiB
[EVAL] receiver=           upair5g_lmmse Eb/N0=-4.0 dB BER=7.42293e-03 BLER=1.27604e-01 NMSE=nan bit_err= 84828/11427840 blk_err=  490/3840   batches=  20 stop=global_stop rx_time=137.50s rx_ms_batch=6874.9 rx_ms_frame=35.807 point_time=217.00s gpu_mem=17.06GiB peak=17.25GiB
[ISO-CHUNK] wrote: /home/rsadve1/scratch/Extended_UPAIR_Narval_b32m16_portable/_isolated_eval_chunks/deep_d256_b6_r2_u3_upair5g_lmmse_ebnom4p0_chunk0000_m8_b20/chunk_result.csv
[ISO-CHUNK] DONE
[PIPELINE] status done=1 reason=target_block_errors chunks=1 batches=20 block_errors=490/100 next_chunk=-1
[ISO-MERGE] chunks: 1
[ISO-MERGE] rows: 1
[ISO-MERGE] wrote: /home/rsadve1/scratch/Extended_UPAIR_Narval_b32m16_portable/_isolated_eval_chunks/merged_deep_d256_b6_r2_u3_upair5g_lmmse_em4.csv
[ISO-MERGE] wrote: /home/rsadve1/scratch/Extended_UPAIR_Narval_b32m16_portable/_isolated_eval_chunks/merged_deep_d256_b6_r2_u3_upair5g_lmmse_em4.summary.json
     receiver         variant dmrs_case  seed  training_seed  num_users  ebno_db  num_chunks chunk_indices  bit_errors  num_bits  block_errors  num_blocks  num_batches_run  point_elapsed_s  data_elapsed_s  receiver_elapsed_s      ber     bler  nmse       mc_stop_reason  target_bler_floor  bler_zero_error_upper_bound  ber_zero_error_upper_bound  receiver_ms_per_batch  receiver_ms_per_frame  reliable_ber  reliable_bler
upair5g_lmmse deep_d256_b6_r2     1dmrs     7              7          3     -4.0           1             0       84828  11427840           490        3840               20       216.998522       58.450273          137.497941 0.007423 0.127604   NaN isolated_chunk_merge                NaN                          NaN                         NaN            6874.897065              35.806756          True           True

--------------------------------------------------------------------------------
[PIPELINE] eval point variant=deep_d256_b6_r2 receiver=upair5g_lmmse U=3 Eb/N0=-3
--------------------------------------------------------------------------------
[PIPELINE] status done=0 reason=continue chunks=0 batches=0 block_errors=0/100 next_chunk=0
2026-06-10 04:18:22.798963: E external/local_xla/xla/stream_executor/cuda/cuda_dnn.cc:9261] Unable to register cuDNN factory: Attempting to register factory for plugin cuDNN when one has already been registered
2026-06-10 04:18:22.798999: E external/local_xla/xla/stream_executor/cuda/cuda_fft.cc:607] Unable to register cuFFT factory: Attempting to register factory for plugin cuFFT when one has already been registered
2026-06-10 04:18:22.799873: E external/local_xla/xla/stream_executor/cuda/cuda_blas.cc:1515] Unable to register cuBLAS factory: Attempting to register factory for plugin cuBLAS when one has already been registered
[COMPREHENSIVE] loaded Optuna best JSON for deep_d256_b6_r2 from /home/rsadve1/scratch/Extended_UPAIR_Narval_b32m16_portable/optuna/clean_b32_prb8_d256_40k_smart_trueDMRS_u34610_1dmrs_stageB_deep_d256_b6_r2_best_params.json
[ISO-CHUNK] variant: deep_d256_b6_r2
[ISO-CHUNK] receiver: upair5g_lmmse
[ISO-CHUNK] num_users: 3
[ISO-CHUNK] ebno_db: -3.0
[ISO-CHUNK] chunk_idx: 0
[ISO-CHUNK] chunk_batches: 20
[ISO-CHUNK] receiver_microbatch_size: 8
[ISO-CHUNK] chunk_seed: 1653034
[ISO-CHUNK] checkpoint: /scratch/rsadve1/Extended_UPAIR_Narval_b32m16_portable/TWC_plots_comprehensive/runs_rx16/seed7/1dmrs/deep_d256_b6_r2/checkpoints/best.weights.h5
[ISO-CHUNK] TF_GPU_ALLOCATOR: cuda_malloc_async
[ISO-CHUNK] output tag: deep_d256_b6_r2_u3_upair5g_lmmse_ebnom3p0_chunk0000_m8_b20
[EVAL] receiver microbatching enabled: batch_size_eval=64 receiver_microbatch_size=8
WARNING:tensorflow:Model's `__init__()` arguments contain non-serializable objects. Please implement a `get_config()` method in the subclassed Model for proper saving and loading. Defaulting to empty config.
WARNING:tensorflow:Model's `__init__()` arguments contain non-serializable objects. Please implement a `get_config()` method in the subclassed Model for proper saving and loading. Defaulting to empty config.
[EVAL] loaded UPAIR checkpoint: /scratch/rsadve1/Extended_UPAIR_Narval_b32m16_portable/TWC_plots_comprehensive/runs_rx16/seed7/1dmrs/deep_d256_b6_r2/checkpoints/best.weights.h5
[EVAL] skipping explicit NMSE channel-estimator calls for: upair5g_lmmse
[EVAL] instrumentation log_latency=True log_gpu_memory=True memory_cleanup_every_batches=1 memory_cleanup_every_microbatch=True stream_eval_microbatches=True compiled_receiver_error_counts=False receiver_call_jit_compile=False per_receiver_stopping=False target_bler_floor=1e-05 floor_num_frames=0 gpu_mem=0.13GiB peak=0.32GiB
[EVAL] receiver_call name=upair5g_lmmse mode=positional_y_no compiled_error_counts=False
[EVAL] progress num_users=3 Eb/N0=-3 dB batches=10/20 frame_err=upair5g_lmmse:73/1920 elapsed=108.8s avg_batch=10.881s gpu_mem=8.60GiB peak=8.79GiB
[EVAL] progress num_users=3 Eb/N0=-3 dB batches=20/20 frame_err=upair5g_lmmse:131/3840 elapsed=216.7s avg_batch=10.836s gpu_mem=17.06GiB peak=17.25GiB
[EVAL] receiver=           upair5g_lmmse Eb/N0=-3.0 dB BER=1.80892e-03 BLER=3.41146e-02 NMSE=nan bit_err= 20672/11427840 blk_err=  131/3840   batches=  20 stop=global_stop rx_time=137.22s rx_ms_batch=6860.9 rx_ms_frame=35.734 point_time=216.72s gpu_mem=17.06GiB peak=17.25GiB
[ISO-CHUNK] wrote: /home/rsadve1/scratch/Extended_UPAIR_Narval_b32m16_portable/_isolated_eval_chunks/deep_d256_b6_r2_u3_upair5g_lmmse_ebnom3p0_chunk0000_m8_b20/chunk_result.csv
[ISO-CHUNK] DONE
[PIPELINE] status done=1 reason=target_block_errors chunks=1 batches=20 block_errors=131/100 next_chunk=-1
[ISO-MERGE] chunks: 1
[ISO-MERGE] rows: 1
[ISO-MERGE] wrote: /home/rsadve1/scratch/Extended_UPAIR_Narval_b32m16_portable/_isolated_eval_chunks/merged_deep_d256_b6_r2_u3_upair5g_lmmse_em3.csv
[ISO-MERGE] wrote: /home/rsadve1/scratch/Extended_UPAIR_Narval_b32m16_portable/_isolated_eval_chunks/merged_deep_d256_b6_r2_u3_upair5g_lmmse_em3.summary.json
     receiver         variant dmrs_case  seed  training_seed  num_users  ebno_db  num_chunks chunk_indices  bit_errors  num_bits  block_errors  num_blocks  num_batches_run  point_elapsed_s  data_elapsed_s  receiver_elapsed_s      ber     bler  nmse       mc_stop_reason  target_bler_floor  bler_zero_error_upper_bound  ber_zero_error_upper_bound  receiver_ms_per_batch  receiver_ms_per_frame  reliable_ber  reliable_bler
upair5g_lmmse deep_d256_b6_r2     1dmrs     7              7          3     -3.0           1             0       20672  11427840           131        3840               20       216.719187       58.254874           137.21862 0.001809 0.034115   NaN isolated_chunk_merge                NaN                          NaN                         NaN            6860.930979              35.734016          True           True

--------------------------------------------------------------------------------
[PIPELINE] eval point variant=deep_d256_b6_r2 receiver=upair5g_lmmse U=3 Eb/N0=-2
--------------------------------------------------------------------------------
[PIPELINE] status done=0 reason=continue chunks=0 batches=0 block_errors=0/100 next_chunk=0
2026-06-10 04:22:33.228400: E external/local_xla/xla/stream_executor/cuda/cuda_dnn.cc:9261] Unable to register cuDNN factory: Attempting to register factory for plugin cuDNN when one has already been registered
2026-06-10 04:22:33.228439: E external/local_xla/xla/stream_executor/cuda/cuda_fft.cc:607] Unable to register cuFFT factory: Attempting to register factory for plugin cuFFT when one has already been registered
2026-06-10 04:22:33.229347: E external/local_xla/xla/stream_executor/cuda/cuda_blas.cc:1515] Unable to register cuBLAS factory: Attempting to register factory for plugin cuBLAS when one has already been registered
[COMPREHENSIVE] loaded Optuna best JSON for deep_d256_b6_r2 from /home/rsadve1/scratch/Extended_UPAIR_Narval_b32m16_portable/optuna/clean_b32_prb8_d256_40k_smart_trueDMRS_u34610_1dmrs_stageB_deep_d256_b6_r2_best_params.json
[ISO-CHUNK] variant: deep_d256_b6_r2
[ISO-CHUNK] receiver: upair5g_lmmse
[ISO-CHUNK] num_users: 3
[ISO-CHUNK] ebno_db: -2.0
[ISO-CHUNK] chunk_idx: 0
[ISO-CHUNK] chunk_batches: 20
[ISO-CHUNK] receiver_microbatch_size: 8
[ISO-CHUNK] chunk_seed: 1670034
[ISO-CHUNK] checkpoint: /scratch/rsadve1/Extended_UPAIR_Narval_b32m16_portable/TWC_plots_comprehensive/runs_rx16/seed7/1dmrs/deep_d256_b6_r2/checkpoints/best.weights.h5
[ISO-CHUNK] TF_GPU_ALLOCATOR: cuda_malloc_async
[ISO-CHUNK] output tag: deep_d256_b6_r2_u3_upair5g_lmmse_ebnom2p0_chunk0000_m8_b20
[EVAL] receiver microbatching enabled: batch_size_eval=64 receiver_microbatch_size=8
WARNING:tensorflow:Model's `__init__()` arguments contain non-serializable objects. Please implement a `get_config()` method in the subclassed Model for proper saving and loading. Defaulting to empty config.
WARNING:tensorflow:Model's `__init__()` arguments contain non-serializable objects. Please implement a `get_config()` method in the subclassed Model for proper saving and loading. Defaulting to empty config.
[EVAL] loaded UPAIR checkpoint: /scratch/rsadve1/Extended_UPAIR_Narval_b32m16_portable/TWC_plots_comprehensive/runs_rx16/seed7/1dmrs/deep_d256_b6_r2/checkpoints/best.weights.h5
[EVAL] skipping explicit NMSE channel-estimator calls for: upair5g_lmmse
[EVAL] instrumentation log_latency=True log_gpu_memory=True memory_cleanup_every_batches=1 memory_cleanup_every_microbatch=True stream_eval_microbatches=True compiled_receiver_error_counts=False receiver_call_jit_compile=False per_receiver_stopping=False target_bler_floor=1e-05 floor_num_frames=0 gpu_mem=0.13GiB peak=0.32GiB
[EVAL] receiver_call name=upair5g_lmmse mode=positional_y_no compiled_error_counts=False
[EVAL] progress num_users=3 Eb/N0=-2 dB batches=10/20 frame_err=upair5g_lmmse:10/1920 elapsed=108.6s avg_batch=10.858s gpu_mem=8.60GiB peak=8.79GiB
[EVAL] progress num_users=3 Eb/N0=-2 dB batches=20/20 frame_err=upair5g_lmmse:28/3840 elapsed=216.6s avg_batch=10.832s gpu_mem=17.06GiB peak=17.25GiB
[EVAL] receiver=           upair5g_lmmse Eb/N0=-2.0 dB BER=4.31753e-04 BLER=7.29167e-03 NMSE=nan bit_err=  4934/11427840 blk_err=   28/3840   batches=  20 stop=global_stop rx_time=137.28s rx_ms_batch=6864.0 rx_ms_frame=35.750 point_time=216.64s gpu_mem=17.06GiB peak=17.25GiB
[ISO-CHUNK] wrote: /home/rsadve1/scratch/Extended_UPAIR_Narval_b32m16_portable/_isolated_eval_chunks/deep_d256_b6_r2_u3_upair5g_lmmse_ebnom2p0_chunk0000_m8_b20/chunk_result.csv
[ISO-CHUNK] DONE
[PIPELINE] status done=0 reason=continue chunks=1 batches=20 block_errors=28/100 next_chunk=1
2026-06-10 04:26:40.994985: E external/local_xla/xla/stream_executor/cuda/cuda_dnn.cc:9261] Unable to register cuDNN factory: Attempting to register factory for plugin cuDNN when one has already been registered
2026-06-10 04:26:40.995027: E external/local_xla/xla/stream_executor/cuda/cuda_fft.cc:607] Unable to register cuFFT factory: Attempting to register factory for plugin cuFFT when one has already been registered
2026-06-10 04:26:40.995897: E external/local_xla/xla/stream_executor/cuda/cuda_blas.cc:1515] Unable to register cuBLAS factory: Attempting to register factory for plugin cuBLAS when one has already been registered
[COMPREHENSIVE] loaded Optuna best JSON for deep_d256_b6_r2 from /home/rsadve1/scratch/Extended_UPAIR_Narval_b32m16_portable/optuna/clean_b32_prb8_d256_40k_smart_trueDMRS_u34610_1dmrs_stageB_deep_d256_b6_r2_best_params.json
[ISO-CHUNK] variant: deep_d256_b6_r2
[ISO-CHUNK] receiver: upair5g_lmmse
[ISO-CHUNK] num_users: 3
[ISO-CHUNK] ebno_db: -2.0
[ISO-CHUNK] chunk_idx: 1
[ISO-CHUNK] chunk_batches: 20
[ISO-CHUNK] receiver_microbatch_size: 8
[ISO-CHUNK] chunk_seed: 1770037
[ISO-CHUNK] checkpoint: /scratch/rsadve1/Extended_UPAIR_Narval_b32m16_portable/TWC_plots_comprehensive/runs_rx16/seed7/1dmrs/deep_d256_b6_r2/checkpoints/best.weights.h5
[ISO-CHUNK] TF_GPU_ALLOCATOR: cuda_malloc_async
[ISO-CHUNK] output tag: deep_d256_b6_r2_u3_upair5g_lmmse_ebnom2p0_chunk0001_m8_b20
[EVAL] receiver microbatching enabled: batch_size_eval=64 receiver_microbatch_size=8
WARNING:tensorflow:Model's `__init__()` arguments contain non-serializable objects. Please implement a `get_config()` method in the subclassed Model for proper saving and loading. Defaulting to empty config.
WARNING:tensorflow:Model's `__init__()` arguments contain non-serializable objects. Please implement a `get_config()` method in the subclassed Model for proper saving and loading. Defaulting to empty config.
[EVAL] loaded UPAIR checkpoint: /scratch/rsadve1/Extended_UPAIR_Narval_b32m16_portable/TWC_plots_comprehensive/runs_rx16/seed7/1dmrs/deep_d256_b6_r2/checkpoints/best.weights.h5
[EVAL] skipping explicit NMSE channel-estimator calls for: upair5g_lmmse
[EVAL] instrumentation log_latency=True log_gpu_memory=True memory_cleanup_every_batches=1 memory_cleanup_every_microbatch=True stream_eval_microbatches=True compiled_receiver_error_counts=False receiver_call_jit_compile=False per_receiver_stopping=False target_bler_floor=1e-05 floor_num_frames=0 gpu_mem=0.13GiB peak=0.32GiB
[EVAL] receiver_call name=upair5g_lmmse mode=positional_y_no compiled_error_counts=False
[EVAL] progress num_users=3 Eb/N0=-2 dB batches=10/20 frame_err=upair5g_lmmse:21/1920 elapsed=109.2s avg_batch=10.916s gpu_mem=8.60GiB peak=8.79GiB
[EVAL] progress num_users=3 Eb/N0=-2 dB batches=20/20 frame_err=upair5g_lmmse:37/3840 elapsed=217.3s avg_batch=10.864s gpu_mem=17.06GiB peak=17.25GiB
[EVAL] receiver=           upair5g_lmmse Eb/N0=-2.0 dB BER=5.06395e-04 BLER=9.63542e-03 NMSE=nan bit_err=  5787/11427840 blk_err=   37/3840   batches=  20 stop=global_stop rx_time=137.57s rx_ms_batch=6878.4 rx_ms_frame=35.825 point_time=217.28s gpu_mem=17.06GiB peak=17.25GiB
[ISO-CHUNK] wrote: /home/rsadve1/scratch/Extended_UPAIR_Narval_b32m16_portable/_isolated_eval_chunks/deep_d256_b6_r2_u3_upair5g_lmmse_ebnom2p0_chunk0001_m8_b20/chunk_result.csv
[ISO-CHUNK] DONE
[PIPELINE] status done=0 reason=continue chunks=2 batches=40 block_errors=65/100 next_chunk=2
2026-06-10 04:30:43.929661: E external/local_xla/xla/stream_executor/cuda/cuda_dnn.cc:9261] Unable to register cuDNN factory: Attempting to register factory for plugin cuDNN when one has already been registered
2026-06-10 04:30:43.929694: E external/local_xla/xla/stream_executor/cuda/cuda_fft.cc:607] Unable to register cuFFT factory: Attempting to register factory for plugin cuFFT when one has already been registered
2026-06-10 04:30:43.930587: E external/local_xla/xla/stream_executor/cuda/cuda_blas.cc:1515] Unable to register cuBLAS factory: Attempting to register factory for plugin cuBLAS when one has already been registered
[COMPREHENSIVE] loaded Optuna best JSON for deep_d256_b6_r2 from /home/rsadve1/scratch/Extended_UPAIR_Narval_b32m16_portable/optuna/clean_b32_prb8_d256_40k_smart_trueDMRS_u34610_1dmrs_stageB_deep_d256_b6_r2_best_params.json
[ISO-CHUNK] variant: deep_d256_b6_r2
[ISO-CHUNK] receiver: upair5g_lmmse
[ISO-CHUNK] num_users: 3
[ISO-CHUNK] ebno_db: -2.0
[ISO-CHUNK] chunk_idx: 2
[ISO-CHUNK] chunk_batches: 20
[ISO-CHUNK] receiver_microbatch_size: 8
[ISO-CHUNK] chunk_seed: 1870040
[ISO-CHUNK] checkpoint: /scratch/rsadve1/Extended_UPAIR_Narval_b32m16_portable/TWC_plots_comprehensive/runs_rx16/seed7/1dmrs/deep_d256_b6_r2/checkpoints/best.weights.h5
[ISO-CHUNK] TF_GPU_ALLOCATOR: cuda_malloc_async
[ISO-CHUNK] output tag: deep_d256_b6_r2_u3_upair5g_lmmse_ebnom2p0_chunk0002_m8_b20
[EVAL] receiver microbatching enabled: batch_size_eval=64 receiver_microbatch_size=8
WARNING:tensorflow:Model's `__init__()` arguments contain non-serializable objects. Please implement a `get_config()` method in the subclassed Model for proper saving and loading. Defaulting to empty config.
WARNING:tensorflow:Model's `__init__()` arguments contain non-serializable objects. Please implement a `get_config()` method in the subclassed Model for proper saving and loading. Defaulting to empty config.
[EVAL] loaded UPAIR checkpoint: /scratch/rsadve1/Extended_UPAIR_Narval_b32m16_portable/TWC_plots_comprehensive/runs_rx16/seed7/1dmrs/deep_d256_b6_r2/checkpoints/best.weights.h5
[EVAL] skipping explicit NMSE channel-estimator calls for: upair5g_lmmse
[EVAL] instrumentation log_latency=True log_gpu_memory=True memory_cleanup_every_batches=1 memory_cleanup_every_microbatch=True stream_eval_microbatches=True compiled_receiver_error_counts=False receiver_call_jit_compile=False per_receiver_stopping=False target_bler_floor=1e-05 floor_num_frames=0 gpu_mem=0.13GiB peak=0.32GiB
[EVAL] receiver_call name=upair5g_lmmse mode=positional_y_no compiled_error_counts=False
[EVAL] progress num_users=3 Eb/N0=-2 dB batches=10/20 frame_err=upair5g_lmmse:6/1920 elapsed=109.6s avg_batch=10.961s gpu_mem=8.60GiB peak=8.79GiB
[EVAL] progress num_users=3 Eb/N0=-2 dB batches=20/20 frame_err=upair5g_lmmse:30/3840 elapsed=218.7s avg_batch=10.937s gpu_mem=17.06GiB peak=17.25GiB
[EVAL] receiver=           upair5g_lmmse Eb/N0=-2.0 dB BER=3.12220e-04 BLER=7.81250e-03 NMSE=nan bit_err=  3568/11427840 blk_err=   30/3840   batches=  20 stop=global_stop rx_time=138.63s rx_ms_batch=6931.5 rx_ms_frame=36.101 point_time=218.73s gpu_mem=17.06GiB peak=17.25GiB
[ISO-CHUNK] wrote: /home/rsadve1/scratch/Extended_UPAIR_Narval_b32m16_portable/_isolated_eval_chunks/deep_d256_b6_r2_u3_upair5g_lmmse_ebnom2p0_chunk0002_m8_b20/chunk_result.csv
[ISO-CHUNK] DONE
[PIPELINE] status done=0 reason=continue chunks=3 batches=60 block_errors=95/100 next_chunk=3
2026-06-10 04:34:51.505448: E external/local_xla/xla/stream_executor/cuda/cuda_dnn.cc:9261] Unable to register cuDNN factory: Attempting to register factory for plugin cuDNN when one has already been registered
2026-06-10 04:34:51.505488: E external/local_xla/xla/stream_executor/cuda/cuda_fft.cc:607] Unable to register cuFFT factory: Attempting to register factory for plugin cuFFT when one has already been registered
2026-06-10 04:34:51.506371: E external/local_xla/xla/stream_executor/cuda/cuda_blas.cc:1515] Unable to register cuBLAS factory: Attempting to register factory for plugin cuBLAS when one has already been registered
[COMPREHENSIVE] loaded Optuna best JSON for deep_d256_b6_r2 from /home/rsadve1/scratch/Extended_UPAIR_Narval_b32m16_portable/optuna/clean_b32_prb8_d256_40k_smart_trueDMRS_u34610_1dmrs_stageB_deep_d256_b6_r2_best_params.json
[ISO-CHUNK] variant: deep_d256_b6_r2
[ISO-CHUNK] receiver: upair5g_lmmse
[ISO-CHUNK] num_users: 3
[ISO-CHUNK] ebno_db: -2.0
[ISO-CHUNK] chunk_idx: 3
[ISO-CHUNK] chunk_batches: 20
[ISO-CHUNK] receiver_microbatch_size: 8
[ISO-CHUNK] chunk_seed: 1970043
[ISO-CHUNK] checkpoint: /scratch/rsadve1/Extended_UPAIR_Narval_b32m16_portable/TWC_plots_comprehensive/runs_rx16/seed7/1dmrs/deep_d256_b6_r2/checkpoints/best.weights.h5
[ISO-CHUNK] TF_GPU_ALLOCATOR: cuda_malloc_async
[ISO-CHUNK] output tag: deep_d256_b6_r2_u3_upair5g_lmmse_ebnom2p0_chunk0003_m8_b20
[EVAL] receiver microbatching enabled: batch_size_eval=64 receiver_microbatch_size=8
WARNING:tensorflow:Model's `__init__()` arguments contain non-serializable objects. Please implement a `get_config()` method in the subclassed Model for proper saving and loading. Defaulting to empty config.
WARNING:tensorflow:Model's `__init__()` arguments contain non-serializable objects. Please implement a `get_config()` method in the subclassed Model for proper saving and loading. Defaulting to empty config.
[EVAL] loaded UPAIR checkpoint: /scratch/rsadve1/Extended_UPAIR_Narval_b32m16_portable/TWC_plots_comprehensive/runs_rx16/seed7/1dmrs/deep_d256_b6_r2/checkpoints/best.weights.h5
[EVAL] skipping explicit NMSE channel-estimator calls for: upair5g_lmmse
[EVAL] instrumentation log_latency=True log_gpu_memory=True memory_cleanup_every_batches=1 memory_cleanup_every_microbatch=True stream_eval_microbatches=True compiled_receiver_error_counts=False receiver_call_jit_compile=False per_receiver_stopping=False target_bler_floor=1e-05 floor_num_frames=0 gpu_mem=0.13GiB peak=0.32GiB
[EVAL] receiver_call name=upair5g_lmmse mode=positional_y_no compiled_error_counts=False
[EVAL] progress num_users=3 Eb/N0=-2 dB batches=10/20 frame_err=upair5g_lmmse:21/1920 elapsed=108.5s avg_batch=10.852s gpu_mem=8.60GiB peak=8.79GiB
[EVAL] progress num_users=3 Eb/N0=-2 dB batches=20/20 frame_err=upair5g_lmmse:37/3840 elapsed=216.6s avg_batch=10.832s gpu_mem=17.06GiB peak=17.25GiB
[EVAL] receiver=           upair5g_lmmse Eb/N0=-2.0 dB BER=4.22302e-04 BLER=9.63542e-03 NMSE=nan bit_err=  4826/11427840 blk_err=   37/3840   batches=  20 stop=global_stop rx_time=137.29s rx_ms_batch=6864.5 rx_ms_frame=35.753 point_time=216.65s gpu_mem=17.06GiB peak=17.25GiB
[ISO-CHUNK] wrote: /home/rsadve1/scratch/Extended_UPAIR_Narval_b32m16_portable/_isolated_eval_chunks/deep_d256_b6_r2_u3_upair5g_lmmse_ebnom2p0_chunk0003_m8_b20/chunk_result.csv
[ISO-CHUNK] DONE
[PIPELINE] status done=1 reason=target_block_errors chunks=4 batches=80 block_errors=132/100 next_chunk=-1
[ISO-MERGE] chunks: 4
[ISO-MERGE] rows: 1
[ISO-MERGE] wrote: /home/rsadve1/scratch/Extended_UPAIR_Narval_b32m16_portable/_isolated_eval_chunks/merged_deep_d256_b6_r2_u3_upair5g_lmmse_em2.csv
[ISO-MERGE] wrote: /home/rsadve1/scratch/Extended_UPAIR_Narval_b32m16_portable/_isolated_eval_chunks/merged_deep_d256_b6_r2_u3_upair5g_lmmse_em2.summary.json
     receiver         variant dmrs_case  seed  training_seed  num_users  ebno_db  num_chunks chunk_indices  bit_errors  num_bits  block_errors  num_blocks  num_batches_run  point_elapsed_s  data_elapsed_s  receiver_elapsed_s      ber     bler  nmse       mc_stop_reason  target_bler_floor  bler_zero_error_upper_bound  ber_zero_error_upper_bound  receiver_ms_per_batch  receiver_ms_per_frame  reliable_ber  reliable_bler
upair5g_lmmse deep_d256_b6_r2     1dmrs     7              7          3     -2.0           4       0,1,2,3       19115  45711360           132       15360               80       869.299462        234.2624          550.768481 0.000418 0.008594   NaN isolated_chunk_merge                NaN                          NaN                         NaN            6884.606009              35.857323          True           True

--------------------------------------------------------------------------------
[PIPELINE] eval point variant=deep_d256_b6_r2 receiver=upair5g_lmmse U=3 Eb/N0=-1
--------------------------------------------------------------------------------
[PIPELINE] status done=0 reason=continue chunks=0 batches=0 block_errors=0/100 next_chunk=0
2026-06-10 04:39:01.037041: E external/local_xla/xla/stream_executor/cuda/cuda_dnn.cc:9261] Unable to register cuDNN factory: Attempting to register factory for plugin cuDNN when one has already been registered
2026-06-10 04:39:01.037085: E external/local_xla/xla/stream_executor/cuda/cuda_fft.cc:607] Unable to register cuFFT factory: Attempting to register factory for plugin cuFFT when one has already been registered
2026-06-10 04:39:01.037946: E external/local_xla/xla/stream_executor/cuda/cuda_blas.cc:1515] Unable to register cuBLAS factory: Attempting to register factory for plugin cuBLAS when one has already been registered
[COMPREHENSIVE] loaded Optuna best JSON for deep_d256_b6_r2 from /home/rsadve1/scratch/Extended_UPAIR_Narval_b32m16_portable/optuna/clean_b32_prb8_d256_40k_smart_trueDMRS_u34610_1dmrs_stageB_deep_d256_b6_r2_best_params.json
[ISO-CHUNK] variant: deep_d256_b6_r2
[ISO-CHUNK] receiver: upair5g_lmmse
[ISO-CHUNK] num_users: 3
[ISO-CHUNK] ebno_db: -1.0
[ISO-CHUNK] chunk_idx: 0
[ISO-CHUNK] chunk_batches: 20
[ISO-CHUNK] receiver_microbatch_size: 8
[ISO-CHUNK] chunk_seed: 1687034
[ISO-CHUNK] checkpoint: /scratch/rsadve1/Extended_UPAIR_Narval_b32m16_portable/TWC_plots_comprehensive/runs_rx16/seed7/1dmrs/deep_d256_b6_r2/checkpoints/best.weights.h5
[ISO-CHUNK] TF_GPU_ALLOCATOR: cuda_malloc_async
[ISO-CHUNK] output tag: deep_d256_b6_r2_u3_upair5g_lmmse_ebnom1p0_chunk0000_m8_b20
[EVAL] receiver microbatching enabled: batch_size_eval=64 receiver_microbatch_size=8
WARNING:tensorflow:Model's `__init__()` arguments contain non-serializable objects. Please implement a `get_config()` method in the subclassed Model for proper saving and loading. Defaulting to empty config.
WARNING:tensorflow:Model's `__init__()` arguments contain non-serializable objects. Please implement a `get_config()` method in the subclassed Model for proper saving and loading. Defaulting to empty config.
[EVAL] loaded UPAIR checkpoint: /scratch/rsadve1/Extended_UPAIR_Narval_b32m16_portable/TWC_plots_comprehensive/runs_rx16/seed7/1dmrs/deep_d256_b6_r2/checkpoints/best.weights.h5
[EVAL] skipping explicit NMSE channel-estimator calls for: upair5g_lmmse
[EVAL] instrumentation log_latency=True log_gpu_memory=True memory_cleanup_every_batches=1 memory_cleanup_every_microbatch=True stream_eval_microbatches=True compiled_receiver_error_counts=False receiver_call_jit_compile=False per_receiver_stopping=False target_bler_floor=1e-05 floor_num_frames=0 gpu_mem=0.13GiB peak=0.32GiB
[EVAL] receiver_call name=upair5g_lmmse mode=positional_y_no compiled_error_counts=False
[EVAL] progress num_users=3 Eb/N0=-1 dB batches=10/20 frame_err=upair5g_lmmse:0/1920 elapsed=109.1s avg_batch=10.907s gpu_mem=8.60GiB peak=8.79GiB
[EVAL] progress num_users=3 Eb/N0=-1 dB batches=20/20 frame_err=upair5g_lmmse:0/3840 elapsed=218.3s avg_batch=10.915s gpu_mem=17.06GiB peak=17.25GiB
[EVAL] receiver=           upair5g_lmmse Eb/N0=-1.0 dB BER=0.00000e+00 BLER=0.00000e+00 NMSE=nan bit_err=     0/11427840 blk_err=    0/3840   batches=  20 stop=global_stop bler_ub=7.813e-04 rx_time=138.35s rx_ms_batch=6917.4 rx_ms_frame=36.028 point_time=218.30s gpu_mem=17.06GiB peak=17.25GiB
[ISO-CHUNK] wrote: /home/rsadve1/scratch/Extended_UPAIR_Narval_b32m16_portable/_isolated_eval_chunks/deep_d256_b6_r2_u3_upair5g_lmmse_ebnom1p0_chunk0000_m8_b20/chunk_result.csv
[ISO-CHUNK] DONE
[PIPELINE] status done=0 reason=continue chunks=1 batches=20 block_errors=0/100 next_chunk=1
2026-06-10 04:43:03.174128: E external/local_xla/xla/stream_executor/cuda/cuda_dnn.cc:9261] Unable to register cuDNN factory: Attempting to register factory for plugin cuDNN when one has already been registered
2026-06-10 04:43:03.174165: E external/local_xla/xla/stream_executor/cuda/cuda_fft.cc:607] Unable to register cuFFT factory: Attempting to register factory for plugin cuFFT when one has already been registered
2026-06-10 04:43:03.175054: E external/local_xla/xla/stream_executor/cuda/cuda_blas.cc:1515] Unable to register cuBLAS factory: Attempting to register factory for plugin cuBLAS when one has already been registered
[COMPREHENSIVE] loaded Optuna best JSON for deep_d256_b6_r2 from /home/rsadve1/scratch/Extended_UPAIR_Narval_b32m16_portable/optuna/clean_b32_prb8_d256_40k_smart_trueDMRS_u34610_1dmrs_stageB_deep_d256_b6_r2_best_params.json
[ISO-CHUNK] variant: deep_d256_b6_r2
[ISO-CHUNK] receiver: upair5g_lmmse
[ISO-CHUNK] num_users: 3
[ISO-CHUNK] ebno_db: -1.0
[ISO-CHUNK] chunk_idx: 1
[ISO-CHUNK] chunk_batches: 20
[ISO-CHUNK] receiver_microbatch_size: 8
[ISO-CHUNK] chunk_seed: 1787037
[ISO-CHUNK] checkpoint: /scratch/rsadve1/Extended_UPAIR_Narval_b32m16_portable/TWC_plots_comprehensive/runs_rx16/seed7/1dmrs/deep_d256_b6_r2/checkpoints/best.weights.h5
[ISO-CHUNK] TF_GPU_ALLOCATOR: cuda_malloc_async
[ISO-CHUNK] output tag: deep_d256_b6_r2_u3_upair5g_lmmse_ebnom1p0_chunk0001_m8_b20
[EVAL] receiver microbatching enabled: batch_size_eval=64 receiver_microbatch_size=8
WARNING:tensorflow:Model's `__init__()` arguments contain non-serializable objects. Please implement a `get_config()` method in the subclassed Model for proper saving and loading. Defaulting to empty config.
WARNING:tensorflow:Model's `__init__()` arguments contain non-serializable objects. Please implement a `get_config()` method in the subclassed Model for proper saving and loading. Defaulting to empty config.
[EVAL] loaded UPAIR checkpoint: /scratch/rsadve1/Extended_UPAIR_Narval_b32m16_portable/TWC_plots_comprehensive/runs_rx16/seed7/1dmrs/deep_d256_b6_r2/checkpoints/best.weights.h5
[EVAL] skipping explicit NMSE channel-estimator calls for: upair5g_lmmse
[EVAL] instrumentation log_latency=True log_gpu_memory=True memory_cleanup_every_batches=1 memory_cleanup_every_microbatch=True stream_eval_microbatches=True compiled_receiver_error_counts=False receiver_call_jit_compile=False per_receiver_stopping=False target_bler_floor=1e-05 floor_num_frames=0 gpu_mem=0.13GiB peak=0.32GiB
[EVAL] receiver_call name=upair5g_lmmse mode=positional_y_no compiled_error_counts=False
[EVAL] progress num_users=3 Eb/N0=-1 dB batches=10/20 frame_err=upair5g_lmmse:0/1920 elapsed=108.9s avg_batch=10.889s gpu_mem=8.60GiB peak=8.79GiB
[EVAL] progress num_users=3 Eb/N0=-1 dB batches=20/20 frame_err=upair5g_lmmse:2/3840 elapsed=217.8s avg_batch=10.889s gpu_mem=17.06GiB peak=17.25GiB
[EVAL] receiver=           upair5g_lmmse Eb/N0=-1.0 dB BER=8.22553e-06 BLER=5.20833e-04 NMSE=nan bit_err=    94/11427840 blk_err=    2/3840   batches=  20 stop=global_stop rx_time=137.85s rx_ms_batch=6892.6 rx_ms_frame=35.899 point_time=217.78s gpu_mem=17.06GiB peak=17.25GiB
[ISO-CHUNK] wrote: /home/rsadve1/scratch/Extended_UPAIR_Narval_b32m16_portable/_isolated_eval_chunks/deep_d256_b6_r2_u3_upair5g_lmmse_ebnom1p0_chunk0001_m8_b20/chunk_result.csv
[ISO-CHUNK] DONE
[PIPELINE] status done=0 reason=continue chunks=2 batches=40 block_errors=2/100 next_chunk=2
2026-06-10 04:47:08.904745: E external/local_xla/xla/stream_executor/cuda/cuda_dnn.cc:9261] Unable to register cuDNN factory: Attempting to register factory for plugin cuDNN when one has already been registered
2026-06-10 04:47:08.904787: E external/local_xla/xla/stream_executor/cuda/cuda_fft.cc:607] Unable to register cuFFT factory: Attempting to register factory for plugin cuFFT when one has already been registered
2026-06-10 04:47:08.905684: E external/local_xla/xla/stream_executor/cuda/cuda_blas.cc:1515] Unable to register cuBLAS factory: Attempting to register factory for plugin cuBLAS when one has already been registered
[COMPREHENSIVE] loaded Optuna best JSON for deep_d256_b6_r2 from /home/rsadve1/scratch/Extended_UPAIR_Narval_b32m16_portable/optuna/clean_b32_prb8_d256_40k_smart_trueDMRS_u34610_1dmrs_stageB_deep_d256_b6_r2_best_params.json
[ISO-CHUNK] variant: deep_d256_b6_r2
[ISO-CHUNK] receiver: upair5g_lmmse
[ISO-CHUNK] num_users: 3
[ISO-CHUNK] ebno_db: -1.0
[ISO-CHUNK] chunk_idx: 2
[ISO-CHUNK] chunk_batches: 20
[ISO-CHUNK] receiver_microbatch_size: 8
[ISO-CHUNK] chunk_seed: 1887040
[ISO-CHUNK] checkpoint: /scratch/rsadve1/Extended_UPAIR_Narval_b32m16_portable/TWC_plots_comprehensive/runs_rx16/seed7/1dmrs/deep_d256_b6_r2/checkpoints/best.weights.h5
[ISO-CHUNK] TF_GPU_ALLOCATOR: cuda_malloc_async
[ISO-CHUNK] output tag: deep_d256_b6_r2_u3_upair5g_lmmse_ebnom1p0_chunk0002_m8_b20
[EVAL] receiver microbatching enabled: batch_size_eval=64 receiver_microbatch_size=8
WARNING:tensorflow:Model's `__init__()` arguments contain non-serializable objects. Please implement a `get_config()` method in the subclassed Model for proper saving and loading. Defaulting to empty config.
WARNING:tensorflow:Model's `__init__()` arguments contain non-serializable objects. Please implement a `get_config()` method in the subclassed Model for proper saving and loading. Defaulting to empty config.
[EVAL] loaded UPAIR checkpoint: /scratch/rsadve1/Extended_UPAIR_Narval_b32m16_portable/TWC_plots_comprehensive/runs_rx16/seed7/1dmrs/deep_d256_b6_r2/checkpoints/best.weights.h5
[EVAL] skipping explicit NMSE channel-estimator calls for: upair5g_lmmse
[EVAL] instrumentation log_latency=True log_gpu_memory=True memory_cleanup_every_batches=1 memory_cleanup_every_microbatch=True stream_eval_microbatches=True compiled_receiver_error_counts=False receiver_call_jit_compile=False per_receiver_stopping=False target_bler_floor=1e-05 floor_num_frames=0 gpu_mem=0.13GiB peak=0.32GiB
[EVAL] receiver_call name=upair5g_lmmse mode=positional_y_no compiled_error_counts=False
[EVAL] progress num_users=3 Eb/N0=-1 dB batches=10/20 frame_err=upair5g_lmmse:4/1920 elapsed=109.3s avg_batch=10.926s gpu_mem=8.60GiB peak=8.79GiB
[EVAL] progress num_users=3 Eb/N0=-1 dB batches=20/20 frame_err=upair5g_lmmse:11/3840 elapsed=216.8s avg_batch=10.841s gpu_mem=17.06GiB peak=17.25GiB
[EVAL] receiver=           upair5g_lmmse Eb/N0=-1.0 dB BER=7.10545e-05 BLER=2.86458e-03 NMSE=nan bit_err=   812/11427840 blk_err=   11/3840   batches=  20 stop=global_stop rx_time=137.74s rx_ms_batch=6887.0 rx_ms_frame=35.870 point_time=216.82s gpu_mem=17.06GiB peak=17.25GiB
[ISO-CHUNK] wrote: /home/rsadve1/scratch/Extended_UPAIR_Narval_b32m16_portable/_isolated_eval_chunks/deep_d256_b6_r2_u3_upair5g_lmmse_ebnom1p0_chunk0002_m8_b20/chunk_result.csv
[ISO-CHUNK] DONE
[PIPELINE] status done=0 reason=continue chunks=3 batches=60 block_errors=13/100 next_chunk=3
2026-06-10 04:51:12.905163: E external/local_xla/xla/stream_executor/cuda/cuda_dnn.cc:9261] Unable to register cuDNN factory: Attempting to register factory for plugin cuDNN when one has already been registered
2026-06-10 04:51:12.905204: E external/local_xla/xla/stream_executor/cuda/cuda_fft.cc:607] Unable to register cuFFT factory: Attempting to register factory for plugin cuFFT when one has already been registered
2026-06-10 04:51:12.906060: E external/local_xla/xla/stream_executor/cuda/cuda_blas.cc:1515] Unable to register cuBLAS factory: Attempting to register factory for plugin cuBLAS when one has already been registered
[COMPREHENSIVE] loaded Optuna best JSON for deep_d256_b6_r2 from /home/rsadve1/scratch/Extended_UPAIR_Narval_b32m16_portable/optuna/clean_b32_prb8_d256_40k_smart_trueDMRS_u34610_1dmrs_stageB_deep_d256_b6_r2_best_params.json
[ISO-CHUNK] variant: deep_d256_b6_r2
[ISO-CHUNK] receiver: upair5g_lmmse
[ISO-CHUNK] num_users: 3
[ISO-CHUNK] ebno_db: -1.0
[ISO-CHUNK] chunk_idx: 3
[ISO-CHUNK] chunk_batches: 20
[ISO-CHUNK] receiver_microbatch_size: 8
[ISO-CHUNK] chunk_seed: 1987043
[ISO-CHUNK] checkpoint: /scratch/rsadve1/Extended_UPAIR_Narval_b32m16_portable/TWC_plots_comprehensive/runs_rx16/seed7/1dmrs/deep_d256_b6_r2/checkpoints/best.weights.h5
[ISO-CHUNK] TF_GPU_ALLOCATOR: cuda_malloc_async
[ISO-CHUNK] output tag: deep_d256_b6_r2_u3_upair5g_lmmse_ebnom1p0_chunk0003_m8_b20
[EVAL] receiver microbatching enabled: batch_size_eval=64 receiver_microbatch_size=8
WARNING:tensorflow:Model's `__init__()` arguments contain non-serializable objects. Please implement a `get_config()` method in the subclassed Model for proper saving and loading. Defaulting to empty config.
WARNING:tensorflow:Model's `__init__()` arguments contain non-serializable objects. Please implement a `get_config()` method in the subclassed Model for proper saving and loading. Defaulting to empty config.
[EVAL] loaded UPAIR checkpoint: /scratch/rsadve1/Extended_UPAIR_Narval_b32m16_portable/TWC_plots_comprehensive/runs_rx16/seed7/1dmrs/deep_d256_b6_r2/checkpoints/best.weights.h5
[EVAL] skipping explicit NMSE channel-estimator calls for: upair5g_lmmse
[EVAL] instrumentation log_latency=True log_gpu_memory=True memory_cleanup_every_batches=1 memory_cleanup_every_microbatch=True stream_eval_microbatches=True compiled_receiver_error_counts=False receiver_call_jit_compile=False per_receiver_stopping=False target_bler_floor=1e-05 floor_num_frames=0 gpu_mem=0.13GiB peak=0.32GiB
[EVAL] receiver_call name=upair5g_lmmse mode=positional_y_no compiled_error_counts=False
[EVAL] progress num_users=3 Eb/N0=-1 dB batches=10/20 frame_err=upair5g_lmmse:2/1920 elapsed=107.9s avg_batch=10.787s gpu_mem=8.60GiB peak=8.79GiB
[EVAL] progress num_users=3 Eb/N0=-1 dB batches=20/20 frame_err=upair5g_lmmse:7/3840 elapsed=215.5s avg_batch=10.773s gpu_mem=17.06GiB peak=17.25GiB
[EVAL] receiver=           upair5g_lmmse Eb/N0=-1.0 dB BER=8.36554e-05 BLER=1.82292e-03 NMSE=nan bit_err=   956/11427840 blk_err=    7/3840   batches=  20 stop=global_stop rx_time=136.46s rx_ms_batch=6823.0 rx_ms_frame=35.536 point_time=215.47s gpu_mem=17.06GiB peak=17.25GiB
[ISO-CHUNK] wrote: /home/rsadve1/scratch/Extended_UPAIR_Narval_b32m16_portable/_isolated_eval_chunks/deep_d256_b6_r2_u3_upair5g_lmmse_ebnom1p0_chunk0003_m8_b20/chunk_result.csv
[ISO-CHUNK] DONE
[PIPELINE] status done=0 reason=continue chunks=4 batches=80 block_errors=20/100 next_chunk=4
2026-06-10 04:55:20.651461: E external/local_xla/xla/stream_executor/cuda/cuda_dnn.cc:9261] Unable to register cuDNN factory: Attempting to register factory for plugin cuDNN when one has already been registered
2026-06-10 04:55:20.651501: E external/local_xla/xla/stream_executor/cuda/cuda_fft.cc:607] Unable to register cuFFT factory: Attempting to register factory for plugin cuFFT when one has already been registered
2026-06-10 04:55:20.652380: E external/local_xla/xla/stream_executor/cuda/cuda_blas.cc:1515] Unable to register cuBLAS factory: Attempting to register factory for plugin cuBLAS when one has already been registered
[COMPREHENSIVE] loaded Optuna best JSON for deep_d256_b6_r2 from /home/rsadve1/scratch/Extended_UPAIR_Narval_b32m16_portable/optuna/clean_b32_prb8_d256_40k_smart_trueDMRS_u34610_1dmrs_stageB_deep_d256_b6_r2_best_params.json
[ISO-CHUNK] variant: deep_d256_b6_r2
[ISO-CHUNK] receiver: upair5g_lmmse
[ISO-CHUNK] num_users: 3
[ISO-CHUNK] ebno_db: -1.0
[ISO-CHUNK] chunk_idx: 4
[ISO-CHUNK] chunk_batches: 20
[ISO-CHUNK] receiver_microbatch_size: 8
[ISO-CHUNK] chunk_seed: 2087046
[ISO-CHUNK] checkpoint: /scratch/rsadve1/Extended_UPAIR_Narval_b32m16_portable/TWC_plots_comprehensive/runs_rx16/seed7/1dmrs/deep_d256_b6_r2/checkpoints/best.weights.h5
[ISO-CHUNK] TF_GPU_ALLOCATOR: cuda_malloc_async
[ISO-CHUNK] output tag: deep_d256_b6_r2_u3_upair5g_lmmse_ebnom1p0_chunk0004_m8_b20
[EVAL] receiver microbatching enabled: batch_size_eval=64 receiver_microbatch_size=8
WARNING:tensorflow:Model's `__init__()` arguments contain non-serializable objects. Please implement a `get_config()` method in the subclassed Model for proper saving and loading. Defaulting to empty config.
WARNING:tensorflow:Model's `__init__()` arguments contain non-serializable objects. Please implement a `get_config()` method in the subclassed Model for proper saving and loading. Defaulting to empty config.
[EVAL] loaded UPAIR checkpoint: /scratch/rsadve1/Extended_UPAIR_Narval_b32m16_portable/TWC_plots_comprehensive/runs_rx16/seed7/1dmrs/deep_d256_b6_r2/checkpoints/best.weights.h5
[EVAL] skipping explicit NMSE channel-estimator calls for: upair5g_lmmse
[EVAL] instrumentation log_latency=True log_gpu_memory=True memory_cleanup_every_batches=1 memory_cleanup_every_microbatch=True stream_eval_microbatches=True compiled_receiver_error_counts=False receiver_call_jit_compile=False per_receiver_stopping=False target_bler_floor=1e-05 floor_num_frames=0 gpu_mem=0.13GiB peak=0.32GiB
[EVAL] receiver_call name=upair5g_lmmse mode=positional_y_no compiled_error_counts=False
[EVAL] progress num_users=3 Eb/N0=-1 dB batches=10/20 frame_err=upair5g_lmmse:0/1920 elapsed=108.3s avg_batch=10.828s gpu_mem=8.60GiB peak=8.79GiB
[EVAL] progress num_users=3 Eb/N0=-1 dB batches=20/20 frame_err=upair5g_lmmse:2/3840 elapsed=216.7s avg_batch=10.836s gpu_mem=17.06GiB peak=17.25GiB
[EVAL] receiver=           upair5g_lmmse Eb/N0=-1.0 dB BER=2.25764e-05 BLER=5.20833e-04 NMSE=nan bit_err=   258/11427840 blk_err=    2/3840   batches=  20 stop=global_stop rx_time=137.35s rx_ms_batch=6867.3 rx_ms_frame=35.767 point_time=216.72s gpu_mem=17.06GiB peak=17.25GiB
[ISO-CHUNK] wrote: /home/rsadve1/scratch/Extended_UPAIR_Narval_b32m16_portable/_isolated_eval_chunks/deep_d256_b6_r2_u3_upair5g_lmmse_ebnom1p0_chunk0004_m8_b20/chunk_result.csv
[ISO-CHUNK] DONE
[PIPELINE] status done=0 reason=continue chunks=5 batches=100 block_errors=22/100 next_chunk=5
2026-06-10 04:59:31.881435: E external/local_xla/xla/stream_executor/cuda/cuda_dnn.cc:9261] Unable to register cuDNN factory: Attempting to register factory for plugin cuDNN when one has already been registered
2026-06-10 04:59:31.881475: E external/local_xla/xla/stream_executor/cuda/cuda_fft.cc:607] Unable to register cuFFT factory: Attempting to register factory for plugin cuFFT when one has already been registered
2026-06-10 04:59:31.882397: E external/local_xla/xla/stream_executor/cuda/cuda_blas.cc:1515] Unable to register cuBLAS factory: Attempting to register factory for plugin cuBLAS when one has already been registered
[COMPREHENSIVE] loaded Optuna best JSON for deep_d256_b6_r2 from /home/rsadve1/scratch/Extended_UPAIR_Narval_b32m16_portable/optuna/clean_b32_prb8_d256_40k_smart_trueDMRS_u34610_1dmrs_stageB_deep_d256_b6_r2_best_params.json
[ISO-CHUNK] variant: deep_d256_b6_r2
[ISO-CHUNK] receiver: upair5g_lmmse
[ISO-CHUNK] num_users: 3
[ISO-CHUNK] ebno_db: -1.0
[ISO-CHUNK] chunk_idx: 5
[ISO-CHUNK] chunk_batches: 20
[ISO-CHUNK] receiver_microbatch_size: 8
[ISO-CHUNK] chunk_seed: 2187049
[ISO-CHUNK] checkpoint: /scratch/rsadve1/Extended_UPAIR_Narval_b32m16_portable/TWC_plots_comprehensive/runs_rx16/seed7/1dmrs/deep_d256_b6_r2/checkpoints/best.weights.h5
[ISO-CHUNK] TF_GPU_ALLOCATOR: cuda_malloc_async
[ISO-CHUNK] output tag: deep_d256_b6_r2_u3_upair5g_lmmse_ebnom1p0_chunk0005_m8_b20
[EVAL] receiver microbatching enabled: batch_size_eval=64 receiver_microbatch_size=8
WARNING:tensorflow:Model's `__init__()` arguments contain non-serializable objects. Please implement a `get_config()` method in the subclassed Model for proper saving and loading. Defaulting to empty config.
WARNING:tensorflow:Model's `__init__()` arguments contain non-serializable objects. Please implement a `get_config()` method in the subclassed Model for proper saving and loading. Defaulting to empty config.
[EVAL] loaded UPAIR checkpoint: /scratch/rsadve1/Extended_UPAIR_Narval_b32m16_portable/TWC_plots_comprehensive/runs_rx16/seed7/1dmrs/deep_d256_b6_r2/checkpoints/best.weights.h5
[EVAL] skipping explicit NMSE channel-estimator calls for: upair5g_lmmse
[EVAL] instrumentation log_latency=True log_gpu_memory=True memory_cleanup_every_batches=1 memory_cleanup_every_microbatch=True stream_eval_microbatches=True compiled_receiver_error_counts=False receiver_call_jit_compile=False per_receiver_stopping=False target_bler_floor=1e-05 floor_num_frames=0 gpu_mem=0.13GiB peak=0.32GiB
[EVAL] receiver_call name=upair5g_lmmse mode=positional_y_no compiled_error_counts=False
[EVAL] progress num_users=3 Eb/N0=-1 dB batches=10/20 frame_err=upair5g_lmmse:4/1920 elapsed=108.3s avg_batch=10.834s gpu_mem=8.60GiB peak=8.79GiB
[EVAL] progress num_users=3 Eb/N0=-1 dB batches=20/20 frame_err=upair5g_lmmse:7/3840 elapsed=216.5s avg_batch=10.825s gpu_mem=17.06GiB peak=17.25GiB
[EVAL] receiver=           upair5g_lmmse Eb/N0=-1.0 dB BER=1.08594e-04 BLER=1.82292e-03 NMSE=nan bit_err=  1241/11427840 blk_err=    7/3840   batches=  20 stop=global_stop rx_time=137.16s rx_ms_batch=6858.0 rx_ms_frame=35.719 point_time=216.50s gpu_mem=17.06GiB peak=17.25GiB
[ISO-CHUNK] wrote: /home/rsadve1/scratch/Extended_UPAIR_Narval_b32m16_portable/_isolated_eval_chunks/deep_d256_b6_r2_u3_upair5g_lmmse_ebnom1p0_chunk0005_m8_b20/chunk_result.csv
[ISO-CHUNK] DONE
[PIPELINE] status done=0 reason=continue chunks=6 batches=120 block_errors=29/100 next_chunk=6
2026-06-10 05:03:31.855246: E external/local_xla/xla/stream_executor/cuda/cuda_dnn.cc:9261] Unable to register cuDNN factory: Attempting to register factory for plugin cuDNN when one has already been registered
2026-06-10 05:03:31.855285: E external/local_xla/xla/stream_executor/cuda/cuda_fft.cc:607] Unable to register cuFFT factory: Attempting to register factory for plugin cuFFT when one has already been registered
2026-06-10 05:03:31.856174: E external/local_xla/xla/stream_executor/cuda/cuda_blas.cc:1515] Unable to register cuBLAS factory: Attempting to register factory for plugin cuBLAS when one has already been registered
[COMPREHENSIVE] loaded Optuna best JSON for deep_d256_b6_r2 from /home/rsadve1/scratch/Extended_UPAIR_Narval_b32m16_portable/optuna/clean_b32_prb8_d256_40k_smart_trueDMRS_u34610_1dmrs_stageB_deep_d256_b6_r2_best_params.json
[ISO-CHUNK] variant: deep_d256_b6_r2
[ISO-CHUNK] receiver: upair5g_lmmse
[ISO-CHUNK] num_users: 3
[ISO-CHUNK] ebno_db: -1.0
[ISO-CHUNK] chunk_idx: 6
[ISO-CHUNK] chunk_batches: 20
[ISO-CHUNK] receiver_microbatch_size: 8
[ISO-CHUNK] chunk_seed: 2287052
[ISO-CHUNK] checkpoint: /scratch/rsadve1/Extended_UPAIR_Narval_b32m16_portable/TWC_plots_comprehensive/runs_rx16/seed7/1dmrs/deep_d256_b6_r2/checkpoints/best.weights.h5
[ISO-CHUNK] TF_GPU_ALLOCATOR: cuda_malloc_async
[ISO-CHUNK] output tag: deep_d256_b6_r2_u3_upair5g_lmmse_ebnom1p0_chunk0006_m8_b20
[EVAL] receiver microbatching enabled: batch_size_eval=64 receiver_microbatch_size=8
WARNING:tensorflow:Model's `__init__()` arguments contain non-serializable objects. Please implement a `get_config()` method in the subclassed Model for proper saving and loading. Defaulting to empty config.
WARNING:tensorflow:Model's `__init__()` arguments contain non-serializable objects. Please implement a `get_config()` method in the subclassed Model for proper saving and loading. Defaulting to empty config.
[EVAL] loaded UPAIR checkpoint: /scratch/rsadve1/Extended_UPAIR_Narval_b32m16_portable/TWC_plots_comprehensive/runs_rx16/seed7/1dmrs/deep_d256_b6_r2/checkpoints/best.weights.h5
[EVAL] skipping explicit NMSE channel-estimator calls for: upair5g_lmmse
[EVAL] instrumentation log_latency=True log_gpu_memory=True memory_cleanup_every_batches=1 memory_cleanup_every_microbatch=True stream_eval_microbatches=True compiled_receiver_error_counts=False receiver_call_jit_compile=False per_receiver_stopping=False target_bler_floor=1e-05 floor_num_frames=0 gpu_mem=0.13GiB peak=0.32GiB
[EVAL] receiver_call name=upair5g_lmmse mode=positional_y_no compiled_error_counts=False
[EVAL] progress num_users=3 Eb/N0=-1 dB batches=10/20 frame_err=upair5g_lmmse:1/1920 elapsed=108.6s avg_batch=10.857s gpu_mem=8.60GiB peak=8.79GiB
[EVAL] progress num_users=3 Eb/N0=-1 dB batches=20/20 frame_err=upair5g_lmmse:6/3840 elapsed=217.0s avg_batch=10.849s gpu_mem=17.06GiB peak=17.25GiB
[EVAL] receiver=           upair5g_lmmse Eb/N0=-1.0 dB BER=7.51673e-05 BLER=1.56250e-03 NMSE=nan bit_err=   859/11427840 blk_err=    6/3840   batches=  20 stop=global_stop rx_time=137.60s rx_ms_batch=6879.8 rx_ms_frame=35.832 point_time=216.98s gpu_mem=17.06GiB peak=17.25GiB
[ISO-CHUNK] wrote: /home/rsadve1/scratch/Extended_UPAIR_Narval_b32m16_portable/_isolated_eval_chunks/deep_d256_b6_r2_u3_upair5g_lmmse_ebnom1p0_chunk0006_m8_b20/chunk_result.csv
[ISO-CHUNK] DONE
[PIPELINE] status done=0 reason=continue chunks=7 batches=140 block_errors=35/100 next_chunk=7
2026-06-10 05:07:34.263533: E external/local_xla/xla/stream_executor/cuda/cuda_dnn.cc:9261] Unable to register cuDNN factory: Attempting to register factory for plugin cuDNN when one has already been registered
2026-06-10 05:07:34.263580: E external/local_xla/xla/stream_executor/cuda/cuda_fft.cc:607] Unable to register cuFFT factory: Attempting to register factory for plugin cuFFT when one has already been registered
2026-06-10 05:07:34.264499: E external/local_xla/xla/stream_executor/cuda/cuda_blas.cc:1515] Unable to register cuBLAS factory: Attempting to register factory for plugin cuBLAS when one has already been registered
[COMPREHENSIVE] loaded Optuna best JSON for deep_d256_b6_r2 from /home/rsadve1/scratch/Extended_UPAIR_Narval_b32m16_portable/optuna/clean_b32_prb8_d256_40k_smart_trueDMRS_u34610_1dmrs_stageB_deep_d256_b6_r2_best_params.json
[ISO-CHUNK] variant: deep_d256_b6_r2
[ISO-CHUNK] receiver: upair5g_lmmse
[ISO-CHUNK] num_users: 3
[ISO-CHUNK] ebno_db: -1.0
[ISO-CHUNK] chunk_idx: 7
[ISO-CHUNK] chunk_batches: 20
[ISO-CHUNK] receiver_microbatch_size: 8
[ISO-CHUNK] chunk_seed: 2387055
[ISO-CHUNK] checkpoint: /scratch/rsadve1/Extended_UPAIR_Narval_b32m16_portable/TWC_plots_comprehensive/runs_rx16/seed7/1dmrs/deep_d256_b6_r2/checkpoints/best.weights.h5
[ISO-CHUNK] TF_GPU_ALLOCATOR: cuda_malloc_async
[ISO-CHUNK] output tag: deep_d256_b6_r2_u3_upair5g_lmmse_ebnom1p0_chunk0007_m8_b20
[EVAL] receiver microbatching enabled: batch_size_eval=64 receiver_microbatch_size=8
WARNING:tensorflow:Model's `__init__()` arguments contain non-serializable objects. Please implement a `get_config()` method in the subclassed Model for proper saving and loading. Defaulting to empty config.
WARNING:tensorflow:Model's `__init__()` arguments contain non-serializable objects. Please implement a `get_config()` method in the subclassed Model for proper saving and loading. Defaulting to empty config.
[EVAL] loaded UPAIR checkpoint: /scratch/rsadve1/Extended_UPAIR_Narval_b32m16_portable/TWC_plots_comprehensive/runs_rx16/seed7/1dmrs/deep_d256_b6_r2/checkpoints/best.weights.h5
[EVAL] skipping explicit NMSE channel-estimator calls for: upair5g_lmmse
[EVAL] instrumentation log_latency=True log_gpu_memory=True memory_cleanup_every_batches=1 memory_cleanup_every_microbatch=True stream_eval_microbatches=True compiled_receiver_error_counts=False receiver_call_jit_compile=False per_receiver_stopping=False target_bler_floor=1e-05 floor_num_frames=0 gpu_mem=0.13GiB peak=0.32GiB
[EVAL] receiver_call name=upair5g_lmmse mode=positional_y_no compiled_error_counts=False
[EVAL] progress num_users=3 Eb/N0=-1 dB batches=10/20 frame_err=upair5g_lmmse:2/1920 elapsed=107.8s avg_batch=10.777s gpu_mem=8.60GiB peak=8.79GiB
[EVAL] progress num_users=3 Eb/N0=-1 dB batches=20/20 frame_err=upair5g_lmmse:4/3840 elapsed=215.9s avg_batch=10.796s gpu_mem=17.06GiB peak=17.25GiB
[EVAL] receiver=           upair5g_lmmse Eb/N0=-1.0 dB BER=2.63392e-05 BLER=1.04167e-03 NMSE=nan bit_err=   301/11427840 blk_err=    4/3840   batches=  20 stop=global_stop rx_time=136.68s rx_ms_batch=6833.9 rx_ms_frame=35.593 point_time=215.92s gpu_mem=17.06GiB peak=17.25GiB
[ISO-CHUNK] wrote: /home/rsadve1/scratch/Extended_UPAIR_Narval_b32m16_portable/_isolated_eval_chunks/deep_d256_b6_r2_u3_upair5g_lmmse_ebnom1p0_chunk0007_m8_b20/chunk_result.csv
[ISO-CHUNK] DONE
[PIPELINE] status done=0 reason=continue chunks=8 batches=160 block_errors=39/100 next_chunk=8
2026-06-10 05:11:35.882724: E external/local_xla/xla/stream_executor/cuda/cuda_dnn.cc:9261] Unable to register cuDNN factory: Attempting to register factory for plugin cuDNN when one has already been registered
2026-06-10 05:11:35.882758: E external/local_xla/xla/stream_executor/cuda/cuda_fft.cc:607] Unable to register cuFFT factory: Attempting to register factory for plugin cuFFT when one has already been registered
2026-06-10 05:11:35.883679: E external/local_xla/xla/stream_executor/cuda/cuda_blas.cc:1515] Unable to register cuBLAS factory: Attempting to register factory for plugin cuBLAS when one has already been registered
[COMPREHENSIVE] loaded Optuna best JSON for deep_d256_b6_r2 from /home/rsadve1/scratch/Extended_UPAIR_Narval_b32m16_portable/optuna/clean_b32_prb8_d256_40k_smart_trueDMRS_u34610_1dmrs_stageB_deep_d256_b6_r2_best_params.json
[ISO-CHUNK] variant: deep_d256_b6_r2
[ISO-CHUNK] receiver: upair5g_lmmse
[ISO-CHUNK] num_users: 3
[ISO-CHUNK] ebno_db: -1.0
[ISO-CHUNK] chunk_idx: 8
[ISO-CHUNK] chunk_batches: 20
[ISO-CHUNK] receiver_microbatch_size: 8
[ISO-CHUNK] chunk_seed: 2487058
[ISO-CHUNK] checkpoint: /scratch/rsadve1/Extended_UPAIR_Narval_b32m16_portable/TWC_plots_comprehensive/runs_rx16/seed7/1dmrs/deep_d256_b6_r2/checkpoints/best.weights.h5
[ISO-CHUNK] TF_GPU_ALLOCATOR: cuda_malloc_async
[ISO-CHUNK] output tag: deep_d256_b6_r2_u3_upair5g_lmmse_ebnom1p0_chunk0008_m8_b20
[EVAL] receiver microbatching enabled: batch_size_eval=64 receiver_microbatch_size=8
WARNING:tensorflow:Model's `__init__()` arguments contain non-serializable objects. Please implement a `get_config()` method in the subclassed Model for proper saving and loading. Defaulting to empty config.
WARNING:tensorflow:Model's `__init__()` arguments contain non-serializable objects. Please implement a `get_config()` method in the subclassed Model for proper saving and loading. Defaulting to empty config.
[EVAL] loaded UPAIR checkpoint: /scratch/rsadve1/Extended_UPAIR_Narval_b32m16_portable/TWC_plots_comprehensive/runs_rx16/seed7/1dmrs/deep_d256_b6_r2/checkpoints/best.weights.h5
[EVAL] skipping explicit NMSE channel-estimator calls for: upair5g_lmmse
[EVAL] instrumentation log_latency=True log_gpu_memory=True memory_cleanup_every_batches=1 memory_cleanup_every_microbatch=True stream_eval_microbatches=True compiled_receiver_error_counts=False receiver_call_jit_compile=False per_receiver_stopping=False target_bler_floor=1e-05 floor_num_frames=0 gpu_mem=0.13GiB peak=0.32GiB
[EVAL] receiver_call name=upair5g_lmmse mode=positional_y_no compiled_error_counts=False
[EVAL] progress num_users=3 Eb/N0=-1 dB batches=10/20 frame_err=upair5g_lmmse:1/1920 elapsed=107.7s avg_batch=10.773s gpu_mem=8.60GiB peak=8.79GiB
[EVAL] progress num_users=3 Eb/N0=-1 dB batches=20/20 frame_err=upair5g_lmmse:4/3840 elapsed=215.3s avg_batch=10.764s gpu_mem=17.06GiB peak=17.25GiB
[EVAL] receiver=           upair5g_lmmse Eb/N0=-1.0 dB BER=4.00776e-05 BLER=1.04167e-03 NMSE=nan bit_err=   458/11427840 blk_err=    4/3840   batches=  20 stop=global_stop rx_time=136.33s rx_ms_batch=6816.3 rx_ms_frame=35.502 point_time=215.27s gpu_mem=17.06GiB peak=17.25GiB
[ISO-CHUNK] wrote: /home/rsadve1/scratch/Extended_UPAIR_Narval_b32m16_portable/_isolated_eval_chunks/deep_d256_b6_r2_u3_upair5g_lmmse_ebnom1p0_chunk0008_m8_b20/chunk_result.csv
[ISO-CHUNK] DONE
[PIPELINE] status done=0 reason=continue chunks=9 batches=180 block_errors=43/100 next_chunk=9
2026-06-10 05:15:36.131359: E external/local_xla/xla/stream_executor/cuda/cuda_dnn.cc:9261] Unable to register cuDNN factory: Attempting to register factory for plugin cuDNN when one has already been registered
2026-06-10 05:15:36.131401: E external/local_xla/xla/stream_executor/cuda/cuda_fft.cc:607] Unable to register cuFFT factory: Attempting to register factory for plugin cuFFT when one has already been registered
2026-06-10 05:15:36.132294: E external/local_xla/xla/stream_executor/cuda/cuda_blas.cc:1515] Unable to register cuBLAS factory: Attempting to register factory for plugin cuBLAS when one has already been registered
[COMPREHENSIVE] loaded Optuna best JSON for deep_d256_b6_r2 from /home/rsadve1/scratch/Extended_UPAIR_Narval_b32m16_portable/optuna/clean_b32_prb8_d256_40k_smart_trueDMRS_u34610_1dmrs_stageB_deep_d256_b6_r2_best_params.json
[ISO-CHUNK] variant: deep_d256_b6_r2
[ISO-CHUNK] receiver: upair5g_lmmse
[ISO-CHUNK] num_users: 3
[ISO-CHUNK] ebno_db: -1.0
[ISO-CHUNK] chunk_idx: 9
[ISO-CHUNK] chunk_batches: 20
[ISO-CHUNK] receiver_microbatch_size: 8
[ISO-CHUNK] chunk_seed: 2587061
[ISO-CHUNK] checkpoint: /scratch/rsadve1/Extended_UPAIR_Narval_b32m16_portable/TWC_plots_comprehensive/runs_rx16/seed7/1dmrs/deep_d256_b6_r2/checkpoints/best.weights.h5
[ISO-CHUNK] TF_GPU_ALLOCATOR: cuda_malloc_async
[ISO-CHUNK] output tag: deep_d256_b6_r2_u3_upair5g_lmmse_ebnom1p0_chunk0009_m8_b20
[EVAL] receiver microbatching enabled: batch_size_eval=64 receiver_microbatch_size=8
WARNING:tensorflow:Model's `__init__()` arguments contain non-serializable objects. Please implement a `get_config()` method in the subclassed Model for proper saving and loading. Defaulting to empty config.
WARNING:tensorflow:Model's `__init__()` arguments contain non-serializable objects. Please implement a `get_config()` method in the subclassed Model for proper saving and loading. Defaulting to empty config.
[EVAL] loaded UPAIR checkpoint: /scratch/rsadve1/Extended_UPAIR_Narval_b32m16_portable/TWC_plots_comprehensive/runs_rx16/seed7/1dmrs/deep_d256_b6_r2/checkpoints/best.weights.h5
[EVAL] skipping explicit NMSE channel-estimator calls for: upair5g_lmmse
[EVAL] instrumentation log_latency=True log_gpu_memory=True memory_cleanup_every_batches=1 memory_cleanup_every_microbatch=True stream_eval_microbatches=True compiled_receiver_error_counts=False receiver_call_jit_compile=False per_receiver_stopping=False target_bler_floor=1e-05 floor_num_frames=0 gpu_mem=0.13GiB peak=0.32GiB
[EVAL] receiver_call name=upair5g_lmmse mode=positional_y_no compiled_error_counts=False
[EVAL] progress num_users=3 Eb/N0=-1 dB batches=10/20 frame_err=upair5g_lmmse:4/1920 elapsed=109.8s avg_batch=10.984s gpu_mem=8.60GiB peak=8.79GiB
[EVAL] progress num_users=3 Eb/N0=-1 dB batches=20/20 frame_err=upair5g_lmmse:6/3840 elapsed=218.9s avg_batch=10.944s gpu_mem=17.06GiB peak=17.25GiB
[EVAL] receiver=           upair5g_lmmse Eb/N0=-1.0 dB BER=1.10520e-04 BLER=1.56250e-03 NMSE=nan bit_err=  1263/11427840 blk_err=    6/3840   batches=  20 stop=global_stop rx_time=138.89s rx_ms_batch=6944.7 rx_ms_frame=36.170 point_time=218.88s gpu_mem=17.06GiB peak=17.25GiB
[ISO-CHUNK] wrote: /home/rsadve1/scratch/Extended_UPAIR_Narval_b32m16_portable/_isolated_eval_chunks/deep_d256_b6_r2_u3_upair5g_lmmse_ebnom1p0_chunk0009_m8_b20/chunk_result.csv
[ISO-CHUNK] DONE
[PIPELINE] status done=0 reason=continue chunks=10 batches=200 block_errors=49/100 next_chunk=10
2026-06-10 05:19:43.977294: E external/local_xla/xla/stream_executor/cuda/cuda_dnn.cc:9261] Unable to register cuDNN factory: Attempting to register factory for plugin cuDNN when one has already been registered
2026-06-10 05:19:43.977339: E external/local_xla/xla/stream_executor/cuda/cuda_fft.cc:607] Unable to register cuFFT factory: Attempting to register factory for plugin cuFFT when one has already been registered
2026-06-10 05:19:43.978254: E external/local_xla/xla/stream_executor/cuda/cuda_blas.cc:1515] Unable to register cuBLAS factory: Attempting to register factory for plugin cuBLAS when one has already been registered
[COMPREHENSIVE] loaded Optuna best JSON for deep_d256_b6_r2 from /home/rsadve1/scratch/Extended_UPAIR_Narval_b32m16_portable/optuna/clean_b32_prb8_d256_40k_smart_trueDMRS_u34610_1dmrs_stageB_deep_d256_b6_r2_best_params.json
[ISO-CHUNK] variant: deep_d256_b6_r2
[ISO-CHUNK] receiver: upair5g_lmmse
[ISO-CHUNK] num_users: 3
[ISO-CHUNK] ebno_db: -1.0
[ISO-CHUNK] chunk_idx: 10
[ISO-CHUNK] chunk_batches: 20
[ISO-CHUNK] receiver_microbatch_size: 8
[ISO-CHUNK] chunk_seed: 2687064
[ISO-CHUNK] checkpoint: /scratch/rsadve1/Extended_UPAIR_Narval_b32m16_portable/TWC_plots_comprehensive/runs_rx16/seed7/1dmrs/deep_d256_b6_r2/checkpoints/best.weights.h5
[ISO-CHUNK] TF_GPU_ALLOCATOR: cuda_malloc_async
[ISO-CHUNK] output tag: deep_d256_b6_r2_u3_upair5g_lmmse_ebnom1p0_chunk0010_m8_b20
[EVAL] receiver microbatching enabled: batch_size_eval=64 receiver_microbatch_size=8
WARNING:tensorflow:Model's `__init__()` arguments contain non-serializable objects. Please implement a `get_config()` method in the subclassed Model for proper saving and loading. Defaulting to empty config.
WARNING:tensorflow:Model's `__init__()` arguments contain non-serializable objects. Please implement a `get_config()` method in the subclassed Model for proper saving and loading. Defaulting to empty config.
[EVAL] loaded UPAIR checkpoint: /scratch/rsadve1/Extended_UPAIR_Narval_b32m16_portable/TWC_plots_comprehensive/runs_rx16/seed7/1dmrs/deep_d256_b6_r2/checkpoints/best.weights.h5
[EVAL] skipping explicit NMSE channel-estimator calls for: upair5g_lmmse
[EVAL] instrumentation log_latency=True log_gpu_memory=True memory_cleanup_every_batches=1 memory_cleanup_every_microbatch=True stream_eval_microbatches=True compiled_receiver_error_counts=False receiver_call_jit_compile=False per_receiver_stopping=False target_bler_floor=1e-05 floor_num_frames=0 gpu_mem=0.13GiB peak=0.32GiB
[EVAL] receiver_call name=upair5g_lmmse mode=positional_y_no compiled_error_counts=False
[EVAL] progress num_users=3 Eb/N0=-1 dB batches=10/20 frame_err=upair5g_lmmse:3/1920 elapsed=108.1s avg_batch=10.809s gpu_mem=8.60GiB peak=8.79GiB
[EVAL] progress num_users=3 Eb/N0=-1 dB batches=20/20 frame_err=upair5g_lmmse:6/3840 elapsed=216.0s avg_batch=10.801s gpu_mem=17.06GiB peak=17.25GiB
[EVAL] receiver=           upair5g_lmmse Eb/N0=-1.0 dB BER=5.69661e-05 BLER=1.56250e-03 NMSE=nan bit_err=   651/11427840 blk_err=    6/3840   batches=  20 stop=global_stop rx_time=136.72s rx_ms_batch=6836.2 rx_ms_frame=35.605 point_time=216.01s gpu_mem=17.06GiB peak=17.25GiB
[ISO-CHUNK] wrote: /home/rsadve1/scratch/Extended_UPAIR_Narval_b32m16_portable/_isolated_eval_chunks/deep_d256_b6_r2_u3_upair5g_lmmse_ebnom1p0_chunk0010_m8_b20/chunk_result.csv
[ISO-CHUNK] DONE
[PIPELINE] status done=0 reason=continue chunks=11 batches=220 block_errors=55/100 next_chunk=11
2026-06-10 05:23:50.497430: E external/local_xla/xla/stream_executor/cuda/cuda_dnn.cc:9261] Unable to register cuDNN factory: Attempting to register factory for plugin cuDNN when one has already been registered
2026-06-10 05:23:50.497475: E external/local_xla/xla/stream_executor/cuda/cuda_fft.cc:607] Unable to register cuFFT factory: Attempting to register factory for plugin cuFFT when one has already been registered
2026-06-10 05:23:50.498377: E external/local_xla/xla/stream_executor/cuda/cuda_blas.cc:1515] Unable to register cuBLAS factory: Attempting to register factory for plugin cuBLAS when one has already been registered
[COMPREHENSIVE] loaded Optuna best JSON for deep_d256_b6_r2 from /home/rsadve1/scratch/Extended_UPAIR_Narval_b32m16_portable/optuna/clean_b32_prb8_d256_40k_smart_trueDMRS_u34610_1dmrs_stageB_deep_d256_b6_r2_best_params.json
[ISO-CHUNK] variant: deep_d256_b6_r2
[ISO-CHUNK] receiver: upair5g_lmmse
[ISO-CHUNK] num_users: 3
[ISO-CHUNK] ebno_db: -1.0
[ISO-CHUNK] chunk_idx: 11
[ISO-CHUNK] chunk_batches: 20
[ISO-CHUNK] receiver_microbatch_size: 8
[ISO-CHUNK] chunk_seed: 2787067
[ISO-CHUNK] checkpoint: /scratch/rsadve1/Extended_UPAIR_Narval_b32m16_portable/TWC_plots_comprehensive/runs_rx16/seed7/1dmrs/deep_d256_b6_r2/checkpoints/best.weights.h5
[ISO-CHUNK] TF_GPU_ALLOCATOR: cuda_malloc_async
[ISO-CHUNK] output tag: deep_d256_b6_r2_u3_upair5g_lmmse_ebnom1p0_chunk0011_m8_b20
[EVAL] receiver microbatching enabled: batch_size_eval=64 receiver_microbatch_size=8
WARNING:tensorflow:Model's `__init__()` arguments contain non-serializable objects. Please implement a `get_config()` method in the subclassed Model for proper saving and loading. Defaulting to empty config.
WARNING:tensorflow:Model's `__init__()` arguments contain non-serializable objects. Please implement a `get_config()` method in the subclassed Model for proper saving and loading. Defaulting to empty config.
[EVAL] loaded UPAIR checkpoint: /scratch/rsadve1/Extended_UPAIR_Narval_b32m16_portable/TWC_plots_comprehensive/runs_rx16/seed7/1dmrs/deep_d256_b6_r2/checkpoints/best.weights.h5
[EVAL] skipping explicit NMSE channel-estimator calls for: upair5g_lmmse
[EVAL] instrumentation log_latency=True log_gpu_memory=True memory_cleanup_every_batches=1 memory_cleanup_every_microbatch=True stream_eval_microbatches=True compiled_receiver_error_counts=False receiver_call_jit_compile=False per_receiver_stopping=False target_bler_floor=1e-05 floor_num_frames=0 gpu_mem=0.13GiB peak=0.32GiB
[EVAL] receiver_call name=upair5g_lmmse mode=positional_y_no compiled_error_counts=False
[EVAL] progress num_users=3 Eb/N0=-1 dB batches=10/20 frame_err=upair5g_lmmse:1/1920 elapsed=108.3s avg_batch=10.827s gpu_mem=8.60GiB peak=8.79GiB
[EVAL] progress num_users=3 Eb/N0=-1 dB batches=20/20 frame_err=upair5g_lmmse:3/3840 elapsed=216.4s avg_batch=10.821s gpu_mem=17.06GiB peak=17.25GiB
[EVAL] receiver=           upair5g_lmmse Eb/N0=-1.0 dB BER=1.47884e-05 BLER=7.81250e-04 NMSE=nan bit_err=   169/11427840 blk_err=    3/3840   batches=  20 stop=global_stop rx_time=137.24s rx_ms_batch=6861.8 rx_ms_frame=35.738 point_time=216.42s gpu_mem=17.06GiB peak=17.25GiB
[ISO-CHUNK] wrote: /home/rsadve1/scratch/Extended_UPAIR_Narval_b32m16_portable/_isolated_eval_chunks/deep_d256_b6_r2_u3_upair5g_lmmse_ebnom1p0_chunk0011_m8_b20/chunk_result.csv
[ISO-CHUNK] DONE
[PIPELINE] status done=0 reason=continue chunks=12 batches=240 block_errors=58/100 next_chunk=12
2026-06-10 05:28:00.232024: E external/local_xla/xla/stream_executor/cuda/cuda_dnn.cc:9261] Unable to register cuDNN factory: Attempting to register factory for plugin cuDNN when one has already been registered
2026-06-10 05:28:00.232070: E external/local_xla/xla/stream_executor/cuda/cuda_fft.cc:607] Unable to register cuFFT factory: Attempting to register factory for plugin cuFFT when one has already been registered
2026-06-10 05:28:00.232982: E external/local_xla/xla/stream_executor/cuda/cuda_blas.cc:1515] Unable to register cuBLAS factory: Attempting to register factory for plugin cuBLAS when one has already been registered
[COMPREHENSIVE] loaded Optuna best JSON for deep_d256_b6_r2 from /home/rsadve1/scratch/Extended_UPAIR_Narval_b32m16_portable/optuna/clean_b32_prb8_d256_40k_smart_trueDMRS_u34610_1dmrs_stageB_deep_d256_b6_r2_best_params.json
[ISO-CHUNK] variant: deep_d256_b6_r2
[ISO-CHUNK] receiver: upair5g_lmmse
[ISO-CHUNK] num_users: 3
[ISO-CHUNK] ebno_db: -1.0
[ISO-CHUNK] chunk_idx: 12
[ISO-CHUNK] chunk_batches: 20
[ISO-CHUNK] receiver_microbatch_size: 8
[ISO-CHUNK] chunk_seed: 2887070
[ISO-CHUNK] checkpoint: /scratch/rsadve1/Extended_UPAIR_Narval_b32m16_portable/TWC_plots_comprehensive/runs_rx16/seed7/1dmrs/deep_d256_b6_r2/checkpoints/best.weights.h5
[ISO-CHUNK] TF_GPU_ALLOCATOR: cuda_malloc_async
[ISO-CHUNK] output tag: deep_d256_b6_r2_u3_upair5g_lmmse_ebnom1p0_chunk0012_m8_b20
[EVAL] receiver microbatching enabled: batch_size_eval=64 receiver_microbatch_size=8
WARNING:tensorflow:Model's `__init__()` arguments contain non-serializable objects. Please implement a `get_config()` method in the subclassed Model for proper saving and loading. Defaulting to empty config.
WARNING:tensorflow:Model's `__init__()` arguments contain non-serializable objects. Please implement a `get_config()` method in the subclassed Model for proper saving and loading. Defaulting to empty config.
[EVAL] loaded UPAIR checkpoint: /scratch/rsadve1/Extended_UPAIR_Narval_b32m16_portable/TWC_plots_comprehensive/runs_rx16/seed7/1dmrs/deep_d256_b6_r2/checkpoints/best.weights.h5
[EVAL] skipping explicit NMSE channel-estimator calls for: upair5g_lmmse
[EVAL] instrumentation log_latency=True log_gpu_memory=True memory_cleanup_every_batches=1 memory_cleanup_every_microbatch=True stream_eval_microbatches=True compiled_receiver_error_counts=False receiver_call_jit_compile=False per_receiver_stopping=False target_bler_floor=1e-05 floor_num_frames=0 gpu_mem=0.13GiB peak=0.32GiB
[EVAL] receiver_call name=upair5g_lmmse mode=positional_y_no compiled_error_counts=False
[EVAL] progress num_users=3 Eb/N0=-1 dB batches=10/20 frame_err=upair5g_lmmse:1/1920 elapsed=108.4s avg_batch=10.837s gpu_mem=8.60GiB peak=8.79GiB
[EVAL] progress num_users=3 Eb/N0=-1 dB batches=20/20 frame_err=upair5g_lmmse:6/3840 elapsed=216.2s avg_batch=10.811s gpu_mem=17.06GiB peak=17.25GiB
[EVAL] receiver=           upair5g_lmmse Eb/N0=-1.0 dB BER=4.90906e-05 BLER=1.56250e-03 NMSE=nan bit_err=   561/11427840 blk_err=    6/3840   batches=  20 stop=global_stop rx_time=137.01s rx_ms_batch=6850.3 rx_ms_frame=35.678 point_time=216.23s gpu_mem=17.06GiB peak=17.25GiB
[ISO-CHUNK] wrote: /home/rsadve1/scratch/Extended_UPAIR_Narval_b32m16_portable/_isolated_eval_chunks/deep_d256_b6_r2_u3_upair5g_lmmse_ebnom1p0_chunk0012_m8_b20/chunk_result.csv
[ISO-CHUNK] DONE
[PIPELINE] status done=0 reason=continue chunks=13 batches=260 block_errors=64/100 next_chunk=13
2026-06-10 05:32:03.772358: E external/local_xla/xla/stream_executor/cuda/cuda_dnn.cc:9261] Unable to register cuDNN factory: Attempting to register factory for plugin cuDNN when one has already been registered
2026-06-10 05:32:03.772399: E external/local_xla/xla/stream_executor/cuda/cuda_fft.cc:607] Unable to register cuFFT factory: Attempting to register factory for plugin cuFFT when one has already been registered
2026-06-10 05:32:03.773305: E external/local_xla/xla/stream_executor/cuda/cuda_blas.cc:1515] Unable to register cuBLAS factory: Attempting to register factory for plugin cuBLAS when one has already been registered
[COMPREHENSIVE] loaded Optuna best JSON for deep_d256_b6_r2 from /home/rsadve1/scratch/Extended_UPAIR_Narval_b32m16_portable/optuna/clean_b32_prb8_d256_40k_smart_trueDMRS_u34610_1dmrs_stageB_deep_d256_b6_r2_best_params.json
[ISO-CHUNK] variant: deep_d256_b6_r2
[ISO-CHUNK] receiver: upair5g_lmmse
[ISO-CHUNK] num_users: 3
[ISO-CHUNK] ebno_db: -1.0
[ISO-CHUNK] chunk_idx: 13
[ISO-CHUNK] chunk_batches: 20
[ISO-CHUNK] receiver_microbatch_size: 8
[ISO-CHUNK] chunk_seed: 2987073
[ISO-CHUNK] checkpoint: /scratch/rsadve1/Extended_UPAIR_Narval_b32m16_portable/TWC_plots_comprehensive/runs_rx16/seed7/1dmrs/deep_d256_b6_r2/checkpoints/best.weights.h5
[ISO-CHUNK] TF_GPU_ALLOCATOR: cuda_malloc_async
[ISO-CHUNK] output tag: deep_d256_b6_r2_u3_upair5g_lmmse_ebnom1p0_chunk0013_m8_b20
[EVAL] receiver microbatching enabled: batch_size_eval=64 receiver_microbatch_size=8
WARNING:tensorflow:Model's `__init__()` arguments contain non-serializable objects. Please implement a `get_config()` method in the subclassed Model for proper saving and loading. Defaulting to empty config.
WARNING:tensorflow:Model's `__init__()` arguments contain non-serializable objects. Please implement a `get_config()` method in the subclassed Model for proper saving and loading. Defaulting to empty config.
[EVAL] loaded UPAIR checkpoint: /scratch/rsadve1/Extended_UPAIR_Narval_b32m16_portable/TWC_plots_comprehensive/runs_rx16/seed7/1dmrs/deep_d256_b6_r2/checkpoints/best.weights.h5
[EVAL] skipping explicit NMSE channel-estimator calls for: upair5g_lmmse
[EVAL] instrumentation log_latency=True log_gpu_memory=True memory_cleanup_every_batches=1 memory_cleanup_every_microbatch=True stream_eval_microbatches=True compiled_receiver_error_counts=False receiver_call_jit_compile=False per_receiver_stopping=False target_bler_floor=1e-05 floor_num_frames=0 gpu_mem=0.13GiB peak=0.32GiB
[EVAL] receiver_call name=upair5g_lmmse mode=positional_y_no compiled_error_counts=False
[EVAL] progress num_users=3 Eb/N0=-1 dB batches=10/20 frame_err=upair5g_lmmse:3/1920 elapsed=108.5s avg_batch=10.851s gpu_mem=8.60GiB peak=8.79GiB
[EVAL] progress num_users=3 Eb/N0=-1 dB batches=20/20 frame_err=upair5g_lmmse:5/3840 elapsed=217.2s avg_batch=10.862s gpu_mem=17.06GiB peak=17.25GiB
[EVAL] receiver=           upair5g_lmmse Eb/N0=-1.0 dB BER=3.46522e-05 BLER=1.30208e-03 NMSE=nan bit_err=   396/11427840 blk_err=    5/3840   batches=  20 stop=global_stop rx_time=137.64s rx_ms_batch=6882.0 rx_ms_frame=35.844 point_time=217.24s gpu_mem=17.06GiB peak=17.25GiB
[ISO-CHUNK] wrote: /home/rsadve1/scratch/Extended_UPAIR_Narval_b32m16_portable/_isolated_eval_chunks/deep_d256_b6_r2_u3_upair5g_lmmse_ebnom1p0_chunk0013_m8_b20/chunk_result.csv
[ISO-CHUNK] DONE
[PIPELINE] status done=0 reason=continue chunks=14 batches=280 block_errors=69/100 next_chunk=14
2026-06-10 05:36:16.504020: E external/local_xla/xla/stream_executor/cuda/cuda_dnn.cc:9261] Unable to register cuDNN factory: Attempting to register factory for plugin cuDNN when one has already been registered
2026-06-10 05:36:16.504062: E external/local_xla/xla/stream_executor/cuda/cuda_fft.cc:607] Unable to register cuFFT factory: Attempting to register factory for plugin cuFFT when one has already been registered
2026-06-10 05:36:16.504972: E external/local_xla/xla/stream_executor/cuda/cuda_blas.cc:1515] Unable to register cuBLAS factory: Attempting to register factory for plugin cuBLAS when one has already been registered
[COMPREHENSIVE] loaded Optuna best JSON for deep_d256_b6_r2 from /home/rsadve1/scratch/Extended_UPAIR_Narval_b32m16_portable/optuna/clean_b32_prb8_d256_40k_smart_trueDMRS_u34610_1dmrs_stageB_deep_d256_b6_r2_best_params.json
[ISO-CHUNK] variant: deep_d256_b6_r2
[ISO-CHUNK] receiver: upair5g_lmmse
[ISO-CHUNK] num_users: 3
[ISO-CHUNK] ebno_db: -1.0
[ISO-CHUNK] chunk_idx: 14
[ISO-CHUNK] chunk_batches: 20
[ISO-CHUNK] receiver_microbatch_size: 8
[ISO-CHUNK] chunk_seed: 3087076
[ISO-CHUNK] checkpoint: /scratch/rsadve1/Extended_UPAIR_Narval_b32m16_portable/TWC_plots_comprehensive/runs_rx16/seed7/1dmrs/deep_d256_b6_r2/checkpoints/best.weights.h5
[ISO-CHUNK] TF_GPU_ALLOCATOR: cuda_malloc_async
[ISO-CHUNK] output tag: deep_d256_b6_r2_u3_upair5g_lmmse_ebnom1p0_chunk0014_m8_b20
[EVAL] receiver microbatching enabled: batch_size_eval=64 receiver_microbatch_size=8
WARNING:tensorflow:Model's `__init__()` arguments contain non-serializable objects. Please implement a `get_config()` method in the subclassed Model for proper saving and loading. Defaulting to empty config.
WARNING:tensorflow:Model's `__init__()` arguments contain non-serializable objects. Please implement a `get_config()` method in the subclassed Model for proper saving and loading. Defaulting to empty config.
[EVAL] loaded UPAIR checkpoint: /scratch/rsadve1/Extended_UPAIR_Narval_b32m16_portable/TWC_plots_comprehensive/runs_rx16/seed7/1dmrs/deep_d256_b6_r2/checkpoints/best.weights.h5
[EVAL] skipping explicit NMSE channel-estimator calls for: upair5g_lmmse
[EVAL] instrumentation log_latency=True log_gpu_memory=True memory_cleanup_every_batches=1 memory_cleanup_every_microbatch=True stream_eval_microbatches=True compiled_receiver_error_counts=False receiver_call_jit_compile=False per_receiver_stopping=False target_bler_floor=1e-05 floor_num_frames=0 gpu_mem=0.13GiB peak=0.32GiB
[EVAL] receiver_call name=upair5g_lmmse mode=positional_y_no compiled_error_counts=False
[EVAL] progress num_users=3 Eb/N0=-1 dB batches=10/20 frame_err=upair5g_lmmse:3/1920 elapsed=108.5s avg_batch=10.850s gpu_mem=8.60GiB peak=8.79GiB
[EVAL] progress num_users=3 Eb/N0=-1 dB batches=20/20 frame_err=upair5g_lmmse:9/3840 elapsed=216.8s avg_batch=10.839s gpu_mem=17.06GiB peak=17.25GiB
[EVAL] receiver=           upair5g_lmmse Eb/N0=-1.0 dB BER=7.54298e-05 BLER=2.34375e-03 NMSE=nan bit_err=   862/11427840 blk_err=    9/3840   batches=  20 stop=global_stop rx_time=137.29s rx_ms_batch=6864.7 rx_ms_frame=35.754 point_time=216.77s gpu_mem=17.06GiB peak=17.25GiB
[ISO-CHUNK] wrote: /home/rsadve1/scratch/Extended_UPAIR_Narval_b32m16_portable/_isolated_eval_chunks/deep_d256_b6_r2_u3_upair5g_lmmse_ebnom1p0_chunk0014_m8_b20/chunk_result.csv
[ISO-CHUNK] DONE
[PIPELINE] status done=0 reason=continue chunks=15 batches=300 block_errors=78/100 next_chunk=15
2026-06-10 05:40:21.108017: E external/local_xla/xla/stream_executor/cuda/cuda_dnn.cc:9261] Unable to register cuDNN factory: Attempting to register factory for plugin cuDNN when one has already been registered
2026-06-10 05:40:21.108053: E external/local_xla/xla/stream_executor/cuda/cuda_fft.cc:607] Unable to register cuFFT factory: Attempting to register factory for plugin cuFFT when one has already been registered
2026-06-10 05:40:21.109004: E external/local_xla/xla/stream_executor/cuda/cuda_blas.cc:1515] Unable to register cuBLAS factory: Attempting to register factory for plugin cuBLAS when one has already been registered
[COMPREHENSIVE] loaded Optuna best JSON for deep_d256_b6_r2 from /home/rsadve1/scratch/Extended_UPAIR_Narval_b32m16_portable/optuna/clean_b32_prb8_d256_40k_smart_trueDMRS_u34610_1dmrs_stageB_deep_d256_b6_r2_best_params.json
[ISO-CHUNK] variant: deep_d256_b6_r2
[ISO-CHUNK] receiver: upair5g_lmmse
[ISO-CHUNK] num_users: 3
[ISO-CHUNK] ebno_db: -1.0
[ISO-CHUNK] chunk_idx: 15
[ISO-CHUNK] chunk_batches: 20
[ISO-CHUNK] receiver_microbatch_size: 8
[ISO-CHUNK] chunk_seed: 3187079
[ISO-CHUNK] checkpoint: /scratch/rsadve1/Extended_UPAIR_Narval_b32m16_portable/TWC_plots_comprehensive/runs_rx16/seed7/1dmrs/deep_d256_b6_r2/checkpoints/best.weights.h5
[ISO-CHUNK] TF_GPU_ALLOCATOR: cuda_malloc_async
[ISO-CHUNK] output tag: deep_d256_b6_r2_u3_upair5g_lmmse_ebnom1p0_chunk0015_m8_b20
[EVAL] receiver microbatching enabled: batch_size_eval=64 receiver_microbatch_size=8
WARNING:tensorflow:Model's `__init__()` arguments contain non-serializable objects. Please implement a `get_config()` method in the subclassed Model for proper saving and loading. Defaulting to empty config.
WARNING:tensorflow:Model's `__init__()` arguments contain non-serializable objects. Please implement a `get_config()` method in the subclassed Model for proper saving and loading. Defaulting to empty config.
[EVAL] loaded UPAIR checkpoint: /scratch/rsadve1/Extended_UPAIR_Narval_b32m16_portable/TWC_plots_comprehensive/runs_rx16/seed7/1dmrs/deep_d256_b6_r2/checkpoints/best.weights.h5
[EVAL] skipping explicit NMSE channel-estimator calls for: upair5g_lmmse
[EVAL] instrumentation log_latency=True log_gpu_memory=True memory_cleanup_every_batches=1 memory_cleanup_every_microbatch=True stream_eval_microbatches=True compiled_receiver_error_counts=False receiver_call_jit_compile=False per_receiver_stopping=False target_bler_floor=1e-05 floor_num_frames=0 gpu_mem=0.13GiB peak=0.32GiB
[EVAL] receiver_call name=upair5g_lmmse mode=positional_y_no compiled_error_counts=False
[EVAL] progress num_users=3 Eb/N0=-1 dB batches=10/20 frame_err=upair5g_lmmse:1/1920 elapsed=108.8s avg_batch=10.884s gpu_mem=8.60GiB peak=8.79GiB
[EVAL] progress num_users=3 Eb/N0=-1 dB batches=20/20 frame_err=upair5g_lmmse:7/3840 elapsed=216.9s avg_batch=10.843s gpu_mem=17.06GiB peak=17.25GiB
[EVAL] receiver=           upair5g_lmmse Eb/N0=-1.0 dB BER=6.24790e-05 BLER=1.82292e-03 NMSE=nan bit_err=   714/11427840 blk_err=    7/3840   batches=  20 stop=global_stop rx_time=137.32s rx_ms_batch=6865.8 rx_ms_frame=35.759 point_time=216.86s gpu_mem=17.06GiB peak=17.25GiB
[ISO-CHUNK] wrote: /home/rsadve1/scratch/Extended_UPAIR_Narval_b32m16_portable/_isolated_eval_chunks/deep_d256_b6_r2_u3_upair5g_lmmse_ebnom1p0_chunk0015_m8_b20/chunk_result.csv
[ISO-CHUNK] DONE
[PIPELINE] status done=0 reason=continue chunks=16 batches=320 block_errors=85/100 next_chunk=16
2026-06-10 05:44:28.729283: E external/local_xla/xla/stream_executor/cuda/cuda_dnn.cc:9261] Unable to register cuDNN factory: Attempting to register factory for plugin cuDNN when one has already been registered
2026-06-10 05:44:28.729318: E external/local_xla/xla/stream_executor/cuda/cuda_fft.cc:607] Unable to register cuFFT factory: Attempting to register factory for plugin cuFFT when one has already been registered
2026-06-10 05:44:28.730217: E external/local_xla/xla/stream_executor/cuda/cuda_blas.cc:1515] Unable to register cuBLAS factory: Attempting to register factory for plugin cuBLAS when one has already been registered
[COMPREHENSIVE] loaded Optuna best JSON for deep_d256_b6_r2 from /home/rsadve1/scratch/Extended_UPAIR_Narval_b32m16_portable/optuna/clean_b32_prb8_d256_40k_smart_trueDMRS_u34610_1dmrs_stageB_deep_d256_b6_r2_best_params.json
[ISO-CHUNK] variant: deep_d256_b6_r2
[ISO-CHUNK] receiver: upair5g_lmmse
[ISO-CHUNK] num_users: 3
[ISO-CHUNK] ebno_db: -1.0
[ISO-CHUNK] chunk_idx: 16
[ISO-CHUNK] chunk_batches: 20
[ISO-CHUNK] receiver_microbatch_size: 8
[ISO-CHUNK] chunk_seed: 3287082
[ISO-CHUNK] checkpoint: /scratch/rsadve1/Extended_UPAIR_Narval_b32m16_portable/TWC_plots_comprehensive/runs_rx16/seed7/1dmrs/deep_d256_b6_r2/checkpoints/best.weights.h5
[ISO-CHUNK] TF_GPU_ALLOCATOR: cuda_malloc_async
[ISO-CHUNK] output tag: deep_d256_b6_r2_u3_upair5g_lmmse_ebnom1p0_chunk0016_m8_b20
[EVAL] receiver microbatching enabled: batch_size_eval=64 receiver_microbatch_size=8
WARNING:tensorflow:Model's `__init__()` arguments contain non-serializable objects. Please implement a `get_config()` method in the subclassed Model for proper saving and loading. Defaulting to empty config.
WARNING:tensorflow:Model's `__init__()` arguments contain non-serializable objects. Please implement a `get_config()` method in the subclassed Model for proper saving and loading. Defaulting to empty config.
[EVAL] loaded UPAIR checkpoint: /scratch/rsadve1/Extended_UPAIR_Narval_b32m16_portable/TWC_plots_comprehensive/runs_rx16/seed7/1dmrs/deep_d256_b6_r2/checkpoints/best.weights.h5
[EVAL] skipping explicit NMSE channel-estimator calls for: upair5g_lmmse
[EVAL] instrumentation log_latency=True log_gpu_memory=True memory_cleanup_every_batches=1 memory_cleanup_every_microbatch=True stream_eval_microbatches=True compiled_receiver_error_counts=False receiver_call_jit_compile=False per_receiver_stopping=False target_bler_floor=1e-05 floor_num_frames=0 gpu_mem=0.13GiB peak=0.32GiB
[EVAL] receiver_call name=upair5g_lmmse mode=positional_y_no compiled_error_counts=False
[EVAL] progress num_users=3 Eb/N0=-1 dB batches=10/20 frame_err=upair5g_lmmse:4/1920 elapsed=108.7s avg_batch=10.867s gpu_mem=8.60GiB peak=8.79GiB
[EVAL] progress num_users=3 Eb/N0=-1 dB batches=20/20 frame_err=upair5g_lmmse:9/3840 elapsed=218.0s avg_batch=10.902s gpu_mem=17.06GiB peak=17.25GiB
[EVAL] receiver=           upair5g_lmmse Eb/N0=-1.0 dB BER=1.70811e-04 BLER=2.34375e-03 NMSE=nan bit_err=  1952/11427840 blk_err=    9/3840   batches=  20 stop=global_stop rx_time=138.16s rx_ms_batch=6907.8 rx_ms_frame=35.978 point_time=218.04s gpu_mem=17.06GiB peak=17.25GiB
[ISO-CHUNK] wrote: /home/rsadve1/scratch/Extended_UPAIR_Narval_b32m16_portable/_isolated_eval_chunks/deep_d256_b6_r2_u3_upair5g_lmmse_ebnom1p0_chunk0016_m8_b20/chunk_result.csv
[ISO-CHUNK] DONE
[PIPELINE] status done=0 reason=continue chunks=17 batches=340 block_errors=94/100 next_chunk=17
2026-06-10 05:48:33.789215: E external/local_xla/xla/stream_executor/cuda/cuda_dnn.cc:9261] Unable to register cuDNN factory: Attempting to register factory for plugin cuDNN when one has already been registered
2026-06-10 05:48:33.789254: E external/local_xla/xla/stream_executor/cuda/cuda_fft.cc:607] Unable to register cuFFT factory: Attempting to register factory for plugin cuFFT when one has already been registered
2026-06-10 05:48:33.790126: E external/local_xla/xla/stream_executor/cuda/cuda_blas.cc:1515] Unable to register cuBLAS factory: Attempting to register factory for plugin cuBLAS when one has already been registered
[COMPREHENSIVE] loaded Optuna best JSON for deep_d256_b6_r2 from /home/rsadve1/scratch/Extended_UPAIR_Narval_b32m16_portable/optuna/clean_b32_prb8_d256_40k_smart_trueDMRS_u34610_1dmrs_stageB_deep_d256_b6_r2_best_params.json
[ISO-CHUNK] variant: deep_d256_b6_r2
[ISO-CHUNK] receiver: upair5g_lmmse
[ISO-CHUNK] num_users: 3
[ISO-CHUNK] ebno_db: -1.0
[ISO-CHUNK] chunk_idx: 17
[ISO-CHUNK] chunk_batches: 20
[ISO-CHUNK] receiver_microbatch_size: 8
[ISO-CHUNK] chunk_seed: 3387085
[ISO-CHUNK] checkpoint: /scratch/rsadve1/Extended_UPAIR_Narval_b32m16_portable/TWC_plots_comprehensive/runs_rx16/seed7/1dmrs/deep_d256_b6_r2/checkpoints/best.weights.h5
[ISO-CHUNK] TF_GPU_ALLOCATOR: cuda_malloc_async
[ISO-CHUNK] output tag: deep_d256_b6_r2_u3_upair5g_lmmse_ebnom1p0_chunk0017_m8_b20
[EVAL] receiver microbatching enabled: batch_size_eval=64 receiver_microbatch_size=8
WARNING:tensorflow:Model's `__init__()` arguments contain non-serializable objects. Please implement a `get_config()` method in the subclassed Model for proper saving and loading. Defaulting to empty config.
WARNING:tensorflow:Model's `__init__()` arguments contain non-serializable objects. Please implement a `get_config()` method in the subclassed Model for proper saving and loading. Defaulting to empty config.
[EVAL] loaded UPAIR checkpoint: /scratch/rsadve1/Extended_UPAIR_Narval_b32m16_portable/TWC_plots_comprehensive/runs_rx16/seed7/1dmrs/deep_d256_b6_r2/checkpoints/best.weights.h5
[EVAL] skipping explicit NMSE channel-estimator calls for: upair5g_lmmse
[EVAL] instrumentation log_latency=True log_gpu_memory=True memory_cleanup_every_batches=1 memory_cleanup_every_microbatch=True stream_eval_microbatches=True compiled_receiver_error_counts=False receiver_call_jit_compile=False per_receiver_stopping=False target_bler_floor=1e-05 floor_num_frames=0 gpu_mem=0.13GiB peak=0.32GiB
[EVAL] receiver_call name=upair5g_lmmse mode=positional_y_no compiled_error_counts=False
[EVAL] progress num_users=3 Eb/N0=-1 dB batches=10/20 frame_err=upair5g_lmmse:4/1920 elapsed=108.1s avg_batch=10.810s gpu_mem=8.60GiB peak=8.79GiB
[EVAL] progress num_users=3 Eb/N0=-1 dB batches=20/20 frame_err=upair5g_lmmse:5/3840 elapsed=216.5s avg_batch=10.824s gpu_mem=17.06GiB peak=17.25GiB
[EVAL] receiver=           upair5g_lmmse Eb/N0=-1.0 dB BER=5.48660e-05 BLER=1.30208e-03 NMSE=nan bit_err=   627/11427840 blk_err=    5/3840   batches=  20 stop=global_stop rx_time=137.26s rx_ms_batch=6863.0 rx_ms_frame=35.745 point_time=216.48s gpu_mem=17.06GiB peak=17.25GiB
[ISO-CHUNK] wrote: /home/rsadve1/scratch/Extended_UPAIR_Narval_b32m16_portable/_isolated_eval_chunks/deep_d256_b6_r2_u3_upair5g_lmmse_ebnom1p0_chunk0017_m8_b20/chunk_result.csv
[ISO-CHUNK] DONE
[PIPELINE] status done=0 reason=continue chunks=18 batches=360 block_errors=99/100 next_chunk=18
2026-06-10 05:52:46.310044: E external/local_xla/xla/stream_executor/cuda/cuda_dnn.cc:9261] Unable to register cuDNN factory: Attempting to register factory for plugin cuDNN when one has already been registered
2026-06-10 05:52:46.310080: E external/local_xla/xla/stream_executor/cuda/cuda_fft.cc:607] Unable to register cuFFT factory: Attempting to register factory for plugin cuFFT when one has already been registered
2026-06-10 05:52:46.310984: E external/local_xla/xla/stream_executor/cuda/cuda_blas.cc:1515] Unable to register cuBLAS factory: Attempting to register factory for plugin cuBLAS when one has already been registered
[COMPREHENSIVE] loaded Optuna best JSON for deep_d256_b6_r2 from /home/rsadve1/scratch/Extended_UPAIR_Narval_b32m16_portable/optuna/clean_b32_prb8_d256_40k_smart_trueDMRS_u34610_1dmrs_stageB_deep_d256_b6_r2_best_params.json
[ISO-CHUNK] variant: deep_d256_b6_r2
[ISO-CHUNK] receiver: upair5g_lmmse
[ISO-CHUNK] num_users: 3
[ISO-CHUNK] ebno_db: -1.0
[ISO-CHUNK] chunk_idx: 18
[ISO-CHUNK] chunk_batches: 20
[ISO-CHUNK] receiver_microbatch_size: 8
[ISO-CHUNK] chunk_seed: 3487088
[ISO-CHUNK] checkpoint: /scratch/rsadve1/Extended_UPAIR_Narval_b32m16_portable/TWC_plots_comprehensive/runs_rx16/seed7/1dmrs/deep_d256_b6_r2/checkpoints/best.weights.h5
[ISO-CHUNK] TF_GPU_ALLOCATOR: cuda_malloc_async
[ISO-CHUNK] output tag: deep_d256_b6_r2_u3_upair5g_lmmse_ebnom1p0_chunk0018_m8_b20
[EVAL] receiver microbatching enabled: batch_size_eval=64 receiver_microbatch_size=8
WARNING:tensorflow:Model's `__init__()` arguments contain non-serializable objects. Please implement a `get_config()` method in the subclassed Model for proper saving and loading. Defaulting to empty config.
WARNING:tensorflow:Model's `__init__()` arguments contain non-serializable objects. Please implement a `get_config()` method in the subclassed Model for proper saving and loading. Defaulting to empty config.
[EVAL] loaded UPAIR checkpoint: /scratch/rsadve1/Extended_UPAIR_Narval_b32m16_portable/TWC_plots_comprehensive/runs_rx16/seed7/1dmrs/deep_d256_b6_r2/checkpoints/best.weights.h5
[EVAL] skipping explicit NMSE channel-estimator calls for: upair5g_lmmse
[EVAL] instrumentation log_latency=True log_gpu_memory=True memory_cleanup_every_batches=1 memory_cleanup_every_microbatch=True stream_eval_microbatches=True compiled_receiver_error_counts=False receiver_call_jit_compile=False per_receiver_stopping=False target_bler_floor=1e-05 floor_num_frames=0 gpu_mem=0.13GiB peak=0.32GiB
[EVAL] receiver_call name=upair5g_lmmse mode=positional_y_no compiled_error_counts=False
[EVAL] progress num_users=3 Eb/N0=-1 dB batches=10/20 frame_err=upair5g_lmmse:3/1920 elapsed=108.0s avg_batch=10.803s gpu_mem=8.60GiB peak=8.79GiB
[EVAL] progress num_users=3 Eb/N0=-1 dB batches=20/20 frame_err=upair5g_lmmse:10/3840 elapsed=215.0s avg_batch=10.748s gpu_mem=17.06GiB peak=17.25GiB
[EVAL] receiver=           upair5g_lmmse Eb/N0=-1.0 dB BER=7.81425e-05 BLER=2.60417e-03 NMSE=nan bit_err=   893/11427840 blk_err=   10/3840   batches=  20 stop=global_stop rx_time=136.41s rx_ms_batch=6820.6 rx_ms_frame=35.524 point_time=214.97s gpu_mem=17.06GiB peak=17.25GiB
[ISO-CHUNK] wrote: /home/rsadve1/scratch/Extended_UPAIR_Narval_b32m16_portable/_isolated_eval_chunks/deep_d256_b6_r2_u3_upair5g_lmmse_ebnom1p0_chunk0018_m8_b20/chunk_result.csv
[ISO-CHUNK] DONE
[PIPELINE] status done=1 reason=target_block_errors chunks=19 batches=380 block_errors=109/100 next_chunk=-1
[ISO-MERGE] chunks: 19
[ISO-MERGE] rows: 1
[ISO-MERGE] wrote: /home/rsadve1/scratch/Extended_UPAIR_Narval_b32m16_portable/_isolated_eval_chunks/merged_deep_d256_b6_r2_u3_upair5g_lmmse_em1.csv
[ISO-MERGE] wrote: /home/rsadve1/scratch/Extended_UPAIR_Narval_b32m16_portable/_isolated_eval_chunks/merged_deep_d256_b6_r2_u3_upair5g_lmmse_em1.summary.json
     receiver         variant dmrs_case  seed  training_seed  num_users  ebno_db  num_chunks                                  chunk_indices  bit_errors  num_bits  block_errors  num_blocks  num_batches_run  point_elapsed_s  data_elapsed_s  receiver_elapsed_s     ber     bler  nmse       mc_stop_reason  target_bler_floor  bler_zero_error_upper_bound  ber_zero_error_upper_bound  receiver_ms_per_batch  receiver_ms_per_frame  reliable_ber  reliable_bler
upair5g_lmmse deep_d256_b6_r2     1dmrs     7              7          3     -1.0          19 0,1,2,3,4,5,6,7,8,9,10,11,12,13,14,15,16,17,18       13067 217128960           109       72960              380      4117.655962      1110.50434         2609.442014 0.00006 0.001494   NaN isolated_chunk_merge                NaN                          NaN                         NaN            6866.952668              35.765378          True           True

--------------------------------------------------------------------------------
[PIPELINE] eval point variant=deep_d256_b6_r2 receiver=upair5g_lmmse U=3 Eb/N0=0
--------------------------------------------------------------------------------
[PIPELINE] status done=0 reason=continue chunks=0 batches=0 block_errors=0/100 next_chunk=0
2026-06-10 05:56:53.348184: E external/local_xla/xla/stream_executor/cuda/cuda_dnn.cc:9261] Unable to register cuDNN factory: Attempting to register factory for plugin cuDNN when one has already been registered
2026-06-10 05:56:53.348223: E external/local_xla/xla/stream_executor/cuda/cuda_fft.cc:607] Unable to register cuFFT factory: Attempting to register factory for plugin cuFFT when one has already been registered
2026-06-10 05:56:53.349093: E external/local_xla/xla/stream_executor/cuda/cuda_blas.cc:1515] Unable to register cuBLAS factory: Attempting to register factory for plugin cuBLAS when one has already been registered
[COMPREHENSIVE] loaded Optuna best JSON for deep_d256_b6_r2 from /home/rsadve1/scratch/Extended_UPAIR_Narval_b32m16_portable/optuna/clean_b32_prb8_d256_40k_smart_trueDMRS_u34610_1dmrs_stageB_deep_d256_b6_r2_best_params.json
[ISO-CHUNK] variant: deep_d256_b6_r2
[ISO-CHUNK] receiver: upair5g_lmmse
[ISO-CHUNK] num_users: 3
[ISO-CHUNK] ebno_db: 0.0
[ISO-CHUNK] chunk_idx: 0
[ISO-CHUNK] chunk_batches: 20
[ISO-CHUNK] receiver_microbatch_size: 8
[ISO-CHUNK] chunk_seed: 1704034
[ISO-CHUNK] checkpoint: /scratch/rsadve1/Extended_UPAIR_Narval_b32m16_portable/TWC_plots_comprehensive/runs_rx16/seed7/1dmrs/deep_d256_b6_r2/checkpoints/best.weights.h5
[ISO-CHUNK] TF_GPU_ALLOCATOR: cuda_malloc_async
[ISO-CHUNK] output tag: deep_d256_b6_r2_u3_upair5g_lmmse_ebno0p0_chunk0000_m8_b20
[EVAL] receiver microbatching enabled: batch_size_eval=64 receiver_microbatch_size=8
WARNING:tensorflow:Model's `__init__()` arguments contain non-serializable objects. Please implement a `get_config()` method in the subclassed Model for proper saving and loading. Defaulting to empty config.
WARNING:tensorflow:Model's `__init__()` arguments contain non-serializable objects. Please implement a `get_config()` method in the subclassed Model for proper saving and loading. Defaulting to empty config.
[EVAL] loaded UPAIR checkpoint: /scratch/rsadve1/Extended_UPAIR_Narval_b32m16_portable/TWC_plots_comprehensive/runs_rx16/seed7/1dmrs/deep_d256_b6_r2/checkpoints/best.weights.h5
[EVAL] skipping explicit NMSE channel-estimator calls for: upair5g_lmmse
[EVAL] instrumentation log_latency=True log_gpu_memory=True memory_cleanup_every_batches=1 memory_cleanup_every_microbatch=True stream_eval_microbatches=True compiled_receiver_error_counts=False receiver_call_jit_compile=False per_receiver_stopping=False target_bler_floor=1e-05 floor_num_frames=0 gpu_mem=0.13GiB peak=0.32GiB
[EVAL] receiver_call name=upair5g_lmmse mode=positional_y_no compiled_error_counts=False
[EVAL] progress num_users=3 Eb/N0=0 dB batches=10/20 frame_err=upair5g_lmmse:0/1920 elapsed=108.9s avg_batch=10.892s gpu_mem=8.60GiB peak=8.79GiB
[EVAL] progress num_users=3 Eb/N0=0 dB batches=20/20 frame_err=upair5g_lmmse:1/3840 elapsed=217.4s avg_batch=10.872s gpu_mem=17.06GiB peak=17.25GiB
[EVAL] receiver=           upair5g_lmmse Eb/N0= 0.0 dB BER=8.75056e-07 BLER=2.60417e-04 NMSE=nan bit_err=    10/11427840 blk_err=    1/3840   batches=  20 stop=global_stop rx_time=137.72s rx_ms_batch=6885.9 rx_ms_frame=35.864 point_time=217.44s gpu_mem=17.06GiB peak=17.25GiB
[ISO-CHUNK] wrote: /home/rsadve1/scratch/Extended_UPAIR_Narval_b32m16_portable/_isolated_eval_chunks/deep_d256_b6_r2_u3_upair5g_lmmse_ebno0p0_chunk0000_m8_b20/chunk_result.csv
[ISO-CHUNK] DONE
[PIPELINE] status done=0 reason=continue chunks=1 batches=20 block_errors=1/100 next_chunk=1
2026-06-10 06:00:52.225770: E external/local_xla/xla/stream_executor/cuda/cuda_dnn.cc:9261] Unable to register cuDNN factory: Attempting to register factory for plugin cuDNN when one has already been registered
2026-06-10 06:00:52.225810: E external/local_xla/xla/stream_executor/cuda/cuda_fft.cc:607] Unable to register cuFFT factory: Attempting to register factory for plugin cuFFT when one has already been registered
2026-06-10 06:00:52.226724: E external/local_xla/xla/stream_executor/cuda/cuda_blas.cc:1515] Unable to register cuBLAS factory: Attempting to register factory for plugin cuBLAS when one has already been registered
[COMPREHENSIVE] loaded Optuna best JSON for deep_d256_b6_r2 from /home/rsadve1/scratch/Extended_UPAIR_Narval_b32m16_portable/optuna/clean_b32_prb8_d256_40k_smart_trueDMRS_u34610_1dmrs_stageB_deep_d256_b6_r2_best_params.json
[ISO-CHUNK] variant: deep_d256_b6_r2
[ISO-CHUNK] receiver: upair5g_lmmse
[ISO-CHUNK] num_users: 3
[ISO-CHUNK] ebno_db: 0.0
[ISO-CHUNK] chunk_idx: 1
[ISO-CHUNK] chunk_batches: 20
[ISO-CHUNK] receiver_microbatch_size: 8
[ISO-CHUNK] chunk_seed: 1804037
[ISO-CHUNK] checkpoint: /scratch/rsadve1/Extended_UPAIR_Narval_b32m16_portable/TWC_plots_comprehensive/runs_rx16/seed7/1dmrs/deep_d256_b6_r2/checkpoints/best.weights.h5
[ISO-CHUNK] TF_GPU_ALLOCATOR: cuda_malloc_async
[ISO-CHUNK] output tag: deep_d256_b6_r2_u3_upair5g_lmmse_ebno0p0_chunk0001_m8_b20
[EVAL] receiver microbatching enabled: batch_size_eval=64 receiver_microbatch_size=8
WARNING:tensorflow:Model's `__init__()` arguments contain non-serializable objects. Please implement a `get_config()` method in the subclassed Model for proper saving and loading. Defaulting to empty config.
WARNING:tensorflow:Model's `__init__()` arguments contain non-serializable objects. Please implement a `get_config()` method in the subclassed Model for proper saving and loading. Defaulting to empty config.
[EVAL] loaded UPAIR checkpoint: /scratch/rsadve1/Extended_UPAIR_Narval_b32m16_portable/TWC_plots_comprehensive/runs_rx16/seed7/1dmrs/deep_d256_b6_r2/checkpoints/best.weights.h5
[EVAL] skipping explicit NMSE channel-estimator calls for: upair5g_lmmse
[EVAL] instrumentation log_latency=True log_gpu_memory=True memory_cleanup_every_batches=1 memory_cleanup_every_microbatch=True stream_eval_microbatches=True compiled_receiver_error_counts=False receiver_call_jit_compile=False per_receiver_stopping=False target_bler_floor=1e-05 floor_num_frames=0 gpu_mem=0.13GiB peak=0.32GiB
[EVAL] receiver_call name=upair5g_lmmse mode=positional_y_no compiled_error_counts=False
[EVAL] progress num_users=3 Eb/N0=0 dB batches=10/20 frame_err=upair5g_lmmse:1/1920 elapsed=107.9s avg_batch=10.788s gpu_mem=8.60GiB peak=8.79GiB
[EVAL] progress num_users=3 Eb/N0=0 dB batches=20/20 frame_err=upair5g_lmmse:2/3840 elapsed=215.3s avg_batch=10.763s gpu_mem=17.06GiB peak=17.25GiB
[EVAL] receiver=           upair5g_lmmse Eb/N0= 0.0 dB BER=1.41759e-05 BLER=5.20833e-04 NMSE=nan bit_err=   162/11427840 blk_err=    2/3840   batches=  20 stop=global_stop rx_time=136.26s rx_ms_batch=6813.1 rx_ms_frame=35.485 point_time=215.27s gpu_mem=17.06GiB peak=17.25GiB
[ISO-CHUNK] wrote: /home/rsadve1/scratch/Extended_UPAIR_Narval_b32m16_portable/_isolated_eval_chunks/deep_d256_b6_r2_u3_upair5g_lmmse_ebno0p0_chunk0001_m8_b20/chunk_result.csv
[ISO-CHUNK] DONE
[PIPELINE] status done=0 reason=continue chunks=2 batches=40 block_errors=3/100 next_chunk=2
2026-06-10 06:04:55.250587: E external/local_xla/xla/stream_executor/cuda/cuda_dnn.cc:9261] Unable to register cuDNN factory: Attempting to register factory for plugin cuDNN when one has already been registered
2026-06-10 06:04:55.250622: E external/local_xla/xla/stream_executor/cuda/cuda_fft.cc:607] Unable to register cuFFT factory: Attempting to register factory for plugin cuFFT when one has already been registered
2026-06-10 06:04:55.251516: E external/local_xla/xla/stream_executor/cuda/cuda_blas.cc:1515] Unable to register cuBLAS factory: Attempting to register factory for plugin cuBLAS when one has already been registered
[COMPREHENSIVE] loaded Optuna best JSON for deep_d256_b6_r2 from /home/rsadve1/scratch/Extended_UPAIR_Narval_b32m16_portable/optuna/clean_b32_prb8_d256_40k_smart_trueDMRS_u34610_1dmrs_stageB_deep_d256_b6_r2_best_params.json
[ISO-CHUNK] variant: deep_d256_b6_r2
[ISO-CHUNK] receiver: upair5g_lmmse
[ISO-CHUNK] num_users: 3
[ISO-CHUNK] ebno_db: 0.0
[ISO-CHUNK] chunk_idx: 2
[ISO-CHUNK] chunk_batches: 20
[ISO-CHUNK] receiver_microbatch_size: 8
[ISO-CHUNK] chunk_seed: 1904040
[ISO-CHUNK] checkpoint: /scratch/rsadve1/Extended_UPAIR_Narval_b32m16_portable/TWC_plots_comprehensive/runs_rx16/seed7/1dmrs/deep_d256_b6_r2/checkpoints/best.weights.h5
[ISO-CHUNK] TF_GPU_ALLOCATOR: cuda_malloc_async
[ISO-CHUNK] output tag: deep_d256_b6_r2_u3_upair5g_lmmse_ebno0p0_chunk0002_m8_b20
[EVAL] receiver microbatching enabled: batch_size_eval=64 receiver_microbatch_size=8
WARNING:tensorflow:Model's `__init__()` arguments contain non-serializable objects. Please implement a `get_config()` method in the subclassed Model for proper saving and loading. Defaulting to empty config.
WARNING:tensorflow:Model's `__init__()` arguments contain non-serializable objects. Please implement a `get_config()` method in the subclassed Model for proper saving and loading. Defaulting to empty config.
[EVAL] loaded UPAIR checkpoint: /scratch/rsadve1/Extended_UPAIR_Narval_b32m16_portable/TWC_plots_comprehensive/runs_rx16/seed7/1dmrs/deep_d256_b6_r2/checkpoints/best.weights.h5
[EVAL] skipping explicit NMSE channel-estimator calls for: upair5g_lmmse
[EVAL] instrumentation log_latency=True log_gpu_memory=True memory_cleanup_every_batches=1 memory_cleanup_every_microbatch=True stream_eval_microbatches=True compiled_receiver_error_counts=False receiver_call_jit_compile=False per_receiver_stopping=False target_bler_floor=1e-05 floor_num_frames=0 gpu_mem=0.13GiB peak=0.32GiB
[EVAL] receiver_call name=upair5g_lmmse mode=positional_y_no compiled_error_counts=False
[EVAL] progress num_users=3 Eb/N0=0 dB batches=10/20 frame_err=upair5g_lmmse:1/1920 elapsed=108.5s avg_batch=10.854s gpu_mem=8.60GiB peak=8.79GiB
[EVAL] progress num_users=3 Eb/N0=0 dB batches=20/20 frame_err=upair5g_lmmse:1/3840 elapsed=216.3s avg_batch=10.814s gpu_mem=17.06GiB peak=17.25GiB
[EVAL] receiver=           upair5g_lmmse Eb/N0= 0.0 dB BER=5.60036e-06 BLER=2.60417e-04 NMSE=nan bit_err=    64/11427840 blk_err=    1/3840   batches=  20 stop=global_stop rx_time=137.20s rx_ms_batch=6860.1 rx_ms_frame=35.730 point_time=216.28s gpu_mem=17.06GiB peak=17.25GiB
[ISO-CHUNK] wrote: /home/rsadve1/scratch/Extended_UPAIR_Narval_b32m16_portable/_isolated_eval_chunks/deep_d256_b6_r2_u3_upair5g_lmmse_ebno0p0_chunk0002_m8_b20/chunk_result.csv
[ISO-CHUNK] DONE
[PIPELINE] status done=0 reason=continue chunks=3 batches=60 block_errors=4/100 next_chunk=3
2026-06-10 06:09:00.340199: E external/local_xla/xla/stream_executor/cuda/cuda_dnn.cc:9261] Unable to register cuDNN factory: Attempting to register factory for plugin cuDNN when one has already been registered
2026-06-10 06:09:00.340241: E external/local_xla/xla/stream_executor/cuda/cuda_fft.cc:607] Unable to register cuFFT factory: Attempting to register factory for plugin cuFFT when one has already been registered
2026-06-10 06:09:00.341108: E external/local_xla/xla/stream_executor/cuda/cuda_blas.cc:1515] Unable to register cuBLAS factory: Attempting to register factory for plugin cuBLAS when one has already been registered
[COMPREHENSIVE] loaded Optuna best JSON for deep_d256_b6_r2 from /home/rsadve1/scratch/Extended_UPAIR_Narval_b32m16_portable/optuna/clean_b32_prb8_d256_40k_smart_trueDMRS_u34610_1dmrs_stageB_deep_d256_b6_r2_best_params.json
[ISO-CHUNK] variant: deep_d256_b6_r2
[ISO-CHUNK] receiver: upair5g_lmmse
[ISO-CHUNK] num_users: 3
[ISO-CHUNK] ebno_db: 0.0
[ISO-CHUNK] chunk_idx: 3
[ISO-CHUNK] chunk_batches: 20
[ISO-CHUNK] receiver_microbatch_size: 8
[ISO-CHUNK] chunk_seed: 2004043
[ISO-CHUNK] checkpoint: /scratch/rsadve1/Extended_UPAIR_Narval_b32m16_portable/TWC_plots_comprehensive/runs_rx16/seed7/1dmrs/deep_d256_b6_r2/checkpoints/best.weights.h5
[ISO-CHUNK] TF_GPU_ALLOCATOR: cuda_malloc_async
[ISO-CHUNK] output tag: deep_d256_b6_r2_u3_upair5g_lmmse_ebno0p0_chunk0003_m8_b20
[EVAL] receiver microbatching enabled: batch_size_eval=64 receiver_microbatch_size=8
WARNING:tensorflow:Model's `__init__()` arguments contain non-serializable objects. Please implement a `get_config()` method in the subclassed Model for proper saving and loading. Defaulting to empty config.
WARNING:tensorflow:Model's `__init__()` arguments contain non-serializable objects. Please implement a `get_config()` method in the subclassed Model for proper saving and loading. Defaulting to empty config.
[EVAL] loaded UPAIR checkpoint: /scratch/rsadve1/Extended_UPAIR_Narval_b32m16_portable/TWC_plots_comprehensive/runs_rx16/seed7/1dmrs/deep_d256_b6_r2/checkpoints/best.weights.h5
[EVAL] skipping explicit NMSE channel-estimator calls for: upair5g_lmmse
[EVAL] instrumentation log_latency=True log_gpu_memory=True memory_cleanup_every_batches=1 memory_cleanup_every_microbatch=True stream_eval_microbatches=True compiled_receiver_error_counts=False receiver_call_jit_compile=False per_receiver_stopping=False target_bler_floor=1e-05 floor_num_frames=0 gpu_mem=0.13GiB peak=0.32GiB
[EVAL] receiver_call name=upair5g_lmmse mode=positional_y_no compiled_error_counts=False
[EVAL] progress num_users=3 Eb/N0=0 dB batches=10/20 frame_err=upair5g_lmmse:0/1920 elapsed=108.2s avg_batch=10.818s gpu_mem=8.60GiB peak=8.79GiB
[EVAL] progress num_users=3 Eb/N0=0 dB batches=20/20 frame_err=upair5g_lmmse:2/3840 elapsed=216.5s avg_batch=10.827s gpu_mem=17.06GiB peak=17.25GiB
[EVAL] receiver=           upair5g_lmmse Eb/N0= 0.0 dB BER=2.32765e-05 BLER=5.20833e-04 NMSE=nan bit_err=   266/11427840 blk_err=    2/3840   batches=  20 stop=global_stop rx_time=137.33s rx_ms_batch=6866.3 rx_ms_frame=35.762 point_time=216.54s gpu_mem=17.06GiB peak=17.25GiB
[ISO-CHUNK] wrote: /home/rsadve1/scratch/Extended_UPAIR_Narval_b32m16_portable/_isolated_eval_chunks/deep_d256_b6_r2_u3_upair5g_lmmse_ebno0p0_chunk0003_m8_b20/chunk_result.csv
[ISO-CHUNK] DONE
[PIPELINE] status done=0 reason=continue chunks=4 batches=80 block_errors=6/100 next_chunk=4
2026-06-10 06:13:05.275516: E external/local_xla/xla/stream_executor/cuda/cuda_dnn.cc:9261] Unable to register cuDNN factory: Attempting to register factory for plugin cuDNN when one has already been registered
2026-06-10 06:13:05.275562: E external/local_xla/xla/stream_executor/cuda/cuda_fft.cc:607] Unable to register cuFFT factory: Attempting to register factory for plugin cuFFT when one has already been registered
2026-06-10 06:13:05.276501: E external/local_xla/xla/stream_executor/cuda/cuda_blas.cc:1515] Unable to register cuBLAS factory: Attempting to register factory for plugin cuBLAS when one has already been registered
[COMPREHENSIVE] loaded Optuna best JSON for deep_d256_b6_r2 from /home/rsadve1/scratch/Extended_UPAIR_Narval_b32m16_portable/optuna/clean_b32_prb8_d256_40k_smart_trueDMRS_u34610_1dmrs_stageB_deep_d256_b6_r2_best_params.json
[ISO-CHUNK] variant: deep_d256_b6_r2
[ISO-CHUNK] receiver: upair5g_lmmse
[ISO-CHUNK] num_users: 3
[ISO-CHUNK] ebno_db: 0.0
[ISO-CHUNK] chunk_idx: 4
[ISO-CHUNK] chunk_batches: 20
[ISO-CHUNK] receiver_microbatch_size: 8
[ISO-CHUNK] chunk_seed: 2104046
[ISO-CHUNK] checkpoint: /scratch/rsadve1/Extended_UPAIR_Narval_b32m16_portable/TWC_plots_comprehensive/runs_rx16/seed7/1dmrs/deep_d256_b6_r2/checkpoints/best.weights.h5
[ISO-CHUNK] TF_GPU_ALLOCATOR: cuda_malloc_async
[ISO-CHUNK] output tag: deep_d256_b6_r2_u3_upair5g_lmmse_ebno0p0_chunk0004_m8_b20
[EVAL] receiver microbatching enabled: batch_size_eval=64 receiver_microbatch_size=8
WARNING:tensorflow:Model's `__init__()` arguments contain non-serializable objects. Please implement a `get_config()` method in the subclassed Model for proper saving and loading. Defaulting to empty config.
WARNING:tensorflow:Model's `__init__()` arguments contain non-serializable objects. Please implement a `get_config()` method in the subclassed Model for proper saving and loading. Defaulting to empty config.
[EVAL] loaded UPAIR checkpoint: /scratch/rsadve1/Extended_UPAIR_Narval_b32m16_portable/TWC_plots_comprehensive/runs_rx16/seed7/1dmrs/deep_d256_b6_r2/checkpoints/best.weights.h5
[EVAL] skipping explicit NMSE channel-estimator calls for: upair5g_lmmse
[EVAL] instrumentation log_latency=True log_gpu_memory=True memory_cleanup_every_batches=1 memory_cleanup_every_microbatch=True stream_eval_microbatches=True compiled_receiver_error_counts=False receiver_call_jit_compile=False per_receiver_stopping=False target_bler_floor=1e-05 floor_num_frames=0 gpu_mem=0.13GiB peak=0.32GiB
[EVAL] receiver_call name=upair5g_lmmse mode=positional_y_no compiled_error_counts=False
[EVAL] progress num_users=3 Eb/N0=0 dB batches=10/20 frame_err=upair5g_lmmse:0/1920 elapsed=108.6s avg_batch=10.860s gpu_mem=8.60GiB peak=8.79GiB
[EVAL] progress num_users=3 Eb/N0=0 dB batches=20/20 frame_err=upair5g_lmmse:0/3840 elapsed=216.9s avg_batch=10.844s gpu_mem=17.06GiB peak=17.25GiB
[EVAL] receiver=           upair5g_lmmse Eb/N0= 0.0 dB BER=0.00000e+00 BLER=0.00000e+00 NMSE=nan bit_err=     0/11427840 blk_err=    0/3840   batches=  20 stop=global_stop bler_ub=7.813e-04 rx_time=137.45s rx_ms_batch=6872.4 rx_ms_frame=35.794 point_time=216.88s gpu_mem=17.06GiB peak=17.25GiB
[ISO-CHUNK] wrote: /home/rsadve1/scratch/Extended_UPAIR_Narval_b32m16_portable/_isolated_eval_chunks/deep_d256_b6_r2_u3_upair5g_lmmse_ebno0p0_chunk0004_m8_b20/chunk_result.csv
[ISO-CHUNK] DONE
[PIPELINE] status done=0 reason=continue chunks=5 batches=100 block_errors=6/100 next_chunk=5
2026-06-10 06:17:04.432210: E external/local_xla/xla/stream_executor/cuda/cuda_dnn.cc:9261] Unable to register cuDNN factory: Attempting to register factory for plugin cuDNN when one has already been registered
2026-06-10 06:17:04.432255: E external/local_xla/xla/stream_executor/cuda/cuda_fft.cc:607] Unable to register cuFFT factory: Attempting to register factory for plugin cuFFT when one has already been registered
2026-06-10 06:17:04.433129: E external/local_xla/xla/stream_executor/cuda/cuda_blas.cc:1515] Unable to register cuBLAS factory: Attempting to register factory for plugin cuBLAS when one has already been registered
[COMPREHENSIVE] loaded Optuna best JSON for deep_d256_b6_r2 from /home/rsadve1/scratch/Extended_UPAIR_Narval_b32m16_portable/optuna/clean_b32_prb8_d256_40k_smart_trueDMRS_u34610_1dmrs_stageB_deep_d256_b6_r2_best_params.json
[ISO-CHUNK] variant: deep_d256_b6_r2
[ISO-CHUNK] receiver: upair5g_lmmse
[ISO-CHUNK] num_users: 3
[ISO-CHUNK] ebno_db: 0.0
[ISO-CHUNK] chunk_idx: 5
[ISO-CHUNK] chunk_batches: 20
[ISO-CHUNK] receiver_microbatch_size: 8
[ISO-CHUNK] chunk_seed: 2204049
[ISO-CHUNK] checkpoint: /scratch/rsadve1/Extended_UPAIR_Narval_b32m16_portable/TWC_plots_comprehensive/runs_rx16/seed7/1dmrs/deep_d256_b6_r2/checkpoints/best.weights.h5
[ISO-CHUNK] TF_GPU_ALLOCATOR: cuda_malloc_async
[ISO-CHUNK] output tag: deep_d256_b6_r2_u3_upair5g_lmmse_ebno0p0_chunk0005_m8_b20
[EVAL] receiver microbatching enabled: batch_size_eval=64 receiver_microbatch_size=8
WARNING:tensorflow:Model's `__init__()` arguments contain non-serializable objects. Please implement a `get_config()` method in the subclassed Model for proper saving and loading. Defaulting to empty config.
WARNING:tensorflow:Model's `__init__()` arguments contain non-serializable objects. Please implement a `get_config()` method in the subclassed Model for proper saving and loading. Defaulting to empty config.
[EVAL] loaded UPAIR checkpoint: /scratch/rsadve1/Extended_UPAIR_Narval_b32m16_portable/TWC_plots_comprehensive/runs_rx16/seed7/1dmrs/deep_d256_b6_r2/checkpoints/best.weights.h5
[EVAL] skipping explicit NMSE channel-estimator calls for: upair5g_lmmse
[EVAL] instrumentation log_latency=True log_gpu_memory=True memory_cleanup_every_batches=1 memory_cleanup_every_microbatch=True stream_eval_microbatches=True compiled_receiver_error_counts=False receiver_call_jit_compile=False per_receiver_stopping=False target_bler_floor=1e-05 floor_num_frames=0 gpu_mem=0.13GiB peak=0.32GiB
[EVAL] receiver_call name=upair5g_lmmse mode=positional_y_no compiled_error_counts=False
[EVAL] progress num_users=3 Eb/N0=0 dB batches=10/20 frame_err=upair5g_lmmse:1/1920 elapsed=109.7s avg_batch=10.973s gpu_mem=8.60GiB peak=8.79GiB
[EVAL] progress num_users=3 Eb/N0=0 dB batches=20/20 frame_err=upair5g_lmmse:1/3840 elapsed=219.3s avg_batch=10.963s gpu_mem=17.06GiB peak=17.25GiB
[EVAL] receiver=           upair5g_lmmse Eb/N0= 0.0 dB BER=3.50022e-07 BLER=2.60417e-04 NMSE=nan bit_err=     4/11427840 blk_err=    1/3840   batches=  20 stop=global_stop rx_time=139.04s rx_ms_batch=6952.1 rx_ms_frame=36.209 point_time=219.27s gpu_mem=17.06GiB peak=17.25GiB
[ISO-CHUNK] wrote: /home/rsadve1/scratch/Extended_UPAIR_Narval_b32m16_portable/_isolated_eval_chunks/deep_d256_b6_r2_u3_upair5g_lmmse_ebno0p0_chunk0005_m8_b20/chunk_result.csv
[ISO-CHUNK] DONE
[PIPELINE] status done=0 reason=continue chunks=6 batches=120 block_errors=7/100 next_chunk=6
2026-06-10 06:21:18.635082: E external/local_xla/xla/stream_executor/cuda/cuda_dnn.cc:9261] Unable to register cuDNN factory: Attempting to register factory for plugin cuDNN when one has already been registered
2026-06-10 06:21:18.635119: E external/local_xla/xla/stream_executor/cuda/cuda_fft.cc:607] Unable to register cuFFT factory: Attempting to register factory for plugin cuFFT when one has already been registered
2026-06-10 06:21:18.636016: E external/local_xla/xla/stream_executor/cuda/cuda_blas.cc:1515] Unable to register cuBLAS factory: Attempting to register factory for plugin cuBLAS when one has already been registered
[COMPREHENSIVE] loaded Optuna best JSON for deep_d256_b6_r2 from /home/rsadve1/scratch/Extended_UPAIR_Narval_b32m16_portable/optuna/clean_b32_prb8_d256_40k_smart_trueDMRS_u34610_1dmrs_stageB_deep_d256_b6_r2_best_params.json
[ISO-CHUNK] variant: deep_d256_b6_r2
[ISO-CHUNK] receiver: upair5g_lmmse
[ISO-CHUNK] num_users: 3
[ISO-CHUNK] ebno_db: 0.0
[ISO-CHUNK] chunk_idx: 6
[ISO-CHUNK] chunk_batches: 20
[ISO-CHUNK] receiver_microbatch_size: 8
[ISO-CHUNK] chunk_seed: 2304052
[ISO-CHUNK] checkpoint: /scratch/rsadve1/Extended_UPAIR_Narval_b32m16_portable/TWC_plots_comprehensive/runs_rx16/seed7/1dmrs/deep_d256_b6_r2/checkpoints/best.weights.h5
[ISO-CHUNK] TF_GPU_ALLOCATOR: cuda_malloc_async
[ISO-CHUNK] output tag: deep_d256_b6_r2_u3_upair5g_lmmse_ebno0p0_chunk0006_m8_b20
[EVAL] receiver microbatching enabled: batch_size_eval=64 receiver_microbatch_size=8
WARNING:tensorflow:Model's `__init__()` arguments contain non-serializable objects. Please implement a `get_config()` method in the subclassed Model for proper saving and loading. Defaulting to empty config.
WARNING:tensorflow:Model's `__init__()` arguments contain non-serializable objects. Please implement a `get_config()` method in the subclassed Model for proper saving and loading. Defaulting to empty config.
[EVAL] loaded UPAIR checkpoint: /scratch/rsadve1/Extended_UPAIR_Narval_b32m16_portable/TWC_plots_comprehensive/runs_rx16/seed7/1dmrs/deep_d256_b6_r2/checkpoints/best.weights.h5
[EVAL] skipping explicit NMSE channel-estimator calls for: upair5g_lmmse
[EVAL] instrumentation log_latency=True log_gpu_memory=True memory_cleanup_every_batches=1 memory_cleanup_every_microbatch=True stream_eval_microbatches=True compiled_receiver_error_counts=False receiver_call_jit_compile=False per_receiver_stopping=False target_bler_floor=1e-05 floor_num_frames=0 gpu_mem=0.13GiB peak=0.32GiB
[EVAL] receiver_call name=upair5g_lmmse mode=positional_y_no compiled_error_counts=False
[EVAL] progress num_users=3 Eb/N0=0 dB batches=10/20 frame_err=upair5g_lmmse:0/1920 elapsed=108.1s avg_batch=10.811s gpu_mem=8.60GiB peak=8.79GiB
[EVAL] progress num_users=3 Eb/N0=0 dB batches=20/20 frame_err=upair5g_lmmse:0/3840 elapsed=216.1s avg_batch=10.805s gpu_mem=17.06GiB peak=17.25GiB
[EVAL] receiver=           upair5g_lmmse Eb/N0= 0.0 dB BER=0.00000e+00 BLER=0.00000e+00 NMSE=nan bit_err=     0/11427840 blk_err=    0/3840   batches=  20 stop=global_stop bler_ub=7.813e-04 rx_time=136.86s rx_ms_batch=6843.2 rx_ms_frame=35.641 point_time=216.10s gpu_mem=17.06GiB peak=17.25GiB
[ISO-CHUNK] wrote: /home/rsadve1/scratch/Extended_UPAIR_Narval_b32m16_portable/_isolated_eval_chunks/deep_d256_b6_r2_u3_upair5g_lmmse_ebno0p0_chunk0006_m8_b20/chunk_result.csv
[ISO-CHUNK] DONE
[PIPELINE] status done=0 reason=continue chunks=7 batches=140 block_errors=7/100 next_chunk=7
2026-06-10 06:25:24.824575: E external/local_xla/xla/stream_executor/cuda/cuda_dnn.cc:9261] Unable to register cuDNN factory: Attempting to register factory for plugin cuDNN when one has already been registered
2026-06-10 06:25:24.824622: E external/local_xla/xla/stream_executor/cuda/cuda_fft.cc:607] Unable to register cuFFT factory: Attempting to register factory for plugin cuFFT when one has already been registered
2026-06-10 06:25:24.825504: E external/local_xla/xla/stream_executor/cuda/cuda_blas.cc:1515] Unable to register cuBLAS factory: Attempting to register factory for plugin cuBLAS when one has already been registered
[COMPREHENSIVE] loaded Optuna best JSON for deep_d256_b6_r2 from /home/rsadve1/scratch/Extended_UPAIR_Narval_b32m16_portable/optuna/clean_b32_prb8_d256_40k_smart_trueDMRS_u34610_1dmrs_stageB_deep_d256_b6_r2_best_params.json
[ISO-CHUNK] variant: deep_d256_b6_r2
[ISO-CHUNK] receiver: upair5g_lmmse
[ISO-CHUNK] num_users: 3
[ISO-CHUNK] ebno_db: 0.0
[ISO-CHUNK] chunk_idx: 7
[ISO-CHUNK] chunk_batches: 20
[ISO-CHUNK] receiver_microbatch_size: 8
[ISO-CHUNK] chunk_seed: 2404055
[ISO-CHUNK] checkpoint: /scratch/rsadve1/Extended_UPAIR_Narval_b32m16_portable/TWC_plots_comprehensive/runs_rx16/seed7/1dmrs/deep_d256_b6_r2/checkpoints/best.weights.h5
[ISO-CHUNK] TF_GPU_ALLOCATOR: cuda_malloc_async
[ISO-CHUNK] output tag: deep_d256_b6_r2_u3_upair5g_lmmse_ebno0p0_chunk0007_m8_b20
[EVAL] receiver microbatching enabled: batch_size_eval=64 receiver_microbatch_size=8
WARNING:tensorflow:Model's `__init__()` arguments contain non-serializable objects. Please implement a `get_config()` method in the subclassed Model for proper saving and loading. Defaulting to empty config.
WARNING:tensorflow:Model's `__init__()` arguments contain non-serializable objects. Please implement a `get_config()` method in the subclassed Model for proper saving and loading. Defaulting to empty config.
[EVAL] loaded UPAIR checkpoint: /scratch/rsadve1/Extended_UPAIR_Narval_b32m16_portable/TWC_plots_comprehensive/runs_rx16/seed7/1dmrs/deep_d256_b6_r2/checkpoints/best.weights.h5
[EVAL] skipping explicit NMSE channel-estimator calls for: upair5g_lmmse
[EVAL] instrumentation log_latency=True log_gpu_memory=True memory_cleanup_every_batches=1 memory_cleanup_every_microbatch=True stream_eval_microbatches=True compiled_receiver_error_counts=False receiver_call_jit_compile=False per_receiver_stopping=False target_bler_floor=1e-05 floor_num_frames=0 gpu_mem=0.13GiB peak=0.32GiB
[EVAL] receiver_call name=upair5g_lmmse mode=positional_y_no compiled_error_counts=False
[EVAL] progress num_users=3 Eb/N0=0 dB batches=10/20 frame_err=upair5g_lmmse:0/1920 elapsed=108.6s avg_batch=10.862s gpu_mem=8.60GiB peak=8.79GiB
[EVAL] progress num_users=3 Eb/N0=0 dB batches=20/20 frame_err=upair5g_lmmse:0/3840 elapsed=216.6s avg_batch=10.830s gpu_mem=17.06GiB peak=17.25GiB
[EVAL] receiver=           upair5g_lmmse Eb/N0= 0.0 dB BER=0.00000e+00 BLER=0.00000e+00 NMSE=nan bit_err=     0/11427840 blk_err=    0/3840   batches=  20 stop=global_stop bler_ub=7.813e-04 rx_time=137.00s rx_ms_batch=6850.2 rx_ms_frame=35.678 point_time=216.59s gpu_mem=17.06GiB peak=17.25GiB
[ISO-CHUNK] wrote: /home/rsadve1/scratch/Extended_UPAIR_Narval_b32m16_portable/_isolated_eval_chunks/deep_d256_b6_r2_u3_upair5g_lmmse_ebno0p0_chunk0007_m8_b20/chunk_result.csv
[ISO-CHUNK] DONE
[PIPELINE] status done=0 reason=continue chunks=8 batches=160 block_errors=7/100 next_chunk=8
2026-06-10 06:29:28.111922: E external/local_xla/xla/stream_executor/cuda/cuda_dnn.cc:9261] Unable to register cuDNN factory: Attempting to register factory for plugin cuDNN when one has already been registered
2026-06-10 06:29:28.111961: E external/local_xla/xla/stream_executor/cuda/cuda_fft.cc:607] Unable to register cuFFT factory: Attempting to register factory for plugin cuFFT when one has already been registered
2026-06-10 06:29:28.112839: E external/local_xla/xla/stream_executor/cuda/cuda_blas.cc:1515] Unable to register cuBLAS factory: Attempting to register factory for plugin cuBLAS when one has already been registered
[COMPREHENSIVE] loaded Optuna best JSON for deep_d256_b6_r2 from /home/rsadve1/scratch/Extended_UPAIR_Narval_b32m16_portable/optuna/clean_b32_prb8_d256_40k_smart_trueDMRS_u34610_1dmrs_stageB_deep_d256_b6_r2_best_params.json
[ISO-CHUNK] variant: deep_d256_b6_r2
[ISO-CHUNK] receiver: upair5g_lmmse
[ISO-CHUNK] num_users: 3
[ISO-CHUNK] ebno_db: 0.0
[ISO-CHUNK] chunk_idx: 8
[ISO-CHUNK] chunk_batches: 20
[ISO-CHUNK] receiver_microbatch_size: 8
[ISO-CHUNK] chunk_seed: 2504058
[ISO-CHUNK] checkpoint: /scratch/rsadve1/Extended_UPAIR_Narval_b32m16_portable/TWC_plots_comprehensive/runs_rx16/seed7/1dmrs/deep_d256_b6_r2/checkpoints/best.weights.h5
[ISO-CHUNK] TF_GPU_ALLOCATOR: cuda_malloc_async
[ISO-CHUNK] output tag: deep_d256_b6_r2_u3_upair5g_lmmse_ebno0p0_chunk0008_m8_b20
[EVAL] receiver microbatching enabled: batch_size_eval=64 receiver_microbatch_size=8
WARNING:tensorflow:Model's `__init__()` arguments contain non-serializable objects. Please implement a `get_config()` method in the subclassed Model for proper saving and loading. Defaulting to empty config.
WARNING:tensorflow:Model's `__init__()` arguments contain non-serializable objects. Please implement a `get_config()` method in the subclassed Model for proper saving and loading. Defaulting to empty config.
[EVAL] loaded UPAIR checkpoint: /scratch/rsadve1/Extended_UPAIR_Narval_b32m16_portable/TWC_plots_comprehensive/runs_rx16/seed7/1dmrs/deep_d256_b6_r2/checkpoints/best.weights.h5
[EVAL] skipping explicit NMSE channel-estimator calls for: upair5g_lmmse
[EVAL] instrumentation log_latency=True log_gpu_memory=True memory_cleanup_every_batches=1 memory_cleanup_every_microbatch=True stream_eval_microbatches=True compiled_receiver_error_counts=False receiver_call_jit_compile=False per_receiver_stopping=False target_bler_floor=1e-05 floor_num_frames=0 gpu_mem=0.13GiB peak=0.32GiB
[EVAL] receiver_call name=upair5g_lmmse mode=positional_y_no compiled_error_counts=False
[EVAL] progress num_users=3 Eb/N0=0 dB batches=10/20 frame_err=upair5g_lmmse:1/1920 elapsed=108.2s avg_batch=10.819s gpu_mem=8.60GiB peak=8.79GiB
[EVAL] progress num_users=3 Eb/N0=0 dB batches=20/20 frame_err=upair5g_lmmse:2/3840 elapsed=216.7s avg_batch=10.835s gpu_mem=17.06GiB peak=17.25GiB
[EVAL] receiver=           upair5g_lmmse Eb/N0= 0.0 dB BER=2.73893e-05 BLER=5.20833e-04 NMSE=nan bit_err=   313/11427840 blk_err=    2/3840   batches=  20 stop=global_stop rx_time=137.30s rx_ms_batch=6865.2 rx_ms_frame=35.756 point_time=216.70s gpu_mem=17.06GiB peak=17.25GiB
[ISO-CHUNK] wrote: /home/rsadve1/scratch/Extended_UPAIR_Narval_b32m16_portable/_isolated_eval_chunks/deep_d256_b6_r2_u3_upair5g_lmmse_ebno0p0_chunk0008_m8_b20/chunk_result.csv
[ISO-CHUNK] DONE
[PIPELINE] status done=0 reason=continue chunks=9 batches=180 block_errors=9/100 next_chunk=9
2026-06-10 06:33:31.988199: E external/local_xla/xla/stream_executor/cuda/cuda_dnn.cc:9261] Unable to register cuDNN factory: Attempting to register factory for plugin cuDNN when one has already been registered
2026-06-10 06:33:31.988246: E external/local_xla/xla/stream_executor/cuda/cuda_fft.cc:607] Unable to register cuFFT factory: Attempting to register factory for plugin cuFFT when one has already been registered
2026-06-10 06:33:31.989142: E external/local_xla/xla/stream_executor/cuda/cuda_blas.cc:1515] Unable to register cuBLAS factory: Attempting to register factory for plugin cuBLAS when one has already been registered
[COMPREHENSIVE] loaded Optuna best JSON for deep_d256_b6_r2 from /home/rsadve1/scratch/Extended_UPAIR_Narval_b32m16_portable/optuna/clean_b32_prb8_d256_40k_smart_trueDMRS_u34610_1dmrs_stageB_deep_d256_b6_r2_best_params.json
[ISO-CHUNK] variant: deep_d256_b6_r2
[ISO-CHUNK] receiver: upair5g_lmmse
[ISO-CHUNK] num_users: 3
[ISO-CHUNK] ebno_db: 0.0
[ISO-CHUNK] chunk_idx: 9
[ISO-CHUNK] chunk_batches: 20
[ISO-CHUNK] receiver_microbatch_size: 8
[ISO-CHUNK] chunk_seed: 2604061
[ISO-CHUNK] checkpoint: /scratch/rsadve1/Extended_UPAIR_Narval_b32m16_portable/TWC_plots_comprehensive/runs_rx16/seed7/1dmrs/deep_d256_b6_r2/checkpoints/best.weights.h5
[ISO-CHUNK] TF_GPU_ALLOCATOR: cuda_malloc_async
[ISO-CHUNK] output tag: deep_d256_b6_r2_u3_upair5g_lmmse_ebno0p0_chunk0009_m8_b20
[EVAL] receiver microbatching enabled: batch_size_eval=64 receiver_microbatch_size=8
WARNING:tensorflow:Model's `__init__()` arguments contain non-serializable objects. Please implement a `get_config()` method in the subclassed Model for proper saving and loading. Defaulting to empty config.
WARNING:tensorflow:Model's `__init__()` arguments contain non-serializable objects. Please implement a `get_config()` method in the subclassed Model for proper saving and loading. Defaulting to empty config.
[EVAL] loaded UPAIR checkpoint: /scratch/rsadve1/Extended_UPAIR_Narval_b32m16_portable/TWC_plots_comprehensive/runs_rx16/seed7/1dmrs/deep_d256_b6_r2/checkpoints/best.weights.h5
[EVAL] skipping explicit NMSE channel-estimator calls for: upair5g_lmmse
[EVAL] instrumentation log_latency=True log_gpu_memory=True memory_cleanup_every_batches=1 memory_cleanup_every_microbatch=True stream_eval_microbatches=True compiled_receiver_error_counts=False receiver_call_jit_compile=False per_receiver_stopping=False target_bler_floor=1e-05 floor_num_frames=0 gpu_mem=0.13GiB peak=0.32GiB
[EVAL] receiver_call name=upair5g_lmmse mode=positional_y_no compiled_error_counts=False
[EVAL] progress num_users=3 Eb/N0=0 dB batches=10/20 frame_err=upair5g_lmmse:1/1920 elapsed=108.8s avg_batch=10.884s gpu_mem=8.60GiB peak=8.79GiB
[EVAL] progress num_users=3 Eb/N0=0 dB batches=20/20 frame_err=upair5g_lmmse:1/3840 elapsed=217.2s avg_batch=10.861s gpu_mem=17.06GiB peak=17.25GiB
[EVAL] receiver=           upair5g_lmmse Eb/N0= 0.0 dB BER=7.17546e-06 BLER=2.60417e-04 NMSE=nan bit_err=    82/11427840 blk_err=    1/3840   batches=  20 stop=global_stop rx_time=137.63s rx_ms_batch=6881.6 rx_ms_frame=35.842 point_time=217.22s gpu_mem=17.06GiB peak=17.25GiB
[ISO-CHUNK] wrote: /home/rsadve1/scratch/Extended_UPAIR_Narval_b32m16_portable/_isolated_eval_chunks/deep_d256_b6_r2_u3_upair5g_lmmse_ebno0p0_chunk0009_m8_b20/chunk_result.csv
[ISO-CHUNK] DONE
[PIPELINE] status done=0 reason=continue chunks=10 batches=200 block_errors=10/100 next_chunk=10
2026-06-10 06:37:42.334217: E external/local_xla/xla/stream_executor/cuda/cuda_dnn.cc:9261] Unable to register cuDNN factory: Attempting to register factory for plugin cuDNN when one has already been registered
2026-06-10 06:37:42.334254: E external/local_xla/xla/stream_executor/cuda/cuda_fft.cc:607] Unable to register cuFFT factory: Attempting to register factory for plugin cuFFT when one has already been registered
2026-06-10 06:37:42.335143: E external/local_xla/xla/stream_executor/cuda/cuda_blas.cc:1515] Unable to register cuBLAS factory: Attempting to register factory for plugin cuBLAS when one has already been registered
[COMPREHENSIVE] loaded Optuna best JSON for deep_d256_b6_r2 from /home/rsadve1/scratch/Extended_UPAIR_Narval_b32m16_portable/optuna/clean_b32_prb8_d256_40k_smart_trueDMRS_u34610_1dmrs_stageB_deep_d256_b6_r2_best_params.json
[ISO-CHUNK] variant: deep_d256_b6_r2
[ISO-CHUNK] receiver: upair5g_lmmse
[ISO-CHUNK] num_users: 3
[ISO-CHUNK] ebno_db: 0.0
[ISO-CHUNK] chunk_idx: 10
[ISO-CHUNK] chunk_batches: 20
[ISO-CHUNK] receiver_microbatch_size: 8
[ISO-CHUNK] chunk_seed: 2704064
[ISO-CHUNK] checkpoint: /scratch/rsadve1/Extended_UPAIR_Narval_b32m16_portable/TWC_plots_comprehensive/runs_rx16/seed7/1dmrs/deep_d256_b6_r2/checkpoints/best.weights.h5
[ISO-CHUNK] TF_GPU_ALLOCATOR: cuda_malloc_async
[ISO-CHUNK] output tag: deep_d256_b6_r2_u3_upair5g_lmmse_ebno0p0_chunk0010_m8_b20
[EVAL] receiver microbatching enabled: batch_size_eval=64 receiver_microbatch_size=8
WARNING:tensorflow:Model's `__init__()` arguments contain non-serializable objects. Please implement a `get_config()` method in the subclassed Model for proper saving and loading. Defaulting to empty config.
WARNING:tensorflow:Model's `__init__()` arguments contain non-serializable objects. Please implement a `get_config()` method in the subclassed Model for proper saving and loading. Defaulting to empty config.
[EVAL] loaded UPAIR checkpoint: /scratch/rsadve1/Extended_UPAIR_Narval_b32m16_portable/TWC_plots_comprehensive/runs_rx16/seed7/1dmrs/deep_d256_b6_r2/checkpoints/best.weights.h5
[EVAL] skipping explicit NMSE channel-estimator calls for: upair5g_lmmse
[EVAL] instrumentation log_latency=True log_gpu_memory=True memory_cleanup_every_batches=1 memory_cleanup_every_microbatch=True stream_eval_microbatches=True compiled_receiver_error_counts=False receiver_call_jit_compile=False per_receiver_stopping=False target_bler_floor=1e-05 floor_num_frames=0 gpu_mem=0.13GiB peak=0.32GiB
[EVAL] receiver_call name=upair5g_lmmse mode=positional_y_no compiled_error_counts=False
[EVAL] progress num_users=3 Eb/N0=0 dB batches=10/20 frame_err=upair5g_lmmse:1/1920 elapsed=108.6s avg_batch=10.856s gpu_mem=8.60GiB peak=8.79GiB
[EVAL] progress num_users=3 Eb/N0=0 dB batches=20/20 frame_err=upair5g_lmmse:1/3840 elapsed=216.7s avg_batch=10.834s gpu_mem=17.06GiB peak=17.25GiB
[EVAL] receiver=           upair5g_lmmse Eb/N0= 0.0 dB BER=2.62517e-07 BLER=2.60417e-04 NMSE=nan bit_err=     3/11427840 blk_err=    1/3840   batches=  20 stop=global_stop rx_time=137.22s rx_ms_batch=6861.0 rx_ms_frame=35.734 point_time=216.68s gpu_mem=17.06GiB peak=17.25GiB
[ISO-CHUNK] wrote: /home/rsadve1/scratch/Extended_UPAIR_Narval_b32m16_portable/_isolated_eval_chunks/deep_d256_b6_r2_u3_upair5g_lmmse_ebno0p0_chunk0010_m8_b20/chunk_result.csv
[ISO-CHUNK] DONE
[PIPELINE] status done=0 reason=continue chunks=11 batches=220 block_errors=11/100 next_chunk=11
2026-06-10 06:41:47.411545: E external/local_xla/xla/stream_executor/cuda/cuda_dnn.cc:9261] Unable to register cuDNN factory: Attempting to register factory for plugin cuDNN when one has already been registered
2026-06-10 06:41:47.411581: E external/local_xla/xla/stream_executor/cuda/cuda_fft.cc:607] Unable to register cuFFT factory: Attempting to register factory for plugin cuFFT when one has already been registered
2026-06-10 06:41:47.412476: E external/local_xla/xla/stream_executor/cuda/cuda_blas.cc:1515] Unable to register cuBLAS factory: Attempting to register factory for plugin cuBLAS when one has already been registered
[COMPREHENSIVE] loaded Optuna best JSON for deep_d256_b6_r2 from /home/rsadve1/scratch/Extended_UPAIR_Narval_b32m16_portable/optuna/clean_b32_prb8_d256_40k_smart_trueDMRS_u34610_1dmrs_stageB_deep_d256_b6_r2_best_params.json
[ISO-CHUNK] variant: deep_d256_b6_r2
[ISO-CHUNK] receiver: upair5g_lmmse
[ISO-CHUNK] num_users: 3
[ISO-CHUNK] ebno_db: 0.0
[ISO-CHUNK] chunk_idx: 11
[ISO-CHUNK] chunk_batches: 20
[ISO-CHUNK] receiver_microbatch_size: 8
[ISO-CHUNK] chunk_seed: 2804067
[ISO-CHUNK] checkpoint: /scratch/rsadve1/Extended_UPAIR_Narval_b32m16_portable/TWC_plots_comprehensive/runs_rx16/seed7/1dmrs/deep_d256_b6_r2/checkpoints/best.weights.h5
[ISO-CHUNK] TF_GPU_ALLOCATOR: cuda_malloc_async
[ISO-CHUNK] output tag: deep_d256_b6_r2_u3_upair5g_lmmse_ebno0p0_chunk0011_m8_b20
[EVAL] receiver microbatching enabled: batch_size_eval=64 receiver_microbatch_size=8
WARNING:tensorflow:Model's `__init__()` arguments contain non-serializable objects. Please implement a `get_config()` method in the subclassed Model for proper saving and loading. Defaulting to empty config.
WARNING:tensorflow:Model's `__init__()` arguments contain non-serializable objects. Please implement a `get_config()` method in the subclassed Model for proper saving and loading. Defaulting to empty config.
[EVAL] loaded UPAIR checkpoint: /scratch/rsadve1/Extended_UPAIR_Narval_b32m16_portable/TWC_plots_comprehensive/runs_rx16/seed7/1dmrs/deep_d256_b6_r2/checkpoints/best.weights.h5
[EVAL] skipping explicit NMSE channel-estimator calls for: upair5g_lmmse
[EVAL] instrumentation log_latency=True log_gpu_memory=True memory_cleanup_every_batches=1 memory_cleanup_every_microbatch=True stream_eval_microbatches=True compiled_receiver_error_counts=False receiver_call_jit_compile=False per_receiver_stopping=False target_bler_floor=1e-05 floor_num_frames=0 gpu_mem=0.13GiB peak=0.32GiB
[EVAL] receiver_call name=upair5g_lmmse mode=positional_y_no compiled_error_counts=False
[EVAL] progress num_users=3 Eb/N0=0 dB batches=10/20 frame_err=upair5g_lmmse:0/1920 elapsed=108.4s avg_batch=10.841s gpu_mem=8.60GiB peak=8.79GiB
[EVAL] progress num_users=3 Eb/N0=0 dB batches=20/20 frame_err=upair5g_lmmse:3/3840 elapsed=216.3s avg_batch=10.816s gpu_mem=17.06GiB peak=17.25GiB
[EVAL] receiver=           upair5g_lmmse Eb/N0= 0.0 dB BER=5.81037e-05 BLER=7.81250e-04 NMSE=nan bit_err=   664/11427840 blk_err=    3/3840   batches=  20 stop=global_stop rx_time=136.90s rx_ms_batch=6845.0 rx_ms_frame=35.651 point_time=216.32s gpu_mem=17.06GiB peak=17.25GiB
[ISO-CHUNK] wrote: /home/rsadve1/scratch/Extended_UPAIR_Narval_b32m16_portable/_isolated_eval_chunks/deep_d256_b6_r2_u3_upair5g_lmmse_ebno0p0_chunk0011_m8_b20/chunk_result.csv
[ISO-CHUNK] DONE
[PIPELINE] status done=0 reason=continue chunks=12 batches=240 block_errors=14/100 next_chunk=12
2026-06-10 06:45:42.711841: E external/local_xla/xla/stream_executor/cuda/cuda_dnn.cc:9261] Unable to register cuDNN factory: Attempting to register factory for plugin cuDNN when one has already been registered
2026-06-10 06:45:42.711873: E external/local_xla/xla/stream_executor/cuda/cuda_fft.cc:607] Unable to register cuFFT factory: Attempting to register factory for plugin cuFFT when one has already been registered
2026-06-10 06:45:42.712795: E external/local_xla/xla/stream_executor/cuda/cuda_blas.cc:1515] Unable to register cuBLAS factory: Attempting to register factory for plugin cuBLAS when one has already been registered
[COMPREHENSIVE] loaded Optuna best JSON for deep_d256_b6_r2 from /home/rsadve1/scratch/Extended_UPAIR_Narval_b32m16_portable/optuna/clean_b32_prb8_d256_40k_smart_trueDMRS_u34610_1dmrs_stageB_deep_d256_b6_r2_best_params.json
[ISO-CHUNK] variant: deep_d256_b6_r2
[ISO-CHUNK] receiver: upair5g_lmmse
[ISO-CHUNK] num_users: 3
[ISO-CHUNK] ebno_db: 0.0
[ISO-CHUNK] chunk_idx: 12
[ISO-CHUNK] chunk_batches: 20
[ISO-CHUNK] receiver_microbatch_size: 8
[ISO-CHUNK] chunk_seed: 2904070
[ISO-CHUNK] checkpoint: /scratch/rsadve1/Extended_UPAIR_Narval_b32m16_portable/TWC_plots_comprehensive/runs_rx16/seed7/1dmrs/deep_d256_b6_r2/checkpoints/best.weights.h5
[ISO-CHUNK] TF_GPU_ALLOCATOR: cuda_malloc_async
[ISO-CHUNK] output tag: deep_d256_b6_r2_u3_upair5g_lmmse_ebno0p0_chunk0012_m8_b20
[EVAL] receiver microbatching enabled: batch_size_eval=64 receiver_microbatch_size=8
WARNING:tensorflow:Model's `__init__()` arguments contain non-serializable objects. Please implement a `get_config()` method in the subclassed Model for proper saving and loading. Defaulting to empty config.
WARNING:tensorflow:Model's `__init__()` arguments contain non-serializable objects. Please implement a `get_config()` method in the subclassed Model for proper saving and loading. Defaulting to empty config.
[EVAL] loaded UPAIR checkpoint: /scratch/rsadve1/Extended_UPAIR_Narval_b32m16_portable/TWC_plots_comprehensive/runs_rx16/seed7/1dmrs/deep_d256_b6_r2/checkpoints/best.weights.h5
[EVAL] skipping explicit NMSE channel-estimator calls for: upair5g_lmmse
[EVAL] instrumentation log_latency=True log_gpu_memory=True memory_cleanup_every_batches=1 memory_cleanup_every_microbatch=True stream_eval_microbatches=True compiled_receiver_error_counts=False receiver_call_jit_compile=False per_receiver_stopping=False target_bler_floor=1e-05 floor_num_frames=0 gpu_mem=0.13GiB peak=0.32GiB
[EVAL] receiver_call name=upair5g_lmmse mode=positional_y_no compiled_error_counts=False
[EVAL] progress num_users=3 Eb/N0=0 dB batches=10/20 frame_err=upair5g_lmmse:2/1920 elapsed=108.6s avg_batch=10.864s gpu_mem=8.60GiB peak=8.79GiB
[EVAL] progress num_users=3 Eb/N0=0 dB batches=20/20 frame_err=upair5g_lmmse:3/3840 elapsed=217.0s avg_batch=10.850s gpu_mem=17.06GiB peak=17.25GiB
[EVAL] receiver=           upair5g_lmmse Eb/N0= 0.0 dB BER=7.28922e-05 BLER=7.81250e-04 NMSE=nan bit_err=   833/11427840 blk_err=    3/3840   batches=  20 stop=global_stop rx_time=137.36s rx_ms_batch=6867.9 rx_ms_frame=35.770 point_time=217.01s gpu_mem=17.06GiB peak=17.25GiB
[ISO-CHUNK] wrote: /home/rsadve1/scratch/Extended_UPAIR_Narval_b32m16_portable/_isolated_eval_chunks/deep_d256_b6_r2_u3_upair5g_lmmse_ebno0p0_chunk0012_m8_b20/chunk_result.csv
[ISO-CHUNK] DONE
[PIPELINE] status done=0 reason=continue chunks=13 batches=260 block_errors=17/100 next_chunk=13
2026-06-10 06:49:42.357220: E external/local_xla/xla/stream_executor/cuda/cuda_dnn.cc:9261] Unable to register cuDNN factory: Attempting to register factory for plugin cuDNN when one has already been registered
2026-06-10 06:49:42.357254: E external/local_xla/xla/stream_executor/cuda/cuda_fft.cc:607] Unable to register cuFFT factory: Attempting to register factory for plugin cuFFT when one has already been registered
2026-06-10 06:49:42.358165: E external/local_xla/xla/stream_executor/cuda/cuda_blas.cc:1515] Unable to register cuBLAS factory: Attempting to register factory for plugin cuBLAS when one has already been registered
[COMPREHENSIVE] loaded Optuna best JSON for deep_d256_b6_r2 from /home/rsadve1/scratch/Extended_UPAIR_Narval_b32m16_portable/optuna/clean_b32_prb8_d256_40k_smart_trueDMRS_u34610_1dmrs_stageB_deep_d256_b6_r2_best_params.json
[ISO-CHUNK] variant: deep_d256_b6_r2
[ISO-CHUNK] receiver: upair5g_lmmse
[ISO-CHUNK] num_users: 3
[ISO-CHUNK] ebno_db: 0.0
[ISO-CHUNK] chunk_idx: 13
[ISO-CHUNK] chunk_batches: 20
[ISO-CHUNK] receiver_microbatch_size: 8
[ISO-CHUNK] chunk_seed: 3004073
[ISO-CHUNK] checkpoint: /scratch/rsadve1/Extended_UPAIR_Narval_b32m16_portable/TWC_plots_comprehensive/runs_rx16/seed7/1dmrs/deep_d256_b6_r2/checkpoints/best.weights.h5
[ISO-CHUNK] TF_GPU_ALLOCATOR: cuda_malloc_async
[ISO-CHUNK] output tag: deep_d256_b6_r2_u3_upair5g_lmmse_ebno0p0_chunk0013_m8_b20
[EVAL] receiver microbatching enabled: batch_size_eval=64 receiver_microbatch_size=8
WARNING:tensorflow:Model's `__init__()` arguments contain non-serializable objects. Please implement a `get_config()` method in the subclassed Model for proper saving and loading. Defaulting to empty config.
WARNING:tensorflow:Model's `__init__()` arguments contain non-serializable objects. Please implement a `get_config()` method in the subclassed Model for proper saving and loading. Defaulting to empty config.
[EVAL] loaded UPAIR checkpoint: /scratch/rsadve1/Extended_UPAIR_Narval_b32m16_portable/TWC_plots_comprehensive/runs_rx16/seed7/1dmrs/deep_d256_b6_r2/checkpoints/best.weights.h5
[EVAL] skipping explicit NMSE channel-estimator calls for: upair5g_lmmse
[EVAL] instrumentation log_latency=True log_gpu_memory=True memory_cleanup_every_batches=1 memory_cleanup_every_microbatch=True stream_eval_microbatches=True compiled_receiver_error_counts=False receiver_call_jit_compile=False per_receiver_stopping=False target_bler_floor=1e-05 floor_num_frames=0 gpu_mem=0.13GiB peak=0.32GiB
[EVAL] receiver_call name=upair5g_lmmse mode=positional_y_no compiled_error_counts=False
[EVAL] progress num_users=3 Eb/N0=0 dB batches=10/20 frame_err=upair5g_lmmse:1/1920 elapsed=108.9s avg_batch=10.887s gpu_mem=8.60GiB peak=8.79GiB
[EVAL] progress num_users=3 Eb/N0=0 dB batches=20/20 frame_err=upair5g_lmmse:2/3840 elapsed=217.9s avg_batch=10.895s gpu_mem=17.06GiB peak=17.25GiB
[EVAL] receiver=           upair5g_lmmse Eb/N0= 0.0 dB BER=3.85900e-05 BLER=5.20833e-04 NMSE=nan bit_err=   441/11427840 blk_err=    2/3840   batches=  20 stop=global_stop rx_time=138.21s rx_ms_batch=6910.5 rx_ms_frame=35.992 point_time=217.90s gpu_mem=17.06GiB peak=17.25GiB
[ISO-CHUNK] wrote: /home/rsadve1/scratch/Extended_UPAIR_Narval_b32m16_portable/_isolated_eval_chunks/deep_d256_b6_r2_u3_upair5g_lmmse_ebno0p0_chunk0013_m8_b20/chunk_result.csv
[ISO-CHUNK] DONE
[PIPELINE] status done=0 reason=continue chunks=14 batches=280 block_errors=19/100 next_chunk=14
2026-06-10 06:53:53.198286: E external/local_xla/xla/stream_executor/cuda/cuda_dnn.cc:9261] Unable to register cuDNN factory: Attempting to register factory for plugin cuDNN when one has already been registered
2026-06-10 06:53:53.198325: E external/local_xla/xla/stream_executor/cuda/cuda_fft.cc:607] Unable to register cuFFT factory: Attempting to register factory for plugin cuFFT when one has already been registered
2026-06-10 06:53:53.199246: E external/local_xla/xla/stream_executor/cuda/cuda_blas.cc:1515] Unable to register cuBLAS factory: Attempting to register factory for plugin cuBLAS when one has already been registered
[COMPREHENSIVE] loaded Optuna best JSON for deep_d256_b6_r2 from /home/rsadve1/scratch/Extended_UPAIR_Narval_b32m16_portable/optuna/clean_b32_prb8_d256_40k_smart_trueDMRS_u34610_1dmrs_stageB_deep_d256_b6_r2_best_params.json
[ISO-CHUNK] variant: deep_d256_b6_r2
[ISO-CHUNK] receiver: upair5g_lmmse
[ISO-CHUNK] num_users: 3
[ISO-CHUNK] ebno_db: 0.0
[ISO-CHUNK] chunk_idx: 14
[ISO-CHUNK] chunk_batches: 20
[ISO-CHUNK] receiver_microbatch_size: 8
[ISO-CHUNK] chunk_seed: 3104076
[ISO-CHUNK] checkpoint: /scratch/rsadve1/Extended_UPAIR_Narval_b32m16_portable/TWC_plots_comprehensive/runs_rx16/seed7/1dmrs/deep_d256_b6_r2/checkpoints/best.weights.h5
[ISO-CHUNK] TF_GPU_ALLOCATOR: cuda_malloc_async
[ISO-CHUNK] output tag: deep_d256_b6_r2_u3_upair5g_lmmse_ebno0p0_chunk0014_m8_b20
[EVAL] receiver microbatching enabled: batch_size_eval=64 receiver_microbatch_size=8
WARNING:tensorflow:Model's `__init__()` arguments contain non-serializable objects. Please implement a `get_config()` method in the subclassed Model for proper saving and loading. Defaulting to empty config.
WARNING:tensorflow:Model's `__init__()` arguments contain non-serializable objects. Please implement a `get_config()` method in the subclassed Model for proper saving and loading. Defaulting to empty config.
[EVAL] loaded UPAIR checkpoint: /scratch/rsadve1/Extended_UPAIR_Narval_b32m16_portable/TWC_plots_comprehensive/runs_rx16/seed7/1dmrs/deep_d256_b6_r2/checkpoints/best.weights.h5
[EVAL] skipping explicit NMSE channel-estimator calls for: upair5g_lmmse
[EVAL] instrumentation log_latency=True log_gpu_memory=True memory_cleanup_every_batches=1 memory_cleanup_every_microbatch=True stream_eval_microbatches=True compiled_receiver_error_counts=False receiver_call_jit_compile=False per_receiver_stopping=False target_bler_floor=1e-05 floor_num_frames=0 gpu_mem=0.13GiB peak=0.32GiB
[EVAL] receiver_call name=upair5g_lmmse mode=positional_y_no compiled_error_counts=False
[EVAL] progress num_users=3 Eb/N0=0 dB batches=10/20 frame_err=upair5g_lmmse:0/1920 elapsed=108.5s avg_batch=10.853s gpu_mem=8.60GiB peak=8.79GiB
[EVAL] progress num_users=3 Eb/N0=0 dB batches=20/20 frame_err=upair5g_lmmse:3/3840 elapsed=216.9s avg_batch=10.847s gpu_mem=17.06GiB peak=17.25GiB
[EVAL] receiver=           upair5g_lmmse Eb/N0= 0.0 dB BER=6.30915e-05 BLER=7.81250e-04 NMSE=nan bit_err=   721/11427840 blk_err=    3/3840   batches=  20 stop=global_stop rx_time=137.18s rx_ms_batch=6859.2 rx_ms_frame=35.725 point_time=216.93s gpu_mem=17.06GiB peak=17.25GiB
[ISO-CHUNK] wrote: /home/rsadve1/scratch/Extended_UPAIR_Narval_b32m16_portable/_isolated_eval_chunks/deep_d256_b6_r2_u3_upair5g_lmmse_ebno0p0_chunk0014_m8_b20/chunk_result.csv
[ISO-CHUNK] DONE
[PIPELINE] status done=0 reason=continue chunks=15 batches=300 block_errors=22/100 next_chunk=15
2026-06-10 06:57:59.000732: E external/local_xla/xla/stream_executor/cuda/cuda_dnn.cc:9261] Unable to register cuDNN factory: Attempting to register factory for plugin cuDNN when one has already been registered
2026-06-10 06:57:59.000776: E external/local_xla/xla/stream_executor/cuda/cuda_fft.cc:607] Unable to register cuFFT factory: Attempting to register factory for plugin cuFFT when one has already been registered
2026-06-10 06:57:59.001668: E external/local_xla/xla/stream_executor/cuda/cuda_blas.cc:1515] Unable to register cuBLAS factory: Attempting to register factory for plugin cuBLAS when one has already been registered
[COMPREHENSIVE] loaded Optuna best JSON for deep_d256_b6_r2 from /home/rsadve1/scratch/Extended_UPAIR_Narval_b32m16_portable/optuna/clean_b32_prb8_d256_40k_smart_trueDMRS_u34610_1dmrs_stageB_deep_d256_b6_r2_best_params.json
[ISO-CHUNK] variant: deep_d256_b6_r2
[ISO-CHUNK] receiver: upair5g_lmmse
[ISO-CHUNK] num_users: 3
[ISO-CHUNK] ebno_db: 0.0
[ISO-CHUNK] chunk_idx: 15
[ISO-CHUNK] chunk_batches: 20
[ISO-CHUNK] receiver_microbatch_size: 8
[ISO-CHUNK] chunk_seed: 3204079
[ISO-CHUNK] checkpoint: /scratch/rsadve1/Extended_UPAIR_Narval_b32m16_portable/TWC_plots_comprehensive/runs_rx16/seed7/1dmrs/deep_d256_b6_r2/checkpoints/best.weights.h5
[ISO-CHUNK] TF_GPU_ALLOCATOR: cuda_malloc_async
[ISO-CHUNK] output tag: deep_d256_b6_r2_u3_upair5g_lmmse_ebno0p0_chunk0015_m8_b20
[EVAL] receiver microbatching enabled: batch_size_eval=64 receiver_microbatch_size=8
WARNING:tensorflow:Model's `__init__()` arguments contain non-serializable objects. Please implement a `get_config()` method in the subclassed Model for proper saving and loading. Defaulting to empty config.
WARNING:tensorflow:Model's `__init__()` arguments contain non-serializable objects. Please implement a `get_config()` method in the subclassed Model for proper saving and loading. Defaulting to empty config.
[EVAL] loaded UPAIR checkpoint: /scratch/rsadve1/Extended_UPAIR_Narval_b32m16_portable/TWC_plots_comprehensive/runs_rx16/seed7/1dmrs/deep_d256_b6_r2/checkpoints/best.weights.h5
[EVAL] skipping explicit NMSE channel-estimator calls for: upair5g_lmmse
[EVAL] instrumentation log_latency=True log_gpu_memory=True memory_cleanup_every_batches=1 memory_cleanup_every_microbatch=True stream_eval_microbatches=True compiled_receiver_error_counts=False receiver_call_jit_compile=False per_receiver_stopping=False target_bler_floor=1e-05 floor_num_frames=0 gpu_mem=0.13GiB peak=0.32GiB
[EVAL] receiver_call name=upair5g_lmmse mode=positional_y_no compiled_error_counts=False
[EVAL] progress num_users=3 Eb/N0=0 dB batches=10/20 frame_err=upair5g_lmmse:0/1920 elapsed=107.5s avg_batch=10.752s gpu_mem=8.60GiB peak=8.79GiB
[EVAL] progress num_users=3 Eb/N0=0 dB batches=20/20 frame_err=upair5g_lmmse:0/3840 elapsed=214.4s avg_batch=10.720s gpu_mem=17.06GiB peak=17.25GiB
[EVAL] receiver=           upair5g_lmmse Eb/N0= 0.0 dB BER=0.00000e+00 BLER=0.00000e+00 NMSE=nan bit_err=     0/11427840 blk_err=    0/3840   batches=  20 stop=global_stop bler_ub=7.813e-04 rx_time=135.99s rx_ms_batch=6799.6 rx_ms_frame=35.414 point_time=214.41s gpu_mem=17.06GiB peak=17.25GiB
[ISO-CHUNK] wrote: /home/rsadve1/scratch/Extended_UPAIR_Narval_b32m16_portable/_isolated_eval_chunks/deep_d256_b6_r2_u3_upair5g_lmmse_ebno0p0_chunk0015_m8_b20/chunk_result.csv
[ISO-CHUNK] DONE
[PIPELINE] status done=0 reason=continue chunks=16 batches=320 block_errors=22/100 next_chunk=16
2026-06-10 07:02:00.468213: E external/local_xla/xla/stream_executor/cuda/cuda_dnn.cc:9261] Unable to register cuDNN factory: Attempting to register factory for plugin cuDNN when one has already been registered
2026-06-10 07:02:00.468255: E external/local_xla/xla/stream_executor/cuda/cuda_fft.cc:607] Unable to register cuFFT factory: Attempting to register factory for plugin cuFFT when one has already been registered
2026-06-10 07:02:00.469152: E external/local_xla/xla/stream_executor/cuda/cuda_blas.cc:1515] Unable to register cuBLAS factory: Attempting to register factory for plugin cuBLAS when one has already been registered
[COMPREHENSIVE] loaded Optuna best JSON for deep_d256_b6_r2 from /home/rsadve1/scratch/Extended_UPAIR_Narval_b32m16_portable/optuna/clean_b32_prb8_d256_40k_smart_trueDMRS_u34610_1dmrs_stageB_deep_d256_b6_r2_best_params.json
[ISO-CHUNK] variant: deep_d256_b6_r2
[ISO-CHUNK] receiver: upair5g_lmmse
[ISO-CHUNK] num_users: 3
[ISO-CHUNK] ebno_db: 0.0
[ISO-CHUNK] chunk_idx: 16
[ISO-CHUNK] chunk_batches: 20
[ISO-CHUNK] receiver_microbatch_size: 8
[ISO-CHUNK] chunk_seed: 3304082
[ISO-CHUNK] checkpoint: /scratch/rsadve1/Extended_UPAIR_Narval_b32m16_portable/TWC_plots_comprehensive/runs_rx16/seed7/1dmrs/deep_d256_b6_r2/checkpoints/best.weights.h5
[ISO-CHUNK] TF_GPU_ALLOCATOR: cuda_malloc_async
[ISO-CHUNK] output tag: deep_d256_b6_r2_u3_upair5g_lmmse_ebno0p0_chunk0016_m8_b20
[EVAL] receiver microbatching enabled: batch_size_eval=64 receiver_microbatch_size=8
WARNING:tensorflow:Model's `__init__()` arguments contain non-serializable objects. Please implement a `get_config()` method in the subclassed Model for proper saving and loading. Defaulting to empty config.
WARNING:tensorflow:Model's `__init__()` arguments contain non-serializable objects. Please implement a `get_config()` method in the subclassed Model for proper saving and loading. Defaulting to empty config.
[EVAL] loaded UPAIR checkpoint: /scratch/rsadve1/Extended_UPAIR_Narval_b32m16_portable/TWC_plots_comprehensive/runs_rx16/seed7/1dmrs/deep_d256_b6_r2/checkpoints/best.weights.h5
[EVAL] skipping explicit NMSE channel-estimator calls for: upair5g_lmmse
[EVAL] instrumentation log_latency=True log_gpu_memory=True memory_cleanup_every_batches=1 memory_cleanup_every_microbatch=True stream_eval_microbatches=True compiled_receiver_error_counts=False receiver_call_jit_compile=False per_receiver_stopping=False target_bler_floor=1e-05 floor_num_frames=0 gpu_mem=0.13GiB peak=0.32GiB
[EVAL] receiver_call name=upair5g_lmmse mode=positional_y_no compiled_error_counts=False
[EVAL] progress num_users=3 Eb/N0=0 dB batches=10/20 frame_err=upair5g_lmmse:1/1920 elapsed=108.2s avg_batch=10.822s gpu_mem=8.60GiB peak=8.79GiB
[EVAL] progress num_users=3 Eb/N0=0 dB batches=20/20 frame_err=upair5g_lmmse:1/3840 elapsed=216.2s avg_batch=10.812s gpu_mem=17.06GiB peak=17.25GiB
[EVAL] receiver=           upair5g_lmmse Eb/N0= 0.0 dB BER=3.47397e-05 BLER=2.60417e-04 NMSE=nan bit_err=   397/11427840 blk_err=    1/3840   batches=  20 stop=global_stop rx_time=137.01s rx_ms_batch=6850.3 rx_ms_frame=35.679 point_time=216.24s gpu_mem=17.06GiB peak=17.25GiB
[ISO-CHUNK] wrote: /home/rsadve1/scratch/Extended_UPAIR_Narval_b32m16_portable/_isolated_eval_chunks/deep_d256_b6_r2_u3_upair5g_lmmse_ebno0p0_chunk0016_m8_b20/chunk_result.csv
[ISO-CHUNK] DONE
[PIPELINE] status done=0 reason=continue chunks=17 batches=340 block_errors=23/100 next_chunk=17
2026-06-10 07:06:16.424306: E external/local_xla/xla/stream_executor/cuda/cuda_dnn.cc:9261] Unable to register cuDNN factory: Attempting to register factory for plugin cuDNN when one has already been registered
2026-06-10 07:06:16.424347: E external/local_xla/xla/stream_executor/cuda/cuda_fft.cc:607] Unable to register cuFFT factory: Attempting to register factory for plugin cuFFT when one has already been registered
2026-06-10 07:06:16.425229: E external/local_xla/xla/stream_executor/cuda/cuda_blas.cc:1515] Unable to register cuBLAS factory: Attempting to register factory for plugin cuBLAS when one has already been registered
[COMPREHENSIVE] loaded Optuna best JSON for deep_d256_b6_r2 from /home/rsadve1/scratch/Extended_UPAIR_Narval_b32m16_portable/optuna/clean_b32_prb8_d256_40k_smart_trueDMRS_u34610_1dmrs_stageB_deep_d256_b6_r2_best_params.json
[ISO-CHUNK] variant: deep_d256_b6_r2
[ISO-CHUNK] receiver: upair5g_lmmse
[ISO-CHUNK] num_users: 3
[ISO-CHUNK] ebno_db: 0.0
[ISO-CHUNK] chunk_idx: 17
[ISO-CHUNK] chunk_batches: 20
[ISO-CHUNK] receiver_microbatch_size: 8
[ISO-CHUNK] chunk_seed: 3404085
[ISO-CHUNK] checkpoint: /scratch/rsadve1/Extended_UPAIR_Narval_b32m16_portable/TWC_plots_comprehensive/runs_rx16/seed7/1dmrs/deep_d256_b6_r2/checkpoints/best.weights.h5
[ISO-CHUNK] TF_GPU_ALLOCATOR: cuda_malloc_async
[ISO-CHUNK] output tag: deep_d256_b6_r2_u3_upair5g_lmmse_ebno0p0_chunk0017_m8_b20
[EVAL] receiver microbatching enabled: batch_size_eval=64 receiver_microbatch_size=8
WARNING:tensorflow:Model's `__init__()` arguments contain non-serializable objects. Please implement a `get_config()` method in the subclassed Model for proper saving and loading. Defaulting to empty config.
WARNING:tensorflow:Model's `__init__()` arguments contain non-serializable objects. Please implement a `get_config()` method in the subclassed Model for proper saving and loading. Defaulting to empty config.
[EVAL] loaded UPAIR checkpoint: /scratch/rsadve1/Extended_UPAIR_Narval_b32m16_portable/TWC_plots_comprehensive/runs_rx16/seed7/1dmrs/deep_d256_b6_r2/checkpoints/best.weights.h5
[EVAL] skipping explicit NMSE channel-estimator calls for: upair5g_lmmse
[EVAL] instrumentation log_latency=True log_gpu_memory=True memory_cleanup_every_batches=1 memory_cleanup_every_microbatch=True stream_eval_microbatches=True compiled_receiver_error_counts=False receiver_call_jit_compile=False per_receiver_stopping=False target_bler_floor=1e-05 floor_num_frames=0 gpu_mem=0.13GiB peak=0.32GiB
[EVAL] receiver_call name=upair5g_lmmse mode=positional_y_no compiled_error_counts=False
[EVAL] progress num_users=3 Eb/N0=0 dB batches=10/20 frame_err=upair5g_lmmse:0/1920 elapsed=107.8s avg_batch=10.776s gpu_mem=8.60GiB peak=8.79GiB
[EVAL] progress num_users=3 Eb/N0=0 dB batches=20/20 frame_err=upair5g_lmmse:2/3840 elapsed=215.5s avg_batch=10.773s gpu_mem=17.06GiB peak=17.25GiB
[EVAL] receiver=           upair5g_lmmse Eb/N0= 0.0 dB BER=7.87550e-06 BLER=5.20833e-04 NMSE=nan bit_err=    90/11427840 blk_err=    2/3840   batches=  20 stop=global_stop rx_time=136.21s rx_ms_batch=6810.4 rx_ms_frame=35.471 point_time=215.45s gpu_mem=17.06GiB peak=17.25GiB
[ISO-CHUNK] wrote: /home/rsadve1/scratch/Extended_UPAIR_Narval_b32m16_portable/_isolated_eval_chunks/deep_d256_b6_r2_u3_upair5g_lmmse_ebno0p0_chunk0017_m8_b20/chunk_result.csv
[ISO-CHUNK] DONE
[PIPELINE] status done=0 reason=continue chunks=18 batches=360 block_errors=25/100 next_chunk=18
2026-06-10 07:10:19.401558: E external/local_xla/xla/stream_executor/cuda/cuda_dnn.cc:9261] Unable to register cuDNN factory: Attempting to register factory for plugin cuDNN when one has already been registered
2026-06-10 07:10:19.401605: E external/local_xla/xla/stream_executor/cuda/cuda_fft.cc:607] Unable to register cuFFT factory: Attempting to register factory for plugin cuFFT when one has already been registered
2026-06-10 07:10:19.402509: E external/local_xla/xla/stream_executor/cuda/cuda_blas.cc:1515] Unable to register cuBLAS factory: Attempting to register factory for plugin cuBLAS when one has already been registered
[COMPREHENSIVE] loaded Optuna best JSON for deep_d256_b6_r2 from /home/rsadve1/scratch/Extended_UPAIR_Narval_b32m16_portable/optuna/clean_b32_prb8_d256_40k_smart_trueDMRS_u34610_1dmrs_stageB_deep_d256_b6_r2_best_params.json
[ISO-CHUNK] variant: deep_d256_b6_r2
[ISO-CHUNK] receiver: upair5g_lmmse
[ISO-CHUNK] num_users: 3
[ISO-CHUNK] ebno_db: 0.0
[ISO-CHUNK] chunk_idx: 18
[ISO-CHUNK] chunk_batches: 20
[ISO-CHUNK] receiver_microbatch_size: 8
[ISO-CHUNK] chunk_seed: 3504088
[ISO-CHUNK] checkpoint: /scratch/rsadve1/Extended_UPAIR_Narval_b32m16_portable/TWC_plots_comprehensive/runs_rx16/seed7/1dmrs/deep_d256_b6_r2/checkpoints/best.weights.h5
[ISO-CHUNK] TF_GPU_ALLOCATOR: cuda_malloc_async
[ISO-CHUNK] output tag: deep_d256_b6_r2_u3_upair5g_lmmse_ebno0p0_chunk0018_m8_b20
[EVAL] receiver microbatching enabled: batch_size_eval=64 receiver_microbatch_size=8
WARNING:tensorflow:Model's `__init__()` arguments contain non-serializable objects. Please implement a `get_config()` method in the subclassed Model for proper saving and loading. Defaulting to empty config.
WARNING:tensorflow:Model's `__init__()` arguments contain non-serializable objects. Please implement a `get_config()` method in the subclassed Model for proper saving and loading. Defaulting to empty config.
[EVAL] loaded UPAIR checkpoint: /scratch/rsadve1/Extended_UPAIR_Narval_b32m16_portable/TWC_plots_comprehensive/runs_rx16/seed7/1dmrs/deep_d256_b6_r2/checkpoints/best.weights.h5
[EVAL] skipping explicit NMSE channel-estimator calls for: upair5g_lmmse
[EVAL] instrumentation log_latency=True log_gpu_memory=True memory_cleanup_every_batches=1 memory_cleanup_every_microbatch=True stream_eval_microbatches=True compiled_receiver_error_counts=False receiver_call_jit_compile=False per_receiver_stopping=False target_bler_floor=1e-05 floor_num_frames=0 gpu_mem=0.13GiB peak=0.32GiB
[EVAL] receiver_call name=upair5g_lmmse mode=positional_y_no compiled_error_counts=False
[EVAL] progress num_users=3 Eb/N0=0 dB batches=10/20 frame_err=upair5g_lmmse:0/1920 elapsed=108.5s avg_batch=10.849s gpu_mem=8.60GiB peak=8.79GiB
[EVAL] progress num_users=3 Eb/N0=0 dB batches=20/20 frame_err=upair5g_lmmse:1/3840 elapsed=216.8s avg_batch=10.841s gpu_mem=17.06GiB peak=17.25GiB
[EVAL] receiver=           upair5g_lmmse Eb/N0= 0.0 dB BER=1.05007e-06 BLER=2.60417e-04 NMSE=nan bit_err=    12/11427840 blk_err=    1/3840   batches=  20 stop=global_stop rx_time=137.24s rx_ms_batch=6862.1 rx_ms_frame=35.740 point_time=216.82s gpu_mem=17.06GiB peak=17.25GiB
[ISO-CHUNK] wrote: /home/rsadve1/scratch/Extended_UPAIR_Narval_b32m16_portable/_isolated_eval_chunks/deep_d256_b6_r2_u3_upair5g_lmmse_ebno0p0_chunk0018_m8_b20/chunk_result.csv
[ISO-CHUNK] DONE
[PIPELINE] status done=0 reason=continue chunks=19 batches=380 block_errors=26/100 next_chunk=19
2026-06-10 07:14:19.862027: E external/local_xla/xla/stream_executor/cuda/cuda_dnn.cc:9261] Unable to register cuDNN factory: Attempting to register factory for plugin cuDNN when one has already been registered
2026-06-10 07:14:19.862071: E external/local_xla/xla/stream_executor/cuda/cuda_fft.cc:607] Unable to register cuFFT factory: Attempting to register factory for plugin cuFFT when one has already been registered
2026-06-10 07:14:19.862982: E external/local_xla/xla/stream_executor/cuda/cuda_blas.cc:1515] Unable to register cuBLAS factory: Attempting to register factory for plugin cuBLAS when one has already been registered
[COMPREHENSIVE] loaded Optuna best JSON for deep_d256_b6_r2 from /home/rsadve1/scratch/Extended_UPAIR_Narval_b32m16_portable/optuna/clean_b32_prb8_d256_40k_smart_trueDMRS_u34610_1dmrs_stageB_deep_d256_b6_r2_best_params.json
[ISO-CHUNK] variant: deep_d256_b6_r2
[ISO-CHUNK] receiver: upair5g_lmmse
[ISO-CHUNK] num_users: 3
[ISO-CHUNK] ebno_db: 0.0
[ISO-CHUNK] chunk_idx: 19
[ISO-CHUNK] chunk_batches: 20
[ISO-CHUNK] receiver_microbatch_size: 8
[ISO-CHUNK] chunk_seed: 3604091
[ISO-CHUNK] checkpoint: /scratch/rsadve1/Extended_UPAIR_Narval_b32m16_portable/TWC_plots_comprehensive/runs_rx16/seed7/1dmrs/deep_d256_b6_r2/checkpoints/best.weights.h5
[ISO-CHUNK] TF_GPU_ALLOCATOR: cuda_malloc_async
[ISO-CHUNK] output tag: deep_d256_b6_r2_u3_upair5g_lmmse_ebno0p0_chunk0019_m8_b20
[EVAL] receiver microbatching enabled: batch_size_eval=64 receiver_microbatch_size=8
WARNING:tensorflow:Model's `__init__()` arguments contain non-serializable objects. Please implement a `get_config()` method in the subclassed Model for proper saving and loading. Defaulting to empty config.
WARNING:tensorflow:Model's `__init__()` arguments contain non-serializable objects. Please implement a `get_config()` method in the subclassed Model for proper saving and loading. Defaulting to empty config.
[EVAL] loaded UPAIR checkpoint: /scratch/rsadve1/Extended_UPAIR_Narval_b32m16_portable/TWC_plots_comprehensive/runs_rx16/seed7/1dmrs/deep_d256_b6_r2/checkpoints/best.weights.h5
[EVAL] skipping explicit NMSE channel-estimator calls for: upair5g_lmmse
[EVAL] instrumentation log_latency=True log_gpu_memory=True memory_cleanup_every_batches=1 memory_cleanup_every_microbatch=True stream_eval_microbatches=True compiled_receiver_error_counts=False receiver_call_jit_compile=False per_receiver_stopping=False target_bler_floor=1e-05 floor_num_frames=0 gpu_mem=0.13GiB peak=0.32GiB
[EVAL] receiver_call name=upair5g_lmmse mode=positional_y_no compiled_error_counts=False
[EVAL] progress num_users=3 Eb/N0=0 dB batches=10/20 frame_err=upair5g_lmmse:0/1920 elapsed=108.6s avg_batch=10.862s gpu_mem=8.60GiB peak=8.79GiB
[EVAL] progress num_users=3 Eb/N0=0 dB batches=20/20 frame_err=upair5g_lmmse:0/3840 elapsed=217.0s avg_batch=10.850s gpu_mem=17.06GiB peak=17.25GiB
[EVAL] receiver=           upair5g_lmmse Eb/N0= 0.0 dB BER=0.00000e+00 BLER=0.00000e+00 NMSE=nan bit_err=     0/11427840 blk_err=    0/3840   batches=  20 stop=global_stop bler_ub=7.813e-04 rx_time=137.38s rx_ms_batch=6869.2 rx_ms_frame=35.777 point_time=217.00s gpu_mem=17.06GiB peak=17.25GiB
[ISO-CHUNK] wrote: /home/rsadve1/scratch/Extended_UPAIR_Narval_b32m16_portable/_isolated_eval_chunks/deep_d256_b6_r2_u3_upair5g_lmmse_ebno0p0_chunk0019_m8_b20/chunk_result.csv
[ISO-CHUNK] DONE
[PIPELINE] status done=0 reason=continue chunks=20 batches=400 block_errors=26/100 next_chunk=20
2026-06-10 07:18:24.091955: E external/local_xla/xla/stream_executor/cuda/cuda_dnn.cc:9261] Unable to register cuDNN factory: Attempting to register factory for plugin cuDNN when one has already been registered
2026-06-10 07:18:24.092000: E external/local_xla/xla/stream_executor/cuda/cuda_fft.cc:607] Unable to register cuFFT factory: Attempting to register factory for plugin cuFFT when one has already been registered
2026-06-10 07:18:24.092913: E external/local_xla/xla/stream_executor/cuda/cuda_blas.cc:1515] Unable to register cuBLAS factory: Attempting to register factory for plugin cuBLAS when one has already been registered
[COMPREHENSIVE] loaded Optuna best JSON for deep_d256_b6_r2 from /home/rsadve1/scratch/Extended_UPAIR_Narval_b32m16_portable/optuna/clean_b32_prb8_d256_40k_smart_trueDMRS_u34610_1dmrs_stageB_deep_d256_b6_r2_best_params.json
[ISO-CHUNK] variant: deep_d256_b6_r2
[ISO-CHUNK] receiver: upair5g_lmmse
[ISO-CHUNK] num_users: 3
[ISO-CHUNK] ebno_db: 0.0
[ISO-CHUNK] chunk_idx: 20
[ISO-CHUNK] chunk_batches: 20
[ISO-CHUNK] receiver_microbatch_size: 8
[ISO-CHUNK] chunk_seed: 3704094
[ISO-CHUNK] checkpoint: /scratch/rsadve1/Extended_UPAIR_Narval_b32m16_portable/TWC_plots_comprehensive/runs_rx16/seed7/1dmrs/deep_d256_b6_r2/checkpoints/best.weights.h5
[ISO-CHUNK] TF_GPU_ALLOCATOR: cuda_malloc_async
[ISO-CHUNK] output tag: deep_d256_b6_r2_u3_upair5g_lmmse_ebno0p0_chunk0020_m8_b20
[EVAL] receiver microbatching enabled: batch_size_eval=64 receiver_microbatch_size=8
WARNING:tensorflow:Model's `__init__()` arguments contain non-serializable objects. Please implement a `get_config()` method in the subclassed Model for proper saving and loading. Defaulting to empty config.
WARNING:tensorflow:Model's `__init__()` arguments contain non-serializable objects. Please implement a `get_config()` method in the subclassed Model for proper saving and loading. Defaulting to empty config.
[EVAL] loaded UPAIR checkpoint: /scratch/rsadve1/Extended_UPAIR_Narval_b32m16_portable/TWC_plots_comprehensive/runs_rx16/seed7/1dmrs/deep_d256_b6_r2/checkpoints/best.weights.h5
[EVAL] skipping explicit NMSE channel-estimator calls for: upair5g_lmmse
[EVAL] instrumentation log_latency=True log_gpu_memory=True memory_cleanup_every_batches=1 memory_cleanup_every_microbatch=True stream_eval_microbatches=True compiled_receiver_error_counts=False receiver_call_jit_compile=False per_receiver_stopping=False target_bler_floor=1e-05 floor_num_frames=0 gpu_mem=0.13GiB peak=0.32GiB
[EVAL] receiver_call name=upair5g_lmmse mode=positional_y_no compiled_error_counts=False
[EVAL] progress num_users=3 Eb/N0=0 dB batches=10/20 frame_err=upair5g_lmmse:1/1920 elapsed=107.9s avg_batch=10.791s gpu_mem=8.60GiB peak=8.79GiB
[EVAL] progress num_users=3 Eb/N0=0 dB batches=20/20 frame_err=upair5g_lmmse:1/3840 elapsed=215.9s avg_batch=10.797s gpu_mem=17.06GiB peak=17.25GiB
[EVAL] receiver=           upair5g_lmmse Eb/N0= 0.0 dB BER=2.71267e-05 BLER=2.60417e-04 NMSE=nan bit_err=   310/11427840 blk_err=    1/3840   batches=  20 stop=global_stop rx_time=136.65s rx_ms_batch=6832.4 rx_ms_frame=35.585 point_time=215.95s gpu_mem=17.06GiB peak=17.25GiB
[ISO-CHUNK] wrote: /home/rsadve1/scratch/Extended_UPAIR_Narval_b32m16_portable/_isolated_eval_chunks/deep_d256_b6_r2_u3_upair5g_lmmse_ebno0p0_chunk0020_m8_b20/chunk_result.csv
[ISO-CHUNK] DONE
[PIPELINE] status done=0 reason=continue chunks=21 batches=420 block_errors=27/100 next_chunk=21
2026-06-10 07:22:37.543580: E external/local_xla/xla/stream_executor/cuda/cuda_dnn.cc:9261] Unable to register cuDNN factory: Attempting to register factory for plugin cuDNN when one has already been registered
2026-06-10 07:22:37.543618: E external/local_xla/xla/stream_executor/cuda/cuda_fft.cc:607] Unable to register cuFFT factory: Attempting to register factory for plugin cuFFT when one has already been registered
2026-06-10 07:22:37.544516: E external/local_xla/xla/stream_executor/cuda/cuda_blas.cc:1515] Unable to register cuBLAS factory: Attempting to register factory for plugin cuBLAS when one has already been registered
[COMPREHENSIVE] loaded Optuna best JSON for deep_d256_b6_r2 from /home/rsadve1/scratch/Extended_UPAIR_Narval_b32m16_portable/optuna/clean_b32_prb8_d256_40k_smart_trueDMRS_u34610_1dmrs_stageB_deep_d256_b6_r2_best_params.json
[ISO-CHUNK] variant: deep_d256_b6_r2
[ISO-CHUNK] receiver: upair5g_lmmse
[ISO-CHUNK] num_users: 3
[ISO-CHUNK] ebno_db: 0.0
[ISO-CHUNK] chunk_idx: 21
[ISO-CHUNK] chunk_batches: 20
[ISO-CHUNK] receiver_microbatch_size: 8
[ISO-CHUNK] chunk_seed: 3804097
[ISO-CHUNK] checkpoint: /scratch/rsadve1/Extended_UPAIR_Narval_b32m16_portable/TWC_plots_comprehensive/runs_rx16/seed7/1dmrs/deep_d256_b6_r2/checkpoints/best.weights.h5
[ISO-CHUNK] TF_GPU_ALLOCATOR: cuda_malloc_async
[ISO-CHUNK] output tag: deep_d256_b6_r2_u3_upair5g_lmmse_ebno0p0_chunk0021_m8_b20
[EVAL] receiver microbatching enabled: batch_size_eval=64 receiver_microbatch_size=8
WARNING:tensorflow:Model's `__init__()` arguments contain non-serializable objects. Please implement a `get_config()` method in the subclassed Model for proper saving and loading. Defaulting to empty config.
WARNING:tensorflow:Model's `__init__()` arguments contain non-serializable objects. Please implement a `get_config()` method in the subclassed Model for proper saving and loading. Defaulting to empty config.
[EVAL] loaded UPAIR checkpoint: /scratch/rsadve1/Extended_UPAIR_Narval_b32m16_portable/TWC_plots_comprehensive/runs_rx16/seed7/1dmrs/deep_d256_b6_r2/checkpoints/best.weights.h5
[EVAL] skipping explicit NMSE channel-estimator calls for: upair5g_lmmse
[EVAL] instrumentation log_latency=True log_gpu_memory=True memory_cleanup_every_batches=1 memory_cleanup_every_microbatch=True stream_eval_microbatches=True compiled_receiver_error_counts=False receiver_call_jit_compile=False per_receiver_stopping=False target_bler_floor=1e-05 floor_num_frames=0 gpu_mem=0.13GiB peak=0.32GiB
[EVAL] receiver_call name=upair5g_lmmse mode=positional_y_no compiled_error_counts=False
[EVAL] progress num_users=3 Eb/N0=0 dB batches=10/20 frame_err=upair5g_lmmse:0/1920 elapsed=108.4s avg_batch=10.840s gpu_mem=8.60GiB peak=8.79GiB
[EVAL] progress num_users=3 Eb/N0=0 dB batches=20/20 frame_err=upair5g_lmmse:1/3840 elapsed=216.5s avg_batch=10.823s gpu_mem=17.06GiB peak=17.25GiB
[EVAL] receiver=           upair5g_lmmse Eb/N0= 0.0 dB BER=1.19883e-05 BLER=2.60417e-04 NMSE=nan bit_err=   137/11427840 blk_err=    1/3840   batches=  20 stop=global_stop rx_time=136.89s rx_ms_batch=6844.4 rx_ms_frame=35.648 point_time=216.46s gpu_mem=17.06GiB peak=17.25GiB
[ISO-CHUNK] wrote: /home/rsadve1/scratch/Extended_UPAIR_Narval_b32m16_portable/_isolated_eval_chunks/deep_d256_b6_r2_u3_upair5g_lmmse_ebno0p0_chunk0021_m8_b20/chunk_result.csv
[ISO-CHUNK] DONE
[PIPELINE] status done=0 reason=continue chunks=22 batches=440 block_errors=28/100 next_chunk=22
2026-06-10 07:26:47.066732: E external/local_xla/xla/stream_executor/cuda/cuda_dnn.cc:9261] Unable to register cuDNN factory: Attempting to register factory for plugin cuDNN when one has already been registered
2026-06-10 07:26:47.066769: E external/local_xla/xla/stream_executor/cuda/cuda_fft.cc:607] Unable to register cuFFT factory: Attempting to register factory for plugin cuFFT when one has already been registered
2026-06-10 07:26:47.067657: E external/local_xla/xla/stream_executor/cuda/cuda_blas.cc:1515] Unable to register cuBLAS factory: Attempting to register factory for plugin cuBLAS when one has already been registered
[COMPREHENSIVE] loaded Optuna best JSON for deep_d256_b6_r2 from /home/rsadve1/scratch/Extended_UPAIR_Narval_b32m16_portable/optuna/clean_b32_prb8_d256_40k_smart_trueDMRS_u34610_1dmrs_stageB_deep_d256_b6_r2_best_params.json
[ISO-CHUNK] variant: deep_d256_b6_r2
[ISO-CHUNK] receiver: upair5g_lmmse
[ISO-CHUNK] num_users: 3
[ISO-CHUNK] ebno_db: 0.0
[ISO-CHUNK] chunk_idx: 22
[ISO-CHUNK] chunk_batches: 20
[ISO-CHUNK] receiver_microbatch_size: 8
[ISO-CHUNK] chunk_seed: 3904100
[ISO-CHUNK] checkpoint: /scratch/rsadve1/Extended_UPAIR_Narval_b32m16_portable/TWC_plots_comprehensive/runs_rx16/seed7/1dmrs/deep_d256_b6_r2/checkpoints/best.weights.h5
[ISO-CHUNK] TF_GPU_ALLOCATOR: cuda_malloc_async
[ISO-CHUNK] output tag: deep_d256_b6_r2_u3_upair5g_lmmse_ebno0p0_chunk0022_m8_b20
[EVAL] receiver microbatching enabled: batch_size_eval=64 receiver_microbatch_size=8
WARNING:tensorflow:Model's `__init__()` arguments contain non-serializable objects. Please implement a `get_config()` method in the subclassed Model for proper saving and loading. Defaulting to empty config.
WARNING:tensorflow:Model's `__init__()` arguments contain non-serializable objects. Please implement a `get_config()` method in the subclassed Model for proper saving and loading. Defaulting to empty config.
[EVAL] loaded UPAIR checkpoint: /scratch/rsadve1/Extended_UPAIR_Narval_b32m16_portable/TWC_plots_comprehensive/runs_rx16/seed7/1dmrs/deep_d256_b6_r2/checkpoints/best.weights.h5
[EVAL] skipping explicit NMSE channel-estimator calls for: upair5g_lmmse
[EVAL] instrumentation log_latency=True log_gpu_memory=True memory_cleanup_every_batches=1 memory_cleanup_every_microbatch=True stream_eval_microbatches=True compiled_receiver_error_counts=False receiver_call_jit_compile=False per_receiver_stopping=False target_bler_floor=1e-05 floor_num_frames=0 gpu_mem=0.13GiB peak=0.32GiB
[EVAL] receiver_call name=upair5g_lmmse mode=positional_y_no compiled_error_counts=False
[EVAL] progress num_users=3 Eb/N0=0 dB batches=10/20 frame_err=upair5g_lmmse:0/1920 elapsed=108.5s avg_batch=10.846s gpu_mem=8.60GiB peak=8.79GiB
[EVAL] progress num_users=3 Eb/N0=0 dB batches=20/20 frame_err=upair5g_lmmse:0/3840 elapsed=216.8s avg_batch=10.839s gpu_mem=17.06GiB peak=17.25GiB
[EVAL] receiver=           upair5g_lmmse Eb/N0= 0.0 dB BER=0.00000e+00 BLER=0.00000e+00 NMSE=nan bit_err=     0/11427840 blk_err=    0/3840   batches=  20 stop=global_stop bler_ub=7.813e-04 rx_time=137.15s rx_ms_batch=6857.3 rx_ms_frame=35.715 point_time=216.78s gpu_mem=17.06GiB peak=17.25GiB
[ISO-CHUNK] wrote: /home/rsadve1/scratch/Extended_UPAIR_Narval_b32m16_portable/_isolated_eval_chunks/deep_d256_b6_r2_u3_upair5g_lmmse_ebno0p0_chunk0022_m8_b20/chunk_result.csv
[ISO-CHUNK] DONE
[PIPELINE] status done=0 reason=continue chunks=23 batches=460 block_errors=28/100 next_chunk=23
2026-06-10 07:30:45.098578: E external/local_xla/xla/stream_executor/cuda/cuda_dnn.cc:9261] Unable to register cuDNN factory: Attempting to register factory for plugin cuDNN when one has already been registered
2026-06-10 07:30:45.098626: E external/local_xla/xla/stream_executor/cuda/cuda_fft.cc:607] Unable to register cuFFT factory: Attempting to register factory for plugin cuFFT when one has already been registered
2026-06-10 07:30:45.099511: E external/local_xla/xla/stream_executor/cuda/cuda_blas.cc:1515] Unable to register cuBLAS factory: Attempting to register factory for plugin cuBLAS when one has already been registered
[COMPREHENSIVE] loaded Optuna best JSON for deep_d256_b6_r2 from /home/rsadve1/scratch/Extended_UPAIR_Narval_b32m16_portable/optuna/clean_b32_prb8_d256_40k_smart_trueDMRS_u34610_1dmrs_stageB_deep_d256_b6_r2_best_params.json
[ISO-CHUNK] variant: deep_d256_b6_r2
[ISO-CHUNK] receiver: upair5g_lmmse
[ISO-CHUNK] num_users: 3
[ISO-CHUNK] ebno_db: 0.0
[ISO-CHUNK] chunk_idx: 23
[ISO-CHUNK] chunk_batches: 20
[ISO-CHUNK] receiver_microbatch_size: 8
[ISO-CHUNK] chunk_seed: 4004103
[ISO-CHUNK] checkpoint: /scratch/rsadve1/Extended_UPAIR_Narval_b32m16_portable/TWC_plots_comprehensive/runs_rx16/seed7/1dmrs/deep_d256_b6_r2/checkpoints/best.weights.h5
[ISO-CHUNK] TF_GPU_ALLOCATOR: cuda_malloc_async
[ISO-CHUNK] output tag: deep_d256_b6_r2_u3_upair5g_lmmse_ebno0p0_chunk0023_m8_b20
[EVAL] receiver microbatching enabled: batch_size_eval=64 receiver_microbatch_size=8
WARNING:tensorflow:Model's `__init__()` arguments contain non-serializable objects. Please implement a `get_config()` method in the subclassed Model for proper saving and loading. Defaulting to empty config.
WARNING:tensorflow:Model's `__init__()` arguments contain non-serializable objects. Please implement a `get_config()` method in the subclassed Model for proper saving and loading. Defaulting to empty config.
[EVAL] loaded UPAIR checkpoint: /scratch/rsadve1/Extended_UPAIR_Narval_b32m16_portable/TWC_plots_comprehensive/runs_rx16/seed7/1dmrs/deep_d256_b6_r2/checkpoints/best.weights.h5
[EVAL] skipping explicit NMSE channel-estimator calls for: upair5g_lmmse
[EVAL] instrumentation log_latency=True log_gpu_memory=True memory_cleanup_every_batches=1 memory_cleanup_every_microbatch=True stream_eval_microbatches=True compiled_receiver_error_counts=False receiver_call_jit_compile=False per_receiver_stopping=False target_bler_floor=1e-05 floor_num_frames=0 gpu_mem=0.13GiB peak=0.32GiB
[EVAL] receiver_call name=upair5g_lmmse mode=positional_y_no compiled_error_counts=False
[EVAL] progress num_users=3 Eb/N0=0 dB batches=10/20 frame_err=upair5g_lmmse:0/1920 elapsed=108.5s avg_batch=10.855s gpu_mem=8.60GiB peak=8.79GiB
[EVAL] progress num_users=3 Eb/N0=0 dB batches=20/20 frame_err=upair5g_lmmse:0/3840 elapsed=216.7s avg_batch=10.835s gpu_mem=17.06GiB peak=17.25GiB
[EVAL] receiver=           upair5g_lmmse Eb/N0= 0.0 dB BER=0.00000e+00 BLER=0.00000e+00 NMSE=nan bit_err=     0/11427840 blk_err=    0/3840   batches=  20 stop=global_stop bler_ub=7.813e-04 rx_time=137.26s rx_ms_batch=6863.0 rx_ms_frame=35.745 point_time=216.71s gpu_mem=17.06GiB peak=17.25GiB
[ISO-CHUNK] wrote: /home/rsadve1/scratch/Extended_UPAIR_Narval_b32m16_portable/_isolated_eval_chunks/deep_d256_b6_r2_u3_upair5g_lmmse_ebno0p0_chunk0023_m8_b20/chunk_result.csv
[ISO-CHUNK] DONE
[PIPELINE] status done=0 reason=continue chunks=24 batches=480 block_errors=28/100 next_chunk=24
2026-06-10 07:34:55.494965: E external/local_xla/xla/stream_executor/cuda/cuda_dnn.cc:9261] Unable to register cuDNN factory: Attempting to register factory for plugin cuDNN when one has already been registered
2026-06-10 07:34:55.495003: E external/local_xla/xla/stream_executor/cuda/cuda_fft.cc:607] Unable to register cuFFT factory: Attempting to register factory for plugin cuFFT when one has already been registered
2026-06-10 07:34:55.495898: E external/local_xla/xla/stream_executor/cuda/cuda_blas.cc:1515] Unable to register cuBLAS factory: Attempting to register factory for plugin cuBLAS when one has already been registered
[COMPREHENSIVE] loaded Optuna best JSON for deep_d256_b6_r2 from /home/rsadve1/scratch/Extended_UPAIR_Narval_b32m16_portable/optuna/clean_b32_prb8_d256_40k_smart_trueDMRS_u34610_1dmrs_stageB_deep_d256_b6_r2_best_params.json
[ISO-CHUNK] variant: deep_d256_b6_r2
[ISO-CHUNK] receiver: upair5g_lmmse
[ISO-CHUNK] num_users: 3
[ISO-CHUNK] ebno_db: 0.0
[ISO-CHUNK] chunk_idx: 24
[ISO-CHUNK] chunk_batches: 20
[ISO-CHUNK] receiver_microbatch_size: 8
[ISO-CHUNK] chunk_seed: 4104106
[ISO-CHUNK] checkpoint: /scratch/rsadve1/Extended_UPAIR_Narval_b32m16_portable/TWC_plots_comprehensive/runs_rx16/seed7/1dmrs/deep_d256_b6_r2/checkpoints/best.weights.h5
[ISO-CHUNK] TF_GPU_ALLOCATOR: cuda_malloc_async
[ISO-CHUNK] output tag: deep_d256_b6_r2_u3_upair5g_lmmse_ebno0p0_chunk0024_m8_b20
[EVAL] receiver microbatching enabled: batch_size_eval=64 receiver_microbatch_size=8
WARNING:tensorflow:Model's `__init__()` arguments contain non-serializable objects. Please implement a `get_config()` method in the subclassed Model for proper saving and loading. Defaulting to empty config.
WARNING:tensorflow:Model's `__init__()` arguments contain non-serializable objects. Please implement a `get_config()` method in the subclassed Model for proper saving and loading. Defaulting to empty config.
[EVAL] loaded UPAIR checkpoint: /scratch/rsadve1/Extended_UPAIR_Narval_b32m16_portable/TWC_plots_comprehensive/runs_rx16/seed7/1dmrs/deep_d256_b6_r2/checkpoints/best.weights.h5
[EVAL] skipping explicit NMSE channel-estimator calls for: upair5g_lmmse
[EVAL] instrumentation log_latency=True log_gpu_memory=True memory_cleanup_every_batches=1 memory_cleanup_every_microbatch=True stream_eval_microbatches=True compiled_receiver_error_counts=False receiver_call_jit_compile=False per_receiver_stopping=False target_bler_floor=1e-05 floor_num_frames=0 gpu_mem=0.13GiB peak=0.32GiB
[EVAL] receiver_call name=upair5g_lmmse mode=positional_y_no compiled_error_counts=False
[EVAL] progress num_users=3 Eb/N0=0 dB batches=10/20 frame_err=upair5g_lmmse:0/1920 elapsed=108.4s avg_batch=10.838s gpu_mem=8.60GiB peak=8.79GiB
[EVAL] progress num_users=3 Eb/N0=0 dB batches=20/20 frame_err=upair5g_lmmse:0/3840 elapsed=216.2s avg_batch=10.811s gpu_mem=17.06GiB peak=17.25GiB
[EVAL] receiver=           upair5g_lmmse Eb/N0= 0.0 dB BER=0.00000e+00 BLER=0.00000e+00 NMSE=nan bit_err=     0/11427840 blk_err=    0/3840   batches=  20 stop=global_stop bler_ub=7.813e-04 rx_time=136.79s rx_ms_batch=6839.7 rx_ms_frame=35.623 point_time=216.23s gpu_mem=17.06GiB peak=17.25GiB
[ISO-CHUNK] wrote: /home/rsadve1/scratch/Extended_UPAIR_Narval_b32m16_portable/_isolated_eval_chunks/deep_d256_b6_r2_u3_upair5g_lmmse_ebno0p0_chunk0024_m8_b20/chunk_result.csv
[ISO-CHUNK] DONE
[PIPELINE] status done=0 reason=continue chunks=25 batches=500 block_errors=28/100 next_chunk=25
2026-06-10 07:39:08.669951: E external/local_xla/xla/stream_executor/cuda/cuda_dnn.cc:9261] Unable to register cuDNN factory: Attempting to register factory for plugin cuDNN when one has already been registered
2026-06-10 07:39:08.669994: E external/local_xla/xla/stream_executor/cuda/cuda_fft.cc:607] Unable to register cuFFT factory: Attempting to register factory for plugin cuFFT when one has already been registered
2026-06-10 07:39:08.670873: E external/local_xla/xla/stream_executor/cuda/cuda_blas.cc:1515] Unable to register cuBLAS factory: Attempting to register factory for plugin cuBLAS when one has already been registered
[COMPREHENSIVE] loaded Optuna best JSON for deep_d256_b6_r2 from /home/rsadve1/scratch/Extended_UPAIR_Narval_b32m16_portable/optuna/clean_b32_prb8_d256_40k_smart_trueDMRS_u34610_1dmrs_stageB_deep_d256_b6_r2_best_params.json
[ISO-CHUNK] variant: deep_d256_b6_r2
[ISO-CHUNK] receiver: upair5g_lmmse
[ISO-CHUNK] num_users: 3
[ISO-CHUNK] ebno_db: 0.0
[ISO-CHUNK] chunk_idx: 25
[ISO-CHUNK] chunk_batches: 20
[ISO-CHUNK] receiver_microbatch_size: 8
[ISO-CHUNK] chunk_seed: 4204109
[ISO-CHUNK] checkpoint: /scratch/rsadve1/Extended_UPAIR_Narval_b32m16_portable/TWC_plots_comprehensive/runs_rx16/seed7/1dmrs/deep_d256_b6_r2/checkpoints/best.weights.h5
[ISO-CHUNK] TF_GPU_ALLOCATOR: cuda_malloc_async
[ISO-CHUNK] output tag: deep_d256_b6_r2_u3_upair5g_lmmse_ebno0p0_chunk0025_m8_b20
[EVAL] receiver microbatching enabled: batch_size_eval=64 receiver_microbatch_size=8
WARNING:tensorflow:Model's `__init__()` arguments contain non-serializable objects. Please implement a `get_config()` method in the subclassed Model for proper saving and loading. Defaulting to empty config.
WARNING:tensorflow:Model's `__init__()` arguments contain non-serializable objects. Please implement a `get_config()` method in the subclassed Model for proper saving and loading. Defaulting to empty config.
[EVAL] loaded UPAIR checkpoint: /scratch/rsadve1/Extended_UPAIR_Narval_b32m16_portable/TWC_plots_comprehensive/runs_rx16/seed7/1dmrs/deep_d256_b6_r2/checkpoints/best.weights.h5
[EVAL] skipping explicit NMSE channel-estimator calls for: upair5g_lmmse
[EVAL] instrumentation log_latency=True log_gpu_memory=True memory_cleanup_every_batches=1 memory_cleanup_every_microbatch=True stream_eval_microbatches=True compiled_receiver_error_counts=False receiver_call_jit_compile=False per_receiver_stopping=False target_bler_floor=1e-05 floor_num_frames=0 gpu_mem=0.13GiB peak=0.32GiB
[EVAL] receiver_call name=upair5g_lmmse mode=positional_y_no compiled_error_counts=False
[EVAL] progress num_users=3 Eb/N0=0 dB batches=10/20 frame_err=upair5g_lmmse:1/1920 elapsed=108.2s avg_batch=10.823s gpu_mem=8.60GiB peak=8.79GiB
[EVAL] progress num_users=3 Eb/N0=0 dB batches=20/20 frame_err=upair5g_lmmse:2/3840 elapsed=216.3s avg_batch=10.815s gpu_mem=17.06GiB peak=17.25GiB
[EVAL] receiver=           upair5g_lmmse Eb/N0= 0.0 dB BER=2.39765e-05 BLER=5.20833e-04 NMSE=nan bit_err=   274/11427840 blk_err=    2/3840   batches=  20 stop=global_stop rx_time=137.08s rx_ms_batch=6853.9 rx_ms_frame=35.697 point_time=216.31s gpu_mem=17.06GiB peak=17.25GiB
[ISO-CHUNK] wrote: /home/rsadve1/scratch/Extended_UPAIR_Narval_b32m16_portable/_isolated_eval_chunks/deep_d256_b6_r2_u3_upair5g_lmmse_ebno0p0_chunk0025_m8_b20/chunk_result.csv
[ISO-CHUNK] DONE
[PIPELINE] status done=0 reason=continue chunks=26 batches=520 block_errors=30/100 next_chunk=26
2026-06-10 07:43:08.627575: E external/local_xla/xla/stream_executor/cuda/cuda_dnn.cc:9261] Unable to register cuDNN factory: Attempting to register factory for plugin cuDNN when one has already been registered
2026-06-10 07:43:08.628182: E external/local_xla/xla/stream_executor/cuda/cuda_fft.cc:607] Unable to register cuFFT factory: Attempting to register factory for plugin cuFFT when one has already been registered
2026-06-10 07:43:08.629135: E external/local_xla/xla/stream_executor/cuda/cuda_blas.cc:1515] Unable to register cuBLAS factory: Attempting to register factory for plugin cuBLAS when one has already been registered
[COMPREHENSIVE] loaded Optuna best JSON for deep_d256_b6_r2 from /home/rsadve1/scratch/Extended_UPAIR_Narval_b32m16_portable/optuna/clean_b32_prb8_d256_40k_smart_trueDMRS_u34610_1dmrs_stageB_deep_d256_b6_r2_best_params.json
[ISO-CHUNK] variant: deep_d256_b6_r2
[ISO-CHUNK] receiver: upair5g_lmmse
[ISO-CHUNK] num_users: 3
[ISO-CHUNK] ebno_db: 0.0
[ISO-CHUNK] chunk_idx: 26
[ISO-CHUNK] chunk_batches: 20
[ISO-CHUNK] receiver_microbatch_size: 8
[ISO-CHUNK] chunk_seed: 4304112
[ISO-CHUNK] checkpoint: /scratch/rsadve1/Extended_UPAIR_Narval_b32m16_portable/TWC_plots_comprehensive/runs_rx16/seed7/1dmrs/deep_d256_b6_r2/checkpoints/best.weights.h5
[ISO-CHUNK] TF_GPU_ALLOCATOR: cuda_malloc_async
[ISO-CHUNK] output tag: deep_d256_b6_r2_u3_upair5g_lmmse_ebno0p0_chunk0026_m8_b20
[EVAL] receiver microbatching enabled: batch_size_eval=64 receiver_microbatch_size=8
WARNING:tensorflow:Model's `__init__()` arguments contain non-serializable objects. Please implement a `get_config()` method in the subclassed Model for proper saving and loading. Defaulting to empty config.
WARNING:tensorflow:Model's `__init__()` arguments contain non-serializable objects. Please implement a `get_config()` method in the subclassed Model for proper saving and loading. Defaulting to empty config.
[EVAL] loaded UPAIR checkpoint: /scratch/rsadve1/Extended_UPAIR_Narval_b32m16_portable/TWC_plots_comprehensive/runs_rx16/seed7/1dmrs/deep_d256_b6_r2/checkpoints/best.weights.h5
[EVAL] skipping explicit NMSE channel-estimator calls for: upair5g_lmmse
[EVAL] instrumentation log_latency=True log_gpu_memory=True memory_cleanup_every_batches=1 memory_cleanup_every_microbatch=True stream_eval_microbatches=True compiled_receiver_error_counts=False receiver_call_jit_compile=False per_receiver_stopping=False target_bler_floor=1e-05 floor_num_frames=0 gpu_mem=0.13GiB peak=0.32GiB
[EVAL] receiver_call name=upair5g_lmmse mode=positional_y_no compiled_error_counts=False
[EVAL] progress num_users=3 Eb/N0=0 dB batches=10/20 frame_err=upair5g_lmmse:0/1920 elapsed=107.9s avg_batch=10.788s gpu_mem=8.60GiB peak=8.79GiB
[EVAL] progress num_users=3 Eb/N0=0 dB batches=20/20 frame_err=upair5g_lmmse:1/3840 elapsed=216.0s avg_batch=10.800s gpu_mem=17.06GiB peak=17.25GiB
[EVAL] receiver=           upair5g_lmmse Eb/N0= 0.0 dB BER=6.82544e-06 BLER=2.60417e-04 NMSE=nan bit_err=    78/11427840 blk_err=    1/3840   batches=  20 stop=global_stop rx_time=136.80s rx_ms_batch=6840.1 rx_ms_frame=35.626 point_time=216.00s gpu_mem=17.06GiB peak=17.25GiB
[ISO-CHUNK] wrote: /home/rsadve1/scratch/Extended_UPAIR_Narval_b32m16_portable/_isolated_eval_chunks/deep_d256_b6_r2_u3_upair5g_lmmse_ebno0p0_chunk0026_m8_b20/chunk_result.csv
[ISO-CHUNK] DONE
[PIPELINE] status done=0 reason=continue chunks=27 batches=540 block_errors=31/100 next_chunk=27
2026-06-10 07:47:07.446450: E external/local_xla/xla/stream_executor/cuda/cuda_dnn.cc:9261] Unable to register cuDNN factory: Attempting to register factory for plugin cuDNN when one has already been registered
2026-06-10 07:47:07.446482: E external/local_xla/xla/stream_executor/cuda/cuda_fft.cc:607] Unable to register cuFFT factory: Attempting to register factory for plugin cuFFT when one has already been registered
2026-06-10 07:47:07.447381: E external/local_xla/xla/stream_executor/cuda/cuda_blas.cc:1515] Unable to register cuBLAS factory: Attempting to register factory for plugin cuBLAS when one has already been registered
[COMPREHENSIVE] loaded Optuna best JSON for deep_d256_b6_r2 from /home/rsadve1/scratch/Extended_UPAIR_Narval_b32m16_portable/optuna/clean_b32_prb8_d256_40k_smart_trueDMRS_u34610_1dmrs_stageB_deep_d256_b6_r2_best_params.json
[ISO-CHUNK] variant: deep_d256_b6_r2
[ISO-CHUNK] receiver: upair5g_lmmse
[ISO-CHUNK] num_users: 3
[ISO-CHUNK] ebno_db: 0.0
[ISO-CHUNK] chunk_idx: 27
[ISO-CHUNK] chunk_batches: 20
[ISO-CHUNK] receiver_microbatch_size: 8
[ISO-CHUNK] chunk_seed: 4404115
[ISO-CHUNK] checkpoint: /scratch/rsadve1/Extended_UPAIR_Narval_b32m16_portable/TWC_plots_comprehensive/runs_rx16/seed7/1dmrs/deep_d256_b6_r2/checkpoints/best.weights.h5
[ISO-CHUNK] TF_GPU_ALLOCATOR: cuda_malloc_async
[ISO-CHUNK] output tag: deep_d256_b6_r2_u3_upair5g_lmmse_ebno0p0_chunk0027_m8_b20
[EVAL] receiver microbatching enabled: batch_size_eval=64 receiver_microbatch_size=8
WARNING:tensorflow:Model's `__init__()` arguments contain non-serializable objects. Please implement a `get_config()` method in the subclassed Model for proper saving and loading. Defaulting to empty config.
WARNING:tensorflow:Model's `__init__()` arguments contain non-serializable objects. Please implement a `get_config()` method in the subclassed Model for proper saving and loading. Defaulting to empty config.
[EVAL] loaded UPAIR checkpoint: /scratch/rsadve1/Extended_UPAIR_Narval_b32m16_portable/TWC_plots_comprehensive/runs_rx16/seed7/1dmrs/deep_d256_b6_r2/checkpoints/best.weights.h5
[EVAL] skipping explicit NMSE channel-estimator calls for: upair5g_lmmse
[EVAL] instrumentation log_latency=True log_gpu_memory=True memory_cleanup_every_batches=1 memory_cleanup_every_microbatch=True stream_eval_microbatches=True compiled_receiver_error_counts=False receiver_call_jit_compile=False per_receiver_stopping=False target_bler_floor=1e-05 floor_num_frames=0 gpu_mem=0.13GiB peak=0.32GiB
[EVAL] receiver_call name=upair5g_lmmse mode=positional_y_no compiled_error_counts=False
[EVAL] progress num_users=3 Eb/N0=0 dB batches=10/20 frame_err=upair5g_lmmse:1/1920 elapsed=108.7s avg_batch=10.873s gpu_mem=8.60GiB peak=8.79GiB
[EVAL] progress num_users=3 Eb/N0=0 dB batches=20/20 frame_err=upair5g_lmmse:2/3840 elapsed=217.5s avg_batch=10.877s gpu_mem=17.06GiB peak=17.25GiB
[EVAL] receiver=           upair5g_lmmse Eb/N0= 0.0 dB BER=1.25133e-05 BLER=5.20833e-04 NMSE=nan bit_err=   143/11427840 blk_err=    2/3840   batches=  20 stop=global_stop rx_time=137.54s rx_ms_batch=6877.1 rx_ms_frame=35.818 point_time=217.54s gpu_mem=17.06GiB peak=17.25GiB
[ISO-CHUNK] wrote: /home/rsadve1/scratch/Extended_UPAIR_Narval_b32m16_portable/_isolated_eval_chunks/deep_d256_b6_r2_u3_upair5g_lmmse_ebno0p0_chunk0027_m8_b20/chunk_result.csv
[ISO-CHUNK] DONE
[PIPELINE] status done=0 reason=continue chunks=28 batches=560 block_errors=33/100 next_chunk=28
2026-06-10 07:51:25.205907: E external/local_xla/xla/stream_executor/cuda/cuda_dnn.cc:9261] Unable to register cuDNN factory: Attempting to register factory for plugin cuDNN when one has already been registered
2026-06-10 07:51:25.205948: E external/local_xla/xla/stream_executor/cuda/cuda_fft.cc:607] Unable to register cuFFT factory: Attempting to register factory for plugin cuFFT when one has already been registered
2026-06-10 07:51:25.206810: E external/local_xla/xla/stream_executor/cuda/cuda_blas.cc:1515] Unable to register cuBLAS factory: Attempting to register factory for plugin cuBLAS when one has already been registered
[COMPREHENSIVE] loaded Optuna best JSON for deep_d256_b6_r2 from /home/rsadve1/scratch/Extended_UPAIR_Narval_b32m16_portable/optuna/clean_b32_prb8_d256_40k_smart_trueDMRS_u34610_1dmrs_stageB_deep_d256_b6_r2_best_params.json
[ISO-CHUNK] variant: deep_d256_b6_r2
[ISO-CHUNK] receiver: upair5g_lmmse
[ISO-CHUNK] num_users: 3
[ISO-CHUNK] ebno_db: 0.0
[ISO-CHUNK] chunk_idx: 28
[ISO-CHUNK] chunk_batches: 20
[ISO-CHUNK] receiver_microbatch_size: 8
[ISO-CHUNK] chunk_seed: 4504118
[ISO-CHUNK] checkpoint: /scratch/rsadve1/Extended_UPAIR_Narval_b32m16_portable/TWC_plots_comprehensive/runs_rx16/seed7/1dmrs/deep_d256_b6_r2/checkpoints/best.weights.h5
[ISO-CHUNK] TF_GPU_ALLOCATOR: cuda_malloc_async
[ISO-CHUNK] output tag: deep_d256_b6_r2_u3_upair5g_lmmse_ebno0p0_chunk0028_m8_b20
[EVAL] receiver microbatching enabled: batch_size_eval=64 receiver_microbatch_size=8
WARNING:tensorflow:Model's `__init__()` arguments contain non-serializable objects. Please implement a `get_config()` method in the subclassed Model for proper saving and loading. Defaulting to empty config.
WARNING:tensorflow:Model's `__init__()` arguments contain non-serializable objects. Please implement a `get_config()` method in the subclassed Model for proper saving and loading. Defaulting to empty config.
[EVAL] loaded UPAIR checkpoint: /scratch/rsadve1/Extended_UPAIR_Narval_b32m16_portable/TWC_plots_comprehensive/runs_rx16/seed7/1dmrs/deep_d256_b6_r2/checkpoints/best.weights.h5
[EVAL] skipping explicit NMSE channel-estimator calls for: upair5g_lmmse
[EVAL] instrumentation log_latency=True log_gpu_memory=True memory_cleanup_every_batches=1 memory_cleanup_every_microbatch=True stream_eval_microbatches=True compiled_receiver_error_counts=False receiver_call_jit_compile=False per_receiver_stopping=False target_bler_floor=1e-05 floor_num_frames=0 gpu_mem=0.13GiB peak=0.32GiB
[EVAL] receiver_call name=upair5g_lmmse mode=positional_y_no compiled_error_counts=False
[EVAL] progress num_users=3 Eb/N0=0 dB batches=10/20 frame_err=upair5g_lmmse:1/1920 elapsed=107.9s avg_batch=10.786s gpu_mem=8.60GiB peak=8.79GiB
[EVAL] progress num_users=3 Eb/N0=0 dB batches=20/20 frame_err=upair5g_lmmse:2/3840 elapsed=215.5s avg_batch=10.776s gpu_mem=17.06GiB peak=17.25GiB
[EVAL] receiver=           upair5g_lmmse Eb/N0= 0.0 dB BER=1.66261e-06 BLER=5.20833e-04 NMSE=nan bit_err=    19/11427840 blk_err=    2/3840   batches=  20 stop=global_stop rx_time=136.48s rx_ms_batch=6823.9 rx_ms_frame=35.541 point_time=215.52s gpu_mem=17.06GiB peak=17.25GiB
[ISO-CHUNK] wrote: /home/rsadve1/scratch/Extended_UPAIR_Narval_b32m16_portable/_isolated_eval_chunks/deep_d256_b6_r2_u3_upair5g_lmmse_ebno0p0_chunk0028_m8_b20/chunk_result.csv
[ISO-CHUNK] DONE
[PIPELINE] status done=0 reason=continue chunks=29 batches=580 block_errors=35/100 next_chunk=29
2026-06-10 07:55:29.797944: E external/local_xla/xla/stream_executor/cuda/cuda_dnn.cc:9261] Unable to register cuDNN factory: Attempting to register factory for plugin cuDNN when one has already been registered
2026-06-10 07:55:29.797992: E external/local_xla/xla/stream_executor/cuda/cuda_fft.cc:607] Unable to register cuFFT factory: Attempting to register factory for plugin cuFFT when one has already been registered
2026-06-10 07:55:29.798872: E external/local_xla/xla/stream_executor/cuda/cuda_blas.cc:1515] Unable to register cuBLAS factory: Attempting to register factory for plugin cuBLAS when one has already been registered
[COMPREHENSIVE] loaded Optuna best JSON for deep_d256_b6_r2 from /home/rsadve1/scratch/Extended_UPAIR_Narval_b32m16_portable/optuna/clean_b32_prb8_d256_40k_smart_trueDMRS_u34610_1dmrs_stageB_deep_d256_b6_r2_best_params.json
[ISO-CHUNK] variant: deep_d256_b6_r2
[ISO-CHUNK] receiver: upair5g_lmmse
[ISO-CHUNK] num_users: 3
[ISO-CHUNK] ebno_db: 0.0
[ISO-CHUNK] chunk_idx: 29
[ISO-CHUNK] chunk_batches: 20
[ISO-CHUNK] receiver_microbatch_size: 8
[ISO-CHUNK] chunk_seed: 4604121
[ISO-CHUNK] checkpoint: /scratch/rsadve1/Extended_UPAIR_Narval_b32m16_portable/TWC_plots_comprehensive/runs_rx16/seed7/1dmrs/deep_d256_b6_r2/checkpoints/best.weights.h5
[ISO-CHUNK] TF_GPU_ALLOCATOR: cuda_malloc_async
[ISO-CHUNK] output tag: deep_d256_b6_r2_u3_upair5g_lmmse_ebno0p0_chunk0029_m8_b20
[EVAL] receiver microbatching enabled: batch_size_eval=64 receiver_microbatch_size=8
WARNING:tensorflow:Model's `__init__()` arguments contain non-serializable objects. Please implement a `get_config()` method in the subclassed Model for proper saving and loading. Defaulting to empty config.
WARNING:tensorflow:Model's `__init__()` arguments contain non-serializable objects. Please implement a `get_config()` method in the subclassed Model for proper saving and loading. Defaulting to empty config.
[EVAL] loaded UPAIR checkpoint: /scratch/rsadve1/Extended_UPAIR_Narval_b32m16_portable/TWC_plots_comprehensive/runs_rx16/seed7/1dmrs/deep_d256_b6_r2/checkpoints/best.weights.h5
[EVAL] skipping explicit NMSE channel-estimator calls for: upair5g_lmmse
[EVAL] instrumentation log_latency=True log_gpu_memory=True memory_cleanup_every_batches=1 memory_cleanup_every_microbatch=True stream_eval_microbatches=True compiled_receiver_error_counts=False receiver_call_jit_compile=False per_receiver_stopping=False target_bler_floor=1e-05 floor_num_frames=0 gpu_mem=0.13GiB peak=0.32GiB
[EVAL] receiver_call name=upair5g_lmmse mode=positional_y_no compiled_error_counts=False
[EVAL] progress num_users=3 Eb/N0=0 dB batches=10/20 frame_err=upair5g_lmmse:0/1920 elapsed=108.9s avg_batch=10.886s gpu_mem=8.60GiB peak=8.79GiB
[EVAL] progress num_users=3 Eb/N0=0 dB batches=20/20 frame_err=upair5g_lmmse:0/3840 elapsed=217.5s avg_batch=10.873s gpu_mem=17.06GiB peak=17.25GiB
[EVAL] receiver=           upair5g_lmmse Eb/N0= 0.0 dB BER=0.00000e+00 BLER=0.00000e+00 NMSE=nan bit_err=     0/11427840 blk_err=    0/3840   batches=  20 stop=global_stop bler_ub=7.813e-04 rx_time=137.82s rx_ms_batch=6891.0 rx_ms_frame=35.890 point_time=217.45s gpu_mem=17.06GiB peak=17.25GiB
[ISO-CHUNK] wrote: /home/rsadve1/scratch/Extended_UPAIR_Narval_b32m16_portable/_isolated_eval_chunks/deep_d256_b6_r2_u3_upair5g_lmmse_ebno0p0_chunk0029_m8_b20/chunk_result.csv
[ISO-CHUNK] DONE
[PIPELINE] status done=0 reason=continue chunks=30 batches=600 block_errors=35/100 next_chunk=30
2026-06-10 07:59:33.957446: E external/local_xla/xla/stream_executor/cuda/cuda_dnn.cc:9261] Unable to register cuDNN factory: Attempting to register factory for plugin cuDNN when one has already been registered
2026-06-10 07:59:33.957493: E external/local_xla/xla/stream_executor/cuda/cuda_fft.cc:607] Unable to register cuFFT factory: Attempting to register factory for plugin cuFFT when one has already been registered
2026-06-10 07:59:33.958372: E external/local_xla/xla/stream_executor/cuda/cuda_blas.cc:1515] Unable to register cuBLAS factory: Attempting to register factory for plugin cuBLAS when one has already been registered
[COMPREHENSIVE] loaded Optuna best JSON for deep_d256_b6_r2 from /home/rsadve1/scratch/Extended_UPAIR_Narval_b32m16_portable/optuna/clean_b32_prb8_d256_40k_smart_trueDMRS_u34610_1dmrs_stageB_deep_d256_b6_r2_best_params.json
[ISO-CHUNK] variant: deep_d256_b6_r2
[ISO-CHUNK] receiver: upair5g_lmmse
[ISO-CHUNK] num_users: 3
[ISO-CHUNK] ebno_db: 0.0
[ISO-CHUNK] chunk_idx: 30
[ISO-CHUNK] chunk_batches: 20
[ISO-CHUNK] receiver_microbatch_size: 8
[ISO-CHUNK] chunk_seed: 4704124
[ISO-CHUNK] checkpoint: /scratch/rsadve1/Extended_UPAIR_Narval_b32m16_portable/TWC_plots_comprehensive/runs_rx16/seed7/1dmrs/deep_d256_b6_r2/checkpoints/best.weights.h5
[ISO-CHUNK] TF_GPU_ALLOCATOR: cuda_malloc_async
[ISO-CHUNK] output tag: deep_d256_b6_r2_u3_upair5g_lmmse_ebno0p0_chunk0030_m8_b20
[EVAL] receiver microbatching enabled: batch_size_eval=64 receiver_microbatch_size=8
WARNING:tensorflow:Model's `__init__()` arguments contain non-serializable objects. Please implement a `get_config()` method in the subclassed Model for proper saving and loading. Defaulting to empty config.
WARNING:tensorflow:Model's `__init__()` arguments contain non-serializable objects. Please implement a `get_config()` method in the subclassed Model for proper saving and loading. Defaulting to empty config.
[EVAL] loaded UPAIR checkpoint: /scratch/rsadve1/Extended_UPAIR_Narval_b32m16_portable/TWC_plots_comprehensive/runs_rx16/seed7/1dmrs/deep_d256_b6_r2/checkpoints/best.weights.h5
[EVAL] skipping explicit NMSE channel-estimator calls for: upair5g_lmmse
[EVAL] instrumentation log_latency=True log_gpu_memory=True memory_cleanup_every_batches=1 memory_cleanup_every_microbatch=True stream_eval_microbatches=True compiled_receiver_error_counts=False receiver_call_jit_compile=False per_receiver_stopping=False target_bler_floor=1e-05 floor_num_frames=0 gpu_mem=0.13GiB peak=0.32GiB
[EVAL] receiver_call name=upair5g_lmmse mode=positional_y_no compiled_error_counts=False
[EVAL] progress num_users=3 Eb/N0=0 dB batches=10/20 frame_err=upair5g_lmmse:0/1920 elapsed=107.3s avg_batch=10.735s gpu_mem=8.60GiB peak=8.79GiB
[EVAL] progress num_users=3 Eb/N0=0 dB batches=20/20 frame_err=upair5g_lmmse:0/3840 elapsed=214.8s avg_batch=10.738s gpu_mem=17.06GiB peak=17.25GiB
[EVAL] receiver=           upair5g_lmmse Eb/N0= 0.0 dB BER=0.00000e+00 BLER=0.00000e+00 NMSE=nan bit_err=     0/11427840 blk_err=    0/3840   batches=  20 stop=global_stop bler_ub=7.813e-04 rx_time=136.06s rx_ms_batch=6803.1 rx_ms_frame=35.433 point_time=214.75s gpu_mem=17.06GiB peak=17.25GiB
[ISO-CHUNK] wrote: /home/rsadve1/scratch/Extended_UPAIR_Narval_b32m16_portable/_isolated_eval_chunks/deep_d256_b6_r2_u3_upair5g_lmmse_ebno0p0_chunk0030_m8_b20/chunk_result.csv
[ISO-CHUNK] DONE
[PIPELINE] status done=0 reason=continue chunks=31 batches=620 block_errors=35/100 next_chunk=31
2026-06-10 08:03:33.682424: E external/local_xla/xla/stream_executor/cuda/cuda_dnn.cc:9261] Unable to register cuDNN factory: Attempting to register factory for plugin cuDNN when one has already been registered
2026-06-10 08:03:33.682463: E external/local_xla/xla/stream_executor/cuda/cuda_fft.cc:607] Unable to register cuFFT factory: Attempting to register factory for plugin cuFFT when one has already been registered
2026-06-10 08:03:33.683349: E external/local_xla/xla/stream_executor/cuda/cuda_blas.cc:1515] Unable to register cuBLAS factory: Attempting to register factory for plugin cuBLAS when one has already been registered
[COMPREHENSIVE] loaded Optuna best JSON for deep_d256_b6_r2 from /home/rsadve1/scratch/Extended_UPAIR_Narval_b32m16_portable/optuna/clean_b32_prb8_d256_40k_smart_trueDMRS_u34610_1dmrs_stageB_deep_d256_b6_r2_best_params.json
[ISO-CHUNK] variant: deep_d256_b6_r2
[ISO-CHUNK] receiver: upair5g_lmmse
[ISO-CHUNK] num_users: 3
[ISO-CHUNK] ebno_db: 0.0
[ISO-CHUNK] chunk_idx: 31
[ISO-CHUNK] chunk_batches: 20
[ISO-CHUNK] receiver_microbatch_size: 8
[ISO-CHUNK] chunk_seed: 4804127
[ISO-CHUNK] checkpoint: /scratch/rsadve1/Extended_UPAIR_Narval_b32m16_portable/TWC_plots_comprehensive/runs_rx16/seed7/1dmrs/deep_d256_b6_r2/checkpoints/best.weights.h5
[ISO-CHUNK] TF_GPU_ALLOCATOR: cuda_malloc_async
[ISO-CHUNK] output tag: deep_d256_b6_r2_u3_upair5g_lmmse_ebno0p0_chunk0031_m8_b20
[EVAL] receiver microbatching enabled: batch_size_eval=64 receiver_microbatch_size=8
WARNING:tensorflow:Model's `__init__()` arguments contain non-serializable objects. Please implement a `get_config()` method in the subclassed Model for proper saving and loading. Defaulting to empty config.
WARNING:tensorflow:Model's `__init__()` arguments contain non-serializable objects. Please implement a `get_config()` method in the subclassed Model for proper saving and loading. Defaulting to empty config.
[EVAL] loaded UPAIR checkpoint: /scratch/rsadve1/Extended_UPAIR_Narval_b32m16_portable/TWC_plots_comprehensive/runs_rx16/seed7/1dmrs/deep_d256_b6_r2/checkpoints/best.weights.h5
[EVAL] skipping explicit NMSE channel-estimator calls for: upair5g_lmmse
[EVAL] instrumentation log_latency=True log_gpu_memory=True memory_cleanup_every_batches=1 memory_cleanup_every_microbatch=True stream_eval_microbatches=True compiled_receiver_error_counts=False receiver_call_jit_compile=False per_receiver_stopping=False target_bler_floor=1e-05 floor_num_frames=0 gpu_mem=0.13GiB peak=0.32GiB
[EVAL] receiver_call name=upair5g_lmmse mode=positional_y_no compiled_error_counts=False
[EVAL] progress num_users=3 Eb/N0=0 dB batches=10/20 frame_err=upair5g_lmmse:1/1920 elapsed=108.4s avg_batch=10.843s gpu_mem=8.60GiB peak=8.79GiB
[EVAL] progress num_users=3 Eb/N0=0 dB batches=20/20 frame_err=upair5g_lmmse:1/3840 elapsed=215.5s avg_batch=10.774s gpu_mem=17.06GiB peak=17.25GiB
[EVAL] receiver=           upair5g_lmmse Eb/N0= 0.0 dB BER=8.31303e-06 BLER=2.60417e-04 NMSE=nan bit_err=    95/11427840 blk_err=    1/3840   batches=  20 stop=global_stop rx_time=136.73s rx_ms_batch=6836.7 rx_ms_frame=35.608 point_time=215.47s gpu_mem=17.06GiB peak=17.25GiB
[ISO-CHUNK] wrote: /home/rsadve1/scratch/Extended_UPAIR_Narval_b32m16_portable/_isolated_eval_chunks/deep_d256_b6_r2_u3_upair5g_lmmse_ebno0p0_chunk0031_m8_b20/chunk_result.csv
[ISO-CHUNK] DONE
[PIPELINE] status done=0 reason=continue chunks=32 batches=640 block_errors=36/100 next_chunk=32
2026-06-10 08:07:42.080118: E external/local_xla/xla/stream_executor/cuda/cuda_dnn.cc:9261] Unable to register cuDNN factory: Attempting to register factory for plugin cuDNN when one has already been registered
2026-06-10 08:07:42.080160: E external/local_xla/xla/stream_executor/cuda/cuda_fft.cc:607] Unable to register cuFFT factory: Attempting to register factory for plugin cuFFT when one has already been registered
2026-06-10 08:07:42.081053: E external/local_xla/xla/stream_executor/cuda/cuda_blas.cc:1515] Unable to register cuBLAS factory: Attempting to register factory for plugin cuBLAS when one has already been registered
[COMPREHENSIVE] loaded Optuna best JSON for deep_d256_b6_r2 from /home/rsadve1/scratch/Extended_UPAIR_Narval_b32m16_portable/optuna/clean_b32_prb8_d256_40k_smart_trueDMRS_u34610_1dmrs_stageB_deep_d256_b6_r2_best_params.json
[ISO-CHUNK] variant: deep_d256_b6_r2
[ISO-CHUNK] receiver: upair5g_lmmse
[ISO-CHUNK] num_users: 3
[ISO-CHUNK] ebno_db: 0.0
[ISO-CHUNK] chunk_idx: 32
[ISO-CHUNK] chunk_batches: 20
[ISO-CHUNK] receiver_microbatch_size: 8
[ISO-CHUNK] chunk_seed: 4904130
[ISO-CHUNK] checkpoint: /scratch/rsadve1/Extended_UPAIR_Narval_b32m16_portable/TWC_plots_comprehensive/runs_rx16/seed7/1dmrs/deep_d256_b6_r2/checkpoints/best.weights.h5
[ISO-CHUNK] TF_GPU_ALLOCATOR: cuda_malloc_async
[ISO-CHUNK] output tag: deep_d256_b6_r2_u3_upair5g_lmmse_ebno0p0_chunk0032_m8_b20
[EVAL] receiver microbatching enabled: batch_size_eval=64 receiver_microbatch_size=8
WARNING:tensorflow:Model's `__init__()` arguments contain non-serializable objects. Please implement a `get_config()` method in the subclassed Model for proper saving and loading. Defaulting to empty config.
WARNING:tensorflow:Model's `__init__()` arguments contain non-serializable objects. Please implement a `get_config()` method in the subclassed Model for proper saving and loading. Defaulting to empty config.
[EVAL] loaded UPAIR checkpoint: /scratch/rsadve1/Extended_UPAIR_Narval_b32m16_portable/TWC_plots_comprehensive/runs_rx16/seed7/1dmrs/deep_d256_b6_r2/checkpoints/best.weights.h5
[EVAL] skipping explicit NMSE channel-estimator calls for: upair5g_lmmse
[EVAL] instrumentation log_latency=True log_gpu_memory=True memory_cleanup_every_batches=1 memory_cleanup_every_microbatch=True stream_eval_microbatches=True compiled_receiver_error_counts=False receiver_call_jit_compile=False per_receiver_stopping=False target_bler_floor=1e-05 floor_num_frames=0 gpu_mem=0.13GiB peak=0.32GiB
[EVAL] receiver_call name=upair5g_lmmse mode=positional_y_no compiled_error_counts=False
[EVAL] progress num_users=3 Eb/N0=0 dB batches=10/20 frame_err=upair5g_lmmse:0/1920 elapsed=109.7s avg_batch=10.967s gpu_mem=8.60GiB peak=8.79GiB
[EVAL] progress num_users=3 Eb/N0=0 dB batches=20/20 frame_err=upair5g_lmmse:0/3840 elapsed=219.5s avg_batch=10.977s gpu_mem=17.06GiB peak=17.25GiB
[EVAL] receiver=           upair5g_lmmse Eb/N0= 0.0 dB BER=0.00000e+00 BLER=0.00000e+00 NMSE=nan bit_err=     0/11427840 blk_err=    0/3840   batches=  20 stop=global_stop bler_ub=7.813e-04 rx_time=139.39s rx_ms_batch=6969.4 rx_ms_frame=36.299 point_time=219.55s gpu_mem=17.06GiB peak=17.25GiB
[ISO-CHUNK] wrote: /home/rsadve1/scratch/Extended_UPAIR_Narval_b32m16_portable/_isolated_eval_chunks/deep_d256_b6_r2_u3_upair5g_lmmse_ebno0p0_chunk0032_m8_b20/chunk_result.csv
[ISO-CHUNK] DONE
[PIPELINE] status done=0 reason=continue chunks=33 batches=660 block_errors=36/100 next_chunk=33
2026-06-10 08:11:49.969248: E external/local_xla/xla/stream_executor/cuda/cuda_dnn.cc:9261] Unable to register cuDNN factory: Attempting to register factory for plugin cuDNN when one has already been registered
2026-06-10 08:11:49.969296: E external/local_xla/xla/stream_executor/cuda/cuda_fft.cc:607] Unable to register cuFFT factory: Attempting to register factory for plugin cuFFT when one has already been registered
2026-06-10 08:11:49.970175: E external/local_xla/xla/stream_executor/cuda/cuda_blas.cc:1515] Unable to register cuBLAS factory: Attempting to register factory for plugin cuBLAS when one has already been registered
[COMPREHENSIVE] loaded Optuna best JSON for deep_d256_b6_r2 from /home/rsadve1/scratch/Extended_UPAIR_Narval_b32m16_portable/optuna/clean_b32_prb8_d256_40k_smart_trueDMRS_u34610_1dmrs_stageB_deep_d256_b6_r2_best_params.json
[ISO-CHUNK] variant: deep_d256_b6_r2
[ISO-CHUNK] receiver: upair5g_lmmse
[ISO-CHUNK] num_users: 3
[ISO-CHUNK] ebno_db: 0.0
[ISO-CHUNK] chunk_idx: 33
[ISO-CHUNK] chunk_batches: 20
[ISO-CHUNK] receiver_microbatch_size: 8
[ISO-CHUNK] chunk_seed: 5004133
[ISO-CHUNK] checkpoint: /scratch/rsadve1/Extended_UPAIR_Narval_b32m16_portable/TWC_plots_comprehensive/runs_rx16/seed7/1dmrs/deep_d256_b6_r2/checkpoints/best.weights.h5
[ISO-CHUNK] TF_GPU_ALLOCATOR: cuda_malloc_async
[ISO-CHUNK] output tag: deep_d256_b6_r2_u3_upair5g_lmmse_ebno0p0_chunk0033_m8_b20
[EVAL] receiver microbatching enabled: batch_size_eval=64 receiver_microbatch_size=8
WARNING:tensorflow:Model's `__init__()` arguments contain non-serializable objects. Please implement a `get_config()` method in the subclassed Model for proper saving and loading. Defaulting to empty config.
WARNING:tensorflow:Model's `__init__()` arguments contain non-serializable objects. Please implement a `get_config()` method in the subclassed Model for proper saving and loading. Defaulting to empty config.
[EVAL] loaded UPAIR checkpoint: /scratch/rsadve1/Extended_UPAIR_Narval_b32m16_portable/TWC_plots_comprehensive/runs_rx16/seed7/1dmrs/deep_d256_b6_r2/checkpoints/best.weights.h5
[EVAL] skipping explicit NMSE channel-estimator calls for: upair5g_lmmse
[EVAL] instrumentation log_latency=True log_gpu_memory=True memory_cleanup_every_batches=1 memory_cleanup_every_microbatch=True stream_eval_microbatches=True compiled_receiver_error_counts=False receiver_call_jit_compile=False per_receiver_stopping=False target_bler_floor=1e-05 floor_num_frames=0 gpu_mem=0.13GiB peak=0.32GiB
[EVAL] receiver_call name=upair5g_lmmse mode=positional_y_no compiled_error_counts=False
[EVAL] progress num_users=3 Eb/N0=0 dB batches=10/20 frame_err=upair5g_lmmse:1/1920 elapsed=107.9s avg_batch=10.788s gpu_mem=8.60GiB peak=8.79GiB
[EVAL] progress num_users=3 Eb/N0=0 dB batches=20/20 frame_err=upair5g_lmmse:1/3840 elapsed=217.3s avg_batch=10.867s gpu_mem=17.06GiB peak=17.25GiB
[EVAL] receiver=           upair5g_lmmse Eb/N0= 0.0 dB BER=2.91394e-05 BLER=2.60417e-04 NMSE=nan bit_err=   333/11427840 blk_err=    1/3840   batches=  20 stop=global_stop rx_time=137.67s rx_ms_batch=6883.4 rx_ms_frame=35.851 point_time=217.35s gpu_mem=17.06GiB peak=17.25GiB
[ISO-CHUNK] wrote: /home/rsadve1/scratch/Extended_UPAIR_Narval_b32m16_portable/_isolated_eval_chunks/deep_d256_b6_r2_u3_upair5g_lmmse_ebno0p0_chunk0033_m8_b20/chunk_result.csv
[ISO-CHUNK] DONE
[PIPELINE] status done=0 reason=continue chunks=34 batches=680 block_errors=37/100 next_chunk=34
2026-06-10 08:15:51.139064: E external/local_xla/xla/stream_executor/cuda/cuda_dnn.cc:9261] Unable to register cuDNN factory: Attempting to register factory for plugin cuDNN when one has already been registered
2026-06-10 08:15:51.139104: E external/local_xla/xla/stream_executor/cuda/cuda_fft.cc:607] Unable to register cuFFT factory: Attempting to register factory for plugin cuFFT when one has already been registered
2026-06-10 08:15:51.140027: E external/local_xla/xla/stream_executor/cuda/cuda_blas.cc:1515] Unable to register cuBLAS factory: Attempting to register factory for plugin cuBLAS when one has already been registered
[COMPREHENSIVE] loaded Optuna best JSON for deep_d256_b6_r2 from /home/rsadve1/scratch/Extended_UPAIR_Narval_b32m16_portable/optuna/clean_b32_prb8_d256_40k_smart_trueDMRS_u34610_1dmrs_stageB_deep_d256_b6_r2_best_params.json
[ISO-CHUNK] variant: deep_d256_b6_r2
[ISO-CHUNK] receiver: upair5g_lmmse
[ISO-CHUNK] num_users: 3
[ISO-CHUNK] ebno_db: 0.0
[ISO-CHUNK] chunk_idx: 34
[ISO-CHUNK] chunk_batches: 20
[ISO-CHUNK] receiver_microbatch_size: 8
[ISO-CHUNK] chunk_seed: 5104136
[ISO-CHUNK] checkpoint: /scratch/rsadve1/Extended_UPAIR_Narval_b32m16_portable/TWC_plots_comprehensive/runs_rx16/seed7/1dmrs/deep_d256_b6_r2/checkpoints/best.weights.h5
[ISO-CHUNK] TF_GPU_ALLOCATOR: cuda_malloc_async
[ISO-CHUNK] output tag: deep_d256_b6_r2_u3_upair5g_lmmse_ebno0p0_chunk0034_m8_b20
[EVAL] receiver microbatching enabled: batch_size_eval=64 receiver_microbatch_size=8
WARNING:tensorflow:Model's `__init__()` arguments contain non-serializable objects. Please implement a `get_config()` method in the subclassed Model for proper saving and loading. Defaulting to empty config.
WARNING:tensorflow:Model's `__init__()` arguments contain non-serializable objects. Please implement a `get_config()` method in the subclassed Model for proper saving and loading. Defaulting to empty config.
[EVAL] loaded UPAIR checkpoint: /scratch/rsadve1/Extended_UPAIR_Narval_b32m16_portable/TWC_plots_comprehensive/runs_rx16/seed7/1dmrs/deep_d256_b6_r2/checkpoints/best.weights.h5
[EVAL] skipping explicit NMSE channel-estimator calls for: upair5g_lmmse
[EVAL] instrumentation log_latency=True log_gpu_memory=True memory_cleanup_every_batches=1 memory_cleanup_every_microbatch=True stream_eval_microbatches=True compiled_receiver_error_counts=False receiver_call_jit_compile=False per_receiver_stopping=False target_bler_floor=1e-05 floor_num_frames=0 gpu_mem=0.13GiB peak=0.32GiB
[EVAL] receiver_call name=upair5g_lmmse mode=positional_y_no compiled_error_counts=False
[EVAL] progress num_users=3 Eb/N0=0 dB batches=10/20 frame_err=upair5g_lmmse:1/1920 elapsed=109.8s avg_batch=10.980s gpu_mem=8.60GiB peak=8.79GiB
[EVAL] progress num_users=3 Eb/N0=0 dB batches=20/20 frame_err=upair5g_lmmse:1/3840 elapsed=218.9s avg_batch=10.945s gpu_mem=17.06GiB peak=17.25GiB
[EVAL] receiver=           upair5g_lmmse Eb/N0= 0.0 dB BER=4.28777e-06 BLER=2.60417e-04 NMSE=nan bit_err=    49/11427840 blk_err=    1/3840   batches=  20 stop=global_stop rx_time=138.70s rx_ms_batch=6935.0 rx_ms_frame=36.120 point_time=218.89s gpu_mem=17.06GiB peak=17.25GiB
[ISO-CHUNK] wrote: /home/rsadve1/scratch/Extended_UPAIR_Narval_b32m16_portable/_isolated_eval_chunks/deep_d256_b6_r2_u3_upair5g_lmmse_ebno0p0_chunk0034_m8_b20/chunk_result.csv
[ISO-CHUNK] DONE
[PIPELINE] status done=0 reason=continue chunks=35 batches=700 block_errors=38/100 next_chunk=35
2026-06-10 08:19:52.997864: E external/local_xla/xla/stream_executor/cuda/cuda_dnn.cc:9261] Unable to register cuDNN factory: Attempting to register factory for plugin cuDNN when one has already been registered
2026-06-10 08:19:52.997907: E external/local_xla/xla/stream_executor/cuda/cuda_fft.cc:607] Unable to register cuFFT factory: Attempting to register factory for plugin cuFFT when one has already been registered
2026-06-10 08:19:52.998820: E external/local_xla/xla/stream_executor/cuda/cuda_blas.cc:1515] Unable to register cuBLAS factory: Attempting to register factory for plugin cuBLAS when one has already been registered
[COMPREHENSIVE] loaded Optuna best JSON for deep_d256_b6_r2 from /home/rsadve1/scratch/Extended_UPAIR_Narval_b32m16_portable/optuna/clean_b32_prb8_d256_40k_smart_trueDMRS_u34610_1dmrs_stageB_deep_d256_b6_r2_best_params.json
[ISO-CHUNK] variant: deep_d256_b6_r2
[ISO-CHUNK] receiver: upair5g_lmmse
[ISO-CHUNK] num_users: 3
[ISO-CHUNK] ebno_db: 0.0
[ISO-CHUNK] chunk_idx: 35
[ISO-CHUNK] chunk_batches: 20
[ISO-CHUNK] receiver_microbatch_size: 8
[ISO-CHUNK] chunk_seed: 5204139
[ISO-CHUNK] checkpoint: /scratch/rsadve1/Extended_UPAIR_Narval_b32m16_portable/TWC_plots_comprehensive/runs_rx16/seed7/1dmrs/deep_d256_b6_r2/checkpoints/best.weights.h5
[ISO-CHUNK] TF_GPU_ALLOCATOR: cuda_malloc_async
[ISO-CHUNK] output tag: deep_d256_b6_r2_u3_upair5g_lmmse_ebno0p0_chunk0035_m8_b20
[EVAL] receiver microbatching enabled: batch_size_eval=64 receiver_microbatch_size=8
WARNING:tensorflow:Model's `__init__()` arguments contain non-serializable objects. Please implement a `get_config()` method in the subclassed Model for proper saving and loading. Defaulting to empty config.
WARNING:tensorflow:Model's `__init__()` arguments contain non-serializable objects. Please implement a `get_config()` method in the subclassed Model for proper saving and loading. Defaulting to empty config.
[EVAL] loaded UPAIR checkpoint: /scratch/rsadve1/Extended_UPAIR_Narval_b32m16_portable/TWC_plots_comprehensive/runs_rx16/seed7/1dmrs/deep_d256_b6_r2/checkpoints/best.weights.h5
[EVAL] skipping explicit NMSE channel-estimator calls for: upair5g_lmmse
[EVAL] instrumentation log_latency=True log_gpu_memory=True memory_cleanup_every_batches=1 memory_cleanup_every_microbatch=True stream_eval_microbatches=True compiled_receiver_error_counts=False receiver_call_jit_compile=False per_receiver_stopping=False target_bler_floor=1e-05 floor_num_frames=0 gpu_mem=0.13GiB peak=0.32GiB
[EVAL] receiver_call name=upair5g_lmmse mode=positional_y_no compiled_error_counts=False
[EVAL] progress num_users=3 Eb/N0=0 dB batches=10/20 frame_err=upair5g_lmmse:0/1920 elapsed=108.5s avg_batch=10.845s gpu_mem=8.60GiB peak=8.79GiB
[EVAL] progress num_users=3 Eb/N0=0 dB batches=20/20 frame_err=upair5g_lmmse:0/3840 elapsed=216.6s avg_batch=10.828s gpu_mem=17.06GiB peak=17.25GiB
[EVAL] receiver=           upair5g_lmmse Eb/N0= 0.0 dB BER=0.00000e+00 BLER=0.00000e+00 NMSE=nan bit_err=     0/11427840 blk_err=    0/3840   batches=  20 stop=global_stop bler_ub=7.813e-04 rx_time=137.25s rx_ms_batch=6862.6 rx_ms_frame=35.743 point_time=216.56s gpu_mem=17.06GiB peak=17.25GiB
[ISO-CHUNK] wrote: /home/rsadve1/scratch/Extended_UPAIR_Narval_b32m16_portable/_isolated_eval_chunks/deep_d256_b6_r2_u3_upair5g_lmmse_ebno0p0_chunk0035_m8_b20/chunk_result.csv
[ISO-CHUNK] DONE
[PIPELINE] status done=0 reason=continue chunks=36 batches=720 block_errors=38/100 next_chunk=36
2026-06-10 08:23:56.284739: E external/local_xla/xla/stream_executor/cuda/cuda_dnn.cc:9261] Unable to register cuDNN factory: Attempting to register factory for plugin cuDNN when one has already been registered
2026-06-10 08:23:56.284779: E external/local_xla/xla/stream_executor/cuda/cuda_fft.cc:607] Unable to register cuFFT factory: Attempting to register factory for plugin cuFFT when one has already been registered
2026-06-10 08:23:56.285659: E external/local_xla/xla/stream_executor/cuda/cuda_blas.cc:1515] Unable to register cuBLAS factory: Attempting to register factory for plugin cuBLAS when one has already been registered
[COMPREHENSIVE] loaded Optuna best JSON for deep_d256_b6_r2 from /home/rsadve1/scratch/Extended_UPAIR_Narval_b32m16_portable/optuna/clean_b32_prb8_d256_40k_smart_trueDMRS_u34610_1dmrs_stageB_deep_d256_b6_r2_best_params.json
[ISO-CHUNK] variant: deep_d256_b6_r2
[ISO-CHUNK] receiver: upair5g_lmmse
[ISO-CHUNK] num_users: 3
[ISO-CHUNK] ebno_db: 0.0
[ISO-CHUNK] chunk_idx: 36
[ISO-CHUNK] chunk_batches: 20
[ISO-CHUNK] receiver_microbatch_size: 8
[ISO-CHUNK] chunk_seed: 5304142
[ISO-CHUNK] checkpoint: /scratch/rsadve1/Extended_UPAIR_Narval_b32m16_portable/TWC_plots_comprehensive/runs_rx16/seed7/1dmrs/deep_d256_b6_r2/checkpoints/best.weights.h5
[ISO-CHUNK] TF_GPU_ALLOCATOR: cuda_malloc_async
[ISO-CHUNK] output tag: deep_d256_b6_r2_u3_upair5g_lmmse_ebno0p0_chunk0036_m8_b20
[EVAL] receiver microbatching enabled: batch_size_eval=64 receiver_microbatch_size=8
WARNING:tensorflow:Model's `__init__()` arguments contain non-serializable objects. Please implement a `get_config()` method in the subclassed Model for proper saving and loading. Defaulting to empty config.
WARNING:tensorflow:Model's `__init__()` arguments contain non-serializable objects. Please implement a `get_config()` method in the subclassed Model for proper saving and loading. Defaulting to empty config.
[EVAL] loaded UPAIR checkpoint: /scratch/rsadve1/Extended_UPAIR_Narval_b32m16_portable/TWC_plots_comprehensive/runs_rx16/seed7/1dmrs/deep_d256_b6_r2/checkpoints/best.weights.h5
[EVAL] skipping explicit NMSE channel-estimator calls for: upair5g_lmmse
[EVAL] instrumentation log_latency=True log_gpu_memory=True memory_cleanup_every_batches=1 memory_cleanup_every_microbatch=True stream_eval_microbatches=True compiled_receiver_error_counts=False receiver_call_jit_compile=False per_receiver_stopping=False target_bler_floor=1e-05 floor_num_frames=0 gpu_mem=0.13GiB peak=0.32GiB
[EVAL] receiver_call name=upair5g_lmmse mode=positional_y_no compiled_error_counts=False
[EVAL] progress num_users=3 Eb/N0=0 dB batches=10/20 frame_err=upair5g_lmmse:1/1920 elapsed=108.5s avg_batch=10.846s gpu_mem=8.60GiB peak=8.79GiB
[EVAL] progress num_users=3 Eb/N0=0 dB batches=20/20 frame_err=upair5g_lmmse:1/3840 elapsed=216.7s avg_batch=10.833s gpu_mem=17.06GiB peak=17.25GiB
[EVAL] receiver=           upair5g_lmmse Eb/N0= 0.0 dB BER=3.50022e-07 BLER=2.60417e-04 NMSE=nan bit_err=     4/11427840 blk_err=    1/3840   batches=  20 stop=global_stop rx_time=137.27s rx_ms_batch=6863.4 rx_ms_frame=35.747 point_time=216.65s gpu_mem=17.06GiB peak=17.25GiB
[ISO-CHUNK] wrote: /home/rsadve1/scratch/Extended_UPAIR_Narval_b32m16_portable/_isolated_eval_chunks/deep_d256_b6_r2_u3_upair5g_lmmse_ebno0p0_chunk0036_m8_b20/chunk_result.csv
[ISO-CHUNK] DONE
[PIPELINE] status done=0 reason=continue chunks=37 batches=740 block_errors=39/100 next_chunk=37
2026-06-10 08:27:54.799210: E external/local_xla/xla/stream_executor/cuda/cuda_dnn.cc:9261] Unable to register cuDNN factory: Attempting to register factory for plugin cuDNN when one has already been registered
2026-06-10 08:27:54.799261: E external/local_xla/xla/stream_executor/cuda/cuda_fft.cc:607] Unable to register cuFFT factory: Attempting to register factory for plugin cuFFT when one has already been registered
2026-06-10 08:27:54.800151: E external/local_xla/xla/stream_executor/cuda/cuda_blas.cc:1515] Unable to register cuBLAS factory: Attempting to register factory for plugin cuBLAS when one has already been registered
[COMPREHENSIVE] loaded Optuna best JSON for deep_d256_b6_r2 from /home/rsadve1/scratch/Extended_UPAIR_Narval_b32m16_portable/optuna/clean_b32_prb8_d256_40k_smart_trueDMRS_u34610_1dmrs_stageB_deep_d256_b6_r2_best_params.json
[ISO-CHUNK] variant: deep_d256_b6_r2
[ISO-CHUNK] receiver: upair5g_lmmse
[ISO-CHUNK] num_users: 3
[ISO-CHUNK] ebno_db: 0.0
[ISO-CHUNK] chunk_idx: 37
[ISO-CHUNK] chunk_batches: 20
[ISO-CHUNK] receiver_microbatch_size: 8
[ISO-CHUNK] chunk_seed: 5404145
[ISO-CHUNK] checkpoint: /scratch/rsadve1/Extended_UPAIR_Narval_b32m16_portable/TWC_plots_comprehensive/runs_rx16/seed7/1dmrs/deep_d256_b6_r2/checkpoints/best.weights.h5
[ISO-CHUNK] TF_GPU_ALLOCATOR: cuda_malloc_async
[ISO-CHUNK] output tag: deep_d256_b6_r2_u3_upair5g_lmmse_ebno0p0_chunk0037_m8_b20
[EVAL] receiver microbatching enabled: batch_size_eval=64 receiver_microbatch_size=8
WARNING:tensorflow:Model's `__init__()` arguments contain non-serializable objects. Please implement a `get_config()` method in the subclassed Model for proper saving and loading. Defaulting to empty config.
WARNING:tensorflow:Model's `__init__()` arguments contain non-serializable objects. Please implement a `get_config()` method in the subclassed Model for proper saving and loading. Defaulting to empty config.
[EVAL] loaded UPAIR checkpoint: /scratch/rsadve1/Extended_UPAIR_Narval_b32m16_portable/TWC_plots_comprehensive/runs_rx16/seed7/1dmrs/deep_d256_b6_r2/checkpoints/best.weights.h5
[EVAL] skipping explicit NMSE channel-estimator calls for: upair5g_lmmse
[EVAL] instrumentation log_latency=True log_gpu_memory=True memory_cleanup_every_batches=1 memory_cleanup_every_microbatch=True stream_eval_microbatches=True compiled_receiver_error_counts=False receiver_call_jit_compile=False per_receiver_stopping=False target_bler_floor=1e-05 floor_num_frames=0 gpu_mem=0.13GiB peak=0.32GiB
[EVAL] receiver_call name=upair5g_lmmse mode=positional_y_no compiled_error_counts=False
[EVAL] progress num_users=3 Eb/N0=0 dB batches=10/20 frame_err=upair5g_lmmse:0/1920 elapsed=109.1s avg_batch=10.905s gpu_mem=8.60GiB peak=8.79GiB
[EVAL] progress num_users=3 Eb/N0=0 dB batches=20/20 frame_err=upair5g_lmmse:0/3840 elapsed=217.4s avg_batch=10.871s gpu_mem=17.06GiB peak=17.25GiB
[EVAL] receiver=           upair5g_lmmse Eb/N0= 0.0 dB BER=0.00000e+00 BLER=0.00000e+00 NMSE=nan bit_err=     0/11427840 blk_err=    0/3840   batches=  20 stop=global_stop bler_ub=7.813e-04 rx_time=137.76s rx_ms_batch=6888.0 rx_ms_frame=35.875 point_time=217.42s gpu_mem=17.06GiB peak=17.25GiB
[ISO-CHUNK] wrote: /home/rsadve1/scratch/Extended_UPAIR_Narval_b32m16_portable/_isolated_eval_chunks/deep_d256_b6_r2_u3_upair5g_lmmse_ebno0p0_chunk0037_m8_b20/chunk_result.csv
[ISO-CHUNK] DONE
[PIPELINE] status done=0 reason=continue chunks=38 batches=760 block_errors=39/100 next_chunk=38
2026-06-10 08:31:56.542264: E external/local_xla/xla/stream_executor/cuda/cuda_dnn.cc:9261] Unable to register cuDNN factory: Attempting to register factory for plugin cuDNN when one has already been registered
2026-06-10 08:31:56.542307: E external/local_xla/xla/stream_executor/cuda/cuda_fft.cc:607] Unable to register cuFFT factory: Attempting to register factory for plugin cuFFT when one has already been registered
2026-06-10 08:31:56.543210: E external/local_xla/xla/stream_executor/cuda/cuda_blas.cc:1515] Unable to register cuBLAS factory: Attempting to register factory for plugin cuBLAS when one has already been registered
[COMPREHENSIVE] loaded Optuna best JSON for deep_d256_b6_r2 from /home/rsadve1/scratch/Extended_UPAIR_Narval_b32m16_portable/optuna/clean_b32_prb8_d256_40k_smart_trueDMRS_u34610_1dmrs_stageB_deep_d256_b6_r2_best_params.json
[ISO-CHUNK] variant: deep_d256_b6_r2
[ISO-CHUNK] receiver: upair5g_lmmse
[ISO-CHUNK] num_users: 3
[ISO-CHUNK] ebno_db: 0.0
[ISO-CHUNK] chunk_idx: 38
[ISO-CHUNK] chunk_batches: 20
[ISO-CHUNK] receiver_microbatch_size: 8
[ISO-CHUNK] chunk_seed: 5504148
[ISO-CHUNK] checkpoint: /scratch/rsadve1/Extended_UPAIR_Narval_b32m16_portable/TWC_plots_comprehensive/runs_rx16/seed7/1dmrs/deep_d256_b6_r2/checkpoints/best.weights.h5
[ISO-CHUNK] TF_GPU_ALLOCATOR: cuda_malloc_async
[ISO-CHUNK] output tag: deep_d256_b6_r2_u3_upair5g_lmmse_ebno0p0_chunk0038_m8_b20
[EVAL] receiver microbatching enabled: batch_size_eval=64 receiver_microbatch_size=8
WARNING:tensorflow:Model's `__init__()` arguments contain non-serializable objects. Please implement a `get_config()` method in the subclassed Model for proper saving and loading. Defaulting to empty config.
WARNING:tensorflow:Model's `__init__()` arguments contain non-serializable objects. Please implement a `get_config()` method in the subclassed Model for proper saving and loading. Defaulting to empty config.
[EVAL] loaded UPAIR checkpoint: /scratch/rsadve1/Extended_UPAIR_Narval_b32m16_portable/TWC_plots_comprehensive/runs_rx16/seed7/1dmrs/deep_d256_b6_r2/checkpoints/best.weights.h5
[EVAL] skipping explicit NMSE channel-estimator calls for: upair5g_lmmse
[EVAL] instrumentation log_latency=True log_gpu_memory=True memory_cleanup_every_batches=1 memory_cleanup_every_microbatch=True stream_eval_microbatches=True compiled_receiver_error_counts=False receiver_call_jit_compile=False per_receiver_stopping=False target_bler_floor=1e-05 floor_num_frames=0 gpu_mem=0.13GiB peak=0.32GiB
[EVAL] receiver_call name=upair5g_lmmse mode=positional_y_no compiled_error_counts=False
[EVAL] progress num_users=3 Eb/N0=0 dB batches=10/20 frame_err=upair5g_lmmse:0/1920 elapsed=109.4s avg_batch=10.945s gpu_mem=8.60GiB peak=8.79GiB
[EVAL] progress num_users=3 Eb/N0=0 dB batches=20/20 frame_err=upair5g_lmmse:0/3840 elapsed=217.9s avg_batch=10.893s gpu_mem=17.06GiB peak=17.25GiB
[EVAL] receiver=           upair5g_lmmse Eb/N0= 0.0 dB BER=0.00000e+00 BLER=0.00000e+00 NMSE=nan bit_err=     0/11427840 blk_err=    0/3840   batches=  20 stop=global_stop bler_ub=7.813e-04 rx_time=137.93s rx_ms_batch=6896.5 rx_ms_frame=35.919 point_time=217.86s gpu_mem=17.06GiB peak=17.25GiB
[ISO-CHUNK] wrote: /home/rsadve1/scratch/Extended_UPAIR_Narval_b32m16_portable/_isolated_eval_chunks/deep_d256_b6_r2_u3_upair5g_lmmse_ebno0p0_chunk0038_m8_b20/chunk_result.csv
[ISO-CHUNK] DONE
[PIPELINE] status done=0 reason=continue chunks=39 batches=780 block_errors=39/100 next_chunk=39
2026-06-10 08:36:16.322522: E external/local_xla/xla/stream_executor/cuda/cuda_dnn.cc:9261] Unable to register cuDNN factory: Attempting to register factory for plugin cuDNN when one has already been registered
2026-06-10 08:36:16.322565: E external/local_xla/xla/stream_executor/cuda/cuda_fft.cc:607] Unable to register cuFFT factory: Attempting to register factory for plugin cuFFT when one has already been registered
2026-06-10 08:36:16.323424: E external/local_xla/xla/stream_executor/cuda/cuda_blas.cc:1515] Unable to register cuBLAS factory: Attempting to register factory for plugin cuBLAS when one has already been registered
[COMPREHENSIVE] loaded Optuna best JSON for deep_d256_b6_r2 from /home/rsadve1/scratch/Extended_UPAIR_Narval_b32m16_portable/optuna/clean_b32_prb8_d256_40k_smart_trueDMRS_u34610_1dmrs_stageB_deep_d256_b6_r2_best_params.json
[ISO-CHUNK] variant: deep_d256_b6_r2
[ISO-CHUNK] receiver: upair5g_lmmse
[ISO-CHUNK] num_users: 3
[ISO-CHUNK] ebno_db: 0.0
[ISO-CHUNK] chunk_idx: 39
[ISO-CHUNK] chunk_batches: 20
[ISO-CHUNK] receiver_microbatch_size: 8
[ISO-CHUNK] chunk_seed: 5604151
[ISO-CHUNK] checkpoint: /scratch/rsadve1/Extended_UPAIR_Narval_b32m16_portable/TWC_plots_comprehensive/runs_rx16/seed7/1dmrs/deep_d256_b6_r2/checkpoints/best.weights.h5
[ISO-CHUNK] TF_GPU_ALLOCATOR: cuda_malloc_async
[ISO-CHUNK] output tag: deep_d256_b6_r2_u3_upair5g_lmmse_ebno0p0_chunk0039_m8_b20
[EVAL] receiver microbatching enabled: batch_size_eval=64 receiver_microbatch_size=8
WARNING:tensorflow:Model's `__init__()` arguments contain non-serializable objects. Please implement a `get_config()` method in the subclassed Model for proper saving and loading. Defaulting to empty config.
WARNING:tensorflow:Model's `__init__()` arguments contain non-serializable objects. Please implement a `get_config()` method in the subclassed Model for proper saving and loading. Defaulting to empty config.
[EVAL] loaded UPAIR checkpoint: /scratch/rsadve1/Extended_UPAIR_Narval_b32m16_portable/TWC_plots_comprehensive/runs_rx16/seed7/1dmrs/deep_d256_b6_r2/checkpoints/best.weights.h5
[EVAL] skipping explicit NMSE channel-estimator calls for: upair5g_lmmse
[EVAL] instrumentation log_latency=True log_gpu_memory=True memory_cleanup_every_batches=1 memory_cleanup_every_microbatch=True stream_eval_microbatches=True compiled_receiver_error_counts=False receiver_call_jit_compile=False per_receiver_stopping=False target_bler_floor=1e-05 floor_num_frames=0 gpu_mem=0.13GiB peak=0.32GiB
[EVAL] receiver_call name=upair5g_lmmse mode=positional_y_no compiled_error_counts=False
[EVAL] progress num_users=3 Eb/N0=0 dB batches=10/20 frame_err=upair5g_lmmse:0/1920 elapsed=108.5s avg_batch=10.847s gpu_mem=8.60GiB peak=8.79GiB
[EVAL] progress num_users=3 Eb/N0=0 dB batches=20/20 frame_err=upair5g_lmmse:0/3840 elapsed=217.1s avg_batch=10.856s gpu_mem=17.06GiB peak=17.25GiB
[EVAL] receiver=           upair5g_lmmse Eb/N0= 0.0 dB BER=0.00000e+00 BLER=0.00000e+00 NMSE=nan bit_err=     0/11427840 blk_err=    0/3840   batches=  20 stop=global_stop bler_ub=7.813e-04 rx_time=137.49s rx_ms_batch=6874.5 rx_ms_frame=35.805 point_time=217.12s gpu_mem=17.06GiB peak=17.25GiB
[ISO-CHUNK] wrote: /home/rsadve1/scratch/Extended_UPAIR_Narval_b32m16_portable/_isolated_eval_chunks/deep_d256_b6_r2_u3_upair5g_lmmse_ebno0p0_chunk0039_m8_b20/chunk_result.csv
[ISO-CHUNK] DONE
[PIPELINE] status done=0 reason=continue chunks=40 batches=800 block_errors=39/100 next_chunk=40
2026-06-10 08:40:21.618451: E external/local_xla/xla/stream_executor/cuda/cuda_dnn.cc:9261] Unable to register cuDNN factory: Attempting to register factory for plugin cuDNN when one has already been registered
2026-06-10 08:40:21.618491: E external/local_xla/xla/stream_executor/cuda/cuda_fft.cc:607] Unable to register cuFFT factory: Attempting to register factory for plugin cuFFT when one has already been registered
2026-06-10 08:40:21.619371: E external/local_xla/xla/stream_executor/cuda/cuda_blas.cc:1515] Unable to register cuBLAS factory: Attempting to register factory for plugin cuBLAS when one has already been registered
[COMPREHENSIVE] loaded Optuna best JSON for deep_d256_b6_r2 from /home/rsadve1/scratch/Extended_UPAIR_Narval_b32m16_portable/optuna/clean_b32_prb8_d256_40k_smart_trueDMRS_u34610_1dmrs_stageB_deep_d256_b6_r2_best_params.json
[ISO-CHUNK] variant: deep_d256_b6_r2
[ISO-CHUNK] receiver: upair5g_lmmse
[ISO-CHUNK] num_users: 3
[ISO-CHUNK] ebno_db: 0.0
[ISO-CHUNK] chunk_idx: 40
[ISO-CHUNK] chunk_batches: 20
[ISO-CHUNK] receiver_microbatch_size: 8
[ISO-CHUNK] chunk_seed: 5704154
[ISO-CHUNK] checkpoint: /scratch/rsadve1/Extended_UPAIR_Narval_b32m16_portable/TWC_plots_comprehensive/runs_rx16/seed7/1dmrs/deep_d256_b6_r2/checkpoints/best.weights.h5
[ISO-CHUNK] TF_GPU_ALLOCATOR: cuda_malloc_async
[ISO-CHUNK] output tag: deep_d256_b6_r2_u3_upair5g_lmmse_ebno0p0_chunk0040_m8_b20
[EVAL] receiver microbatching enabled: batch_size_eval=64 receiver_microbatch_size=8
WARNING:tensorflow:Model's `__init__()` arguments contain non-serializable objects. Please implement a `get_config()` method in the subclassed Model for proper saving and loading. Defaulting to empty config.
WARNING:tensorflow:Model's `__init__()` arguments contain non-serializable objects. Please implement a `get_config()` method in the subclassed Model for proper saving and loading. Defaulting to empty config.
[EVAL] loaded UPAIR checkpoint: /scratch/rsadve1/Extended_UPAIR_Narval_b32m16_portable/TWC_plots_comprehensive/runs_rx16/seed7/1dmrs/deep_d256_b6_r2/checkpoints/best.weights.h5
[EVAL] skipping explicit NMSE channel-estimator calls for: upair5g_lmmse
[EVAL] instrumentation log_latency=True log_gpu_memory=True memory_cleanup_every_batches=1 memory_cleanup_every_microbatch=True stream_eval_microbatches=True compiled_receiver_error_counts=False receiver_call_jit_compile=False per_receiver_stopping=False target_bler_floor=1e-05 floor_num_frames=0 gpu_mem=0.13GiB peak=0.32GiB
[EVAL] receiver_call name=upair5g_lmmse mode=positional_y_no compiled_error_counts=False
[EVAL] progress num_users=3 Eb/N0=0 dB batches=10/20 frame_err=upair5g_lmmse:3/1920 elapsed=108.1s avg_batch=10.812s gpu_mem=8.60GiB peak=8.79GiB
[EVAL] progress num_users=3 Eb/N0=0 dB batches=20/20 frame_err=upair5g_lmmse:4/3840 elapsed=216.1s avg_batch=10.806s gpu_mem=17.06GiB peak=17.25GiB
[EVAL] receiver=           upair5g_lmmse Eb/N0= 0.0 dB BER=6.51042e-05 BLER=1.04167e-03 NMSE=nan bit_err=   744/11427840 blk_err=    4/3840   batches=  20 stop=global_stop rx_time=136.99s rx_ms_batch=6849.5 rx_ms_frame=35.675 point_time=216.13s gpu_mem=17.06GiB peak=17.25GiB
[ISO-CHUNK] wrote: /home/rsadve1/scratch/Extended_UPAIR_Narval_b32m16_portable/_isolated_eval_chunks/deep_d256_b6_r2_u3_upair5g_lmmse_ebno0p0_chunk0040_m8_b20/chunk_result.csv
[ISO-CHUNK] DONE
[PIPELINE] status done=0 reason=continue chunks=41 batches=820 block_errors=43/100 next_chunk=41
2026-06-10 08:44:22.064617: E external/local_xla/xla/stream_executor/cuda/cuda_dnn.cc:9261] Unable to register cuDNN factory: Attempting to register factory for plugin cuDNN when one has already been registered
2026-06-10 08:44:22.064654: E external/local_xla/xla/stream_executor/cuda/cuda_fft.cc:607] Unable to register cuFFT factory: Attempting to register factory for plugin cuFFT when one has already been registered
2026-06-10 08:44:22.065546: E external/local_xla/xla/stream_executor/cuda/cuda_blas.cc:1515] Unable to register cuBLAS factory: Attempting to register factory for plugin cuBLAS when one has already been registered
[COMPREHENSIVE] loaded Optuna best JSON for deep_d256_b6_r2 from /home/rsadve1/scratch/Extended_UPAIR_Narval_b32m16_portable/optuna/clean_b32_prb8_d256_40k_smart_trueDMRS_u34610_1dmrs_stageB_deep_d256_b6_r2_best_params.json
[ISO-CHUNK] variant: deep_d256_b6_r2
[ISO-CHUNK] receiver: upair5g_lmmse
[ISO-CHUNK] num_users: 3
[ISO-CHUNK] ebno_db: 0.0
[ISO-CHUNK] chunk_idx: 41
[ISO-CHUNK] chunk_batches: 20
[ISO-CHUNK] receiver_microbatch_size: 8
[ISO-CHUNK] chunk_seed: 5804157
[ISO-CHUNK] checkpoint: /scratch/rsadve1/Extended_UPAIR_Narval_b32m16_portable/TWC_plots_comprehensive/runs_rx16/seed7/1dmrs/deep_d256_b6_r2/checkpoints/best.weights.h5
[ISO-CHUNK] TF_GPU_ALLOCATOR: cuda_malloc_async
[ISO-CHUNK] output tag: deep_d256_b6_r2_u3_upair5g_lmmse_ebno0p0_chunk0041_m8_b20
[EVAL] receiver microbatching enabled: batch_size_eval=64 receiver_microbatch_size=8
WARNING:tensorflow:Model's `__init__()` arguments contain non-serializable objects. Please implement a `get_config()` method in the subclassed Model for proper saving and loading. Defaulting to empty config.
WARNING:tensorflow:Model's `__init__()` arguments contain non-serializable objects. Please implement a `get_config()` method in the subclassed Model for proper saving and loading. Defaulting to empty config.
[EVAL] loaded UPAIR checkpoint: /scratch/rsadve1/Extended_UPAIR_Narval_b32m16_portable/TWC_plots_comprehensive/runs_rx16/seed7/1dmrs/deep_d256_b6_r2/checkpoints/best.weights.h5
[EVAL] skipping explicit NMSE channel-estimator calls for: upair5g_lmmse
[EVAL] instrumentation log_latency=True log_gpu_memory=True memory_cleanup_every_batches=1 memory_cleanup_every_microbatch=True stream_eval_microbatches=True compiled_receiver_error_counts=False receiver_call_jit_compile=False per_receiver_stopping=False target_bler_floor=1e-05 floor_num_frames=0 gpu_mem=0.13GiB peak=0.32GiB
[EVAL] receiver_call name=upair5g_lmmse mode=positional_y_no compiled_error_counts=False
[EVAL] progress num_users=3 Eb/N0=0 dB batches=10/20 frame_err=upair5g_lmmse:2/1920 elapsed=109.1s avg_batch=10.910s gpu_mem=8.60GiB peak=8.79GiB
[EVAL] progress num_users=3 Eb/N0=0 dB batches=20/20 frame_err=upair5g_lmmse:2/3840 elapsed=218.5s avg_batch=10.923s gpu_mem=17.06GiB peak=17.25GiB
[EVAL] receiver=           upair5g_lmmse Eb/N0= 0.0 dB BER=7.00045e-06 BLER=5.20833e-04 NMSE=nan bit_err=    80/11427840 blk_err=    2/3840   batches=  20 stop=global_stop rx_time=138.55s rx_ms_batch=6927.5 rx_ms_frame=36.081 point_time=218.45s gpu_mem=17.06GiB peak=17.25GiB
[ISO-CHUNK] wrote: /home/rsadve1/scratch/Extended_UPAIR_Narval_b32m16_portable/_isolated_eval_chunks/deep_d256_b6_r2_u3_upair5g_lmmse_ebno0p0_chunk0041_m8_b20/chunk_result.csv
[ISO-CHUNK] DONE
[PIPELINE] status done=0 reason=continue chunks=42 batches=840 block_errors=45/100 next_chunk=42
2026-06-10 08:48:24.277606: E external/local_xla/xla/stream_executor/cuda/cuda_dnn.cc:9261] Unable to register cuDNN factory: Attempting to register factory for plugin cuDNN when one has already been registered
2026-06-10 08:48:24.277657: E external/local_xla/xla/stream_executor/cuda/cuda_fft.cc:607] Unable to register cuFFT factory: Attempting to register factory for plugin cuFFT when one has already been registered
2026-06-10 08:48:24.278576: E external/local_xla/xla/stream_executor/cuda/cuda_blas.cc:1515] Unable to register cuBLAS factory: Attempting to register factory for plugin cuBLAS when one has already been registered
[COMPREHENSIVE] loaded Optuna best JSON for deep_d256_b6_r2 from /home/rsadve1/scratch/Extended_UPAIR_Narval_b32m16_portable/optuna/clean_b32_prb8_d256_40k_smart_trueDMRS_u34610_1dmrs_stageB_deep_d256_b6_r2_best_params.json
[ISO-CHUNK] variant: deep_d256_b6_r2
[ISO-CHUNK] receiver: upair5g_lmmse
[ISO-CHUNK] num_users: 3
[ISO-CHUNK] ebno_db: 0.0
[ISO-CHUNK] chunk_idx: 42
[ISO-CHUNK] chunk_batches: 20
[ISO-CHUNK] receiver_microbatch_size: 8
[ISO-CHUNK] chunk_seed: 5904160
[ISO-CHUNK] checkpoint: /scratch/rsadve1/Extended_UPAIR_Narval_b32m16_portable/TWC_plots_comprehensive/runs_rx16/seed7/1dmrs/deep_d256_b6_r2/checkpoints/best.weights.h5
[ISO-CHUNK] TF_GPU_ALLOCATOR: cuda_malloc_async
[ISO-CHUNK] output tag: deep_d256_b6_r2_u3_upair5g_lmmse_ebno0p0_chunk0042_m8_b20
[EVAL] receiver microbatching enabled: batch_size_eval=64 receiver_microbatch_size=8
WARNING:tensorflow:Model's `__init__()` arguments contain non-serializable objects. Please implement a `get_config()` method in the subclassed Model for proper saving and loading. Defaulting to empty config.
WARNING:tensorflow:Model's `__init__()` arguments contain non-serializable objects. Please implement a `get_config()` method in the subclassed Model for proper saving and loading. Defaulting to empty config.
[EVAL] loaded UPAIR checkpoint: /scratch/rsadve1/Extended_UPAIR_Narval_b32m16_portable/TWC_plots_comprehensive/runs_rx16/seed7/1dmrs/deep_d256_b6_r2/checkpoints/best.weights.h5
[EVAL] skipping explicit NMSE channel-estimator calls for: upair5g_lmmse
[EVAL] instrumentation log_latency=True log_gpu_memory=True memory_cleanup_every_batches=1 memory_cleanup_every_microbatch=True stream_eval_microbatches=True compiled_receiver_error_counts=False receiver_call_jit_compile=False per_receiver_stopping=False target_bler_floor=1e-05 floor_num_frames=0 gpu_mem=0.13GiB peak=0.32GiB
[EVAL] receiver_call name=upair5g_lmmse mode=positional_y_no compiled_error_counts=False
[EVAL] progress num_users=3 Eb/N0=0 dB batches=10/20 frame_err=upair5g_lmmse:1/1920 elapsed=107.7s avg_batch=10.768s gpu_mem=8.60GiB peak=8.79GiB
[EVAL] progress num_users=3 Eb/N0=0 dB batches=20/20 frame_err=upair5g_lmmse:1/3840 elapsed=215.8s avg_batch=10.788s gpu_mem=17.06GiB peak=17.25GiB
[EVAL] receiver=           upair5g_lmmse Eb/N0= 0.0 dB BER=2.36265e-06 BLER=2.60417e-04 NMSE=nan bit_err=    27/11427840 blk_err=    1/3840   batches=  20 stop=global_stop rx_time=136.75s rx_ms_batch=6837.3 rx_ms_frame=35.611 point_time=215.77s gpu_mem=17.06GiB peak=17.25GiB
[ISO-CHUNK] wrote: /home/rsadve1/scratch/Extended_UPAIR_Narval_b32m16_portable/_isolated_eval_chunks/deep_d256_b6_r2_u3_upair5g_lmmse_ebno0p0_chunk0042_m8_b20/chunk_result.csv
[ISO-CHUNK] DONE
[PIPELINE] status done=0 reason=continue chunks=43 batches=860 block_errors=46/100 next_chunk=43
2026-06-10 08:52:24.741278: E external/local_xla/xla/stream_executor/cuda/cuda_dnn.cc:9261] Unable to register cuDNN factory: Attempting to register factory for plugin cuDNN when one has already been registered
2026-06-10 08:52:24.741328: E external/local_xla/xla/stream_executor/cuda/cuda_fft.cc:607] Unable to register cuFFT factory: Attempting to register factory for plugin cuFFT when one has already been registered
2026-06-10 08:52:24.742229: E external/local_xla/xla/stream_executor/cuda/cuda_blas.cc:1515] Unable to register cuBLAS factory: Attempting to register factory for plugin cuBLAS when one has already been registered
[COMPREHENSIVE] loaded Optuna best JSON for deep_d256_b6_r2 from /home/rsadve1/scratch/Extended_UPAIR_Narval_b32m16_portable/optuna/clean_b32_prb8_d256_40k_smart_trueDMRS_u34610_1dmrs_stageB_deep_d256_b6_r2_best_params.json
[ISO-CHUNK] variant: deep_d256_b6_r2
[ISO-CHUNK] receiver: upair5g_lmmse
[ISO-CHUNK] num_users: 3
[ISO-CHUNK] ebno_db: 0.0
[ISO-CHUNK] chunk_idx: 43
[ISO-CHUNK] chunk_batches: 20
[ISO-CHUNK] receiver_microbatch_size: 8
[ISO-CHUNK] chunk_seed: 6004163
[ISO-CHUNK] checkpoint: /scratch/rsadve1/Extended_UPAIR_Narval_b32m16_portable/TWC_plots_comprehensive/runs_rx16/seed7/1dmrs/deep_d256_b6_r2/checkpoints/best.weights.h5
[ISO-CHUNK] TF_GPU_ALLOCATOR: cuda_malloc_async
[ISO-CHUNK] output tag: deep_d256_b6_r2_u3_upair5g_lmmse_ebno0p0_chunk0043_m8_b20
[EVAL] receiver microbatching enabled: batch_size_eval=64 receiver_microbatch_size=8
WARNING:tensorflow:Model's `__init__()` arguments contain non-serializable objects. Please implement a `get_config()` method in the subclassed Model for proper saving and loading. Defaulting to empty config.
WARNING:tensorflow:Model's `__init__()` arguments contain non-serializable objects. Please implement a `get_config()` method in the subclassed Model for proper saving and loading. Defaulting to empty config.
[EVAL] loaded UPAIR checkpoint: /scratch/rsadve1/Extended_UPAIR_Narval_b32m16_portable/TWC_plots_comprehensive/runs_rx16/seed7/1dmrs/deep_d256_b6_r2/checkpoints/best.weights.h5
[EVAL] skipping explicit NMSE channel-estimator calls for: upair5g_lmmse
[EVAL] instrumentation log_latency=True log_gpu_memory=True memory_cleanup_every_batches=1 memory_cleanup_every_microbatch=True stream_eval_microbatches=True compiled_receiver_error_counts=False receiver_call_jit_compile=False per_receiver_stopping=False target_bler_floor=1e-05 floor_num_frames=0 gpu_mem=0.13GiB peak=0.32GiB
[EVAL] receiver_call name=upair5g_lmmse mode=positional_y_no compiled_error_counts=False
[EVAL] progress num_users=3 Eb/N0=0 dB batches=10/20 frame_err=upair5g_lmmse:0/1920 elapsed=108.1s avg_batch=10.811s gpu_mem=8.60GiB peak=8.79GiB
[EVAL] progress num_users=3 Eb/N0=0 dB batches=20/20 frame_err=upair5g_lmmse:0/3840 elapsed=215.9s avg_batch=10.795s gpu_mem=17.06GiB peak=17.25GiB
[EVAL] receiver=           upair5g_lmmse Eb/N0= 0.0 dB BER=0.00000e+00 BLER=0.00000e+00 NMSE=nan bit_err=     0/11427840 blk_err=    0/3840   batches=  20 stop=global_stop bler_ub=7.813e-04 rx_time=136.86s rx_ms_batch=6843.2 rx_ms_frame=35.642 point_time=215.90s gpu_mem=17.06GiB peak=17.25GiB
[ISO-CHUNK] wrote: /home/rsadve1/scratch/Extended_UPAIR_Narval_b32m16_portable/_isolated_eval_chunks/deep_d256_b6_r2_u3_upair5g_lmmse_ebno0p0_chunk0043_m8_b20/chunk_result.csv
[ISO-CHUNK] DONE
[PIPELINE] status done=0 reason=continue chunks=44 batches=880 block_errors=46/100 next_chunk=44
2026-06-10 08:56:26.881550: E external/local_xla/xla/stream_executor/cuda/cuda_dnn.cc:9261] Unable to register cuDNN factory: Attempting to register factory for plugin cuDNN when one has already been registered
2026-06-10 08:56:26.881589: E external/local_xla/xla/stream_executor/cuda/cuda_fft.cc:607] Unable to register cuFFT factory: Attempting to register factory for plugin cuFFT when one has already been registered
2026-06-10 08:56:26.882472: E external/local_xla/xla/stream_executor/cuda/cuda_blas.cc:1515] Unable to register cuBLAS factory: Attempting to register factory for plugin cuBLAS when one has already been registered
[COMPREHENSIVE] loaded Optuna best JSON for deep_d256_b6_r2 from /home/rsadve1/scratch/Extended_UPAIR_Narval_b32m16_portable/optuna/clean_b32_prb8_d256_40k_smart_trueDMRS_u34610_1dmrs_stageB_deep_d256_b6_r2_best_params.json
[ISO-CHUNK] variant: deep_d256_b6_r2
[ISO-CHUNK] receiver: upair5g_lmmse
[ISO-CHUNK] num_users: 3
[ISO-CHUNK] ebno_db: 0.0
[ISO-CHUNK] chunk_idx: 44
[ISO-CHUNK] chunk_batches: 20
[ISO-CHUNK] receiver_microbatch_size: 8
[ISO-CHUNK] chunk_seed: 6104166
[ISO-CHUNK] checkpoint: /scratch/rsadve1/Extended_UPAIR_Narval_b32m16_portable/TWC_plots_comprehensive/runs_rx16/seed7/1dmrs/deep_d256_b6_r2/checkpoints/best.weights.h5
[ISO-CHUNK] TF_GPU_ALLOCATOR: cuda_malloc_async
[ISO-CHUNK] output tag: deep_d256_b6_r2_u3_upair5g_lmmse_ebno0p0_chunk0044_m8_b20
[EVAL] receiver microbatching enabled: batch_size_eval=64 receiver_microbatch_size=8
WARNING:tensorflow:Model's `__init__()` arguments contain non-serializable objects. Please implement a `get_config()` method in the subclassed Model for proper saving and loading. Defaulting to empty config.
WARNING:tensorflow:Model's `__init__()` arguments contain non-serializable objects. Please implement a `get_config()` method in the subclassed Model for proper saving and loading. Defaulting to empty config.
[EVAL] loaded UPAIR checkpoint: /scratch/rsadve1/Extended_UPAIR_Narval_b32m16_portable/TWC_plots_comprehensive/runs_rx16/seed7/1dmrs/deep_d256_b6_r2/checkpoints/best.weights.h5
[EVAL] skipping explicit NMSE channel-estimator calls for: upair5g_lmmse
[EVAL] instrumentation log_latency=True log_gpu_memory=True memory_cleanup_every_batches=1 memory_cleanup_every_microbatch=True stream_eval_microbatches=True compiled_receiver_error_counts=False receiver_call_jit_compile=False per_receiver_stopping=False target_bler_floor=1e-05 floor_num_frames=0 gpu_mem=0.13GiB peak=0.32GiB
[EVAL] receiver_call name=upair5g_lmmse mode=positional_y_no compiled_error_counts=False
[EVAL] progress num_users=3 Eb/N0=0 dB batches=10/20 frame_err=upair5g_lmmse:1/1920 elapsed=108.4s avg_batch=10.837s gpu_mem=8.60GiB peak=8.79GiB
[EVAL] progress num_users=3 Eb/N0=0 dB batches=20/20 frame_err=upair5g_lmmse:1/3840 elapsed=216.7s avg_batch=10.836s gpu_mem=17.06GiB peak=17.25GiB
[EVAL] receiver=           upair5g_lmmse Eb/N0= 0.0 dB BER=1.92512e-06 BLER=2.60417e-04 NMSE=nan bit_err=    22/11427840 blk_err=    1/3840   batches=  20 stop=global_stop rx_time=137.29s rx_ms_batch=6864.7 rx_ms_frame=35.753 point_time=216.73s gpu_mem=17.06GiB peak=17.25GiB
[ISO-CHUNK] wrote: /home/rsadve1/scratch/Extended_UPAIR_Narval_b32m16_portable/_isolated_eval_chunks/deep_d256_b6_r2_u3_upair5g_lmmse_ebno0p0_chunk0044_m8_b20/chunk_result.csv
[ISO-CHUNK] DONE
[PIPELINE] status done=0 reason=continue chunks=45 batches=900 block_errors=47/100 next_chunk=45
2026-06-10 09:00:26.631953: E external/local_xla/xla/stream_executor/cuda/cuda_dnn.cc:9261] Unable to register cuDNN factory: Attempting to register factory for plugin cuDNN when one has already been registered
2026-06-10 09:00:26.631991: E external/local_xla/xla/stream_executor/cuda/cuda_fft.cc:607] Unable to register cuFFT factory: Attempting to register factory for plugin cuFFT when one has already been registered
2026-06-10 09:00:26.632921: E external/local_xla/xla/stream_executor/cuda/cuda_blas.cc:1515] Unable to register cuBLAS factory: Attempting to register factory for plugin cuBLAS when one has already been registered
[COMPREHENSIVE] loaded Optuna best JSON for deep_d256_b6_r2 from /home/rsadve1/scratch/Extended_UPAIR_Narval_b32m16_portable/optuna/clean_b32_prb8_d256_40k_smart_trueDMRS_u34610_1dmrs_stageB_deep_d256_b6_r2_best_params.json
[ISO-CHUNK] variant: deep_d256_b6_r2
[ISO-CHUNK] receiver: upair5g_lmmse
[ISO-CHUNK] num_users: 3
[ISO-CHUNK] ebno_db: 0.0
[ISO-CHUNK] chunk_idx: 45
[ISO-CHUNK] chunk_batches: 20
[ISO-CHUNK] receiver_microbatch_size: 8
[ISO-CHUNK] chunk_seed: 6204169
[ISO-CHUNK] checkpoint: /scratch/rsadve1/Extended_UPAIR_Narval_b32m16_portable/TWC_plots_comprehensive/runs_rx16/seed7/1dmrs/deep_d256_b6_r2/checkpoints/best.weights.h5
[ISO-CHUNK] TF_GPU_ALLOCATOR: cuda_malloc_async
[ISO-CHUNK] output tag: deep_d256_b6_r2_u3_upair5g_lmmse_ebno0p0_chunk0045_m8_b20
[EVAL] receiver microbatching enabled: batch_size_eval=64 receiver_microbatch_size=8
WARNING:tensorflow:Model's `__init__()` arguments contain non-serializable objects. Please implement a `get_config()` method in the subclassed Model for proper saving and loading. Defaulting to empty config.
WARNING:tensorflow:Model's `__init__()` arguments contain non-serializable objects. Please implement a `get_config()` method in the subclassed Model for proper saving and loading. Defaulting to empty config.
[EVAL] loaded UPAIR checkpoint: /scratch/rsadve1/Extended_UPAIR_Narval_b32m16_portable/TWC_plots_comprehensive/runs_rx16/seed7/1dmrs/deep_d256_b6_r2/checkpoints/best.weights.h5
[EVAL] skipping explicit NMSE channel-estimator calls for: upair5g_lmmse
[EVAL] instrumentation log_latency=True log_gpu_memory=True memory_cleanup_every_batches=1 memory_cleanup_every_microbatch=True stream_eval_microbatches=True compiled_receiver_error_counts=False receiver_call_jit_compile=False per_receiver_stopping=False target_bler_floor=1e-05 floor_num_frames=0 gpu_mem=0.13GiB peak=0.32GiB
[EVAL] receiver_call name=upair5g_lmmse mode=positional_y_no compiled_error_counts=False
[EVAL] progress num_users=3 Eb/N0=0 dB batches=10/20 frame_err=upair5g_lmmse:0/1920 elapsed=108.9s avg_batch=10.892s gpu_mem=8.60GiB peak=8.79GiB
[EVAL] progress num_users=3 Eb/N0=0 dB batches=20/20 frame_err=upair5g_lmmse:1/3840 elapsed=217.2s avg_batch=10.860s gpu_mem=17.06GiB peak=17.25GiB
[EVAL] receiver=           upair5g_lmmse Eb/N0= 0.0 dB BER=3.49147e-05 BLER=2.60417e-04 NMSE=nan bit_err=   399/11427840 blk_err=    1/3840   batches=  20 stop=global_stop rx_time=137.64s rx_ms_batch=6882.0 rx_ms_frame=35.844 point_time=217.21s gpu_mem=17.06GiB peak=17.25GiB
[ISO-CHUNK] wrote: /home/rsadve1/scratch/Extended_UPAIR_Narval_b32m16_portable/_isolated_eval_chunks/deep_d256_b6_r2_u3_upair5g_lmmse_ebno0p0_chunk0045_m8_b20/chunk_result.csv
[ISO-CHUNK] DONE
[PIPELINE] status done=0 reason=continue chunks=46 batches=920 block_errors=48/100 next_chunk=46
2026-06-10 09:04:33.418981: E external/local_xla/xla/stream_executor/cuda/cuda_dnn.cc:9261] Unable to register cuDNN factory: Attempting to register factory for plugin cuDNN when one has already been registered
2026-06-10 09:04:33.419022: E external/local_xla/xla/stream_executor/cuda/cuda_fft.cc:607] Unable to register cuFFT factory: Attempting to register factory for plugin cuFFT when one has already been registered
2026-06-10 09:04:33.419920: E external/local_xla/xla/stream_executor/cuda/cuda_blas.cc:1515] Unable to register cuBLAS factory: Attempting to register factory for plugin cuBLAS when one has already been registered
[COMPREHENSIVE] loaded Optuna best JSON for deep_d256_b6_r2 from /home/rsadve1/scratch/Extended_UPAIR_Narval_b32m16_portable/optuna/clean_b32_prb8_d256_40k_smart_trueDMRS_u34610_1dmrs_stageB_deep_d256_b6_r2_best_params.json
[ISO-CHUNK] variant: deep_d256_b6_r2
[ISO-CHUNK] receiver: upair5g_lmmse
[ISO-CHUNK] num_users: 3
[ISO-CHUNK] ebno_db: 0.0
[ISO-CHUNK] chunk_idx: 46
[ISO-CHUNK] chunk_batches: 20
[ISO-CHUNK] receiver_microbatch_size: 8
[ISO-CHUNK] chunk_seed: 6304172
[ISO-CHUNK] checkpoint: /scratch/rsadve1/Extended_UPAIR_Narval_b32m16_portable/TWC_plots_comprehensive/runs_rx16/seed7/1dmrs/deep_d256_b6_r2/checkpoints/best.weights.h5
[ISO-CHUNK] TF_GPU_ALLOCATOR: cuda_malloc_async
[ISO-CHUNK] output tag: deep_d256_b6_r2_u3_upair5g_lmmse_ebno0p0_chunk0046_m8_b20
[EVAL] receiver microbatching enabled: batch_size_eval=64 receiver_microbatch_size=8
WARNING:tensorflow:Model's `__init__()` arguments contain non-serializable objects. Please implement a `get_config()` method in the subclassed Model for proper saving and loading. Defaulting to empty config.
WARNING:tensorflow:Model's `__init__()` arguments contain non-serializable objects. Please implement a `get_config()` method in the subclassed Model for proper saving and loading. Defaulting to empty config.
[EVAL] loaded UPAIR checkpoint: /scratch/rsadve1/Extended_UPAIR_Narval_b32m16_portable/TWC_plots_comprehensive/runs_rx16/seed7/1dmrs/deep_d256_b6_r2/checkpoints/best.weights.h5
[EVAL] skipping explicit NMSE channel-estimator calls for: upair5g_lmmse
[EVAL] instrumentation log_latency=True log_gpu_memory=True memory_cleanup_every_batches=1 memory_cleanup_every_microbatch=True stream_eval_microbatches=True compiled_receiver_error_counts=False receiver_call_jit_compile=False per_receiver_stopping=False target_bler_floor=1e-05 floor_num_frames=0 gpu_mem=0.13GiB peak=0.32GiB
[EVAL] receiver_call name=upair5g_lmmse mode=positional_y_no compiled_error_counts=False
[EVAL] progress num_users=3 Eb/N0=0 dB batches=10/20 frame_err=upair5g_lmmse:0/1920 elapsed=108.0s avg_batch=10.802s gpu_mem=8.60GiB peak=8.79GiB
[EVAL] progress num_users=3 Eb/N0=0 dB batches=20/20 frame_err=upair5g_lmmse:1/3840 elapsed=215.8s avg_batch=10.788s gpu_mem=17.06GiB peak=17.25GiB
[EVAL] receiver=           upair5g_lmmse Eb/N0= 0.0 dB BER=2.61642e-05 BLER=2.60417e-04 NMSE=nan bit_err=   299/11427840 blk_err=    1/3840   batches=  20 stop=global_stop rx_time=136.60s rx_ms_batch=6830.1 rx_ms_frame=35.573 point_time=215.77s gpu_mem=17.06GiB peak=17.25GiB
[ISO-CHUNK] wrote: /home/rsadve1/scratch/Extended_UPAIR_Narval_b32m16_portable/_isolated_eval_chunks/deep_d256_b6_r2_u3_upair5g_lmmse_ebno0p0_chunk0046_m8_b20/chunk_result.csv
[ISO-CHUNK] DONE
[PIPELINE] status done=0 reason=continue chunks=47 batches=940 block_errors=49/100 next_chunk=47
2026-06-10 09:08:30.877231: E external/local_xla/xla/stream_executor/cuda/cuda_dnn.cc:9261] Unable to register cuDNN factory: Attempting to register factory for plugin cuDNN when one has already been registered
2026-06-10 09:08:30.877269: E external/local_xla/xla/stream_executor/cuda/cuda_fft.cc:607] Unable to register cuFFT factory: Attempting to register factory for plugin cuFFT when one has already been registered
2026-06-10 09:08:30.878159: E external/local_xla/xla/stream_executor/cuda/cuda_blas.cc:1515] Unable to register cuBLAS factory: Attempting to register factory for plugin cuBLAS when one has already been registered
[COMPREHENSIVE] loaded Optuna best JSON for deep_d256_b6_r2 from /home/rsadve1/scratch/Extended_UPAIR_Narval_b32m16_portable/optuna/clean_b32_prb8_d256_40k_smart_trueDMRS_u34610_1dmrs_stageB_deep_d256_b6_r2_best_params.json
[ISO-CHUNK] variant: deep_d256_b6_r2
[ISO-CHUNK] receiver: upair5g_lmmse
[ISO-CHUNK] num_users: 3
[ISO-CHUNK] ebno_db: 0.0
[ISO-CHUNK] chunk_idx: 47
[ISO-CHUNK] chunk_batches: 20
[ISO-CHUNK] receiver_microbatch_size: 8
[ISO-CHUNK] chunk_seed: 6404175
[ISO-CHUNK] checkpoint: /scratch/rsadve1/Extended_UPAIR_Narval_b32m16_portable/TWC_plots_comprehensive/runs_rx16/seed7/1dmrs/deep_d256_b6_r2/checkpoints/best.weights.h5
[ISO-CHUNK] TF_GPU_ALLOCATOR: cuda_malloc_async
[ISO-CHUNK] output tag: deep_d256_b6_r2_u3_upair5g_lmmse_ebno0p0_chunk0047_m8_b20
[EVAL] receiver microbatching enabled: batch_size_eval=64 receiver_microbatch_size=8
WARNING:tensorflow:Model's `__init__()` arguments contain non-serializable objects. Please implement a `get_config()` method in the subclassed Model for proper saving and loading. Defaulting to empty config.
WARNING:tensorflow:Model's `__init__()` arguments contain non-serializable objects. Please implement a `get_config()` method in the subclassed Model for proper saving and loading. Defaulting to empty config.
[EVAL] loaded UPAIR checkpoint: /scratch/rsadve1/Extended_UPAIR_Narval_b32m16_portable/TWC_plots_comprehensive/runs_rx16/seed7/1dmrs/deep_d256_b6_r2/checkpoints/best.weights.h5
[EVAL] skipping explicit NMSE channel-estimator calls for: upair5g_lmmse
[EVAL] instrumentation log_latency=True log_gpu_memory=True memory_cleanup_every_batches=1 memory_cleanup_every_microbatch=True stream_eval_microbatches=True compiled_receiver_error_counts=False receiver_call_jit_compile=False per_receiver_stopping=False target_bler_floor=1e-05 floor_num_frames=0 gpu_mem=0.13GiB peak=0.32GiB
[EVAL] receiver_call name=upair5g_lmmse mode=positional_y_no compiled_error_counts=False
[EVAL] progress num_users=3 Eb/N0=0 dB batches=10/20 frame_err=upair5g_lmmse:2/1920 elapsed=108.3s avg_batch=10.825s gpu_mem=8.60GiB peak=8.79GiB
[EVAL] progress num_users=3 Eb/N0=0 dB batches=20/20 frame_err=upair5g_lmmse:5/3840 elapsed=214.6s avg_batch=10.732s gpu_mem=17.06GiB peak=17.25GiB
[EVAL] receiver=           upair5g_lmmse Eb/N0= 0.0 dB BER=8.63680e-05 BLER=1.30208e-03 NMSE=nan bit_err=   987/11427840 blk_err=    5/3840   batches=  20 stop=global_stop rx_time=136.35s rx_ms_batch=6817.7 rx_ms_frame=35.509 point_time=214.64s gpu_mem=17.06GiB peak=17.25GiB
[ISO-CHUNK] wrote: /home/rsadve1/scratch/Extended_UPAIR_Narval_b32m16_portable/_isolated_eval_chunks/deep_d256_b6_r2_u3_upair5g_lmmse_ebno0p0_chunk0047_m8_b20/chunk_result.csv
[ISO-CHUNK] DONE
[PIPELINE] status done=0 reason=continue chunks=48 batches=960 block_errors=54/100 next_chunk=48
2026-06-10 09:12:24.169410: E external/local_xla/xla/stream_executor/cuda/cuda_dnn.cc:9261] Unable to register cuDNN factory: Attempting to register factory for plugin cuDNN when one has already been registered
2026-06-10 09:12:24.169454: E external/local_xla/xla/stream_executor/cuda/cuda_fft.cc:607] Unable to register cuFFT factory: Attempting to register factory for plugin cuFFT when one has already been registered
2026-06-10 09:12:24.170361: E external/local_xla/xla/stream_executor/cuda/cuda_blas.cc:1515] Unable to register cuBLAS factory: Attempting to register factory for plugin cuBLAS when one has already been registered
[COMPREHENSIVE] loaded Optuna best JSON for deep_d256_b6_r2 from /home/rsadve1/scratch/Extended_UPAIR_Narval_b32m16_portable/optuna/clean_b32_prb8_d256_40k_smart_trueDMRS_u34610_1dmrs_stageB_deep_d256_b6_r2_best_params.json
[ISO-CHUNK] variant: deep_d256_b6_r2
[ISO-CHUNK] receiver: upair5g_lmmse
[ISO-CHUNK] num_users: 3
[ISO-CHUNK] ebno_db: 0.0
[ISO-CHUNK] chunk_idx: 48
[ISO-CHUNK] chunk_batches: 20
[ISO-CHUNK] receiver_microbatch_size: 8
[ISO-CHUNK] chunk_seed: 6504178
[ISO-CHUNK] checkpoint: /scratch/rsadve1/Extended_UPAIR_Narval_b32m16_portable/TWC_plots_comprehensive/runs_rx16/seed7/1dmrs/deep_d256_b6_r2/checkpoints/best.weights.h5
[ISO-CHUNK] TF_GPU_ALLOCATOR: cuda_malloc_async
[ISO-CHUNK] output tag: deep_d256_b6_r2_u3_upair5g_lmmse_ebno0p0_chunk0048_m8_b20
[EVAL] receiver microbatching enabled: batch_size_eval=64 receiver_microbatch_size=8
WARNING:tensorflow:Model's `__init__()` arguments contain non-serializable objects. Please implement a `get_config()` method in the subclassed Model for proper saving and loading. Defaulting to empty config.
WARNING:tensorflow:Model's `__init__()` arguments contain non-serializable objects. Please implement a `get_config()` method in the subclassed Model for proper saving and loading. Defaulting to empty config.
[EVAL] loaded UPAIR checkpoint: /scratch/rsadve1/Extended_UPAIR_Narval_b32m16_portable/TWC_plots_comprehensive/runs_rx16/seed7/1dmrs/deep_d256_b6_r2/checkpoints/best.weights.h5
[EVAL] skipping explicit NMSE channel-estimator calls for: upair5g_lmmse
[EVAL] instrumentation log_latency=True log_gpu_memory=True memory_cleanup_every_batches=1 memory_cleanup_every_microbatch=True stream_eval_microbatches=True compiled_receiver_error_counts=False receiver_call_jit_compile=False per_receiver_stopping=False target_bler_floor=1e-05 floor_num_frames=0 gpu_mem=0.13GiB peak=0.32GiB
[EVAL] receiver_call name=upair5g_lmmse mode=positional_y_no compiled_error_counts=False
[EVAL] progress num_users=3 Eb/N0=0 dB batches=10/20 frame_err=upair5g_lmmse:1/1920 elapsed=107.8s avg_batch=10.782s gpu_mem=8.60GiB peak=8.79GiB
[EVAL] progress num_users=3 Eb/N0=0 dB batches=20/20 frame_err=upair5g_lmmse:3/3840 elapsed=215.6s avg_batch=10.780s gpu_mem=17.06GiB peak=17.25GiB
[EVAL] receiver=           upair5g_lmmse Eb/N0= 0.0 dB BER=2.85268e-05 BLER=7.81250e-04 NMSE=nan bit_err=   326/11427840 blk_err=    3/3840   batches=  20 stop=global_stop rx_time=136.39s rx_ms_batch=6819.6 rx_ms_frame=35.519 point_time=215.61s gpu_mem=17.06GiB peak=17.25GiB
[ISO-CHUNK] wrote: /home/rsadve1/scratch/Extended_UPAIR_Narval_b32m16_portable/_isolated_eval_chunks/deep_d256_b6_r2_u3_upair5g_lmmse_ebno0p0_chunk0048_m8_b20/chunk_result.csv
[ISO-CHUNK] DONE
[PIPELINE] status done=0 reason=continue chunks=49 batches=980 block_errors=57/100 next_chunk=49
2026-06-10 09:16:20.829578: E external/local_xla/xla/stream_executor/cuda/cuda_dnn.cc:9261] Unable to register cuDNN factory: Attempting to register factory for plugin cuDNN when one has already been registered
2026-06-10 09:16:20.829617: E external/local_xla/xla/stream_executor/cuda/cuda_fft.cc:607] Unable to register cuFFT factory: Attempting to register factory for plugin cuFFT when one has already been registered
2026-06-10 09:16:20.830554: E external/local_xla/xla/stream_executor/cuda/cuda_blas.cc:1515] Unable to register cuBLAS factory: Attempting to register factory for plugin cuBLAS when one has already been registered
[COMPREHENSIVE] loaded Optuna best JSON for deep_d256_b6_r2 from /home/rsadve1/scratch/Extended_UPAIR_Narval_b32m16_portable/optuna/clean_b32_prb8_d256_40k_smart_trueDMRS_u34610_1dmrs_stageB_deep_d256_b6_r2_best_params.json
[ISO-CHUNK] variant: deep_d256_b6_r2
[ISO-CHUNK] receiver: upair5g_lmmse
[ISO-CHUNK] num_users: 3
[ISO-CHUNK] ebno_db: 0.0
[ISO-CHUNK] chunk_idx: 49
[ISO-CHUNK] chunk_batches: 20
[ISO-CHUNK] receiver_microbatch_size: 8
[ISO-CHUNK] chunk_seed: 6604181
[ISO-CHUNK] checkpoint: /scratch/rsadve1/Extended_UPAIR_Narval_b32m16_portable/TWC_plots_comprehensive/runs_rx16/seed7/1dmrs/deep_d256_b6_r2/checkpoints/best.weights.h5
[ISO-CHUNK] TF_GPU_ALLOCATOR: cuda_malloc_async
[ISO-CHUNK] output tag: deep_d256_b6_r2_u3_upair5g_lmmse_ebno0p0_chunk0049_m8_b20
[EVAL] receiver microbatching enabled: batch_size_eval=64 receiver_microbatch_size=8
WARNING:tensorflow:Model's `__init__()` arguments contain non-serializable objects. Please implement a `get_config()` method in the subclassed Model for proper saving and loading. Defaulting to empty config.
WARNING:tensorflow:Model's `__init__()` arguments contain non-serializable objects. Please implement a `get_config()` method in the subclassed Model for proper saving and loading. Defaulting to empty config.
[EVAL] loaded UPAIR checkpoint: /scratch/rsadve1/Extended_UPAIR_Narval_b32m16_portable/TWC_plots_comprehensive/runs_rx16/seed7/1dmrs/deep_d256_b6_r2/checkpoints/best.weights.h5
[EVAL] skipping explicit NMSE channel-estimator calls for: upair5g_lmmse
[EVAL] instrumentation log_latency=True log_gpu_memory=True memory_cleanup_every_batches=1 memory_cleanup_every_microbatch=True stream_eval_microbatches=True compiled_receiver_error_counts=False receiver_call_jit_compile=False per_receiver_stopping=False target_bler_floor=1e-05 floor_num_frames=0 gpu_mem=0.13GiB peak=0.32GiB
[EVAL] receiver_call name=upair5g_lmmse mode=positional_y_no compiled_error_counts=False
[EVAL] progress num_users=3 Eb/N0=0 dB batches=10/20 frame_err=upair5g_lmmse:1/1920 elapsed=108.7s avg_batch=10.871s gpu_mem=8.60GiB peak=8.79GiB
[EVAL] progress num_users=3 Eb/N0=0 dB batches=20/20 frame_err=upair5g_lmmse:1/3840 elapsed=217.5s avg_batch=10.877s gpu_mem=17.06GiB peak=17.25GiB
[EVAL] receiver=           upair5g_lmmse Eb/N0= 0.0 dB BER=1.10257e-05 BLER=2.60417e-04 NMSE=nan bit_err=   126/11427840 blk_err=    1/3840   batches=  20 stop=global_stop rx_time=137.71s rx_ms_batch=6885.4 rx_ms_frame=35.862 point_time=217.54s gpu_mem=17.06GiB peak=17.25GiB
[ISO-CHUNK] wrote: /home/rsadve1/scratch/Extended_UPAIR_Narval_b32m16_portable/_isolated_eval_chunks/deep_d256_b6_r2_u3_upair5g_lmmse_ebno0p0_chunk0049_m8_b20/chunk_result.csv
[ISO-CHUNK] DONE
[PIPELINE] status done=0 reason=continue chunks=50 batches=1000 block_errors=58/100 next_chunk=50
2026-06-10 09:20:20.679547: E external/local_xla/xla/stream_executor/cuda/cuda_dnn.cc:9261] Unable to register cuDNN factory: Attempting to register factory for plugin cuDNN when one has already been registered
2026-06-10 09:20:20.679590: E external/local_xla/xla/stream_executor/cuda/cuda_fft.cc:607] Unable to register cuFFT factory: Attempting to register factory for plugin cuFFT when one has already been registered
2026-06-10 09:20:20.680504: E external/local_xla/xla/stream_executor/cuda/cuda_blas.cc:1515] Unable to register cuBLAS factory: Attempting to register factory for plugin cuBLAS when one has already been registered
[COMPREHENSIVE] loaded Optuna best JSON for deep_d256_b6_r2 from /home/rsadve1/scratch/Extended_UPAIR_Narval_b32m16_portable/optuna/clean_b32_prb8_d256_40k_smart_trueDMRS_u34610_1dmrs_stageB_deep_d256_b6_r2_best_params.json
[ISO-CHUNK] variant: deep_d256_b6_r2
[ISO-CHUNK] receiver: upair5g_lmmse
[ISO-CHUNK] num_users: 3
[ISO-CHUNK] ebno_db: 0.0
[ISO-CHUNK] chunk_idx: 50
[ISO-CHUNK] chunk_batches: 20
[ISO-CHUNK] receiver_microbatch_size: 8
[ISO-CHUNK] chunk_seed: 6704184
[ISO-CHUNK] checkpoint: /scratch/rsadve1/Extended_UPAIR_Narval_b32m16_portable/TWC_plots_comprehensive/runs_rx16/seed7/1dmrs/deep_d256_b6_r2/checkpoints/best.weights.h5
[ISO-CHUNK] TF_GPU_ALLOCATOR: cuda_malloc_async
[ISO-CHUNK] output tag: deep_d256_b6_r2_u3_upair5g_lmmse_ebno0p0_chunk0050_m8_b20
[EVAL] receiver microbatching enabled: batch_size_eval=64 receiver_microbatch_size=8
WARNING:tensorflow:Model's `__init__()` arguments contain non-serializable objects. Please implement a `get_config()` method in the subclassed Model for proper saving and loading. Defaulting to empty config.
WARNING:tensorflow:Model's `__init__()` arguments contain non-serializable objects. Please implement a `get_config()` method in the subclassed Model for proper saving and loading. Defaulting to empty config.
[EVAL] loaded UPAIR checkpoint: /scratch/rsadve1/Extended_UPAIR_Narval_b32m16_portable/TWC_plots_comprehensive/runs_rx16/seed7/1dmrs/deep_d256_b6_r2/checkpoints/best.weights.h5
[EVAL] skipping explicit NMSE channel-estimator calls for: upair5g_lmmse
[EVAL] instrumentation log_latency=True log_gpu_memory=True memory_cleanup_every_batches=1 memory_cleanup_every_microbatch=True stream_eval_microbatches=True compiled_receiver_error_counts=False receiver_call_jit_compile=False per_receiver_stopping=False target_bler_floor=1e-05 floor_num_frames=0 gpu_mem=0.13GiB peak=0.32GiB
[EVAL] receiver_call name=upair5g_lmmse mode=positional_y_no compiled_error_counts=False
[EVAL] progress num_users=3 Eb/N0=0 dB batches=10/20 frame_err=upair5g_lmmse:1/1920 elapsed=109.6s avg_batch=10.957s gpu_mem=8.60GiB peak=8.79GiB
[EVAL] progress num_users=3 Eb/N0=0 dB batches=20/20 frame_err=upair5g_lmmse:1/3840 elapsed=218.1s avg_batch=10.905s gpu_mem=17.06GiB peak=17.25GiB
[EVAL] receiver=           upair5g_lmmse Eb/N0= 0.0 dB BER=1.75011e-07 BLER=2.60417e-04 NMSE=nan bit_err=     2/11427840 blk_err=    1/3840   batches=  20 stop=global_stop rx_time=138.07s rx_ms_batch=6903.7 rx_ms_frame=35.957 point_time=218.10s gpu_mem=17.06GiB peak=17.25GiB
[ISO-CHUNK] wrote: /home/rsadve1/scratch/Extended_UPAIR_Narval_b32m16_portable/_isolated_eval_chunks/deep_d256_b6_r2_u3_upair5g_lmmse_ebno0p0_chunk0050_m8_b20/chunk_result.csv
[ISO-CHUNK] DONE
[PIPELINE] status done=0 reason=continue chunks=51 batches=1020 block_errors=59/100 next_chunk=51
2026-06-10 09:24:20.933271: E external/local_xla/xla/stream_executor/cuda/cuda_dnn.cc:9261] Unable to register cuDNN factory: Attempting to register factory for plugin cuDNN when one has already been registered
2026-06-10 09:24:20.933327: E external/local_xla/xla/stream_executor/cuda/cuda_fft.cc:607] Unable to register cuFFT factory: Attempting to register factory for plugin cuFFT when one has already been registered
2026-06-10 09:24:20.934237: E external/local_xla/xla/stream_executor/cuda/cuda_blas.cc:1515] Unable to register cuBLAS factory: Attempting to register factory for plugin cuBLAS when one has already been registered
[COMPREHENSIVE] loaded Optuna best JSON for deep_d256_b6_r2 from /home/rsadve1/scratch/Extended_UPAIR_Narval_b32m16_portable/optuna/clean_b32_prb8_d256_40k_smart_trueDMRS_u34610_1dmrs_stageB_deep_d256_b6_r2_best_params.json
[ISO-CHUNK] variant: deep_d256_b6_r2
[ISO-CHUNK] receiver: upair5g_lmmse
[ISO-CHUNK] num_users: 3
[ISO-CHUNK] ebno_db: 0.0
[ISO-CHUNK] chunk_idx: 51
[ISO-CHUNK] chunk_batches: 20
[ISO-CHUNK] receiver_microbatch_size: 8
[ISO-CHUNK] chunk_seed: 6804187
[ISO-CHUNK] checkpoint: /scratch/rsadve1/Extended_UPAIR_Narval_b32m16_portable/TWC_plots_comprehensive/runs_rx16/seed7/1dmrs/deep_d256_b6_r2/checkpoints/best.weights.h5
[ISO-CHUNK] TF_GPU_ALLOCATOR: cuda_malloc_async
[ISO-CHUNK] output tag: deep_d256_b6_r2_u3_upair5g_lmmse_ebno0p0_chunk0051_m8_b20
[EVAL] receiver microbatching enabled: batch_size_eval=64 receiver_microbatch_size=8
WARNING:tensorflow:Model's `__init__()` arguments contain non-serializable objects. Please implement a `get_config()` method in the subclassed Model for proper saving and loading. Defaulting to empty config.
WARNING:tensorflow:Model's `__init__()` arguments contain non-serializable objects. Please implement a `get_config()` method in the subclassed Model for proper saving and loading. Defaulting to empty config.
[EVAL] loaded UPAIR checkpoint: /scratch/rsadve1/Extended_UPAIR_Narval_b32m16_portable/TWC_plots_comprehensive/runs_rx16/seed7/1dmrs/deep_d256_b6_r2/checkpoints/best.weights.h5
[EVAL] skipping explicit NMSE channel-estimator calls for: upair5g_lmmse
[EVAL] instrumentation log_latency=True log_gpu_memory=True memory_cleanup_every_batches=1 memory_cleanup_every_microbatch=True stream_eval_microbatches=True compiled_receiver_error_counts=False receiver_call_jit_compile=False per_receiver_stopping=False target_bler_floor=1e-05 floor_num_frames=0 gpu_mem=0.13GiB peak=0.32GiB
[EVAL] receiver_call name=upair5g_lmmse mode=positional_y_no compiled_error_counts=False
[EVAL] progress num_users=3 Eb/N0=0 dB batches=10/20 frame_err=upair5g_lmmse:1/1920 elapsed=108.9s avg_batch=10.888s gpu_mem=8.60GiB peak=8.79GiB
[EVAL] progress num_users=3 Eb/N0=0 dB batches=20/20 frame_err=upair5g_lmmse:3/3840 elapsed=217.2s avg_batch=10.859s gpu_mem=17.06GiB peak=17.25GiB
[EVAL] receiver=           upair5g_lmmse Eb/N0= 0.0 dB BER=4.18277e-05 BLER=7.81250e-04 NMSE=nan bit_err=   478/11427840 blk_err=    3/3840   batches=  20 stop=global_stop rx_time=137.43s rx_ms_batch=6871.4 rx_ms_frame=35.788 point_time=217.19s gpu_mem=17.06GiB peak=17.25GiB
[ISO-CHUNK] wrote: /home/rsadve1/scratch/Extended_UPAIR_Narval_b32m16_portable/_isolated_eval_chunks/deep_d256_b6_r2_u3_upair5g_lmmse_ebno0p0_chunk0051_m8_b20/chunk_result.csv
[ISO-CHUNK] DONE
[PIPELINE] status done=0 reason=continue chunks=52 batches=1040 block_errors=62/100 next_chunk=52
2026-06-10 09:28:19.880879: E external/local_xla/xla/stream_executor/cuda/cuda_dnn.cc:9261] Unable to register cuDNN factory: Attempting to register factory for plugin cuDNN when one has already been registered
2026-06-10 09:28:19.880916: E external/local_xla/xla/stream_executor/cuda/cuda_fft.cc:607] Unable to register cuFFT factory: Attempting to register factory for plugin cuFFT when one has already been registered
2026-06-10 09:28:19.881783: E external/local_xla/xla/stream_executor/cuda/cuda_blas.cc:1515] Unable to register cuBLAS factory: Attempting to register factory for plugin cuBLAS when one has already been registered
[COMPREHENSIVE] loaded Optuna best JSON for deep_d256_b6_r2 from /home/rsadve1/scratch/Extended_UPAIR_Narval_b32m16_portable/optuna/clean_b32_prb8_d256_40k_smart_trueDMRS_u34610_1dmrs_stageB_deep_d256_b6_r2_best_params.json
[ISO-CHUNK] variant: deep_d256_b6_r2
[ISO-CHUNK] receiver: upair5g_lmmse
[ISO-CHUNK] num_users: 3
[ISO-CHUNK] ebno_db: 0.0
[ISO-CHUNK] chunk_idx: 52
[ISO-CHUNK] chunk_batches: 20
[ISO-CHUNK] receiver_microbatch_size: 8
[ISO-CHUNK] chunk_seed: 6904190
[ISO-CHUNK] checkpoint: /scratch/rsadve1/Extended_UPAIR_Narval_b32m16_portable/TWC_plots_comprehensive/runs_rx16/seed7/1dmrs/deep_d256_b6_r2/checkpoints/best.weights.h5
[ISO-CHUNK] TF_GPU_ALLOCATOR: cuda_malloc_async
[ISO-CHUNK] output tag: deep_d256_b6_r2_u3_upair5g_lmmse_ebno0p0_chunk0052_m8_b20
[EVAL] receiver microbatching enabled: batch_size_eval=64 receiver_microbatch_size=8
WARNING:tensorflow:Model's `__init__()` arguments contain non-serializable objects. Please implement a `get_config()` method in the subclassed Model for proper saving and loading. Defaulting to empty config.
WARNING:tensorflow:Model's `__init__()` arguments contain non-serializable objects. Please implement a `get_config()` method in the subclassed Model for proper saving and loading. Defaulting to empty config.
[EVAL] loaded UPAIR checkpoint: /scratch/rsadve1/Extended_UPAIR_Narval_b32m16_portable/TWC_plots_comprehensive/runs_rx16/seed7/1dmrs/deep_d256_b6_r2/checkpoints/best.weights.h5
[EVAL] skipping explicit NMSE channel-estimator calls for: upair5g_lmmse
[EVAL] instrumentation log_latency=True log_gpu_memory=True memory_cleanup_every_batches=1 memory_cleanup_every_microbatch=True stream_eval_microbatches=True compiled_receiver_error_counts=False receiver_call_jit_compile=False per_receiver_stopping=False target_bler_floor=1e-05 floor_num_frames=0 gpu_mem=0.13GiB peak=0.32GiB
[EVAL] receiver_call name=upair5g_lmmse mode=positional_y_no compiled_error_counts=False
